======================================================================
TensorComp tc.st.add ISA Test
======================================================================

Instruction: tc.st.add - Broadcast Addition
Syntax: tc.st.add rs1, trs1, trs2, rs2

Modes:
  - left_len=0, top_len=0: result = 0
  - left_len=0: result = Top (vertical broadcast)
  - top_len=0: result = Left (horizontal broadcast)
  - else: result = Left + Top (outer sum)

--- Loading data into TC registers using t.ld ---
Loading Left Data (0x40000000) into tr0
[TC_DEBUG] t.ld: trd=0, imm10=0, rs1v=0x40000000
[TC_DEBUG]   CSR tmask_ld=0x000000FF, twidth_ld=1024
[TC_DEBUG]   base_addr = rs1v + imm10 * twidth_ld = 0x40000000 + 0 * 1024 = 0x40000000
[TC_DEBUG]   toffset_ld[0..7] = {0, 128, 256, 384, 512, 640, 768, 896}
[TC_DEBUG]   Load[0]: addr=0x40000000 -> tr0[0:127]
[TC_DEBUG]   Load[1]: addr=0x40000080 -> tr0[128:255]
[TC_DEBUG]   Load[2]: addr=0x40000100 -> tr0[256:383]
[TC_DEBUG]   Load[3]: addr=0x40000180 -> tr0[384:511]
[TC_DEBUG]   Load[4]: addr=0x40000200 -> tr0[512:639]
[TC_DEBUG]   Load[5]: addr=0x40000280 -> tr0[640:767]
[TC_DEBUG]   Load[6]: addr=0x40000300 -> tr0[768:895]
[TC_DEBUG]   Load[7]: addr=0x40000380 -> tr0[896:1023]
[TC_DEBUG]   tr0 = 
00 00 00 00 04 04 04 04 08 08 08 08 0C 0C 0C 0C 10 10 10 10 14 14 14 14 18 18 18 18 1C 1C 1C 1C 20 20 20 20 24 24 24 24 28 28 28 28 2C 2C 2C 2C 30 30 30 30 34 34 34 34 38 38 38 38 3C 3C 3C 3C 40 40 40 40 44 44 44 44 48 48 48 48 4C 4C 4C 4C 50 50 50 50 54 54 54 54 58 58 58 58 5C 5C 5C 5C 60 60 60 60 64 64 64 64 68 68 68 68 6C 6C 6C 6C 70 70 70 70 74 74 74 74 78 78 78 78 7C 7C 7C 7C 
01 01 01 01 05 05 05 05 09 09 09 09 0D 0D 0D 0D 11 11 11 11 15 15 15 15 19 19 19 19 1D 1D 1D 1D 21 21 21 21 25 25 25 25 29 29 29 29 2D 2D 2D 2D 31 31 31 31 35 35 35 35 39 39 39 39 3D 3D 3D 3D 41 41 41 41 45 45 45 45 49 49 49 49 4D 4D 4D 4D 51 51 51 51 55 55 55 55 59 59 59 59 5D 5D 5D 5D 61 61 61 61 65 65 65 65 69 69 69 69 6D 6D 6D 6D 71 71 71 71 75 75 75 75 79 79 79 79 7D 7D 7D 7D 
02 02 02 02 06 06 06 06 0A 0A 0A 0A 0E 0E 0E 0E 12 12 12 12 16 16 16 16 1A 1A 1A 1A 1E 1E 1E 1E 22 22 22 22 26 26 26 26 2A 2A 2A 2A 2E 2E 2E 2E 32 32 32 32 36 36 36 36 3A 3A 3A 3A 3E 3E 3E 3E 42 42 42 42 46 46 46 46 4A 4A 4A 4A 4E 4E 4E 4E 52 52 52 52 56 56 56 56 5A 5A 5A 5A 5E 5E 5E 5E 62 62 62 62 66 66 66 66 6A 6A 6A 6A 6E 6E 6E 6E 72 72 72 72 76 76 76 76 7A 7A 7A 7A 7E 7E 7E 7E 
03 03 03 03 07 07 07 07 0B 0B 0B 0B 0F 0F 0F 0F 13 13 13 13 17 17 17 17 1B 1B 1B 1B 1F 1F 1F 1F 23 23 23 23 27 27 27 27 2B 2B 2B 2B 2F 2F 2F 2F 33 33 33 33 37 37 37 37 3B 3B 3B 3B 3F 3F 3F 3F 43 43 43 43 47 47 47 47 4B 4B 4B 4B 4F 4F 4F 4F 53 53 53 53 57 57 57 57 5B 5B 5B 5B 5F 5F 5F 5F 63 63 63 63 67 67 67 67 6B 6B 6B 6B 6F 6F 6F 6F 73 73 73 73 77 77 77 77 7B 7B 7B 7B 7F 7F 7F 7F 
00 00 00 00 04 04 04 04 08 08 08 08 0C 0C 0C 0C 10 10 10 10 14 14 14 14 18 18 18 18 1C 1C 1C 1C 20 20 20 20 24 24 24 24 28 28 28 28 2C 2C 2C 2C 30 30 30 30 34 34 34 34 38 38 38 38 3C 3C 3C 3C 40 40 40 40 44 44 44 44 48 48 48 48 4C 4C 4C 4C 50 50 50 50 54 54 54 54 58 58 58 58 5C 5C 5C 5C 60 60 60 60 64 64 64 64 68 68 68 68 6C 6C 6C 6C 70 70 70 70 74 74 74 74 78 78 78 78 7C 7C 7C 7C 
01 01 01 01 05 05 05 05 09 09 09 09 0D 0D 0D 0D 11 11 11 11 15 15 15 15 19 19 19 19 1D 1D 1D 1D 21 21 21 21 25 25 25 25 29 29 29 29 2D 2D 2D 2D 31 31 31 31 35 35 35 35 39 39 39 39 3D 3D 3D 3D 41 41 41 41 45 45 45 45 49 49 49 49 4D 4D 4D 4D 51 51 51 51 55 55 55 55 59 59 59 59 5D 5D 5D 5D 61 61 61 61 65 65 65 65 69 69 69 69 6D 6D 6D 6D 71 71 71 71 75 75 75 75 79 79 79 79 7D 7D 7D 7D 
02 02 02 02 06 06 06 06 0A 0A 0A 0A 0E 0E 0E 0E 12 12 12 12 16 16 16 16 1A 1A 1A 1A 1E 1E 1E 1E 22 22 22 22 26 26 26 26 2A 2A 2A 2A 2E 2E 2E 2E 32 32 32 32 36 36 36 36 3A 3A 3A 3A 3E 3E 3E 3E 42 42 42 42 46 46 46 46 4A 4A 4A 4A 4E 4E 4E 4E 52 52 52 52 56 56 56 56 5A 5A 5A 5A 5E 5E 5E 5E 62 62 62 62 66 66 66 66 6A 6A 6A 6A 6E 6E 6E 6E 72 72 72 72 76 76 76 76 7A 7A 7A 7A 7E 7E 7E 7E 
03 03 03 03 07 07 07 07 0B 0B 0B 0B 0F 0F 0F 0F 13 13 13 13 17 17 17 17 1B 1B 1B 1B 1F 1F 1F 1F 23 23 23 23 27 27 27 27 2B 2B 2B 2B 2F 2F 2F 2F 33 33 33 33 37 37 37 37 3B 3B 3B 3B 3F 3F 3F 3F 43 43 43 43 47 47 47 47 4B 4B 4B 4B 4F 4F 4F 4F 53 53 53 53 57 57 57 57 5B 5B 5B 5B 5F 5F 5F 5F 63 63 63 63 67 67 67 67 6B 6B 6B 6B 6F 6F 6F 6F 73 73 73 73 77 77 77 77 7B 7B 7B 7B 7F 7F 7F 7F 
[TC_DEBUG]   Total bytes loaded: 1024
Loading Top Data (0x40000400) into tr1
[TC_DEBUG] t.ld: trd=1, imm10=0, rs1v=0x40000400
[TC_DEBUG]   CSR tmask_ld=0x000000FF, twidth_ld=1024
[TC_DEBUG]   base_addr = rs1v + imm10 * twidth_ld = 0x40000400 + 0 * 1024 = 0x40000400
[TC_DEBUG]   toffset_ld[0..7] = {0, 128, 256, 384, 512, 640, 768, 896}
[TC_DEBUG]   Load[0]: addr=0x40000400 -> tr1[0:127]
[TC_DEBUG]   Load[1]: addr=0x40000480 -> tr1[128:255]
[TC_DEBUG]   Load[2]: addr=0x40000500 -> tr1[256:383]
[TC_DEBUG]   Load[3]: addr=0x40000580 -> tr1[384:511]
[TC_DEBUG]   Load[4]: addr=0x40000600 -> tr1[512:639]
[TC_DEBUG]   Load[5]: addr=0x40000680 -> tr1[640:767]
[TC_DEBUG]   Load[6]: addr=0x40000700 -> tr1[768:895]
[TC_DEBUG]   Load[7]: addr=0x40000780 -> tr1[896:1023]
[TC_DEBUG]   tr1 = 
00 00 00 00 02 02 02 02 04 04 04 04 06 06 06 06 08 08 08 08 0A 0A 0A 0A 0C 0C 0C 0C 0E 0E 0E 0E 10 10 10 10 12 12 12 12 14 14 14 14 16 16 16 16 18 18 18 18 1A 1A 1A 1A 1C 1C 1C 1C 1E 1E 1E 1E 20 20 20 20 22 22 22 22 24 24 24 24 26 26 26 26 28 28 28 28 2A 2A 2A 2A 2C 2C 2C 2C 2E 2E 2E 2E 30 30 30 30 32 32 32 32 34 34 34 34 36 36 36 36 38 38 38 38 3A 3A 3A 3A 3C 3C 3C 3C 3E 3E 3E 3E 
01 01 01 01 03 03 03 03 05 05 05 05 07 07 07 07 09 09 09 09 0B 0B 0B 0B 0D 0D 0D 0D 0F 0F 0F 0F 11 11 11 11 13 13 13 13 15 15 15 15 17 17 17 17 19 19 19 19 1B 1B 1B 1B 1D 1D 1D 1D 1F 1F 1F 1F 21 21 21 21 23 23 23 23 25 25 25 25 27 27 27 27 29 29 29 29 2B 2B 2B 2B 2D 2D 2D 2D 2F 2F 2F 2F 31 31 31 31 33 33 33 33 35 35 35 35 37 37 37 37 39 39 39 39 3B 3B 3B 3B 3D 3D 3D 3D 3F 3F 3F 3F 
00 00 00 00 02 02 02 02 04 04 04 04 06 06 06 06 08 08 08 08 0A 0A 0A 0A 0C 0C 0C 0C 0E 0E 0E 0E 10 10 10 10 12 12 12 12 14 14 14 14 16 16 16 16 18 18 18 18 1A 1A 1A 1A 1C 1C 1C 1C 1E 1E 1E 1E 20 20 20 20 22 22 22 22 24 24 24 24 26 26 26 26 28 28 28 28 2A 2A 2A 2A 2C 2C 2C 2C 2E 2E 2E 2E 30 30 30 30 32 32 32 32 34 34 34 34 36 36 36 36 38 38 38 38 3A 3A 3A 3A 3C 3C 3C 3C 3E 3E 3E 3E 
01 01 01 01 03 03 03 03 05 05 05 05 07 07 07 07 09 09 09 09 0B 0B 0B 0B 0D 0D 0D 0D 0F 0F 0F 0F 11 11 11 11 13 13 13 13 15 15 15 15 17 17 17 17 19 19 19 19 1B 1B 1B 1B 1D 1D 1D 1D 1F 1F 1F 1F 21 21 21 21 23 23 23 23 25 25 25 25 27 27 27 27 29 29 29 29 2B 2B 2B 2B 2D 2D 2D 2D 2F 2F 2F 2F 31 31 31 31 33 33 33 33 35 35 35 35 37 37 37 37 39 39 39 39 3B 3B 3B 3B 3D 3D 3D 3D 3F 3F 3F 3F 
00 00 00 00 02 02 02 02 04 04 04 04 06 06 06 06 08 08 08 08 0A 0A 0A 0A 0C 0C 0C 0C 0E 0E 0E 0E 10 10 10 10 12 12 12 12 14 14 14 14 16 16 16 16 18 18 18 18 1A 1A 1A 1A 1C 1C 1C 1C 1E 1E 1E 1E 20 20 20 20 22 22 22 22 24 24 24 24 26 26 26 26 28 28 28 28 2A 2A 2A 2A 2C 2C 2C 2C 2E 2E 2E 2E 30 30 30 30 32 32 32 32 34 34 34 34 36 36 36 36 38 38 38 38 3A 3A 3A 3A 3C 3C 3C 3C 3E 3E 3E 3E 
01 01 01 01 03 03 03 03 05 05 05 05 07 07 07 07 09 09 09 09 0B 0B 0B 0B 0D 0D 0D 0D 0F 0F 0F 0F 11 11 11 11 13 13 13 13 15 15 15 15 17 17 17 17 19 19 19 19 1B 1B 1B 1B 1D 1D 1D 1D 1F 1F 1F 1F 21 21 21 21 23 23 23 23 25 25 25 25 27 27 27 27 29 29 29 29 2B 2B 2B 2B 2D 2D 2D 2D 2F 2F 2F 2F 31 31 31 31 33 33 33 33 35 35 35 35 37 37 37 37 39 39 39 39 3B 3B 3B 3B 3D 3D 3D 3D 3F 3F 3F 3F 
00 00 00 00 02 02 02 02 04 04 04 04 06 06 06 06 08 08 08 08 0A 0A 0A 0A 0C 0C 0C 0C 0E 0E 0E 0E 10 10 10 10 12 12 12 12 14 14 14 14 16 16 16 16 18 18 18 18 1A 1A 1A 1A 1C 1C 1C 1C 1E 1E 1E 1E 20 20 20 20 22 22 22 22 24 24 24 24 26 26 26 26 28 28 28 28 2A 2A 2A 2A 2C 2C 2C 2C 2E 2E 2E 2E 30 30 30 30 32 32 32 32 34 34 34 34 36 36 36 36 38 38 38 38 3A 3A 3A 3A 3C 3C 3C 3C 3E 3E 3E 3E 
01 01 01 01 03 03 03 03 05 05 05 05 07 07 07 07 09 09 09 09 0B 0B 0B 0B 0D 0D 0D 0D 0F 0F 0F 0F 11 11 11 11 13 13 13 13 15 15 15 15 17 17 17 17 19 19 19 19 1B 1B 1B 1B 1D 1D 1D 1D 1F 1F 1F 1F 21 21 21 21 23 23 23 23 25 25 25 25 27 27 27 27 29 29 29 29 2B 2B 2B 2B 2D 2D 2D 2D 2F 2F 2F 2F 31 31 31 31 33 33 33 33 35 35 35 35 37 37 37 37 39 39 39 39 3B 3B 3B 3B 3D 3D 3D 3D 3F 3F 3F 3F 
[TC_DEBUG]   Total bytes loaded: 1024
--- TC registers loaded ---


=== Test 1: tc.st.add Broadcast Addition (4x1) ===
tlength: 0x00000104 (left_len=4, top_len=1)
Computing: acc[m][n] = Left[m] + Top[n]
[TC_DEBUG] tc.st.add: trs1=0, trs2=1, rs1v=0x50000000, rs2v=0x00000000
[TC_DEBUG]   M2=4, M1=32, N2=1, N1=32
[TC_DEBUG]   startpoint_left=0, startpoint_top=0
[TC_DEBUG]   left_data_len=4, top_data_len=1
[TC_DEBUG]   LeftData (tr0, 128 int32 elements):
[TC_DEBUG]     [0000] 00000000 04040404 08080808 0C0C0C0C 10101010 14141414 18181818 1C1C1C1C 20202020 24242424 28282828 2C2C2C2C 30303030 34343434 38383838 3C3C3C3C 40404040 44444444 48484848 4C4C4C4C 50505050 54545454 58585858 5C5C5C5C 60606060 64646464 68686868 6C6C6C6C 70707070 74747474 78787878 7C7C7C7C 
[TC_DEBUG]     [0032] 01010101 05050505 09090909 0D0D0D0D 11111111 15151515 19191919 1D1D1D1D 21212121 25252525 29292929 2D2D2D2D 31313131 35353535 39393939 3D3D3D3D 41414141 45454545 49494949 4D4D4D4D 51515151 55555555 59595959 5D5D5D5D 61616161 65656565 69696969 6D6D6D6D 71717171 75757575 79797979 7D7D7D7D 
[TC_DEBUG]     [0064] 02020202 06060606 0A0A0A0A 0E0E0E0E 12121212 16161616 1A1A1A1A 1E1E1E1E 22222222 26262626 2A2A2A2A 2E2E2E2E 32323232 36363636 3A3A3A3A 3E3E3E3E 42424242 46464646 4A4A4A4A 4E4E4E4E 52525252 56565656 5A5A5A5A 5E5E5E5E 62626262 66666666 6A6A6A6A 6E6E6E6E 72727272 76767676 7A7A7A7A 7E7E7E7E 
[TC_DEBUG]     [0096] 03030303 07070707 0B0B0B0B 0F0F0F0F 13131313 17171717 1B1B1B1B 1F1F1F1F 23232323 27272727 2B2B2B2B 2F2F2F2F 33333333 37373737 3B3B3B3B 3F3F3F3F 43434343 47474747 4B4B4B4B 4F4F4F4F 53535353 57575757 5B5B5B5B 5F5F5F5F 63636363 67676767 6B6B6B6B 6F6F6F6F 73737373 77777777 7B7B7B7B 7F7F7F7F 
[TC_DEBUG]   TopData (tr1, 32 int32 elements):
[TC_DEBUG]     [0000] 00000000 02020202 04040404 06060606 08080808 0A0A0A0A 0C0C0C0C 0E0E0E0E 10101010 12121212 14141414 16161616 18181818 1A1A1A1A 1C1C1C1C 1E1E1E1E 20202020 22222222 24242424 26262626 28282828 2A2A2A2A 2C2C2C2C 2E2E2E2E 30303030 32323232 34343434 36363636 38383838 3A3A3A3A 3C3C3C3C 3E3E3E3E 
[TC_DEBUG]   AccBuffer (base=0x50000000, 4096 elements):
[TC_DEBUG]     [0000] 00000000 02020202 04040404 06060606 08080808 0A0A0A0A 0C0C0C0C 0E0E0E0E 10101010 12121212 14141414 16161616 18181818 1A1A1A1A 1C1C1C1C 1E1E1E1E 20202020 22222222 24242424 26262626 28282828 2A2A2A2A 2C2C2C2C 2E2E2E2E 30303030 32323232 34343434 36363636 38383838 3A3A3A3A 3C3C3C3C 3E3E3E3E 
[TC_DEBUG]     [0032] 01010101 03030303 05050505 07070707 09090909 0B0B0B0B 0D0D0D0D 0F0F0F0F 11111111 13131313 15151515 17171717 19191919 1B1B1B1B 1D1D1D1D 1F1F1F1F 21212121 23232323 25252525 27272727 29292929 2B2B2B2B 2D2D2D2D 2F2F2F2F 31313131 33333333 35353535 37373737 39393939 3B3B3B3B 3D3D3D3D 3F3F3F3F 
[TC_DEBUG]     [0064] 02020202 04040404 06060606 08080808 0A0A0A0A 0C0C0C0C 0E0E0E0E 10101010 12121212 14141414 16161616 18181818 1A1A1A1A 1C1C1C1C 1E1E1E1E 20202020 22222222 24242424 26262626 28282828 2A2A2A2A 2C2C2C2C 2E2E2E2E 30303030 32323232 34343434 36363636 38383838 3A3A3A3A 3C3C3C3C 3E3E3E3E 40404040 
[TC_DEBUG]     [0096] 03030303 05050505 07070707 09090909 0B0B0B0B 0D0D0D0D 0F0F0F0F 11111111 13131313 15151515 17171717 19191919 1B1B1B1B 1D1D1D1D 1F1F1F1F 21212121 23232323 25252525 27272727 29292929 2B2B2B2B 2D2D2D2D 2F2F2F2F 31313131 33333333 35353535 37373737 39393939 3B3B3B3B 3D3D3D3D 3F3F3F3F 41414141 
[TC_DEBUG]     [0128] 04040404 06060606 08080808 0A0A0A0A 0C0C0C0C 0E0E0E0E 10101010 12121212 14141414 16161616 18181818 1A1A1A1A 1C1C1C1C 1E1E1E1E 20202020 22222222 24242424 26262626 28282828 2A2A2A2A 2C2C2C2C 2E2E2E2E 30303030 32323232 34343434 36363636 38383838 3A3A3A3A 3C3C3C3C 3E3E3E3E 40404040 42424242 
[TC_DEBUG]     [0160] 05050505 07070707 09090909 0B0B0B0B 0D0D0D0D 0F0F0F0F 11111111 13131313 15151515 17171717 19191919 1B1B1B1B 1D1D1D1D 1F1F1F1F 21212121 23232323 25252525 27272727 29292929 2B2B2B2B 2D2D2D2D 2F2F2F2F 31313131 33333333 35353535 37373737 39393939 3B3B3B3B 3D3D3D3D 3F3F3F3F 41414141 43434343 
[TC_DEBUG]     [0192] 06060606 08080808 0A0A0A0A 0C0C0C0C 0E0E0E0E 10101010 12121212 14141414 16161616 18181818 1A1A1A1A 1C1C1C1C 1E1E1E1E 20202020 22222222 24242424 26262626 28282828 2A2A2A2A 2C2C2C2C 2E2E2E2E 30303030 32323232 34343434 36363636 38383838 3A3A3A3A 3C3C3C3C 3E3E3E3E 40404040 42424242 44444444 
[TC_DEBUG]     [0224] 07070707 09090909 0B0B0B0B 0D0D0D0D 0F0F0F0F 11111111 13131313 15151515 17171717 19191919 1B1B1B1B 1D1D1D1D 1F1F1F1F 21212121 23232323 25252525 27272727 29292929 2B2B2B2B 2D2D2D2D 2F2F2F2F 31313131 33333333 35353535 37373737 39393939 3B3B3B3B 3D3D3D3D 3F3F3F3F 41414141 43434343 45454545 
[TC_DEBUG]     [0256] 08080808 0A0A0A0A 0C0C0C0C 0E0E0E0E 10101010 12121212 14141414 16161616 18181818 1A1A1A1A 1C1C1C1C 1E1E1E1E 20202020 22222222 24242424 26262626 28282828 2A2A2A2A 2C2C2C2C 2E2E2E2E 30303030 32323232 34343434 36363636 38383838 3A3A3A3A 3C3C3C3C 3E3E3E3E 40404040 42424242 44444444 46464646 
[TC_DEBUG]     [0288] 09090909 0B0B0B0B 0D0D0D0D 0F0F0F0F 11111111 13131313 15151515 17171717 19191919 1B1B1B1B 1D1D1D1D 1F1F1F1F 21212121 23232323 25252525 27272727 29292929 2B2B2B2B 2D2D2D2D 2F2F2F2F 31313131 33333333 35353535 37373737 39393939 3B3B3B3B 3D3D3D3D 3F3F3F3F 41414141 43434343 45454545 47474747 
[TC_DEBUG]     [0320] 0A0A0A0A 0C0C0C0C 0E0E0E0E 10101010 12121212 14141414 16161616 18181818 1A1A1A1A 1C1C1C1C 1E1E1E1E 20202020 22222222 24242424 26262626 28282828 2A2A2A2A 2C2C2C2C 2E2E2E2E 30303030 32323232 34343434 36363636 38383838 3A3A3A3A 3C3C3C3C 3E3E3E3E 40404040 42424242 44444444 46464646 48484848 
[TC_DEBUG]     [0352] 0B0B0B0B 0D0D0D0D 0F0F0F0F 11111111 13131313 15151515 17171717 19191919 1B1B1B1B 1D1D1D1D 1F1F1F1F 21212121 23232323 25252525 27272727 29292929 2B2B2B2B 2D2D2D2D 2F2F2F2F 31313131 33333333 35353535 37373737 39393939 3B3B3B3B 3D3D3D3D 3F3F3F3F 41414141 43434343 45454545 47474747 49494949 
[TC_DEBUG]     [0384] 0C0C0C0C 0E0E0E0E 10101010 12121212 14141414 16161616 18181818 1A1A1A1A 1C1C1C1C 1E1E1E1E 20202020 22222222 24242424 26262626 28282828 2A2A2A2A 2C2C2C2C 2E2E2E2E 30303030 32323232 34343434 36363636 38383838 3A3A3A3A 3C3C3C3C 3E3E3E3E 40404040 42424242 44444444 46464646 48484848 4A4A4A4A 
[TC_DEBUG]     [0416] 0D0D0D0D 0F0F0F0F 11111111 13131313 15151515 17171717 19191919 1B1B1B1B 1D1D1D1D 1F1F1F1F 21212121 23232323 25252525 27272727 29292929 2B2B2B2B 2D2D2D2D 2F2F2F2F 31313131 33333333 35353535 37373737 39393939 3B3B3B3B 3D3D3D3D 3F3F3F3F 41414141 43434343 45454545 47474747 49494949 4B4B4B4B 
[TC_DEBUG]     [0448] 0E0E0E0E 10101010 12121212 14141414 16161616 18181818 1A1A1A1A 1C1C1C1C 1E1E1E1E 20202020 22222222 24242424 26262626 28282828 2A2A2A2A 2C2C2C2C 2E2E2E2E 30303030 32323232 34343434 36363636 38383838 3A3A3A3A 3C3C3C3C 3E3E3E3E 40404040 42424242 44444444 46464646 48484848 4A4A4A4A 4C4C4C4C 
[TC_DEBUG]     [0480] 0F0F0F0F 11111111 13131313 15151515 17171717 19191919 1B1B1B1B 1D1D1D1D 1F1F1F1F 21212121 23232323 25252525 27272727 29292929 2B2B2B2B 2D2D2D2D 2F2F2F2F 31313131 33333333 35353535 37373737 39393939 3B3B3B3B 3D3D3D3D 3F3F3F3F 41414141 43434343 45454545 47474747 49494949 4B4B4B4B 4D4D4D4D 
[TC_DEBUG]     [0512] 10101010 12121212 14141414 16161616 18181818 1A1A1A1A 1C1C1C1C 1E1E1E1E 20202020 22222222 24242424 26262626 28282828 2A2A2A2A 2C2C2C2C 2E2E2E2E 30303030 32323232 34343434 36363636 38383838 3A3A3A3A 3C3C3C3C 3E3E3E3E 40404040 42424242 44444444 46464646 48484848 4A4A4A4A 4C4C4C4C 4E4E4E4E 
[TC_DEBUG]     [0544] 11111111 13131313 15151515 17171717 19191919 1B1B1B1B 1D1D1D1D 1F1F1F1F 21212121 23232323 25252525 27272727 29292929 2B2B2B2B 2D2D2D2D 2F2F2F2F 31313131 33333333 35353535 37373737 39393939 3B3B3B3B 3D3D3D3D 3F3F3F3F 41414141 43434343 45454545 47474747 49494949 4B4B4B4B 4D4D4D4D 4F4F4F4F 
[TC_DEBUG]     [0576] 12121212 14141414 16161616 18181818 1A1A1A1A 1C1C1C1C 1E1E1E1E 20202020 22222222 24242424 26262626 28282828 2A2A2A2A 2C2C2C2C 2E2E2E2E 30303030 32323232 34343434 36363636 38383838 3A3A3A3A 3C3C3C3C 3E3E3E3E 40404040 42424242 44444444 46464646 48484848 4A4A4A4A 4C4C4C4C 4E4E4E4E 50505050 
[TC_DEBUG]     [0608] 13131313 15151515 17171717 19191919 1B1B1B1B 1D1D1D1D 1F1F1F1F 21212121 23232323 25252525 27272727 29292929 2B2B2B2B 2D2D2D2D 2F2F2F2F 31313131 33333333 35353535 37373737 39393939 3B3B3B3B 3D3D3D3D 3F3F3F3F 41414141 43434343 45454545 47474747 49494949 4B4B4B4B 4D4D4D4D 4F4F4F4F 51515151 
[TC_DEBUG]     [0640] 14141414 16161616 18181818 1A1A1A1A 1C1C1C1C 1E1E1E1E 20202020 22222222 24242424 26262626 28282828 2A2A2A2A 2C2C2C2C 2E2E2E2E 30303030 32323232 34343434 36363636 38383838 3A3A3A3A 3C3C3C3C 3E3E3E3E 40404040 42424242 44444444 46464646 48484848 4A4A4A4A 4C4C4C4C 4E4E4E4E 50505050 52525252 
[TC_DEBUG]     [0672] 15151515 17171717 19191919 1B1B1B1B 1D1D1D1D 1F1F1F1F 21212121 23232323 25252525 27272727 29292929 2B2B2B2B 2D2D2D2D 2F2F2F2F 31313131 33333333 35353535 37373737 39393939 3B3B3B3B 3D3D3D3D 3F3F3F3F 41414141 43434343 45454545 47474747 49494949 4B4B4B4B 4D4D4D4D 4F4F4F4F 51515151 53535353 
[TC_DEBUG]     [0704] 16161616 18181818 1A1A1A1A 1C1C1C1C 1E1E1E1E 20202020 22222222 24242424 26262626 28282828 2A2A2A2A 2C2C2C2C 2E2E2E2E 30303030 32323232 34343434 36363636 38383838 3A3A3A3A 3C3C3C3C 3E3E3E3E 40404040 42424242 44444444 46464646 48484848 4A4A4A4A 4C4C4C4C 4E4E4E4E 50505050 52525252 54545454 
[TC_DEBUG]     [0736] 17171717 19191919 1B1B1B1B 1D1D1D1D 1F1F1F1F 21212121 23232323 25252525 27272727 29292929 2B2B2B2B 2D2D2D2D 2F2F2F2F 31313131 33333333 35353535 37373737 39393939 3B3B3B3B 3D3D3D3D 3F3F3F3F 41414141 43434343 45454545 47474747 49494949 4B4B4B4B 4D4D4D4D 4F4F4F4F 51515151 53535353 55555555 
[TC_DEBUG]     [0768] 18181818 1A1A1A1A 1C1C1C1C 1E1E1E1E 20202020 22222222 24242424 26262626 28282828 2A2A2A2A 2C2C2C2C 2E2E2E2E 30303030 32323232 34343434 36363636 38383838 3A3A3A3A 3C3C3C3C 3E3E3E3E 40404040 42424242 44444444 46464646 48484848 4A4A4A4A 4C4C4C4C 4E4E4E4E 50505050 52525252 54545454 56565656 
[TC_DEBUG]     [0800] 19191919 1B1B1B1B 1D1D1D1D 1F1F1F1F 21212121 23232323 25252525 27272727 29292929 2B2B2B2B 2D2D2D2D 2F2F2F2F 31313131 33333333 35353535 37373737 39393939 3B3B3B3B 3D3D3D3D 3F3F3F3F 41414141 43434343 45454545 47474747 49494949 4B4B4B4B 4D4D4D4D 4F4F4F4F 51515151 53535353 55555555 57575757 
[TC_DEBUG]     [0832] 1A1A1A1A 1C1C1C1C 1E1E1E1E 20202020 22222222 24242424 26262626 28282828 2A2A2A2A 2C2C2C2C 2E2E2E2E 30303030 32323232 34343434 36363636 38383838 3A3A3A3A 3C3C3C3C 3E3E3E3E 40404040 42424242 44444444 46464646 48484848 4A4A4A4A 4C4C4C4C 4E4E4E4E 50505050 52525252 54545454 56565656 58585858 
[TC_DEBUG]     [0864] 1B1B1B1B 1D1D1D1D 1F1F1F1F 21212121 23232323 25252525 27272727 29292929 2B2B2B2B 2D2D2D2D 2F2F2F2F 31313131 33333333 35353535 37373737 39393939 3B3B3B3B 3D3D3D3D 3F3F3F3F 41414141 43434343 45454545 47474747 49494949 4B4B4B4B 4D4D4D4D 4F4F4F4F 51515151 53535353 55555555 57575757 59595959 
[TC_DEBUG]     [0896] 1C1C1C1C 1E1E1E1E 20202020 22222222 24242424 26262626 28282828 2A2A2A2A 2C2C2C2C 2E2E2E2E 30303030 32323232 34343434 36363636 38383838 3A3A3A3A 3C3C3C3C 3E3E3E3E 40404040 42424242 44444444 46464646 48484848 4A4A4A4A 4C4C4C4C 4E4E4E4E 50505050 52525252 54545454 56565656 58585858 5A5A5A5A 
[TC_DEBUG]     [0928] 1D1D1D1D 1F1F1F1F 21212121 23232323 25252525 27272727 29292929 2B2B2B2B 2D2D2D2D 2F2F2F2F 31313131 33333333 35353535 37373737 39393939 3B3B3B3B 3D3D3D3D 3F3F3F3F 41414141 43434343 45454545 47474747 49494949 4B4B4B4B 4D4D4D4D 4F4F4F4F 51515151 53535353 55555555 57575757 59595959 5B5B5B5B 
[TC_DEBUG]     [0960] 1E1E1E1E 20202020 22222222 24242424 26262626 28282828 2A2A2A2A 2C2C2C2C 2E2E2E2E 30303030 32323232 34343434 36363636 38383838 3A3A3A3A 3C3C3C3C 3E3E3E3E 40404040 42424242 44444444 46464646 48484848 4A4A4A4A 4C4C4C4C 4E4E4E4E 50505050 52525252 54545454 56565656 58585858 5A5A5A5A 5C5C5C5C 
[TC_DEBUG]     [0992] 1F1F1F1F 21212121 23232323 25252525 27272727 29292929 2B2B2B2B 2D2D2D2D 2F2F2F2F 31313131 33333333 35353535 37373737 39393939 3B3B3B3B 3D3D3D3D 3F3F3F3F 41414141 43434343 45454545 47474747 49494949 4B4B4B4B 4D4D4D4D 4F4F4F4F 51515151 53535353 55555555 57575757 59595959 5B5B5B5B 5D5D5D5D 
[TC_DEBUG]     [1024] 20202020 22222222 24242424 26262626 28282828 2A2A2A2A 2C2C2C2C 2E2E2E2E 30303030 32323232 34343434 36363636 38383838 3A3A3A3A 3C3C3C3C 3E3E3E3E 40404040 42424242 44444444 46464646 48484848 4A4A4A4A 4C4C4C4C 4E4E4E4E 50505050 52525252 54545454 56565656 58585858 5A5A5A5A 5C5C5C5C 5E5E5E5E 
[TC_DEBUG]     [1056] 21212121 23232323 25252525 27272727 29292929 2B2B2B2B 2D2D2D2D 2F2F2F2F 31313131 33333333 35353535 37373737 39393939 3B3B3B3B 3D3D3D3D 3F3F3F3F 41414141 43434343 45454545 47474747 49494949 4B4B4B4B 4D4D4D4D 4F4F4F4F 51515151 53535353 55555555 57575757 59595959 5B5B5B5B 5D5D5D5D 5F5F5F5F 
[TC_DEBUG]     [1088] 22222222 24242424 26262626 28282828 2A2A2A2A 2C2C2C2C 2E2E2E2E 30303030 32323232 34343434 36363636 38383838 3A3A3A3A 3C3C3C3C 3E3E3E3E 40404040 42424242 44444444 46464646 48484848 4A4A4A4A 4C4C4C4C 4E4E4E4E 50505050 52525252 54545454 56565656 58585858 5A5A5A5A 5C5C5C5C 5E5E5E5E 60606060 
[TC_DEBUG]     [1120] 23232323 25252525 27272727 29292929 2B2B2B2B 2D2D2D2D 2F2F2F2F 31313131 33333333 35353535 37373737 39393939 3B3B3B3B 3D3D3D3D 3F3F3F3F 41414141 43434343 45454545 47474747 49494949 4B4B4B4B 4D4D4D4D 4F4F4F4F 51515151 53535353 55555555 57575757 59595959 5B5B5B5B 5D5D5D5D 5F5F5F5F 61616161 
[TC_DEBUG]     [1152] 24242424 26262626 28282828 2A2A2A2A 2C2C2C2C 2E2E2E2E 30303030 32323232 34343434 36363636 38383838 3A3A3A3A 3C3C3C3C 3E3E3E3E 40404040 42424242 44444444 46464646 48484848 4A4A4A4A 4C4C4C4C 4E4E4E4E 50505050 52525252 54545454 56565656 58585858 5A5A5A5A 5C5C5C5C 5E5E5E5E 60606060 62626262 
[TC_DEBUG]     [1184] 25252525 27272727 29292929 2B2B2B2B 2D2D2D2D 2F2F2F2F 31313131 33333333 35353535 37373737 39393939 3B3B3B3B 3D3D3D3D 3F3F3F3F 41414141 43434343 45454545 47474747 49494949 4B4B4B4B 4D4D4D4D 4F4F4F4F 51515151 53535353 55555555 57575757 59595959 5B5B5B5B 5D5D5D5D 5F5F5F5F 61616161 63636363 
[TC_DEBUG]     [1216] 26262626 28282828 2A2A2A2A 2C2C2C2C 2E2E2E2E 30303030 32323232 34343434 36363636 38383838 3A3A3A3A 3C3C3C3C 3E3E3E3E 40404040 42424242 44444444 46464646 48484848 4A4A4A4A 4C4C4C4C 4E4E4E4E 50505050 52525252 54545454 56565656 58585858 5A5A5A5A 5C5C5C5C 5E5E5E5E 60606060 62626262 64646464 
[TC_DEBUG]     [1248] 27272727 29292929 2B2B2B2B 2D2D2D2D 2F2F2F2F 31313131 33333333 35353535 37373737 39393939 3B3B3B3B 3D3D3D3D 3F3F3F3F 41414141 43434343 45454545 47474747 49494949 4B4B4B4B 4D4D4D4D 4F4F4F4F 51515151 53535353 55555555 57575757 59595959 5B5B5B5B 5D5D5D5D 5F5F5F5F 61616161 63636363 65656565 
[TC_DEBUG]     [1280] 28282828 2A2A2A2A 2C2C2C2C 2E2E2E2E 30303030 32323232 34343434 36363636 38383838 3A3A3A3A 3C3C3C3C 3E3E3E3E 40404040 42424242 44444444 46464646 48484848 4A4A4A4A 4C4C4C4C 4E4E4E4E 50505050 52525252 54545454 56565656 58585858 5A5A5A5A 5C5C5C5C 5E5E5E5E 60606060 62626262 64646464 66666666 
[TC_DEBUG]     [1312] 29292929 2B2B2B2B 2D2D2D2D 2F2F2F2F 31313131 33333333 35353535 37373737 39393939 3B3B3B3B 3D3D3D3D 3F3F3F3F 41414141 43434343 45454545 47474747 49494949 4B4B4B4B 4D4D4D4D 4F4F4F4F 51515151 53535353 55555555 57575757 59595959 5B5B5B5B 5D5D5D5D 5F5F5F5F 61616161 63636363 65656565 67676767 
[TC_DEBUG]     [1344] 2A2A2A2A 2C2C2C2C 2E2E2E2E 30303030 32323232 34343434 36363636 38383838 3A3A3A3A 3C3C3C3C 3E3E3E3E 40404040 42424242 44444444 46464646 48484848 4A4A4A4A 4C4C4C4C 4E4E4E4E 50505050 52525252 54545454 56565656 58585858 5A5A5A5A 5C5C5C5C 5E5E5E5E 60606060 62626262 64646464 66666666 68686868 
[TC_DEBUG]     [1376] 2B2B2B2B 2D2D2D2D 2F2F2F2F 31313131 33333333 35353535 37373737 39393939 3B3B3B3B 3D3D3D3D 3F3F3F3F 41414141 43434343 45454545 47474747 49494949 4B4B4B4B 4D4D4D4D 4F4F4F4F 51515151 53535353 55555555 57575757 59595959 5B5B5B5B 5D5D5D5D 5F5F5F5F 61616161 63636363 65656565 67676767 69696969 
[TC_DEBUG]     [1408] 2C2C2C2C 2E2E2E2E 30303030 32323232 34343434 36363636 38383838 3A3A3A3A 3C3C3C3C 3E3E3E3E 40404040 42424242 44444444 46464646 48484848 4A4A4A4A 4C4C4C4C 4E4E4E4E 50505050 52525252 54545454 56565656 58585858 5A5A5A5A 5C5C5C5C 5E5E5E5E 60606060 62626262 64646464 66666666 68686868 6A6A6A6A 
[TC_DEBUG]     [1440] 2D2D2D2D 2F2F2F2F 31313131 33333333 35353535 37373737 39393939 3B3B3B3B 3D3D3D3D 3F3F3F3F 41414141 43434343 45454545 47474747 49494949 4B4B4B4B 4D4D4D4D 4F4F4F4F 51515151 53535353 55555555 57575757 59595959 5B5B5B5B 5D5D5D5D 5F5F5F5F 61616161 63636363 65656565 67676767 69696969 6B6B6B6B 
[TC_DEBUG]     [1472] 2E2E2E2E 30303030 32323232 34343434 36363636 38383838 3A3A3A3A 3C3C3C3C 3E3E3E3E 40404040 42424242 44444444 46464646 48484848 4A4A4A4A 4C4C4C4C 4E4E4E4E 50505050 52525252 54545454 56565656 58585858 5A5A5A5A 5C5C5C5C 5E5E5E5E 60606060 62626262 64646464 66666666 68686868 6A6A6A6A 6C6C6C6C 
[TC_DEBUG]     [1504] 2F2F2F2F 31313131 33333333 35353535 37373737 39393939 3B3B3B3B 3D3D3D3D 3F3F3F3F 41414141 43434343 45454545 47474747 49494949 4B4B4B4B 4D4D4D4D 4F4F4F4F 51515151 53535353 55555555 57575757 59595959 5B5B5B5B 5D5D5D5D 5F5F5F5F 61616161 63636363 65656565 67676767 69696969 6B6B6B6B 6D6D6D6D 
[TC_DEBUG]     [1536] 30303030 32323232 34343434 36363636 38383838 3A3A3A3A 3C3C3C3C 3E3E3E3E 40404040 42424242 44444444 46464646 48484848 4A4A4A4A 4C4C4C4C 4E4E4E4E 50505050 52525252 54545454 56565656 58585858 5A5A5A5A 5C5C5C5C 5E5E5E5E 60606060 62626262 64646464 66666666 68686868 6A6A6A6A 6C6C6C6C 6E6E6E6E 
[TC_DEBUG]     [1568] 31313131 33333333 35353535 37373737 39393939 3B3B3B3B 3D3D3D3D 3F3F3F3F 41414141 43434343 45454545 47474747 49494949 4B4B4B4B 4D4D4D4D 4F4F4F4F 51515151 53535353 55555555 57575757 59595959 5B5B5B5B 5D5D5D5D 5F5F5F5F 61616161 63636363 65656565 67676767 69696969 6B6B6B6B 6D6D6D6D 6F6F6F6F 
[TC_DEBUG]     [1600] 32323232 34343434 36363636 38383838 3A3A3A3A 3C3C3C3C 3E3E3E3E 40404040 42424242 44444444 46464646 48484848 4A4A4A4A 4C4C4C4C 4E4E4E4E 50505050 52525252 54545454 56565656 58585858 5A5A5A5A 5C5C5C5C 5E5E5E5E 60606060 62626262 64646464 66666666 68686868 6A6A6A6A 6C6C6C6C 6E6E6E6E 70707070 
[TC_DEBUG]     [1632] 33333333 35353535 37373737 39393939 3B3B3B3B 3D3D3D3D 3F3F3F3F 41414141 43434343 45454545 47474747 49494949 4B4B4B4B 4D4D4D4D 4F4F4F4F 51515151 53535353 55555555 57575757 59595959 5B5B5B5B 5D5D5D5D 5F5F5F5F 61616161 63636363 65656565 67676767 69696969 6B6B6B6B 6D6D6D6D 6F6F6F6F 71717171 
[TC_DEBUG]     [1664] 34343434 36363636 38383838 3A3A3A3A 3C3C3C3C 3E3E3E3E 40404040 42424242 44444444 46464646 48484848 4A4A4A4A 4C4C4C4C 4E4E4E4E 50505050 52525252 54545454 56565656 58585858 5A5A5A5A 5C5C5C5C 5E5E5E5E 60606060 62626262 64646464 66666666 68686868 6A6A6A6A 6C6C6C6C 6E6E6E6E 70707070 72727272 
[TC_DEBUG]     [1696] 35353535 37373737 39393939 3B3B3B3B 3D3D3D3D 3F3F3F3F 41414141 43434343 45454545 47474747 49494949 4B4B4B4B 4D4D4D4D 4F4F4F4F 51515151 53535353 55555555 57575757 59595959 5B5B5B5B 5D5D5D5D 5F5F5F5F 61616161 63636363 65656565 67676767 69696969 6B6B6B6B 6D6D6D6D 6F6F6F6F 71717171 73737373 
[TC_DEBUG]     [1728] 36363636 38383838 3A3A3A3A 3C3C3C3C 3E3E3E3E 40404040 42424242 44444444 46464646 48484848 4A4A4A4A 4C4C4C4C 4E4E4E4E 50505050 52525252 54545454 56565656 58585858 5A5A5A5A 5C5C5C5C 5E5E5E5E 60606060 62626262 64646464 66666666 68686868 6A6A6A6A 6C6C6C6C 6E6E6E6E 70707070 72727272 74747474 
[TC_DEBUG]     [1760] 37373737 39393939 3B3B3B3B 3D3D3D3D 3F3F3F3F 41414141 43434343 45454545 47474747 49494949 4B4B4B4B 4D4D4D4D 4F4F4F4F 51515151 53535353 55555555 57575757 59595959 5B5B5B5B 5D5D5D5D 5F5F5F5F 61616161 63636363 65656565 67676767 69696969 6B6B6B6B 6D6D6D6D 6F6F6F6F 71717171 73737373 75757575 
[TC_DEBUG]     [1792] 38383838 3A3A3A3A 3C3C3C3C 3E3E3E3E 40404040 42424242 44444444 46464646 48484848 4A4A4A4A 4C4C4C4C 4E4E4E4E 50505050 52525252 54545454 56565656 58585858 5A5A5A5A 5C5C5C5C 5E5E5E5E 60606060 62626262 64646464 66666666 68686868 6A6A6A6A 6C6C6C6C 6E6E6E6E 70707070 72727272 74747474 76767676 
[TC_DEBUG]     [1824] 39393939 3B3B3B3B 3D3D3D3D 3F3F3F3F 41414141 43434343 45454545 47474747 49494949 4B4B4B4B 4D4D4D4D 4F4F4F4F 51515151 53535353 55555555 57575757 59595959 5B5B5B5B 5D5D5D5D 5F5F5F5F 61616161 63636363 65656565 67676767 69696969 6B6B6B6B 6D6D6D6D 6F6F6F6F 71717171 73737373 75757575 77777777 
[TC_DEBUG]     [1856] 3A3A3A3A 3C3C3C3C 3E3E3E3E 40404040 42424242 44444444 46464646 48484848 4A4A4A4A 4C4C4C4C 4E4E4E4E 50505050 52525252 54545454 56565656 58585858 5A5A5A5A 5C5C5C5C 5E5E5E5E 60606060 62626262 64646464 66666666 68686868 6A6A6A6A 6C6C6C6C 6E6E6E6E 70707070 72727272 74747474 76767676 78787878 
[TC_DEBUG]     [1888] 3B3B3B3B 3D3D3D3D 3F3F3F3F 41414141 43434343 45454545 47474747 49494949 4B4B4B4B 4D4D4D4D 4F4F4F4F 51515151 53535353 55555555 57575757 59595959 5B5B5B5B 5D5D5D5D 5F5F5F5F 61616161 63636363 65656565 67676767 69696969 6B6B6B6B 6D6D6D6D 6F6F6F6F 71717171 73737373 75757575 77777777 79797979 
[TC_DEBUG]     [1920] 3C3C3C3C 3E3E3E3E 40404040 42424242 44444444 46464646 48484848 4A4A4A4A 4C4C4C4C 4E4E4E4E 50505050 52525252 54545454 56565656 58585858 5A5A5A5A 5C5C5C5C 5E5E5E5E 60606060 62626262 64646464 66666666 68686868 6A6A6A6A 6C6C6C6C 6E6E6E6E 70707070 72727272 74747474 76767676 78787878 7A7A7A7A 
[TC_DEBUG]     [1952] 3D3D3D3D 3F3F3F3F 41414141 43434343 45454545 47474747 49494949 4B4B4B4B 4D4D4D4D 4F4F4F4F 51515151 53535353 55555555 57575757 59595959 5B5B5B5B 5D5D5D5D 5F5F5F5F 61616161 63636363 65656565 67676767 69696969 6B6B6B6B 6D6D6D6D 6F6F6F6F 71717171 73737373 75757575 77777777 79797979 7B7B7B7B 
[TC_DEBUG]     [1984] 3E3E3E3E 40404040 42424242 44444444 46464646 48484848 4A4A4A4A 4C4C4C4C 4E4E4E4E 50505050 52525252 54545454 56565656 58585858 5A5A5A5A 5C5C5C5C 5E5E5E5E 60606060 62626262 64646464 66666666 68686868 6A6A6A6A 6C6C6C6C 6E6E6E6E 70707070 72727272 74747474 76767676 78787878 7A7A7A7A 7C7C7C7C 
[TC_DEBUG]     [2016] 3F3F3F3F 41414141 43434343 45454545 47474747 49494949 4B4B4B4B 4D4D4D4D 4F4F4F4F 51515151 53535353 55555555 57575757 59595959 5B5B5B5B 5D5D5D5D 5F5F5F5F 61616161 63636363 65656565 67676767 69696969 6B6B6B6B 6D6D6D6D 6F6F6F6F 71717171 73737373 75757575 77777777 79797979 7B7B7B7B 7D7D7D7D 
[TC_DEBUG]     [2048] 40404040 42424242 44444444 46464646 48484848 4A4A4A4A 4C4C4C4C 4E4E4E4E 50505050 52525252 54545454 56565656 58585858 5A5A5A5A 5C5C5C5C 5E5E5E5E 60606060 62626262 64646464 66666666 68686868 6A6A6A6A 6C6C6C6C 6E6E6E6E 70707070 72727272 74747474 76767676 78787878 7A7A7A7A 7C7C7C7C 7E7E7E7E 
[TC_DEBUG]     [2080] 41414141 43434343 45454545 47474747 49494949 4B4B4B4B 4D4D4D4D 4F4F4F4F 51515151 53535353 55555555 57575757 59595959 5B5B5B5B 5D5D5D5D 5F5F5F5F 61616161 63636363 65656565 67676767 69696969 6B6B6B6B 6D6D6D6D 6F6F6F6F 71717171 73737373 75757575 77777777 79797979 7B7B7B7B 7D7D7D7D 7F7F7F7F 
[TC_DEBUG]     [2112] 42424242 44444444 46464646 48484848 4A4A4A4A 4C4C4C4C 4E4E4E4E 50505050 52525252 54545454 56565656 58585858 5A5A5A5A 5C5C5C5C 5E5E5E5E 60606060 62626262 64646464 66666666 68686868 6A6A6A6A 6C6C6C6C 6E6E6E6E 70707070 72727272 74747474 76767676 78787878 7A7A7A7A 7C7C7C7C 7E7E7E7E 80808080 
[TC_DEBUG]     [2144] 43434343 45454545 47474747 49494949 4B4B4B4B 4D4D4D4D 4F4F4F4F 51515151 53535353 55555555 57575757 59595959 5B5B5B5B 5D5D5D5D 5F5F5F5F 61616161 63636363 65656565 67676767 69696969 6B6B6B6B 6D6D6D6D 6F6F6F6F 71717171 73737373 75757575 77777777 79797979 7B7B7B7B 7D7D7D7D 7F7F7F7F 81818181 
[TC_DEBUG]     [2176] 44444444 46464646 48484848 4A4A4A4A 4C4C4C4C 4E4E4E4E 50505050 52525252 54545454 56565656 58585858 5A5A5A5A 5C5C5C5C 5E5E5E5E 60606060 62626262 64646464 66666666 68686868 6A6A6A6A 6C6C6C6C 6E6E6E6E 70707070 72727272 74747474 76767676 78787878 7A7A7A7A 7C7C7C7C 7E7E7E7E 80808080 82828282 
[TC_DEBUG]     [2208] 45454545 47474747 49494949 4B4B4B4B 4D4D4D4D 4F4F4F4F 51515151 53535353 55555555 57575757 59595959 5B5B5B5B 5D5D5D5D 5F5F5F5F 61616161 63636363 65656565 67676767 69696969 6B6B6B6B 6D6D6D6D 6F6F6F6F 71717171 73737373 75757575 77777777 79797979 7B7B7B7B 7D7D7D7D 7F7F7F7F 81818181 83838383 
[TC_DEBUG]     [2240] 46464646 48484848 4A4A4A4A 4C4C4C4C 4E4E4E4E 50505050 52525252 54545454 56565656 58585858 5A5A5A5A 5C5C5C5C 5E5E5E5E 60606060 62626262 64646464 66666666 68686868 6A6A6A6A 6C6C6C6C 6E6E6E6E 70707070 72727272 74747474 76767676 78787878 7A7A7A7A 7C7C7C7C 7E7E7E7E 80808080 82828282 84848484 
[TC_DEBUG]     [2272] 47474747 49494949 4B4B4B4B 4D4D4D4D 4F4F4F4F 51515151 53535353 55555555 57575757 59595959 5B5B5B5B 5D5D5D5D 5F5F5F5F 61616161 63636363 65656565 67676767 69696969 6B6B6B6B 6D6D6D6D 6F6F6F6F 71717171 73737373 75757575 77777777 79797979 7B7B7B7B 7D7D7D7D 7F7F7F7F 81818181 83838383 85858585 
[TC_DEBUG]     [2304] 48484848 4A4A4A4A 4C4C4C4C 4E4E4E4E 50505050 52525252 54545454 56565656 58585858 5A5A5A5A 5C5C5C5C 5E5E5E5E 60606060 62626262 64646464 66666666 68686868 6A6A6A6A 6C6C6C6C 6E6E6E6E 70707070 72727272 74747474 76767676 78787878 7A7A7A7A 7C7C7C7C 7E7E7E7E 80808080 82828282 84848484 86868686 
[TC_DEBUG]     [2336] 49494949 4B4B4B4B 4D4D4D4D 4F4F4F4F 51515151 53535353 55555555 57575757 59595959 5B5B5B5B 5D5D5D5D 5F5F5F5F 61616161 63636363 65656565 67676767 69696969 6B6B6B6B 6D6D6D6D 6F6F6F6F 71717171 73737373 75757575 77777777 79797979 7B7B7B7B 7D7D7D7D 7F7F7F7F 81818181 83838383 85858585 87878787 
[TC_DEBUG]     [2368] 4A4A4A4A 4C4C4C4C 4E4E4E4E 50505050 52525252 54545454 56565656 58585858 5A5A5A5A 5C5C5C5C 5E5E5E5E 60606060 62626262 64646464 66666666 68686868 6A6A6A6A 6C6C6C6C 6E6E6E6E 70707070 72727272 74747474 76767676 78787878 7A7A7A7A 7C7C7C7C 7E7E7E7E 80808080 82828282 84848484 86868686 88888888 
[TC_DEBUG]     [2400] 4B4B4B4B 4D4D4D4D 4F4F4F4F 51515151 53535353 55555555 57575757 59595959 5B5B5B5B 5D5D5D5D 5F5F5F5F 61616161 63636363 65656565 67676767 69696969 6B6B6B6B 6D6D6D6D 6F6F6F6F 71717171 73737373 75757575 77777777 79797979 7B7B7B7B 7D7D7D7D 7F7F7F7F 81818181 83838383 85858585 87878787 89898989 
[TC_DEBUG]     [2432] 4C4C4C4C 4E4E4E4E 50505050 52525252 54545454 56565656 58585858 5A5A5A5A 5C5C5C5C 5E5E5E5E 60606060 62626262 64646464 66666666 68686868 6A6A6A6A 6C6C6C6C 6E6E6E6E 70707070 72727272 74747474 76767676 78787878 7A7A7A7A 7C7C7C7C 7E7E7E7E 80808080 82828282 84848484 86868686 88888888 8A8A8A8A 
[TC_DEBUG]     [2464] 4D4D4D4D 4F4F4F4F 51515151 53535353 55555555 57575757 59595959 5B5B5B5B 5D5D5D5D 5F5F5F5F 61616161 63636363 65656565 67676767 69696969 6B6B6B6B 6D6D6D6D 6F6F6F6F 71717171 73737373 75757575 77777777 79797979 7B7B7B7B 7D7D7D7D 7F7F7F7F 81818181 83838383 85858585 87878787 89898989 8B8B8B8B 
[TC_DEBUG]     [2496] 4E4E4E4E 50505050 52525252 54545454 56565656 58585858 5A5A5A5A 5C5C5C5C 5E5E5E5E 60606060 62626262 64646464 66666666 68686868 6A6A6A6A 6C6C6C6C 6E6E6E6E 70707070 72727272 74747474 76767676 78787878 7A7A7A7A 7C7C7C7C 7E7E7E7E 80808080 82828282 84848484 86868686 88888888 8A8A8A8A 8C8C8C8C 
[TC_DEBUG]     [2528] 4F4F4F4F 51515151 53535353 55555555 57575757 59595959 5B5B5B5B 5D5D5D5D 5F5F5F5F 61616161 63636363 65656565 67676767 69696969 6B6B6B6B 6D6D6D6D 6F6F6F6F 71717171 73737373 75757575 77777777 79797979 7B7B7B7B 7D7D7D7D 7F7F7F7F 81818181 83838383 85858585 87878787 89898989 8B8B8B8B 8D8D8D8D 
[TC_DEBUG]     [2560] 50505050 52525252 54545454 56565656 58585858 5A5A5A5A 5C5C5C5C 5E5E5E5E 60606060 62626262 64646464 66666666 68686868 6A6A6A6A 6C6C6C6C 6E6E6E6E 70707070 72727272 74747474 76767676 78787878 7A7A7A7A 7C7C7C7C 7E7E7E7E 80808080 82828282 84848484 86868686 88888888 8A8A8A8A 8C8C8C8C 8E8E8E8E 
[TC_DEBUG]     [2592] 51515151 53535353 55555555 57575757 59595959 5B5B5B5B 5D5D5D5D 5F5F5F5F 61616161 63636363 65656565 67676767 69696969 6B6B6B6B 6D6D6D6D 6F6F6F6F 71717171 73737373 75757575 77777777 79797979 7B7B7B7B 7D7D7D7D 7F7F7F7F 81818181 83838383 85858585 87878787 89898989 8B8B8B8B 8D8D8D8D 8F8F8F8F 
[TC_DEBUG]     [2624] 52525252 54545454 56565656 58585858 5A5A5A5A 5C5C5C5C 5E5E5E5E 60606060 62626262 64646464 66666666 68686868 6A6A6A6A 6C6C6C6C 6E6E6E6E 70707070 72727272 74747474 76767676 78787878 7A7A7A7A 7C7C7C7C 7E7E7E7E 80808080 82828282 84848484 86868686 88888888 8A8A8A8A 8C8C8C8C 8E8E8E8E 90909090 
[TC_DEBUG]     [2656] 53535353 55555555 57575757 59595959 5B5B5B5B 5D5D5D5D 5F5F5F5F 61616161 63636363 65656565 67676767 69696969 6B6B6B6B 6D6D6D6D 6F6F6F6F 71717171 73737373 75757575 77777777 79797979 7B7B7B7B 7D7D7D7D 7F7F7F7F 81818181 83838383 85858585 87878787 89898989 8B8B8B8B 8D8D8D8D 8F8F8F8F 91919191 
[TC_DEBUG]     [2688] 54545454 56565656 58585858 5A5A5A5A 5C5C5C5C 5E5E5E5E 60606060 62626262 64646464 66666666 68686868 6A6A6A6A 6C6C6C6C 6E6E6E6E 70707070 72727272 74747474 76767676 78787878 7A7A7A7A 7C7C7C7C 7E7E7E7E 80808080 82828282 84848484 86868686 88888888 8A8A8A8A 8C8C8C8C 8E8E8E8E 90909090 92929292 
[TC_DEBUG]     [2720] 55555555 57575757 59595959 5B5B5B5B 5D5D5D5D 5F5F5F5F 61616161 63636363 65656565 67676767 69696969 6B6B6B6B 6D6D6D6D 6F6F6F6F 71717171 73737373 75757575 77777777 79797979 7B7B7B7B 7D7D7D7D 7F7F7F7F 81818181 83838383 85858585 87878787 89898989 8B8B8B8B 8D8D8D8D 8F8F8F8F 91919191 93939393 
[TC_DEBUG]     [2752] 56565656 58585858 5A5A5A5A 5C5C5C5C 5E5E5E5E 60606060 62626262 64646464 66666666 68686868 6A6A6A6A 6C6C6C6C 6E6E6E6E 70707070 72727272 74747474 76767676 78787878 7A7A7A7A 7C7C7C7C 7E7E7E7E 80808080 82828282 84848484 86868686 88888888 8A8A8A8A 8C8C8C8C 8E8E8E8E 90909090 92929292 94949494 
[TC_DEBUG]     [2784] 57575757 59595959 5B5B5B5B 5D5D5D5D 5F5F5F5F 61616161 63636363 65656565 67676767 69696969 6B6B6B6B 6D6D6D6D 6F6F6F6F 71717171 73737373 75757575 77777777 79797979 7B7B7B7B 7D7D7D7D 7F7F7F7F 81818181 83838383 85858585 87878787 89898989 8B8B8B8B 8D8D8D8D 8F8F8F8F 91919191 93939393 95959595 
[TC_DEBUG]     [2816] 58585858 5A5A5A5A 5C5C5C5C 5E5E5E5E 60606060 62626262 64646464 66666666 68686868 6A6A6A6A 6C6C6C6C 6E6E6E6E 70707070 72727272 74747474 76767676 78787878 7A7A7A7A 7C7C7C7C 7E7E7E7E 80808080 82828282 84848484 86868686 88888888 8A8A8A8A 8C8C8C8C 8E8E8E8E 90909090 92929292 94949494 96969696 
[TC_DEBUG]     [2848] 59595959 5B5B5B5B 5D5D5D5D 5F5F5F5F 61616161 63636363 65656565 67676767 69696969 6B6B6B6B 6D6D6D6D 6F6F6F6F 71717171 73737373 75757575 77777777 79797979 7B7B7B7B 7D7D7D7D 7F7F7F7F 81818181 83838383 85858585 87878787 89898989 8B8B8B8B 8D8D8D8D 8F8F8F8F 91919191 93939393 95959595 97979797 
[TC_DEBUG]     [2880] 5A5A5A5A 5C5C5C5C 5E5E5E5E 60606060 62626262 64646464 66666666 68686868 6A6A6A6A 6C6C6C6C 6E6E6E6E 70707070 72727272 74747474 76767676 78787878 7A7A7A7A 7C7C7C7C 7E7E7E7E 80808080 82828282 84848484 86868686 88888888 8A8A8A8A 8C8C8C8C 8E8E8E8E 90909090 92929292 94949494 96969696 98989898 
[TC_DEBUG]     [2912] 5B5B5B5B 5D5D5D5D 5F5F5F5F 61616161 63636363 65656565 67676767 69696969 6B6B6B6B 6D6D6D6D 6F6F6F6F 71717171 73737373 75757575 77777777 79797979 7B7B7B7B 7D7D7D7D 7F7F7F7F 81818181 83838383 85858585 87878787 89898989 8B8B8B8B 8D8D8D8D 8F8F8F8F 91919191 93939393 95959595 97979797 99999999 
[TC_DEBUG]     [2944] 5C5C5C5C 5E5E5E5E 60606060 62626262 64646464 66666666 68686868 6A6A6A6A 6C6C6C6C 6E6E6E6E 70707070 72727272 74747474 76767676 78787878 7A7A7A7A 7C7C7C7C 7E7E7E7E 80808080 82828282 84848484 86868686 88888888 8A8A8A8A 8C8C8C8C 8E8E8E8E 90909090 92929292 94949494 96969696 98989898 9A9A9A9A 
[TC_DEBUG]     [2976] 5D5D5D5D 5F5F5F5F 61616161 63636363 65656565 67676767 69696969 6B6B6B6B 6D6D6D6D 6F6F6F6F 71717171 73737373 75757575 77777777 79797979 7B7B7B7B 7D7D7D7D 7F7F7F7F 81818181 83838383 85858585 87878787 89898989 8B8B8B8B 8D8D8D8D 8F8F8F8F 91919191 93939393 95959595 97979797 99999999 9B9B9B9B 
[TC_DEBUG]     [3008] 5E5E5E5E 60606060 62626262 64646464 66666666 68686868 6A6A6A6A 6C6C6C6C 6E6E6E6E 70707070 72727272 74747474 76767676 78787878 7A7A7A7A 7C7C7C7C 7E7E7E7E 80808080 82828282 84848484 86868686 88888888 8A8A8A8A 8C8C8C8C 8E8E8E8E 90909090 92929292 94949494 96969696 98989898 9A9A9A9A 9C9C9C9C 
[TC_DEBUG]     [3040] 5F5F5F5F 61616161 63636363 65656565 67676767 69696969 6B6B6B6B 6D6D6D6D 6F6F6F6F 71717171 73737373 75757575 77777777 79797979 7B7B7B7B 7D7D7D7D 7F7F7F7F 81818181 83838383 85858585 87878787 89898989 8B8B8B8B 8D8D8D8D 8F8F8F8F 91919191 93939393 95959595 97979797 99999999 9B9B9B9B 9D9D9D9D 
[TC_DEBUG]     [3072] 60606060 62626262 64646464 66666666 68686868 6A6A6A6A 6C6C6C6C 6E6E6E6E 70707070 72727272 74747474 76767676 78787878 7A7A7A7A 7C7C7C7C 7E7E7E7E 80808080 82828282 84848484 86868686 88888888 8A8A8A8A 8C8C8C8C 8E8E8E8E 90909090 92929292 94949494 96969696 98989898 9A9A9A9A 9C9C9C9C 9E9E9E9E 
[TC_DEBUG]     [3104] 61616161 63636363 65656565 67676767 69696969 6B6B6B6B 6D6D6D6D 6F6F6F6F 71717171 73737373 75757575 77777777 79797979 7B7B7B7B 7D7D7D7D 7F7F7F7F 81818181 83838383 85858585 87878787 89898989 8B8B8B8B 8D8D8D8D 8F8F8F8F 91919191 93939393 95959595 97979797 99999999 9B9B9B9B 9D9D9D9D 9F9F9F9F 
[TC_DEBUG]     [3136] 62626262 64646464 66666666 68686868 6A6A6A6A 6C6C6C6C 6E6E6E6E 70707070 72727272 74747474 76767676 78787878 7A7A7A7A 7C7C7C7C 7E7E7E7E 80808080 82828282 84848484 86868686 88888888 8A8A8A8A 8C8C8C8C 8E8E8E8E 90909090 92929292 94949494 96969696 98989898 9A9A9A9A 9C9C9C9C 9E9E9E9E A0A0A0A0 
[TC_DEBUG]     [3168] 63636363 65656565 67676767 69696969 6B6B6B6B 6D6D6D6D 6F6F6F6F 71717171 73737373 75757575 77777777 79797979 7B7B7B7B 7D7D7D7D 7F7F7F7F 81818181 83838383 85858585 87878787 89898989 8B8B8B8B 8D8D8D8D 8F8F8F8F 91919191 93939393 95959595 97979797 99999999 9B9B9B9B 9D9D9D9D 9F9F9F9F A1A1A1A1 
[TC_DEBUG]     [3200] 64646464 66666666 68686868 6A6A6A6A 6C6C6C6C 6E6E6E6E 70707070 72727272 74747474 76767676 78787878 7A7A7A7A 7C7C7C7C 7E7E7E7E 80808080 82828282 84848484 86868686 88888888 8A8A8A8A 8C8C8C8C 8E8E8E8E 90909090 92929292 94949494 96969696 98989898 9A9A9A9A 9C9C9C9C 9E9E9E9E A0A0A0A0 A2A2A2A2 
[TC_DEBUG]     [3232] 65656565 67676767 69696969 6B6B6B6B 6D6D6D6D 6F6F6F6F 71717171 73737373 75757575 77777777 79797979 7B7B7B7B 7D7D7D7D 7F7F7F7F 81818181 83838383 85858585 87878787 89898989 8B8B8B8B 8D8D8D8D 8F8F8F8F 91919191 93939393 95959595 97979797 99999999 9B9B9B9B 9D9D9D9D 9F9F9F9F A1A1A1A1 A3A3A3A3 
[TC_DEBUG]     [3264] 66666666 68686868 6A6A6A6A 6C6C6C6C 6E6E6E6E 70707070 72727272 74747474 76767676 78787878 7A7A7A7A 7C7C7C7C 7E7E7E7E 80808080 82828282 84848484 86868686 88888888 8A8A8A8A 8C8C8C8C 8E8E8E8E 90909090 92929292 94949494 96969696 98989898 9A9A9A9A 9C9C9C9C 9E9E9E9E A0A0A0A0 A2A2A2A2 A4A4A4A4 
[TC_DEBUG]     [3296] 67676767 69696969 6B6B6B6B 6D6D6D6D 6F6F6F6F 71717171 73737373 75757575 77777777 79797979 7B7B7B7B 7D7D7D7D 7F7F7F7F 81818181 83838383 85858585 87878787 89898989 8B8B8B8B 8D8D8D8D 8F8F8F8F 91919191 93939393 95959595 97979797 99999999 9B9B9B9B 9D9D9D9D 9F9F9F9F A1A1A1A1 A3A3A3A3 A5A5A5A5 
[TC_DEBUG]     [3328] 68686868 6A6A6A6A 6C6C6C6C 6E6E6E6E 70707070 72727272 74747474 76767676 78787878 7A7A7A7A 7C7C7C7C 7E7E7E7E 80808080 82828282 84848484 86868686 88888888 8A8A8A8A 8C8C8C8C 8E8E8E8E 90909090 92929292 94949494 96969696 98989898 9A9A9A9A 9C9C9C9C 9E9E9E9E A0A0A0A0 A2A2A2A2 A4A4A4A4 A6A6A6A6 
[TC_DEBUG]     [3360] 69696969 6B6B6B6B 6D6D6D6D 6F6F6F6F 71717171 73737373 75757575 77777777 79797979 7B7B7B7B 7D7D7D7D 7F7F7F7F 81818181 83838383 85858585 87878787 89898989 8B8B8B8B 8D8D8D8D 8F8F8F8F 91919191 93939393 95959595 97979797 99999999 9B9B9B9B 9D9D9D9D 9F9F9F9F A1A1A1A1 A3A3A3A3 A5A5A5A5 A7A7A7A7 
[TC_DEBUG]     [3392] 6A6A6A6A 6C6C6C6C 6E6E6E6E 70707070 72727272 74747474 76767676 78787878 7A7A7A7A 7C7C7C7C 7E7E7E7E 80808080 82828282 84848484 86868686 88888888 8A8A8A8A 8C8C8C8C 8E8E8E8E 90909090 92929292 94949494 96969696 98989898 9A9A9A9A 9C9C9C9C 9E9E9E9E A0A0A0A0 A2A2A2A2 A4A4A4A4 A6A6A6A6 A8A8A8A8 
[TC_DEBUG]     [3424] 6B6B6B6B 6D6D6D6D 6F6F6F6F 71717171 73737373 75757575 77777777 79797979 7B7B7B7B 7D7D7D7D 7F7F7F7F 81818181 83838383 85858585 87878787 89898989 8B8B8B8B 8D8D8D8D 8F8F8F8F 91919191 93939393 95959595 97979797 99999999 9B9B9B9B 9D9D9D9D 9F9F9F9F A1A1A1A1 A3A3A3A3 A5A5A5A5 A7A7A7A7 A9A9A9A9 
[TC_DEBUG]     [3456] 6C6C6C6C 6E6E6E6E 70707070 72727272 74747474 76767676 78787878 7A7A7A7A 7C7C7C7C 7E7E7E7E 80808080 82828282 84848484 86868686 88888888 8A8A8A8A 8C8C8C8C 8E8E8E8E 90909090 92929292 94949494 96969696 98989898 9A9A9A9A 9C9C9C9C 9E9E9E9E A0A0A0A0 A2A2A2A2 A4A4A4A4 A6A6A6A6 A8A8A8A8 AAAAAAAA 
[TC_DEBUG]     [3488] 6D6D6D6D 6F6F6F6F 71717171 73737373 75757575 77777777 79797979 7B7B7B7B 7D7D7D7D 7F7F7F7F 81818181 83838383 85858585 87878787 89898989 8B8B8B8B 8D8D8D8D 8F8F8F8F 91919191 93939393 95959595 97979797 99999999 9B9B9B9B 9D9D9D9D 9F9F9F9F A1A1A1A1 A3A3A3A3 A5A5A5A5 A7A7A7A7 A9A9A9A9 ABABABAB 
[TC_DEBUG]     [3520] 6E6E6E6E 70707070 72727272 74747474 76767676 78787878 7A7A7A7A 7C7C7C7C 7E7E7E7E 80808080 82828282 84848484 86868686 88888888 8A8A8A8A 8C8C8C8C 8E8E8E8E 90909090 92929292 94949494 96969696 98989898 9A9A9A9A 9C9C9C9C 9E9E9E9E A0A0A0A0 A2A2A2A2 A4A4A4A4 A6A6A6A6 A8A8A8A8 AAAAAAAA ACACACAC 
[TC_DEBUG]     [3552] 6F6F6F6F 71717171 73737373 75757575 77777777 79797979 7B7B7B7B 7D7D7D7D 7F7F7F7F 81818181 83838383 85858585 87878787 89898989 8B8B8B8B 8D8D8D8D 8F8F8F8F 91919191 93939393 95959595 97979797 99999999 9B9B9B9B 9D9D9D9D 9F9F9F9F A1A1A1A1 A3A3A3A3 A5A5A5A5 A7A7A7A7 A9A9A9A9 ABABABAB ADADADAD 
[TC_DEBUG]     [3584] 70707070 72727272 74747474 76767676 78787878 7A7A7A7A 7C7C7C7C 7E7E7E7E 80808080 82828282 84848484 86868686 88888888 8A8A8A8A 8C8C8C8C 8E8E8E8E 90909090 92929292 94949494 96969696 98989898 9A9A9A9A 9C9C9C9C 9E9E9E9E A0A0A0A0 A2A2A2A2 A4A4A4A4 A6A6A6A6 A8A8A8A8 AAAAAAAA ACACACAC AEAEAEAE 
[TC_DEBUG]     [3616] 71717171 73737373 75757575 77777777 79797979 7B7B7B7B 7D7D7D7D 7F7F7F7F 81818181 83838383 85858585 87878787 89898989 8B8B8B8B 8D8D8D8D 8F8F8F8F 91919191 93939393 95959595 97979797 99999999 9B9B9B9B 9D9D9D9D 9F9F9F9F A1A1A1A1 A3A3A3A3 A5A5A5A5 A7A7A7A7 A9A9A9A9 ABABABAB ADADADAD AFAFAFAF 
[TC_DEBUG]     [3648] 72727272 74747474 76767676 78787878 7A7A7A7A 7C7C7C7C 7E7E7E7E 80808080 82828282 84848484 86868686 88888888 8A8A8A8A 8C8C8C8C 8E8E8E8E 90909090 92929292 94949494 96969696 98989898 9A9A9A9A 9C9C9C9C 9E9E9E9E A0A0A0A0 A2A2A2A2 A4A4A4A4 A6A6A6A6 A8A8A8A8 AAAAAAAA ACACACAC AEAEAEAE B0B0B0B0 
[TC_DEBUG]     [3680] 73737373 75757575 77777777 79797979 7B7B7B7B 7D7D7D7D 7F7F7F7F 81818181 83838383 85858585 87878787 89898989 8B8B8B8B 8D8D8D8D 8F8F8F8F 91919191 93939393 95959595 97979797 99999999 9B9B9B9B 9D9D9D9D 9F9F9F9F A1A1A1A1 A3A3A3A3 A5A5A5A5 A7A7A7A7 A9A9A9A9 ABABABAB ADADADAD AFAFAFAF B1B1B1B1 
[TC_DEBUG]     [3712] 74747474 76767676 78787878 7A7A7A7A 7C7C7C7C 7E7E7E7E 80808080 82828282 84848484 86868686 88888888 8A8A8A8A 8C8C8C8C 8E8E8E8E 90909090 92929292 94949494 96969696 98989898 9A9A9A9A 9C9C9C9C 9E9E9E9E A0A0A0A0 A2A2A2A2 A4A4A4A4 A6A6A6A6 A8A8A8A8 AAAAAAAA ACACACAC AEAEAEAE B0B0B0B0 B2B2B2B2 
[TC_DEBUG]     [3744] 75757575 77777777 79797979 7B7B7B7B 7D7D7D7D 7F7F7F7F 81818181 83838383 85858585 87878787 89898989 8B8B8B8B 8D8D8D8D 8F8F8F8F 91919191 93939393 95959595 97979797 99999999 9B9B9B9B 9D9D9D9D 9F9F9F9F A1A1A1A1 A3A3A3A3 A5A5A5A5 A7A7A7A7 A9A9A9A9 ABABABAB ADADADAD AFAFAFAF B1B1B1B1 B3B3B3B3 
[TC_DEBUG]     [3776] 76767676 78787878 7A7A7A7A 7C7C7C7C 7E7E7E7E 80808080 82828282 84848484 86868686 88888888 8A8A8A8A 8C8C8C8C 8E8E8E8E 90909090 92929292 94949494 96969696 98989898 9A9A9A9A 9C9C9C9C 9E9E9E9E A0A0A0A0 A2A2A2A2 A4A4A4A4 A6A6A6A6 A8A8A8A8 AAAAAAAA ACACACAC AEAEAEAE B0B0B0B0 B2B2B2B2 B4B4B4B4 
[TC_DEBUG]     [3808] 77777777 79797979 7B7B7B7B 7D7D7D7D 7F7F7F7F 81818181 83838383 85858585 87878787 89898989 8B8B8B8B 8D8D8D8D 8F8F8F8F 91919191 93939393 95959595 97979797 99999999 9B9B9B9B 9D9D9D9D 9F9F9F9F A1A1A1A1 A3A3A3A3 A5A5A5A5 A7A7A7A7 A9A9A9A9 ABABABAB ADADADAD AFAFAFAF B1B1B1B1 B3B3B3B3 B5B5B5B5 
[TC_DEBUG]     [3840] 78787878 7A7A7A7A 7C7C7C7C 7E7E7E7E 80808080 82828282 84848484 86868686 88888888 8A8A8A8A 8C8C8C8C 8E8E8E8E 90909090 92929292 94949494 96969696 98989898 9A9A9A9A 9C9C9C9C 9E9E9E9E A0A0A0A0 A2A2A2A2 A4A4A4A4 A6A6A6A6 A8A8A8A8 AAAAAAAA ACACACAC AEAEAEAE B0B0B0B0 B2B2B2B2 B4B4B4B4 B6B6B6B6 
[TC_DEBUG]     [3872] 79797979 7B7B7B7B 7D7D7D7D 7F7F7F7F 81818181 83838383 85858585 87878787 89898989 8B8B8B8B 8D8D8D8D 8F8F8F8F 91919191 93939393 95959595 97979797 99999999 9B9B9B9B 9D9D9D9D 9F9F9F9F A1A1A1A1 A3A3A3A3 A5A5A5A5 A7A7A7A7 A9A9A9A9 ABABABAB ADADADAD AFAFAFAF B1B1B1B1 B3B3B3B3 B5B5B5B5 B7B7B7B7 
[TC_DEBUG]     [3904] 7A7A7A7A 7C7C7C7C 7E7E7E7E 80808080 82828282 84848484 86868686 88888888 8A8A8A8A 8C8C8C8C 8E8E8E8E 90909090 92929292 94949494 96969696 98989898 9A9A9A9A 9C9C9C9C 9E9E9E9E A0A0A0A0 A2A2A2A2 A4A4A4A4 A6A6A6A6 A8A8A8A8 AAAAAAAA ACACACAC AEAEAEAE B0B0B0B0 B2B2B2B2 B4B4B4B4 B6B6B6B6 B8B8B8B8 
[TC_DEBUG]     [3936] 7B7B7B7B 7D7D7D7D 7F7F7F7F 81818181 83838383 85858585 87878787 89898989 8B8B8B8B 8D8D8D8D 8F8F8F8F 91919191 93939393 95959595 97979797 99999999 9B9B9B9B 9D9D9D9D 9F9F9F9F A1A1A1A1 A3A3A3A3 A5A5A5A5 A7A7A7A7 A9A9A9A9 ABABABAB ADADADAD AFAFAFAF B1B1B1B1 B3B3B3B3 B5B5B5B5 B7B7B7B7 B9B9B9B9 
[TC_DEBUG]     [3968] 7C7C7C7C 7E7E7E7E 80808080 82828282 84848484 86868686 88888888 8A8A8A8A 8C8C8C8C 8E8E8E8E 90909090 92929292 94949494 96969696 98989898 9A9A9A9A 9C9C9C9C 9E9E9E9E A0A0A0A0 A2A2A2A2 A4A4A4A4 A6A6A6A6 A8A8A8A8 AAAAAAAA ACACACAC AEAEAEAE B0B0B0B0 B2B2B2B2 B4B4B4B4 B6B6B6B6 B8B8B8B8 BABABABA 
[TC_DEBUG]     [4000] 7D7D7D7D 7F7F7F7F 81818181 83838383 85858585 87878787 89898989 8B8B8B8B 8D8D8D8D 8F8F8F8F 91919191 93939393 95959595 97979797 99999999 9B9B9B9B 9D9D9D9D 9F9F9F9F A1A1A1A1 A3A3A3A3 A5A5A5A5 A7A7A7A7 A9A9A9A9 ABABABAB ADADADAD AFAFAFAF B1B1B1B1 B3B3B3B3 B5B5B5B5 B7B7B7B7 B9B9B9B9 BBBBBBBB 
[TC_DEBUG]     [4032] 7E7E7E7E 80808080 82828282 84848484 86868686 88888888 8A8A8A8A 8C8C8C8C 8E8E8E8E 90909090 92929292 94949494 96969696 98989898 9A9A9A9A 9C9C9C9C 9E9E9E9E A0A0A0A0 A2A2A2A2 A4A4A4A4 A6A6A6A6 A8A8A8A8 AAAAAAAA ACACACAC AEAEAEAE B0B0B0B0 B2B2B2B2 B4B4B4B4 B6B6B6B6 B8B8B8B8 BABABABA BCBCBCBC 
[TC_DEBUG]     [4064] 7F7F7F7F 81818181 83838383 85858585 87878787 89898989 8B8B8B8B 8D8D8D8D 8F8F8F8F 91919191 93939393 95959595 97979797 99999999 9B9B9B9B 9D9D9D9D 9F9F9F9F A1A1A1A1 A3A3A3A3 A5A5A5A5 A7A7A7A7 A9A9A9A9 ABABABAB ADADADAD AFAFAFAF B1B1B1B1 B3B3B3B3 B5B5B5B5 B7B7B7B7 B9B9B9B9 BBBBBBBB BDBDBDBD 
Test 1 completed

=== Test 2: tc.st.add Broadcast Addition (2x2) ===
tlength: 0x00000104 (left_len=4, top_len=1)
Computing: acc[m][n] = Left[m] + Top[n]
[TC_DEBUG] tc.st.add: trs1=0, trs2=1, rs1v=0x50000000, rs2v=0x00000000
[TC_DEBUG]   M2=2, M1=32, N2=2, N1=32
[TC_DEBUG]   startpoint_left=0, startpoint_top=0
[TC_DEBUG]   left_data_len=2, top_data_len=2
[TC_DEBUG]   LeftData (tr0, 64 int32 elements):
[TC_DEBUG]     [0000] 00000000 04040404 08080808 0C0C0C0C 10101010 14141414 18181818 1C1C1C1C 20202020 24242424 28282828 2C2C2C2C 30303030 34343434 38383838 3C3C3C3C 40404040 44444444 48484848 4C4C4C4C 50505050 54545454 58585858 5C5C5C5C 60606060 64646464 68686868 6C6C6C6C 70707070 74747474 78787878 7C7C7C7C 
[TC_DEBUG]     [0032] 01010101 05050505 09090909 0D0D0D0D 11111111 15151515 19191919 1D1D1D1D 21212121 25252525 29292929 2D2D2D2D 31313131 35353535 39393939 3D3D3D3D 41414141 45454545 49494949 4D4D4D4D 51515151 55555555 59595959 5D5D5D5D 61616161 65656565 69696969 6D6D6D6D 71717171 75757575 79797979 7D7D7D7D 
[TC_DEBUG]   TopData (tr1, 64 int32 elements):
[TC_DEBUG]     [0000] 00000000 02020202 04040404 06060606 08080808 0A0A0A0A 0C0C0C0C 0E0E0E0E 10101010 12121212 14141414 16161616 18181818 1A1A1A1A 1C1C1C1C 1E1E1E1E 20202020 22222222 24242424 26262626 28282828 2A2A2A2A 2C2C2C2C 2E2E2E2E 30303030 32323232 34343434 36363636 38383838 3A3A3A3A 3C3C3C3C 3E3E3E3E 
[TC_DEBUG]     [0032] 01010101 03030303 05050505 07070707 09090909 0B0B0B0B 0D0D0D0D 0F0F0F0F 11111111 13131313 15151515 17171717 19191919 1B1B1B1B 1D1D1D1D 1F1F1F1F 21212121 23232323 25252525 27272727 29292929 2B2B2B2B 2D2D2D2D 2F2F2F2F 31313131 33333333 35353535 37373737 39393939 3B3B3B3B 3D3D3D3D 3F3F3F3F 
[TC_DEBUG]   AccBuffer (base=0x50000000, 4096 elements):
[TC_DEBUG]     [0000] 00000000 02020202 04040404 06060606 08080808 0A0A0A0A 0C0C0C0C 0E0E0E0E 10101010 12121212 14141414 16161616 18181818 1A1A1A1A 1C1C1C1C 1E1E1E1E 20202020 22222222 24242424 26262626 28282828 2A2A2A2A 2C2C2C2C 2E2E2E2E 30303030 32323232 34343434 36363636 38383838 3A3A3A3A 3C3C3C3C 3E3E3E3E 
[TC_DEBUG]     [0032] 01010101 03030303 05050505 07070707 09090909 0B0B0B0B 0D0D0D0D 0F0F0F0F 11111111 13131313 15151515 17171717 19191919 1B1B1B1B 1D1D1D1D 1F1F1F1F 21212121 23232323 25252525 27272727 29292929 2B2B2B2B 2D2D2D2D 2F2F2F2F 31313131 33333333 35353535 37373737 39393939 3B3B3B3B 3D3D3D3D 3F3F3F3F 
[TC_DEBUG]     [0064] 01010101 03030303 05050505 07070707 09090909 0B0B0B0B 0D0D0D0D 0F0F0F0F 11111111 13131313 15151515 17171717 19191919 1B1B1B1B 1D1D1D1D 1F1F1F1F 21212121 23232323 25252525 27272727 29292929 2B2B2B2B 2D2D2D2D 2F2F2F2F 31313131 33333333 35353535 37373737 39393939 3B3B3B3B 3D3D3D3D 3F3F3F3F 
[TC_DEBUG]     [0096] 02020202 04040404 06060606 08080808 0A0A0A0A 0C0C0C0C 0E0E0E0E 10101010 12121212 14141414 16161616 18181818 1A1A1A1A 1C1C1C1C 1E1E1E1E 20202020 22222222 24242424 26262626 28282828 2A2A2A2A 2C2C2C2C 2E2E2E2E 30303030 32323232 34343434 36363636 38383838 3A3A3A3A 3C3C3C3C 3E3E3E3E 40404040 
[TC_DEBUG]     [0128] 04040404 06060606 08080808 0A0A0A0A 0C0C0C0C 0E0E0E0E 10101010 12121212 14141414 16161616 18181818 1A1A1A1A 1C1C1C1C 1E1E1E1E 20202020 22222222 24242424 26262626 28282828 2A2A2A2A 2C2C2C2C 2E2E2E2E 30303030 32323232 34343434 36363636 38383838 3A3A3A3A 3C3C3C3C 3E3E3E3E 40404040 42424242 
[TC_DEBUG]     [0160] 05050505 07070707 09090909 0B0B0B0B 0D0D0D0D 0F0F0F0F 11111111 13131313 15151515 17171717 19191919 1B1B1B1B 1D1D1D1D 1F1F1F1F 21212121 23232323 25252525 27272727 29292929 2B2B2B2B 2D2D2D2D 2F2F2F2F 31313131 33333333 35353535 37373737 39393939 3B3B3B3B 3D3D3D3D 3F3F3F3F 41414141 43434343 
[TC_DEBUG]     [0192] 05050505 07070707 09090909 0B0B0B0B 0D0D0D0D 0F0F0F0F 11111111 13131313 15151515 17171717 19191919 1B1B1B1B 1D1D1D1D 1F1F1F1F 21212121 23232323 25252525 27272727 29292929 2B2B2B2B 2D2D2D2D 2F2F2F2F 31313131 33333333 35353535 37373737 39393939 3B3B3B3B 3D3D3D3D 3F3F3F3F 41414141 43434343 
[TC_DEBUG]     [0224] 06060606 08080808 0A0A0A0A 0C0C0C0C 0E0E0E0E 10101010 12121212 14141414 16161616 18181818 1A1A1A1A 1C1C1C1C 1E1E1E1E 20202020 22222222 24242424 26262626 28282828 2A2A2A2A 2C2C2C2C 2E2E2E2E 30303030 32323232 34343434 36363636 38383838 3A3A3A3A 3C3C3C3C 3E3E3E3E 40404040 42424242 44444444 
[TC_DEBUG]     [0256] 08080808 0A0A0A0A 0C0C0C0C 0E0E0E0E 10101010 12121212 14141414 16161616 18181818 1A1A1A1A 1C1C1C1C 1E1E1E1E 20202020 22222222 24242424 26262626 28282828 2A2A2A2A 2C2C2C2C 2E2E2E2E 30303030 32323232 34343434 36363636 38383838 3A3A3A3A 3C3C3C3C 3E3E3E3E 40404040 42424242 44444444 46464646 
[TC_DEBUG]     [0288] 09090909 0B0B0B0B 0D0D0D0D 0F0F0F0F 11111111 13131313 15151515 17171717 19191919 1B1B1B1B 1D1D1D1D 1F1F1F1F 21212121 23232323 25252525 27272727 29292929 2B2B2B2B 2D2D2D2D 2F2F2F2F 31313131 33333333 35353535 37373737 39393939 3B3B3B3B 3D3D3D3D 3F3F3F3F 41414141 43434343 45454545 47474747 
[TC_DEBUG]     [0320] 09090909 0B0B0B0B 0D0D0D0D 0F0F0F0F 11111111 13131313 15151515 17171717 19191919 1B1B1B1B 1D1D1D1D 1F1F1F1F 21212121 23232323 25252525 27272727 29292929 2B2B2B2B 2D2D2D2D 2F2F2F2F 31313131 33333333 35353535 37373737 39393939 3B3B3B3B 3D3D3D3D 3F3F3F3F 41414141 43434343 45454545 47474747 
[TC_DEBUG]     [0352] 0A0A0A0A 0C0C0C0C 0E0E0E0E 10101010 12121212 14141414 16161616 18181818 1A1A1A1A 1C1C1C1C 1E1E1E1E 20202020 22222222 24242424 26262626 28282828 2A2A2A2A 2C2C2C2C 2E2E2E2E 30303030 32323232 34343434 36363636 38383838 3A3A3A3A 3C3C3C3C 3E3E3E3E 40404040 42424242 44444444 46464646 48484848 
[TC_DEBUG]     [0384] 0C0C0C0C 0E0E0E0E 10101010 12121212 14141414 16161616 18181818 1A1A1A1A 1C1C1C1C 1E1E1E1E 20202020 22222222 24242424 26262626 28282828 2A2A2A2A 2C2C2C2C 2E2E2E2E 30303030 32323232 34343434 36363636 38383838 3A3A3A3A 3C3C3C3C 3E3E3E3E 40404040 42424242 44444444 46464646 48484848 4A4A4A4A 
[TC_DEBUG]     [0416] 0D0D0D0D 0F0F0F0F 11111111 13131313 15151515 17171717 19191919 1B1B1B1B 1D1D1D1D 1F1F1F1F 21212121 23232323 25252525 27272727 29292929 2B2B2B2B 2D2D2D2D 2F2F2F2F 31313131 33333333 35353535 37373737 39393939 3B3B3B3B 3D3D3D3D 3F3F3F3F 41414141 43434343 45454545 47474747 49494949 4B4B4B4B 
[TC_DEBUG]     [0448] 0D0D0D0D 0F0F0F0F 11111111 13131313 15151515 17171717 19191919 1B1B1B1B 1D1D1D1D 1F1F1F1F 21212121 23232323 25252525 27272727 29292929 2B2B2B2B 2D2D2D2D 2F2F2F2F 31313131 33333333 35353535 37373737 39393939 3B3B3B3B 3D3D3D3D 3F3F3F3F 41414141 43434343 45454545 47474747 49494949 4B4B4B4B 
[TC_DEBUG]     [0480] 0E0E0E0E 10101010 12121212 14141414 16161616 18181818 1A1A1A1A 1C1C1C1C 1E1E1E1E 20202020 22222222 24242424 26262626 28282828 2A2A2A2A 2C2C2C2C 2E2E2E2E 30303030 32323232 34343434 36363636 38383838 3A3A3A3A 3C3C3C3C 3E3E3E3E 40404040 42424242 44444444 46464646 48484848 4A4A4A4A 4C4C4C4C 
[TC_DEBUG]     [0512] 10101010 12121212 14141414 16161616 18181818 1A1A1A1A 1C1C1C1C 1E1E1E1E 20202020 22222222 24242424 26262626 28282828 2A2A2A2A 2C2C2C2C 2E2E2E2E 30303030 32323232 34343434 36363636 38383838 3A3A3A3A 3C3C3C3C 3E3E3E3E 40404040 42424242 44444444 46464646 48484848 4A4A4A4A 4C4C4C4C 4E4E4E4E 
[TC_DEBUG]     [0544] 11111111 13131313 15151515 17171717 19191919 1B1B1B1B 1D1D1D1D 1F1F1F1F 21212121 23232323 25252525 27272727 29292929 2B2B2B2B 2D2D2D2D 2F2F2F2F 31313131 33333333 35353535 37373737 39393939 3B3B3B3B 3D3D3D3D 3F3F3F3F 41414141 43434343 45454545 47474747 49494949 4B4B4B4B 4D4D4D4D 4F4F4F4F 
[TC_DEBUG]     [0576] 11111111 13131313 15151515 17171717 19191919 1B1B1B1B 1D1D1D1D 1F1F1F1F 21212121 23232323 25252525 27272727 29292929 2B2B2B2B 2D2D2D2D 2F2F2F2F 31313131 33333333 35353535 37373737 39393939 3B3B3B3B 3D3D3D3D 3F3F3F3F 41414141 43434343 45454545 47474747 49494949 4B4B4B4B 4D4D4D4D 4F4F4F4F 
[TC_DEBUG]     [0608] 12121212 14141414 16161616 18181818 1A1A1A1A 1C1C1C1C 1E1E1E1E 20202020 22222222 24242424 26262626 28282828 2A2A2A2A 2C2C2C2C 2E2E2E2E 30303030 32323232 34343434 36363636 38383838 3A3A3A3A 3C3C3C3C 3E3E3E3E 40404040 42424242 44444444 46464646 48484848 4A4A4A4A 4C4C4C4C 4E4E4E4E 50505050 
[TC_DEBUG]     [0640] 14141414 16161616 18181818 1A1A1A1A 1C1C1C1C 1E1E1E1E 20202020 22222222 24242424 26262626 28282828 2A2A2A2A 2C2C2C2C 2E2E2E2E 30303030 32323232 34343434 36363636 38383838 3A3A3A3A 3C3C3C3C 3E3E3E3E 40404040 42424242 44444444 46464646 48484848 4A4A4A4A 4C4C4C4C 4E4E4E4E 50505050 52525252 
[TC_DEBUG]     [0672] 15151515 17171717 19191919 1B1B1B1B 1D1D1D1D 1F1F1F1F 21212121 23232323 25252525 27272727 29292929 2B2B2B2B 2D2D2D2D 2F2F2F2F 31313131 33333333 35353535 37373737 39393939 3B3B3B3B 3D3D3D3D 3F3F3F3F 41414141 43434343 45454545 47474747 49494949 4B4B4B4B 4D4D4D4D 4F4F4F4F 51515151 53535353 
[TC_DEBUG]     [0704] 15151515 17171717 19191919 1B1B1B1B 1D1D1D1D 1F1F1F1F 21212121 23232323 25252525 27272727 29292929 2B2B2B2B 2D2D2D2D 2F2F2F2F 31313131 33333333 35353535 37373737 39393939 3B3B3B3B 3D3D3D3D 3F3F3F3F 41414141 43434343 45454545 47474747 49494949 4B4B4B4B 4D4D4D4D 4F4F4F4F 51515151 53535353 
[TC_DEBUG]     [0736] 16161616 18181818 1A1A1A1A 1C1C1C1C 1E1E1E1E 20202020 22222222 24242424 26262626 28282828 2A2A2A2A 2C2C2C2C 2E2E2E2E 30303030 32323232 34343434 36363636 38383838 3A3A3A3A 3C3C3C3C 3E3E3E3E 40404040 42424242 44444444 46464646 48484848 4A4A4A4A 4C4C4C4C 4E4E4E4E 50505050 52525252 54545454 
[TC_DEBUG]     [0768] 18181818 1A1A1A1A 1C1C1C1C 1E1E1E1E 20202020 22222222 24242424 26262626 28282828 2A2A2A2A 2C2C2C2C 2E2E2E2E 30303030 32323232 34343434 36363636 38383838 3A3A3A3A 3C3C3C3C 3E3E3E3E 40404040 42424242 44444444 46464646 48484848 4A4A4A4A 4C4C4C4C 4E4E4E4E 50505050 52525252 54545454 56565656 
[TC_DEBUG]     [0800] 19191919 1B1B1B1B 1D1D1D1D 1F1F1F1F 21212121 23232323 25252525 27272727 29292929 2B2B2B2B 2D2D2D2D 2F2F2F2F 31313131 33333333 35353535 37373737 39393939 3B3B3B3B 3D3D3D3D 3F3F3F3F 41414141 43434343 45454545 47474747 49494949 4B4B4B4B 4D4D4D4D 4F4F4F4F 51515151 53535353 55555555 57575757 
[TC_DEBUG]     [0832] 19191919 1B1B1B1B 1D1D1D1D 1F1F1F1F 21212121 23232323 25252525 27272727 29292929 2B2B2B2B 2D2D2D2D 2F2F2F2F 31313131 33333333 35353535 37373737 39393939 3B3B3B3B 3D3D3D3D 3F3F3F3F 41414141 43434343 45454545 47474747 49494949 4B4B4B4B 4D4D4D4D 4F4F4F4F 51515151 53535353 55555555 57575757 
[TC_DEBUG]     [0864] 1A1A1A1A 1C1C1C1C 1E1E1E1E 20202020 22222222 24242424 26262626 28282828 2A2A2A2A 2C2C2C2C 2E2E2E2E 30303030 32323232 34343434 36363636 38383838 3A3A3A3A 3C3C3C3C 3E3E3E3E 40404040 42424242 44444444 46464646 48484848 4A4A4A4A 4C4C4C4C 4E4E4E4E 50505050 52525252 54545454 56565656 58585858 
[TC_DEBUG]     [0896] 1C1C1C1C 1E1E1E1E 20202020 22222222 24242424 26262626 28282828 2A2A2A2A 2C2C2C2C 2E2E2E2E 30303030 32323232 34343434 36363636 38383838 3A3A3A3A 3C3C3C3C 3E3E3E3E 40404040 42424242 44444444 46464646 48484848 4A4A4A4A 4C4C4C4C 4E4E4E4E 50505050 52525252 54545454 56565656 58585858 5A5A5A5A 
[TC_DEBUG]     [0928] 1D1D1D1D 1F1F1F1F 21212121 23232323 25252525 27272727 29292929 2B2B2B2B 2D2D2D2D 2F2F2F2F 31313131 33333333 35353535 37373737 39393939 3B3B3B3B 3D3D3D3D 3F3F3F3F 41414141 43434343 45454545 47474747 49494949 4B4B4B4B 4D4D4D4D 4F4F4F4F 51515151 53535353 55555555 57575757 59595959 5B5B5B5B 
[TC_DEBUG]     [0960] 1D1D1D1D 1F1F1F1F 21212121 23232323 25252525 27272727 29292929 2B2B2B2B 2D2D2D2D 2F2F2F2F 31313131 33333333 35353535 37373737 39393939 3B3B3B3B 3D3D3D3D 3F3F3F3F 41414141 43434343 45454545 47474747 49494949 4B4B4B4B 4D4D4D4D 4F4F4F4F 51515151 53535353 55555555 57575757 59595959 5B5B5B5B 
[TC_DEBUG]     [0992] 1E1E1E1E 20202020 22222222 24242424 26262626 28282828 2A2A2A2A 2C2C2C2C 2E2E2E2E 30303030 32323232 34343434 36363636 38383838 3A3A3A3A 3C3C3C3C 3E3E3E3E 40404040 42424242 44444444 46464646 48484848 4A4A4A4A 4C4C4C4C 4E4E4E4E 50505050 52525252 54545454 56565656 58585858 5A5A5A5A 5C5C5C5C 
[TC_DEBUG]     [1024] 20202020 22222222 24242424 26262626 28282828 2A2A2A2A 2C2C2C2C 2E2E2E2E 30303030 32323232 34343434 36363636 38383838 3A3A3A3A 3C3C3C3C 3E3E3E3E 40404040 42424242 44444444 46464646 48484848 4A4A4A4A 4C4C4C4C 4E4E4E4E 50505050 52525252 54545454 56565656 58585858 5A5A5A5A 5C5C5C5C 5E5E5E5E 
[TC_DEBUG]     [1056] 21212121 23232323 25252525 27272727 29292929 2B2B2B2B 2D2D2D2D 2F2F2F2F 31313131 33333333 35353535 37373737 39393939 3B3B3B3B 3D3D3D3D 3F3F3F3F 41414141 43434343 45454545 47474747 49494949 4B4B4B4B 4D4D4D4D 4F4F4F4F 51515151 53535353 55555555 57575757 59595959 5B5B5B5B 5D5D5D5D 5F5F5F5F 
[TC_DEBUG]     [1088] 21212121 23232323 25252525 27272727 29292929 2B2B2B2B 2D2D2D2D 2F2F2F2F 31313131 33333333 35353535 37373737 39393939 3B3B3B3B 3D3D3D3D 3F3F3F3F 41414141 43434343 45454545 47474747 49494949 4B4B4B4B 4D4D4D4D 4F4F4F4F 51515151 53535353 55555555 57575757 59595959 5B5B5B5B 5D5D5D5D 5F5F5F5F 
[TC_DEBUG]     [1120] 22222222 24242424 26262626 28282828 2A2A2A2A 2C2C2C2C 2E2E2E2E 30303030 32323232 34343434 36363636 38383838 3A3A3A3A 3C3C3C3C 3E3E3E3E 40404040 42424242 44444444 46464646 48484848 4A4A4A4A 4C4C4C4C 4E4E4E4E 50505050 52525252 54545454 56565656 58585858 5A5A5A5A 5C5C5C5C 5E5E5E5E 60606060 
[TC_DEBUG]     [1152] 24242424 26262626 28282828 2A2A2A2A 2C2C2C2C 2E2E2E2E 30303030 32323232 34343434 36363636 38383838 3A3A3A3A 3C3C3C3C 3E3E3E3E 40404040 42424242 44444444 46464646 48484848 4A4A4A4A 4C4C4C4C 4E4E4E4E 50505050 52525252 54545454 56565656 58585858 5A5A5A5A 5C5C5C5C 5E5E5E5E 60606060 62626262 
[TC_DEBUG]     [1184] 25252525 27272727 29292929 2B2B2B2B 2D2D2D2D 2F2F2F2F 31313131 33333333 35353535 37373737 39393939 3B3B3B3B 3D3D3D3D 3F3F3F3F 41414141 43434343 45454545 47474747 49494949 4B4B4B4B 4D4D4D4D 4F4F4F4F 51515151 53535353 55555555 57575757 59595959 5B5B5B5B 5D5D5D5D 5F5F5F5F 61616161 63636363 
[TC_DEBUG]     [1216] 25252525 27272727 29292929 2B2B2B2B 2D2D2D2D 2F2F2F2F 31313131 33333333 35353535 37373737 39393939 3B3B3B3B 3D3D3D3D 3F3F3F3F 41414141 43434343 45454545 47474747 49494949 4B4B4B4B 4D4D4D4D 4F4F4F4F 51515151 53535353 55555555 57575757 59595959 5B5B5B5B 5D5D5D5D 5F5F5F5F 61616161 63636363 
[TC_DEBUG]     [1248] 26262626 28282828 2A2A2A2A 2C2C2C2C 2E2E2E2E 30303030 32323232 34343434 36363636 38383838 3A3A3A3A 3C3C3C3C 3E3E3E3E 40404040 42424242 44444444 46464646 48484848 4A4A4A4A 4C4C4C4C 4E4E4E4E 50505050 52525252 54545454 56565656 58585858 5A5A5A5A 5C5C5C5C 5E5E5E5E 60606060 62626262 64646464 
[TC_DEBUG]     [1280] 28282828 2A2A2A2A 2C2C2C2C 2E2E2E2E 30303030 32323232 34343434 36363636 38383838 3A3A3A3A 3C3C3C3C 3E3E3E3E 40404040 42424242 44444444 46464646 48484848 4A4A4A4A 4C4C4C4C 4E4E4E4E 50505050 52525252 54545454 56565656 58585858 5A5A5A5A 5C5C5C5C 5E5E5E5E 60606060 62626262 64646464 66666666 
[TC_DEBUG]     [1312] 29292929 2B2B2B2B 2D2D2D2D 2F2F2F2F 31313131 33333333 35353535 37373737 39393939 3B3B3B3B 3D3D3D3D 3F3F3F3F 41414141 43434343 45454545 47474747 49494949 4B4B4B4B 4D4D4D4D 4F4F4F4F 51515151 53535353 55555555 57575757 59595959 5B5B5B5B 5D5D5D5D 5F5F5F5F 61616161 63636363 65656565 67676767 
[TC_DEBUG]     [1344] 29292929 2B2B2B2B 2D2D2D2D 2F2F2F2F 31313131 33333333 35353535 37373737 39393939 3B3B3B3B 3D3D3D3D 3F3F3F3F 41414141 43434343 45454545 47474747 49494949 4B4B4B4B 4D4D4D4D 4F4F4F4F 51515151 53535353 55555555 57575757 59595959 5B5B5B5B 5D5D5D5D 5F5F5F5F 61616161 63636363 65656565 67676767 
[TC_DEBUG]     [1376] 2A2A2A2A 2C2C2C2C 2E2E2E2E 30303030 32323232 34343434 36363636 38383838 3A3A3A3A 3C3C3C3C 3E3E3E3E 40404040 42424242 44444444 46464646 48484848 4A4A4A4A 4C4C4C4C 4E4E4E4E 50505050 52525252 54545454 56565656 58585858 5A5A5A5A 5C5C5C5C 5E5E5E5E 60606060 62626262 64646464 66666666 68686868 
[TC_DEBUG]     [1408] 2C2C2C2C 2E2E2E2E 30303030 32323232 34343434 36363636 38383838 3A3A3A3A 3C3C3C3C 3E3E3E3E 40404040 42424242 44444444 46464646 48484848 4A4A4A4A 4C4C4C4C 4E4E4E4E 50505050 52525252 54545454 56565656 58585858 5A5A5A5A 5C5C5C5C 5E5E5E5E 60606060 62626262 64646464 66666666 68686868 6A6A6A6A 
[TC_DEBUG]     [1440] 2D2D2D2D 2F2F2F2F 31313131 33333333 35353535 37373737 39393939 3B3B3B3B 3D3D3D3D 3F3F3F3F 41414141 43434343 45454545 47474747 49494949 4B4B4B4B 4D4D4D4D 4F4F4F4F 51515151 53535353 55555555 57575757 59595959 5B5B5B5B 5D5D5D5D 5F5F5F5F 61616161 63636363 65656565 67676767 69696969 6B6B6B6B 
[TC_DEBUG]     [1472] 2D2D2D2D 2F2F2F2F 31313131 33333333 35353535 37373737 39393939 3B3B3B3B 3D3D3D3D 3F3F3F3F 41414141 43434343 45454545 47474747 49494949 4B4B4B4B 4D4D4D4D 4F4F4F4F 51515151 53535353 55555555 57575757 59595959 5B5B5B5B 5D5D5D5D 5F5F5F5F 61616161 63636363 65656565 67676767 69696969 6B6B6B6B 
[TC_DEBUG]     [1504] 2E2E2E2E 30303030 32323232 34343434 36363636 38383838 3A3A3A3A 3C3C3C3C 3E3E3E3E 40404040 42424242 44444444 46464646 48484848 4A4A4A4A 4C4C4C4C 4E4E4E4E 50505050 52525252 54545454 56565656 58585858 5A5A5A5A 5C5C5C5C 5E5E5E5E 60606060 62626262 64646464 66666666 68686868 6A6A6A6A 6C6C6C6C 
[TC_DEBUG]     [1536] 30303030 32323232 34343434 36363636 38383838 3A3A3A3A 3C3C3C3C 3E3E3E3E 40404040 42424242 44444444 46464646 48484848 4A4A4A4A 4C4C4C4C 4E4E4E4E 50505050 52525252 54545454 56565656 58585858 5A5A5A5A 5C5C5C5C 5E5E5E5E 60606060 62626262 64646464 66666666 68686868 6A6A6A6A 6C6C6C6C 6E6E6E6E 
[TC_DEBUG]     [1568] 31313131 33333333 35353535 37373737 39393939 3B3B3B3B 3D3D3D3D 3F3F3F3F 41414141 43434343 45454545 47474747 49494949 4B4B4B4B 4D4D4D4D 4F4F4F4F 51515151 53535353 55555555 57575757 59595959 5B5B5B5B 5D5D5D5D 5F5F5F5F 61616161 63636363 65656565 67676767 69696969 6B6B6B6B 6D6D6D6D 6F6F6F6F 
[TC_DEBUG]     [1600] 31313131 33333333 35353535 37373737 39393939 3B3B3B3B 3D3D3D3D 3F3F3F3F 41414141 43434343 45454545 47474747 49494949 4B4B4B4B 4D4D4D4D 4F4F4F4F 51515151 53535353 55555555 57575757 59595959 5B5B5B5B 5D5D5D5D 5F5F5F5F 61616161 63636363 65656565 67676767 69696969 6B6B6B6B 6D6D6D6D 6F6F6F6F 
[TC_DEBUG]     [1632] 32323232 34343434 36363636 38383838 3A3A3A3A 3C3C3C3C 3E3E3E3E 40404040 42424242 44444444 46464646 48484848 4A4A4A4A 4C4C4C4C 4E4E4E4E 50505050 52525252 54545454 56565656 58585858 5A5A5A5A 5C5C5C5C 5E5E5E5E 60606060 62626262 64646464 66666666 68686868 6A6A6A6A 6C6C6C6C 6E6E6E6E 70707070 
[TC_DEBUG]     [1664] 34343434 36363636 38383838 3A3A3A3A 3C3C3C3C 3E3E3E3E 40404040 42424242 44444444 46464646 48484848 4A4A4A4A 4C4C4C4C 4E4E4E4E 50505050 52525252 54545454 56565656 58585858 5A5A5A5A 5C5C5C5C 5E5E5E5E 60606060 62626262 64646464 66666666 68686868 6A6A6A6A 6C6C6C6C 6E6E6E6E 70707070 72727272 
[TC_DEBUG]     [1696] 35353535 37373737 39393939 3B3B3B3B 3D3D3D3D 3F3F3F3F 41414141 43434343 45454545 47474747 49494949 4B4B4B4B 4D4D4D4D 4F4F4F4F 51515151 53535353 55555555 57575757 59595959 5B5B5B5B 5D5D5D5D 5F5F5F5F 61616161 63636363 65656565 67676767 69696969 6B6B6B6B 6D6D6D6D 6F6F6F6F 71717171 73737373 
[TC_DEBUG]     [1728] 35353535 37373737 39393939 3B3B3B3B 3D3D3D3D 3F3F3F3F 41414141 43434343 45454545 47474747 49494949 4B4B4B4B 4D4D4D4D 4F4F4F4F 51515151 53535353 55555555 57575757 59595959 5B5B5B5B 5D5D5D5D 5F5F5F5F 61616161 63636363 65656565 67676767 69696969 6B6B6B6B 6D6D6D6D 6F6F6F6F 71717171 73737373 
[TC_DEBUG]     [1760] 36363636 38383838 3A3A3A3A 3C3C3C3C 3E3E3E3E 40404040 42424242 44444444 46464646 48484848 4A4A4A4A 4C4C4C4C 4E4E4E4E 50505050 52525252 54545454 56565656 58585858 5A5A5A5A 5C5C5C5C 5E5E5E5E 60606060 62626262 64646464 66666666 68686868 6A6A6A6A 6C6C6C6C 6E6E6E6E 70707070 72727272 74747474 
[TC_DEBUG]     [1792] 38383838 3A3A3A3A 3C3C3C3C 3E3E3E3E 40404040 42424242 44444444 46464646 48484848 4A4A4A4A 4C4C4C4C 4E4E4E4E 50505050 52525252 54545454 56565656 58585858 5A5A5A5A 5C5C5C5C 5E5E5E5E 60606060 62626262 64646464 66666666 68686868 6A6A6A6A 6C6C6C6C 6E6E6E6E 70707070 72727272 74747474 76767676 
[TC_DEBUG]     [1824] 39393939 3B3B3B3B 3D3D3D3D 3F3F3F3F 41414141 43434343 45454545 47474747 49494949 4B4B4B4B 4D4D4D4D 4F4F4F4F 51515151 53535353 55555555 57575757 59595959 5B5B5B5B 5D5D5D5D 5F5F5F5F 61616161 63636363 65656565 67676767 69696969 6B6B6B6B 6D6D6D6D 6F6F6F6F 71717171 73737373 75757575 77777777 
[TC_DEBUG]     [1856] 39393939 3B3B3B3B 3D3D3D3D 3F3F3F3F 41414141 43434343 45454545 47474747 49494949 4B4B4B4B 4D4D4D4D 4F4F4F4F 51515151 53535353 55555555 57575757 59595959 5B5B5B5B 5D5D5D5D 5F5F5F5F 61616161 63636363 65656565 67676767 69696969 6B6B6B6B 6D6D6D6D 6F6F6F6F 71717171 73737373 75757575 77777777 
[TC_DEBUG]     [1888] 3A3A3A3A 3C3C3C3C 3E3E3E3E 40404040 42424242 44444444 46464646 48484848 4A4A4A4A 4C4C4C4C 4E4E4E4E 50505050 52525252 54545454 56565656 58585858 5A5A5A5A 5C5C5C5C 5E5E5E5E 60606060 62626262 64646464 66666666 68686868 6A6A6A6A 6C6C6C6C 6E6E6E6E 70707070 72727272 74747474 76767676 78787878 
[TC_DEBUG]     [1920] 3C3C3C3C 3E3E3E3E 40404040 42424242 44444444 46464646 48484848 4A4A4A4A 4C4C4C4C 4E4E4E4E 50505050 52525252 54545454 56565656 58585858 5A5A5A5A 5C5C5C5C 5E5E5E5E 60606060 62626262 64646464 66666666 68686868 6A6A6A6A 6C6C6C6C 6E6E6E6E 70707070 72727272 74747474 76767676 78787878 7A7A7A7A 
[TC_DEBUG]     [1952] 3D3D3D3D 3F3F3F3F 41414141 43434343 45454545 47474747 49494949 4B4B4B4B 4D4D4D4D 4F4F4F4F 51515151 53535353 55555555 57575757 59595959 5B5B5B5B 5D5D5D5D 5F5F5F5F 61616161 63636363 65656565 67676767 69696969 6B6B6B6B 6D6D6D6D 6F6F6F6F 71717171 73737373 75757575 77777777 79797979 7B7B7B7B 
[TC_DEBUG]     [1984] 3D3D3D3D 3F3F3F3F 41414141 43434343 45454545 47474747 49494949 4B4B4B4B 4D4D4D4D 4F4F4F4F 51515151 53535353 55555555 57575757 59595959 5B5B5B5B 5D5D5D5D 5F5F5F5F 61616161 63636363 65656565 67676767 69696969 6B6B6B6B 6D6D6D6D 6F6F6F6F 71717171 73737373 75757575 77777777 79797979 7B7B7B7B 
[TC_DEBUG]     [2016] 3E3E3E3E 40404040 42424242 44444444 46464646 48484848 4A4A4A4A 4C4C4C4C 4E4E4E4E 50505050 52525252 54545454 56565656 58585858 5A5A5A5A 5C5C5C5C 5E5E5E5E 60606060 62626262 64646464 66666666 68686868 6A6A6A6A 6C6C6C6C 6E6E6E6E 70707070 72727272 74747474 76767676 78787878 7A7A7A7A 7C7C7C7C 
[TC_DEBUG]     [2048] 40404040 42424242 44444444 46464646 48484848 4A4A4A4A 4C4C4C4C 4E4E4E4E 50505050 52525252 54545454 56565656 58585858 5A5A5A5A 5C5C5C5C 5E5E5E5E 60606060 62626262 64646464 66666666 68686868 6A6A6A6A 6C6C6C6C 6E6E6E6E 70707070 72727272 74747474 76767676 78787878 7A7A7A7A 7C7C7C7C 7E7E7E7E 
[TC_DEBUG]     [2080] 41414141 43434343 45454545 47474747 49494949 4B4B4B4B 4D4D4D4D 4F4F4F4F 51515151 53535353 55555555 57575757 59595959 5B5B5B5B 5D5D5D5D 5F5F5F5F 61616161 63636363 65656565 67676767 69696969 6B6B6B6B 6D6D6D6D 6F6F6F6F 71717171 73737373 75757575 77777777 79797979 7B7B7B7B 7D7D7D7D 7F7F7F7F 
[TC_DEBUG]     [2112] 41414141 43434343 45454545 47474747 49494949 4B4B4B4B 4D4D4D4D 4F4F4F4F 51515151 53535353 55555555 57575757 59595959 5B5B5B5B 5D5D5D5D 5F5F5F5F 61616161 63636363 65656565 67676767 69696969 6B6B6B6B 6D6D6D6D 6F6F6F6F 71717171 73737373 75757575 77777777 79797979 7B7B7B7B 7D7D7D7D 7F7F7F7F 
[TC_DEBUG]     [2144] 42424242 44444444 46464646 48484848 4A4A4A4A 4C4C4C4C 4E4E4E4E 50505050 52525252 54545454 56565656 58585858 5A5A5A5A 5C5C5C5C 5E5E5E5E 60606060 62626262 64646464 66666666 68686868 6A6A6A6A 6C6C6C6C 6E6E6E6E 70707070 72727272 74747474 76767676 78787878 7A7A7A7A 7C7C7C7C 7E7E7E7E 80808080 
[TC_DEBUG]     [2176] 44444444 46464646 48484848 4A4A4A4A 4C4C4C4C 4E4E4E4E 50505050 52525252 54545454 56565656 58585858 5A5A5A5A 5C5C5C5C 5E5E5E5E 60606060 62626262 64646464 66666666 68686868 6A6A6A6A 6C6C6C6C 6E6E6E6E 70707070 72727272 74747474 76767676 78787878 7A7A7A7A 7C7C7C7C 7E7E7E7E 80808080 82828282 
[TC_DEBUG]     [2208] 45454545 47474747 49494949 4B4B4B4B 4D4D4D4D 4F4F4F4F 51515151 53535353 55555555 57575757 59595959 5B5B5B5B 5D5D5D5D 5F5F5F5F 61616161 63636363 65656565 67676767 69696969 6B6B6B6B 6D6D6D6D 6F6F6F6F 71717171 73737373 75757575 77777777 79797979 7B7B7B7B 7D7D7D7D 7F7F7F7F 81818181 83838383 
[TC_DEBUG]     [2240] 45454545 47474747 49494949 4B4B4B4B 4D4D4D4D 4F4F4F4F 51515151 53535353 55555555 57575757 59595959 5B5B5B5B 5D5D5D5D 5F5F5F5F 61616161 63636363 65656565 67676767 69696969 6B6B6B6B 6D6D6D6D 6F6F6F6F 71717171 73737373 75757575 77777777 79797979 7B7B7B7B 7D7D7D7D 7F7F7F7F 81818181 83838383 
[TC_DEBUG]     [2272] 46464646 48484848 4A4A4A4A 4C4C4C4C 4E4E4E4E 50505050 52525252 54545454 56565656 58585858 5A5A5A5A 5C5C5C5C 5E5E5E5E 60606060 62626262 64646464 66666666 68686868 6A6A6A6A 6C6C6C6C 6E6E6E6E 70707070 72727272 74747474 76767676 78787878 7A7A7A7A 7C7C7C7C 7E7E7E7E 80808080 82828282 84848484 
[TC_DEBUG]     [2304] 48484848 4A4A4A4A 4C4C4C4C 4E4E4E4E 50505050 52525252 54545454 56565656 58585858 5A5A5A5A 5C5C5C5C 5E5E5E5E 60606060 62626262 64646464 66666666 68686868 6A6A6A6A 6C6C6C6C 6E6E6E6E 70707070 72727272 74747474 76767676 78787878 7A7A7A7A 7C7C7C7C 7E7E7E7E 80808080 82828282 84848484 86868686 
[TC_DEBUG]     [2336] 49494949 4B4B4B4B 4D4D4D4D 4F4F4F4F 51515151 53535353 55555555 57575757 59595959 5B5B5B5B 5D5D5D5D 5F5F5F5F 61616161 63636363 65656565 67676767 69696969 6B6B6B6B 6D6D6D6D 6F6F6F6F 71717171 73737373 75757575 77777777 79797979 7B7B7B7B 7D7D7D7D 7F7F7F7F 81818181 83838383 85858585 87878787 
[TC_DEBUG]     [2368] 49494949 4B4B4B4B 4D4D4D4D 4F4F4F4F 51515151 53535353 55555555 57575757 59595959 5B5B5B5B 5D5D5D5D 5F5F5F5F 61616161 63636363 65656565 67676767 69696969 6B6B6B6B 6D6D6D6D 6F6F6F6F 71717171 73737373 75757575 77777777 79797979 7B7B7B7B 7D7D7D7D 7F7F7F7F 81818181 83838383 85858585 87878787 
[TC_DEBUG]     [2400] 4A4A4A4A 4C4C4C4C 4E4E4E4E 50505050 52525252 54545454 56565656 58585858 5A5A5A5A 5C5C5C5C 5E5E5E5E 60606060 62626262 64646464 66666666 68686868 6A6A6A6A 6C6C6C6C 6E6E6E6E 70707070 72727272 74747474 76767676 78787878 7A7A7A7A 7C7C7C7C 7E7E7E7E 80808080 82828282 84848484 86868686 88888888 
[TC_DEBUG]     [2432] 4C4C4C4C 4E4E4E4E 50505050 52525252 54545454 56565656 58585858 5A5A5A5A 5C5C5C5C 5E5E5E5E 60606060 62626262 64646464 66666666 68686868 6A6A6A6A 6C6C6C6C 6E6E6E6E 70707070 72727272 74747474 76767676 78787878 7A7A7A7A 7C7C7C7C 7E7E7E7E 80808080 82828282 84848484 86868686 88888888 8A8A8A8A 
[TC_DEBUG]     [2464] 4D4D4D4D 4F4F4F4F 51515151 53535353 55555555 57575757 59595959 5B5B5B5B 5D5D5D5D 5F5F5F5F 61616161 63636363 65656565 67676767 69696969 6B6B6B6B 6D6D6D6D 6F6F6F6F 71717171 73737373 75757575 77777777 79797979 7B7B7B7B 7D7D7D7D 7F7F7F7F 81818181 83838383 85858585 87878787 89898989 8B8B8B8B 
[TC_DEBUG]     [2496] 4D4D4D4D 4F4F4F4F 51515151 53535353 55555555 57575757 59595959 5B5B5B5B 5D5D5D5D 5F5F5F5F 61616161 63636363 65656565 67676767 69696969 6B6B6B6B 6D6D6D6D 6F6F6F6F 71717171 73737373 75757575 77777777 79797979 7B7B7B7B 7D7D7D7D 7F7F7F7F 81818181 83838383 85858585 87878787 89898989 8B8B8B8B 
[TC_DEBUG]     [2528] 4E4E4E4E 50505050 52525252 54545454 56565656 58585858 5A5A5A5A 5C5C5C5C 5E5E5E5E 60606060 62626262 64646464 66666666 68686868 6A6A6A6A 6C6C6C6C 6E6E6E6E 70707070 72727272 74747474 76767676 78787878 7A7A7A7A 7C7C7C7C 7E7E7E7E 80808080 82828282 84848484 86868686 88888888 8A8A8A8A 8C8C8C8C 
[TC_DEBUG]     [2560] 50505050 52525252 54545454 56565656 58585858 5A5A5A5A 5C5C5C5C 5E5E5E5E 60606060 62626262 64646464 66666666 68686868 6A6A6A6A 6C6C6C6C 6E6E6E6E 70707070 72727272 74747474 76767676 78787878 7A7A7A7A 7C7C7C7C 7E7E7E7E 80808080 82828282 84848484 86868686 88888888 8A8A8A8A 8C8C8C8C 8E8E8E8E 
[TC_DEBUG]     [2592] 51515151 53535353 55555555 57575757 59595959 5B5B5B5B 5D5D5D5D 5F5F5F5F 61616161 63636363 65656565 67676767 69696969 6B6B6B6B 6D6D6D6D 6F6F6F6F 71717171 73737373 75757575 77777777 79797979 7B7B7B7B 7D7D7D7D 7F7F7F7F 81818181 83838383 85858585 87878787 89898989 8B8B8B8B 8D8D8D8D 8F8F8F8F 
[TC_DEBUG]     [2624] 51515151 53535353 55555555 57575757 59595959 5B5B5B5B 5D5D5D5D 5F5F5F5F 61616161 63636363 65656565 67676767 69696969 6B6B6B6B 6D6D6D6D 6F6F6F6F 71717171 73737373 75757575 77777777 79797979 7B7B7B7B 7D7D7D7D 7F7F7F7F 81818181 83838383 85858585 87878787 89898989 8B8B8B8B 8D8D8D8D 8F8F8F8F 
[TC_DEBUG]     [2656] 52525252 54545454 56565656 58585858 5A5A5A5A 5C5C5C5C 5E5E5E5E 60606060 62626262 64646464 66666666 68686868 6A6A6A6A 6C6C6C6C 6E6E6E6E 70707070 72727272 74747474 76767676 78787878 7A7A7A7A 7C7C7C7C 7E7E7E7E 80808080 82828282 84848484 86868686 88888888 8A8A8A8A 8C8C8C8C 8E8E8E8E 90909090 
[TC_DEBUG]     [2688] 54545454 56565656 58585858 5A5A5A5A 5C5C5C5C 5E5E5E5E 60606060 62626262 64646464 66666666 68686868 6A6A6A6A 6C6C6C6C 6E6E6E6E 70707070 72727272 74747474 76767676 78787878 7A7A7A7A 7C7C7C7C 7E7E7E7E 80808080 82828282 84848484 86868686 88888888 8A8A8A8A 8C8C8C8C 8E8E8E8E 90909090 92929292 
[TC_DEBUG]     [2720] 55555555 57575757 59595959 5B5B5B5B 5D5D5D5D 5F5F5F5F 61616161 63636363 65656565 67676767 69696969 6B6B6B6B 6D6D6D6D 6F6F6F6F 71717171 73737373 75757575 77777777 79797979 7B7B7B7B 7D7D7D7D 7F7F7F7F 81818181 83838383 85858585 87878787 89898989 8B8B8B8B 8D8D8D8D 8F8F8F8F 91919191 93939393 
[TC_DEBUG]     [2752] 55555555 57575757 59595959 5B5B5B5B 5D5D5D5D 5F5F5F5F 61616161 63636363 65656565 67676767 69696969 6B6B6B6B 6D6D6D6D 6F6F6F6F 71717171 73737373 75757575 77777777 79797979 7B7B7B7B 7D7D7D7D 7F7F7F7F 81818181 83838383 85858585 87878787 89898989 8B8B8B8B 8D8D8D8D 8F8F8F8F 91919191 93939393 
[TC_DEBUG]     [2784] 56565656 58585858 5A5A5A5A 5C5C5C5C 5E5E5E5E 60606060 62626262 64646464 66666666 68686868 6A6A6A6A 6C6C6C6C 6E6E6E6E 70707070 72727272 74747474 76767676 78787878 7A7A7A7A 7C7C7C7C 7E7E7E7E 80808080 82828282 84848484 86868686 88888888 8A8A8A8A 8C8C8C8C 8E8E8E8E 90909090 92929292 94949494 
[TC_DEBUG]     [2816] 58585858 5A5A5A5A 5C5C5C5C 5E5E5E5E 60606060 62626262 64646464 66666666 68686868 6A6A6A6A 6C6C6C6C 6E6E6E6E 70707070 72727272 74747474 76767676 78787878 7A7A7A7A 7C7C7C7C 7E7E7E7E 80808080 82828282 84848484 86868686 88888888 8A8A8A8A 8C8C8C8C 8E8E8E8E 90909090 92929292 94949494 96969696 
[TC_DEBUG]     [2848] 59595959 5B5B5B5B 5D5D5D5D 5F5F5F5F 61616161 63636363 65656565 67676767 69696969 6B6B6B6B 6D6D6D6D 6F6F6F6F 71717171 73737373 75757575 77777777 79797979 7B7B7B7B 7D7D7D7D 7F7F7F7F 81818181 83838383 85858585 87878787 89898989 8B8B8B8B 8D8D8D8D 8F8F8F8F 91919191 93939393 95959595 97979797 
[TC_DEBUG]     [2880] 59595959 5B5B5B5B 5D5D5D5D 5F5F5F5F 61616161 63636363 65656565 67676767 69696969 6B6B6B6B 6D6D6D6D 6F6F6F6F 71717171 73737373 75757575 77777777 79797979 7B7B7B7B 7D7D7D7D 7F7F7F7F 81818181 83838383 85858585 87878787 89898989 8B8B8B8B 8D8D8D8D 8F8F8F8F 91919191 93939393 95959595 97979797 
[TC_DEBUG]     [2912] 5A5A5A5A 5C5C5C5C 5E5E5E5E 60606060 62626262 64646464 66666666 68686868 6A6A6A6A 6C6C6C6C 6E6E6E6E 70707070 72727272 74747474 76767676 78787878 7A7A7A7A 7C7C7C7C 7E7E7E7E 80808080 82828282 84848484 86868686 88888888 8A8A8A8A 8C8C8C8C 8E8E8E8E 90909090 92929292 94949494 96969696 98989898 
[TC_DEBUG]     [2944] 5C5C5C5C 5E5E5E5E 60606060 62626262 64646464 66666666 68686868 6A6A6A6A 6C6C6C6C 6E6E6E6E 70707070 72727272 74747474 76767676 78787878 7A7A7A7A 7C7C7C7C 7E7E7E7E 80808080 82828282 84848484 86868686 88888888 8A8A8A8A 8C8C8C8C 8E8E8E8E 90909090 92929292 94949494 96969696 98989898 9A9A9A9A 
[TC_DEBUG]     [2976] 5D5D5D5D 5F5F5F5F 61616161 63636363 65656565 67676767 69696969 6B6B6B6B 6D6D6D6D 6F6F6F6F 71717171 73737373 75757575 77777777 79797979 7B7B7B7B 7D7D7D7D 7F7F7F7F 81818181 83838383 85858585 87878787 89898989 8B8B8B8B 8D8D8D8D 8F8F8F8F 91919191 93939393 95959595 97979797 99999999 9B9B9B9B 
[TC_DEBUG]     [3008] 5D5D5D5D 5F5F5F5F 61616161 63636363 65656565 67676767 69696969 6B6B6B6B 6D6D6D6D 6F6F6F6F 71717171 73737373 75757575 77777777 79797979 7B7B7B7B 7D7D7D7D 7F7F7F7F 81818181 83838383 85858585 87878787 89898989 8B8B8B8B 8D8D8D8D 8F8F8F8F 91919191 93939393 95959595 97979797 99999999 9B9B9B9B 
[TC_DEBUG]     [3040] 5E5E5E5E 60606060 62626262 64646464 66666666 68686868 6A6A6A6A 6C6C6C6C 6E6E6E6E 70707070 72727272 74747474 76767676 78787878 7A7A7A7A 7C7C7C7C 7E7E7E7E 80808080 82828282 84848484 86868686 88888888 8A8A8A8A 8C8C8C8C 8E8E8E8E 90909090 92929292 94949494 96969696 98989898 9A9A9A9A 9C9C9C9C 
[TC_DEBUG]     [3072] 60606060 62626262 64646464 66666666 68686868 6A6A6A6A 6C6C6C6C 6E6E6E6E 70707070 72727272 74747474 76767676 78787878 7A7A7A7A 7C7C7C7C 7E7E7E7E 80808080 82828282 84848484 86868686 88888888 8A8A8A8A 8C8C8C8C 8E8E8E8E 90909090 92929292 94949494 96969696 98989898 9A9A9A9A 9C9C9C9C 9E9E9E9E 
[TC_DEBUG]     [3104] 61616161 63636363 65656565 67676767 69696969 6B6B6B6B 6D6D6D6D 6F6F6F6F 71717171 73737373 75757575 77777777 79797979 7B7B7B7B 7D7D7D7D 7F7F7F7F 81818181 83838383 85858585 87878787 89898989 8B8B8B8B 8D8D8D8D 8F8F8F8F 91919191 93939393 95959595 97979797 99999999 9B9B9B9B 9D9D9D9D 9F9F9F9F 
[TC_DEBUG]     [3136] 61616161 63636363 65656565 67676767 69696969 6B6B6B6B 6D6D6D6D 6F6F6F6F 71717171 73737373 75757575 77777777 79797979 7B7B7B7B 7D7D7D7D 7F7F7F7F 81818181 83838383 85858585 87878787 89898989 8B8B8B8B 8D8D8D8D 8F8F8F8F 91919191 93939393 95959595 97979797 99999999 9B9B9B9B 9D9D9D9D 9F9F9F9F 
[TC_DEBUG]     [3168] 62626262 64646464 66666666 68686868 6A6A6A6A 6C6C6C6C 6E6E6E6E 70707070 72727272 74747474 76767676 78787878 7A7A7A7A 7C7C7C7C 7E7E7E7E 80808080 82828282 84848484 86868686 88888888 8A8A8A8A 8C8C8C8C 8E8E8E8E 90909090 92929292 94949494 96969696 98989898 9A9A9A9A 9C9C9C9C 9E9E9E9E A0A0A0A0 
[TC_DEBUG]     [3200] 64646464 66666666 68686868 6A6A6A6A 6C6C6C6C 6E6E6E6E 70707070 72727272 74747474 76767676 78787878 7A7A7A7A 7C7C7C7C 7E7E7E7E 80808080 82828282 84848484 86868686 88888888 8A8A8A8A 8C8C8C8C 8E8E8E8E 90909090 92929292 94949494 96969696 98989898 9A9A9A9A 9C9C9C9C 9E9E9E9E A0A0A0A0 A2A2A2A2 
[TC_DEBUG]     [3232] 65656565 67676767 69696969 6B6B6B6B 6D6D6D6D 6F6F6F6F 71717171 73737373 75757575 77777777 79797979 7B7B7B7B 7D7D7D7D 7F7F7F7F 81818181 83838383 85858585 87878787 89898989 8B8B8B8B 8D8D8D8D 8F8F8F8F 91919191 93939393 95959595 97979797 99999999 9B9B9B9B 9D9D9D9D 9F9F9F9F A1A1A1A1 A3A3A3A3 
[TC_DEBUG]     [3264] 65656565 67676767 69696969 6B6B6B6B 6D6D6D6D 6F6F6F6F 71717171 73737373 75757575 77777777 79797979 7B7B7B7B 7D7D7D7D 7F7F7F7F 81818181 83838383 85858585 87878787 89898989 8B8B8B8B 8D8D8D8D 8F8F8F8F 91919191 93939393 95959595 97979797 99999999 9B9B9B9B 9D9D9D9D 9F9F9F9F A1A1A1A1 A3A3A3A3 
[TC_DEBUG]     [3296] 66666666 68686868 6A6A6A6A 6C6C6C6C 6E6E6E6E 70707070 72727272 74747474 76767676 78787878 7A7A7A7A 7C7C7C7C 7E7E7E7E 80808080 82828282 84848484 86868686 88888888 8A8A8A8A 8C8C8C8C 8E8E8E8E 90909090 92929292 94949494 96969696 98989898 9A9A9A9A 9C9C9C9C 9E9E9E9E A0A0A0A0 A2A2A2A2 A4A4A4A4 
[TC_DEBUG]     [3328] 68686868 6A6A6A6A 6C6C6C6C 6E6E6E6E 70707070 72727272 74747474 76767676 78787878 7A7A7A7A 7C7C7C7C 7E7E7E7E 80808080 82828282 84848484 86868686 88888888 8A8A8A8A 8C8C8C8C 8E8E8E8E 90909090 92929292 94949494 96969696 98989898 9A9A9A9A 9C9C9C9C 9E9E9E9E A0A0A0A0 A2A2A2A2 A4A4A4A4 A6A6A6A6 
[TC_DEBUG]     [3360] 69696969 6B6B6B6B 6D6D6D6D 6F6F6F6F 71717171 73737373 75757575 77777777 79797979 7B7B7B7B 7D7D7D7D 7F7F7F7F 81818181 83838383 85858585 87878787 89898989 8B8B8B8B 8D8D8D8D 8F8F8F8F 91919191 93939393 95959595 97979797 99999999 9B9B9B9B 9D9D9D9D 9F9F9F9F A1A1A1A1 A3A3A3A3 A5A5A5A5 A7A7A7A7 
[TC_DEBUG]     [3392] 69696969 6B6B6B6B 6D6D6D6D 6F6F6F6F 71717171 73737373 75757575 77777777 79797979 7B7B7B7B 7D7D7D7D 7F7F7F7F 81818181 83838383 85858585 87878787 89898989 8B8B8B8B 8D8D8D8D 8F8F8F8F 91919191 93939393 95959595 97979797 99999999 9B9B9B9B 9D9D9D9D 9F9F9F9F A1A1A1A1 A3A3A3A3 A5A5A5A5 A7A7A7A7 
[TC_DEBUG]     [3424] 6A6A6A6A 6C6C6C6C 6E6E6E6E 70707070 72727272 74747474 76767676 78787878 7A7A7A7A 7C7C7C7C 7E7E7E7E 80808080 82828282 84848484 86868686 88888888 8A8A8A8A 8C8C8C8C 8E8E8E8E 90909090 92929292 94949494 96969696 98989898 9A9A9A9A 9C9C9C9C 9E9E9E9E A0A0A0A0 A2A2A2A2 A4A4A4A4 A6A6A6A6 A8A8A8A8 
[TC_DEBUG]     [3456] 6C6C6C6C 6E6E6E6E 70707070 72727272 74747474 76767676 78787878 7A7A7A7A 7C7C7C7C 7E7E7E7E 80808080 82828282 84848484 86868686 88888888 8A8A8A8A 8C8C8C8C 8E8E8E8E 90909090 92929292 94949494 96969696 98989898 9A9A9A9A 9C9C9C9C 9E9E9E9E A0A0A0A0 A2A2A2A2 A4A4A4A4 A6A6A6A6 A8A8A8A8 AAAAAAAA 
[TC_DEBUG]     [3488] 6D6D6D6D 6F6F6F6F 71717171 73737373 75757575 77777777 79797979 7B7B7B7B 7D7D7D7D 7F7F7F7F 81818181 83838383 85858585 87878787 89898989 8B8B8B8B 8D8D8D8D 8F8F8F8F 91919191 93939393 95959595 97979797 99999999 9B9B9B9B 9D9D9D9D 9F9F9F9F A1A1A1A1 A3A3A3A3 A5A5A5A5 A7A7A7A7 A9A9A9A9 ABABABAB 
[TC_DEBUG]     [3520] 6D6D6D6D 6F6F6F6F 71717171 73737373 75757575 77777777 79797979 7B7B7B7B 7D7D7D7D 7F7F7F7F 81818181 83838383 85858585 87878787 89898989 8B8B8B8B 8D8D8D8D 8F8F8F8F 91919191 93939393 95959595 97979797 99999999 9B9B9B9B 9D9D9D9D 9F9F9F9F A1A1A1A1 A3A3A3A3 A5A5A5A5 A7A7A7A7 A9A9A9A9 ABABABAB 
[TC_DEBUG]     [3552] 6E6E6E6E 70707070 72727272 74747474 76767676 78787878 7A7A7A7A 7C7C7C7C 7E7E7E7E 80808080 82828282 84848484 86868686 88888888 8A8A8A8A 8C8C8C8C 8E8E8E8E 90909090 92929292 94949494 96969696 98989898 9A9A9A9A 9C9C9C9C 9E9E9E9E A0A0A0A0 A2A2A2A2 A4A4A4A4 A6A6A6A6 A8A8A8A8 AAAAAAAA ACACACAC 
[TC_DEBUG]     [3584] 70707070 72727272 74747474 76767676 78787878 7A7A7A7A 7C7C7C7C 7E7E7E7E 80808080 82828282 84848484 86868686 88888888 8A8A8A8A 8C8C8C8C 8E8E8E8E 90909090 92929292 94949494 96969696 98989898 9A9A9A9A 9C9C9C9C 9E9E9E9E A0A0A0A0 A2A2A2A2 A4A4A4A4 A6A6A6A6 A8A8A8A8 AAAAAAAA ACACACAC AEAEAEAE 
[TC_DEBUG]     [3616] 71717171 73737373 75757575 77777777 79797979 7B7B7B7B 7D7D7D7D 7F7F7F7F 81818181 83838383 85858585 87878787 89898989 8B8B8B8B 8D8D8D8D 8F8F8F8F 91919191 93939393 95959595 97979797 99999999 9B9B9B9B 9D9D9D9D 9F9F9F9F A1A1A1A1 A3A3A3A3 A5A5A5A5 A7A7A7A7 A9A9A9A9 ABABABAB ADADADAD AFAFAFAF 
[TC_DEBUG]     [3648] 71717171 73737373 75757575 77777777 79797979 7B7B7B7B 7D7D7D7D 7F7F7F7F 81818181 83838383 85858585 87878787 89898989 8B8B8B8B 8D8D8D8D 8F8F8F8F 91919191 93939393 95959595 97979797 99999999 9B9B9B9B 9D9D9D9D 9F9F9F9F A1A1A1A1 A3A3A3A3 A5A5A5A5 A7A7A7A7 A9A9A9A9 ABABABAB ADADADAD AFAFAFAF 
[TC_DEBUG]     [3680] 72727272 74747474 76767676 78787878 7A7A7A7A 7C7C7C7C 7E7E7E7E 80808080 82828282 84848484 86868686 88888888 8A8A8A8A 8C8C8C8C 8E8E8E8E 90909090 92929292 94949494 96969696 98989898 9A9A9A9A 9C9C9C9C 9E9E9E9E A0A0A0A0 A2A2A2A2 A4A4A4A4 A6A6A6A6 A8A8A8A8 AAAAAAAA ACACACAC AEAEAEAE B0B0B0B0 
[TC_DEBUG]     [3712] 74747474 76767676 78787878 7A7A7A7A 7C7C7C7C 7E7E7E7E 80808080 82828282 84848484 86868686 88888888 8A8A8A8A 8C8C8C8C 8E8E8E8E 90909090 92929292 94949494 96969696 98989898 9A9A9A9A 9C9C9C9C 9E9E9E9E A0A0A0A0 A2A2A2A2 A4A4A4A4 A6A6A6A6 A8A8A8A8 AAAAAAAA ACACACAC AEAEAEAE B0B0B0B0 B2B2B2B2 
[TC_DEBUG]     [3744] 75757575 77777777 79797979 7B7B7B7B 7D7D7D7D 7F7F7F7F 81818181 83838383 85858585 87878787 89898989 8B8B8B8B 8D8D8D8D 8F8F8F8F 91919191 93939393 95959595 97979797 99999999 9B9B9B9B 9D9D9D9D 9F9F9F9F A1A1A1A1 A3A3A3A3 A5A5A5A5 A7A7A7A7 A9A9A9A9 ABABABAB ADADADAD AFAFAFAF B1B1B1B1 B3B3B3B3 
[TC_DEBUG]     [3776] 75757575 77777777 79797979 7B7B7B7B 7D7D7D7D 7F7F7F7F 81818181 83838383 85858585 87878787 89898989 8B8B8B8B 8D8D8D8D 8F8F8F8F 91919191 93939393 95959595 97979797 99999999 9B9B9B9B 9D9D9D9D 9F9F9F9F A1A1A1A1 A3A3A3A3 A5A5A5A5 A7A7A7A7 A9A9A9A9 ABABABAB ADADADAD AFAFAFAF B1B1B1B1 B3B3B3B3 
[TC_DEBUG]     [3808] 76767676 78787878 7A7A7A7A 7C7C7C7C 7E7E7E7E 80808080 82828282 84848484 86868686 88888888 8A8A8A8A 8C8C8C8C 8E8E8E8E 90909090 92929292 94949494 96969696 98989898 9A9A9A9A 9C9C9C9C 9E9E9E9E A0A0A0A0 A2A2A2A2 A4A4A4A4 A6A6A6A6 A8A8A8A8 AAAAAAAA ACACACAC AEAEAEAE B0B0B0B0 B2B2B2B2 B4B4B4B4 
[TC_DEBUG]     [3840] 78787878 7A7A7A7A 7C7C7C7C 7E7E7E7E 80808080 82828282 84848484 86868686 88888888 8A8A8A8A 8C8C8C8C 8E8E8E8E 90909090 92929292 94949494 96969696 98989898 9A9A9A9A 9C9C9C9C 9E9E9E9E A0A0A0A0 A2A2A2A2 A4A4A4A4 A6A6A6A6 A8A8A8A8 AAAAAAAA ACACACAC AEAEAEAE B0B0B0B0 B2B2B2B2 B4B4B4B4 B6B6B6B6 
[TC_DEBUG]     [3872] 79797979 7B7B7B7B 7D7D7D7D 7F7F7F7F 81818181 83838383 85858585 87878787 89898989 8B8B8B8B 8D8D8D8D 8F8F8F8F 91919191 93939393 95959595 97979797 99999999 9B9B9B9B 9D9D9D9D 9F9F9F9F A1A1A1A1 A3A3A3A3 A5A5A5A5 A7A7A7A7 A9A9A9A9 ABABABAB ADADADAD AFAFAFAF B1B1B1B1 B3B3B3B3 B5B5B5B5 B7B7B7B7 
[TC_DEBUG]     [3904] 79797979 7B7B7B7B 7D7D7D7D 7F7F7F7F 81818181 83838383 85858585 87878787 89898989 8B8B8B8B 8D8D8D8D 8F8F8F8F 91919191 93939393 95959595 97979797 99999999 9B9B9B9B 9D9D9D9D 9F9F9F9F A1A1A1A1 A3A3A3A3 A5A5A5A5 A7A7A7A7 A9A9A9A9 ABABABAB ADADADAD AFAFAFAF B1B1B1B1 B3B3B3B3 B5B5B5B5 B7B7B7B7 
[TC_DEBUG]     [3936] 7A7A7A7A 7C7C7C7C 7E7E7E7E 80808080 82828282 84848484 86868686 88888888 8A8A8A8A 8C8C8C8C 8E8E8E8E 90909090 92929292 94949494 96969696 98989898 9A9A9A9A 9C9C9C9C 9E9E9E9E A0A0A0A0 A2A2A2A2 A4A4A4A4 A6A6A6A6 A8A8A8A8 AAAAAAAA ACACACAC AEAEAEAE B0B0B0B0 B2B2B2B2 B4B4B4B4 B6B6B6B6 B8B8B8B8 
[TC_DEBUG]     [3968] 7C7C7C7C 7E7E7E7E 80808080 82828282 84848484 86868686 88888888 8A8A8A8A 8C8C8C8C 8E8E8E8E 90909090 92929292 94949494 96969696 98989898 9A9A9A9A 9C9C9C9C 9E9E9E9E A0A0A0A0 A2A2A2A2 A4A4A4A4 A6A6A6A6 A8A8A8A8 AAAAAAAA ACACACAC AEAEAEAE B0B0B0B0 B2B2B2B2 B4B4B4B4 B6B6B6B6 B8B8B8B8 BABABABA 
[TC_DEBUG]     [4000] 7D7D7D7D 7F7F7F7F 81818181 83838383 85858585 87878787 89898989 8B8B8B8B 8D8D8D8D 8F8F8F8F 91919191 93939393 95959595 97979797 99999999 9B9B9B9B 9D9D9D9D 9F9F9F9F A1A1A1A1 A3A3A3A3 A5A5A5A5 A7A7A7A7 A9A9A9A9 ABABABAB ADADADAD AFAFAFAF B1B1B1B1 B3B3B3B3 B5B5B5B5 B7B7B7B7 B9B9B9B9 BBBBBBBB 
[TC_DEBUG]     [4032] 7D7D7D7D 7F7F7F7F 81818181 83838383 85858585 87878787 89898989 8B8B8B8B 8D8D8D8D 8F8F8F8F 91919191 93939393 95959595 97979797 99999999 9B9B9B9B 9D9D9D9D 9F9F9F9F A1A1A1A1 A3A3A3A3 A5A5A5A5 A7A7A7A7 A9A9A9A9 ABABABAB ADADADAD AFAFAFAF B1B1B1B1 B3B3B3B3 B5B5B5B5 B7B7B7B7 B9B9B9B9 BBBBBBBB 
[TC_DEBUG]     [4064] 7E7E7E7E 80808080 82828282 84848484 86868686 88888888 8A8A8A8A 8C8C8C8C 8E8E8E8E 90909090 92929292 94949494 96969696 98989898 9A9A9A9A 9C9C9C9C 9E9E9E9E A0A0A0A0 A2A2A2A2 A4A4A4A4 A6A6A6A6 A8A8A8A8 AAAAAAAA ACACACAC AEAEAEAE B0B0B0B0 B2B2B2B2 B4B4B4B4 B6B6B6B6 B8B8B8B8 BABABABA BCBCBCBC 
Test 2 completed

=== Test 3: tc.st.add Top Data Only (4x1) ===
tlength: 0x00000100 (left_len=0, top_len=1)
Computing: acc[m][n] = Top[n] (broadcast vertically)
[TC_DEBUG] tc.st.add: trs1=0, trs2=1, rs1v=0x50000000, rs2v=0x00000000
[TC_DEBUG]   M2=4, M1=32, N2=1, N1=32
[TC_DEBUG]   startpoint_left=0, startpoint_top=0
[TC_DEBUG]   left_data_len=0, top_data_len=1
[TC_DEBUG]   LeftData (tr0, 128 int32 elements):
[TC_DEBUG]     [0000] 00000000 04040404 08080808 0C0C0C0C 10101010 14141414 18181818 1C1C1C1C 20202020 24242424 28282828 2C2C2C2C 30303030 34343434 38383838 3C3C3C3C 40404040 44444444 48484848 4C4C4C4C 50505050 54545454 58585858 5C5C5C5C 60606060 64646464 68686868 6C6C6C6C 70707070 74747474 78787878 7C7C7C7C 
[TC_DEBUG]     [0032] 01010101 05050505 09090909 0D0D0D0D 11111111 15151515 19191919 1D1D1D1D 21212121 25252525 29292929 2D2D2D2D 31313131 35353535 39393939 3D3D3D3D 41414141 45454545 49494949 4D4D4D4D 51515151 55555555 59595959 5D5D5D5D 61616161 65656565 69696969 6D6D6D6D 71717171 75757575 79797979 7D7D7D7D 
[TC_DEBUG]     [0064] 02020202 06060606 0A0A0A0A 0E0E0E0E 12121212 16161616 1A1A1A1A 1E1E1E1E 22222222 26262626 2A2A2A2A 2E2E2E2E 32323232 36363636 3A3A3A3A 3E3E3E3E 42424242 46464646 4A4A4A4A 4E4E4E4E 52525252 56565656 5A5A5A5A 5E5E5E5E 62626262 66666666 6A6A6A6A 6E6E6E6E 72727272 76767676 7A7A7A7A 7E7E7E7E 
[TC_DEBUG]     [0096] 03030303 07070707 0B0B0B0B 0F0F0F0F 13131313 17171717 1B1B1B1B 1F1F1F1F 23232323 27272727 2B2B2B2B 2F2F2F2F 33333333 37373737 3B3B3B3B 3F3F3F3F 43434343 47474747 4B4B4B4B 4F4F4F4F 53535353 57575757 5B5B5B5B 5F5F5F5F 63636363 67676767 6B6B6B6B 6F6F6F6F 73737373 77777777 7B7B7B7B 7F7F7F7F 
[TC_DEBUG]   TopData (tr1, 32 int32 elements):
[TC_DEBUG]     [0000] 00000000 02020202 04040404 06060606 08080808 0A0A0A0A 0C0C0C0C 0E0E0E0E 10101010 12121212 14141414 16161616 18181818 1A1A1A1A 1C1C1C1C 1E1E1E1E 20202020 22222222 24242424 26262626 28282828 2A2A2A2A 2C2C2C2C 2E2E2E2E 30303030 32323232 34343434 36363636 38383838 3A3A3A3A 3C3C3C3C 3E3E3E3E 
[TC_DEBUG]   AccBuffer (base=0x50000000, 4096 elements):
[TC_DEBUG]     [0000] 00000000 02020202 04040404 06060606 08080808 0A0A0A0A 0C0C0C0C 0E0E0E0E 10101010 12121212 14141414 16161616 18181818 1A1A1A1A 1C1C1C1C 1E1E1E1E 20202020 22222222 24242424 26262626 28282828 2A2A2A2A 2C2C2C2C 2E2E2E2E 30303030 32323232 34343434 36363636 38383838 3A3A3A3A 3C3C3C3C 3E3E3E3E 
[TC_DEBUG]     [0032] 00000000 02020202 04040404 06060606 08080808 0A0A0A0A 0C0C0C0C 0E0E0E0E 10101010 12121212 14141414 16161616 18181818 1A1A1A1A 1C1C1C1C 1E1E1E1E 20202020 22222222 24242424 26262626 28282828 2A2A2A2A 2C2C2C2C 2E2E2E2E 30303030 32323232 34343434 36363636 38383838 3A3A3A3A 3C3C3C3C 3E3E3E3E 
[TC_DEBUG]     [0064] 00000000 02020202 04040404 06060606 08080808 0A0A0A0A 0C0C0C0C 0E0E0E0E 10101010 12121212 14141414 16161616 18181818 1A1A1A1A 1C1C1C1C 1E1E1E1E 20202020 22222222 24242424 26262626 28282828 2A2A2A2A 2C2C2C2C 2E2E2E2E 30303030 32323232 34343434 36363636 38383838 3A3A3A3A 3C3C3C3C 3E3E3E3E 
[TC_DEBUG]     [0096] 00000000 02020202 04040404 06060606 08080808 0A0A0A0A 0C0C0C0C 0E0E0E0E 10101010 12121212 14141414 16161616 18181818 1A1A1A1A 1C1C1C1C 1E1E1E1E 20202020 22222222 24242424 26262626 28282828 2A2A2A2A 2C2C2C2C 2E2E2E2E 30303030 32323232 34343434 36363636 38383838 3A3A3A3A 3C3C3C3C 3E3E3E3E 
[TC_DEBUG]     [0128] 00000000 02020202 04040404 06060606 08080808 0A0A0A0A 0C0C0C0C 0E0E0E0E 10101010 12121212 14141414 16161616 18181818 1A1A1A1A 1C1C1C1C 1E1E1E1E 20202020 22222222 24242424 26262626 28282828 2A2A2A2A 2C2C2C2C 2E2E2E2E 30303030 32323232 34343434 36363636 38383838 3A3A3A3A 3C3C3C3C 3E3E3E3E 
[TC_DEBUG]     [0160] 00000000 02020202 04040404 06060606 08080808 0A0A0A0A 0C0C0C0C 0E0E0E0E 10101010 12121212 14141414 16161616 18181818 1A1A1A1A 1C1C1C1C 1E1E1E1E 20202020 22222222 24242424 26262626 28282828 2A2A2A2A 2C2C2C2C 2E2E2E2E 30303030 32323232 34343434 36363636 38383838 3A3A3A3A 3C3C3C3C 3E3E3E3E 
[TC_DEBUG]     [0192] 00000000 02020202 04040404 06060606 08080808 0A0A0A0A 0C0C0C0C 0E0E0E0E 10101010 12121212 14141414 16161616 18181818 1A1A1A1A 1C1C1C1C 1E1E1E1E 20202020 22222222 24242424 26262626 28282828 2A2A2A2A 2C2C2C2C 2E2E2E2E 30303030 32323232 34343434 36363636 38383838 3A3A3A3A 3C3C3C3C 3E3E3E3E 
[TC_DEBUG]     [0224] 00000000 02020202 04040404 06060606 08080808 0A0A0A0A 0C0C0C0C 0E0E0E0E 10101010 12121212 14141414 16161616 18181818 1A1A1A1A 1C1C1C1C 1E1E1E1E 20202020 22222222 24242424 26262626 28282828 2A2A2A2A 2C2C2C2C 2E2E2E2E 30303030 32323232 34343434 36363636 38383838 3A3A3A3A 3C3C3C3C 3E3E3E3E 
[TC_DEBUG]     [0256] 00000000 02020202 04040404 06060606 08080808 0A0A0A0A 0C0C0C0C 0E0E0E0E 10101010 12121212 14141414 16161616 18181818 1A1A1A1A 1C1C1C1C 1E1E1E1E 20202020 22222222 24242424 26262626 28282828 2A2A2A2A 2C2C2C2C 2E2E2E2E 30303030 32323232 34343434 36363636 38383838 3A3A3A3A 3C3C3C3C 3E3E3E3E 
[TC_DEBUG]     [0288] 00000000 02020202 04040404 06060606 08080808 0A0A0A0A 0C0C0C0C 0E0E0E0E 10101010 12121212 14141414 16161616 18181818 1A1A1A1A 1C1C1C1C 1E1E1E1E 20202020 22222222 24242424 26262626 28282828 2A2A2A2A 2C2C2C2C 2E2E2E2E 30303030 32323232 34343434 36363636 38383838 3A3A3A3A 3C3C3C3C 3E3E3E3E 
[TC_DEBUG]     [0320] 00000000 02020202 04040404 06060606 08080808 0A0A0A0A 0C0C0C0C 0E0E0E0E 10101010 12121212 14141414 16161616 18181818 1A1A1A1A 1C1C1C1C 1E1E1E1E 20202020 22222222 24242424 26262626 28282828 2A2A2A2A 2C2C2C2C 2E2E2E2E 30303030 32323232 34343434 36363636 38383838 3A3A3A3A 3C3C3C3C 3E3E3E3E 
[TC_DEBUG]     [0352] 00000000 02020202 04040404 06060606 08080808 0A0A0A0A 0C0C0C0C 0E0E0E0E 10101010 12121212 14141414 16161616 18181818 1A1A1A1A 1C1C1C1C 1E1E1E1E 20202020 22222222 24242424 26262626 28282828 2A2A2A2A 2C2C2C2C 2E2E2E2E 30303030 32323232 34343434 36363636 38383838 3A3A3A3A 3C3C3C3C 3E3E3E3E 
[TC_DEBUG]     [0384] 00000000 02020202 04040404 06060606 08080808 0A0A0A0A 0C0C0C0C 0E0E0E0E 10101010 12121212 14141414 16161616 18181818 1A1A1A1A 1C1C1C1C 1E1E1E1E 20202020 22222222 24242424 26262626 28282828 2A2A2A2A 2C2C2C2C 2E2E2E2E 30303030 32323232 34343434 36363636 38383838 3A3A3A3A 3C3C3C3C 3E3E3E3E 
[TC_DEBUG]     [0416] 00000000 02020202 04040404 06060606 08080808 0A0A0A0A 0C0C0C0C 0E0E0E0E 10101010 12121212 14141414 16161616 18181818 1A1A1A1A 1C1C1C1C 1E1E1E1E 20202020 22222222 24242424 26262626 28282828 2A2A2A2A 2C2C2C2C 2E2E2E2E 30303030 32323232 34343434 36363636 38383838 3A3A3A3A 3C3C3C3C 3E3E3E3E 
[TC_DEBUG]     [0448] 00000000 02020202 04040404 06060606 08080808 0A0A0A0A 0C0C0C0C 0E0E0E0E 10101010 12121212 14141414 16161616 18181818 1A1A1A1A 1C1C1C1C 1E1E1E1E 20202020 22222222 24242424 26262626 28282828 2A2A2A2A 2C2C2C2C 2E2E2E2E 30303030 32323232 34343434 36363636 38383838 3A3A3A3A 3C3C3C3C 3E3E3E3E 
[TC_DEBUG]     [0480] 00000000 02020202 04040404 06060606 08080808 0A0A0A0A 0C0C0C0C 0E0E0E0E 10101010 12121212 14141414 16161616 18181818 1A1A1A1A 1C1C1C1C 1E1E1E1E 20202020 22222222 24242424 26262626 28282828 2A2A2A2A 2C2C2C2C 2E2E2E2E 30303030 32323232 34343434 36363636 38383838 3A3A3A3A 3C3C3C3C 3E3E3E3E 
[TC_DEBUG]     [0512] 00000000 02020202 04040404 06060606 08080808 0A0A0A0A 0C0C0C0C 0E0E0E0E 10101010 12121212 14141414 16161616 18181818 1A1A1A1A 1C1C1C1C 1E1E1E1E 20202020 22222222 24242424 26262626 28282828 2A2A2A2A 2C2C2C2C 2E2E2E2E 30303030 32323232 34343434 36363636 38383838 3A3A3A3A 3C3C3C3C 3E3E3E3E 
[TC_DEBUG]     [0544] 00000000 02020202 04040404 06060606 08080808 0A0A0A0A 0C0C0C0C 0E0E0E0E 10101010 12121212 14141414 16161616 18181818 1A1A1A1A 1C1C1C1C 1E1E1E1E 20202020 22222222 24242424 26262626 28282828 2A2A2A2A 2C2C2C2C 2E2E2E2E 30303030 32323232 34343434 36363636 38383838 3A3A3A3A 3C3C3C3C 3E3E3E3E 
[TC_DEBUG]     [0576] 00000000 02020202 04040404 06060606 08080808 0A0A0A0A 0C0C0C0C 0E0E0E0E 10101010 12121212 14141414 16161616 18181818 1A1A1A1A 1C1C1C1C 1E1E1E1E 20202020 22222222 24242424 26262626 28282828 2A2A2A2A 2C2C2C2C 2E2E2E2E 30303030 32323232 34343434 36363636 38383838 3A3A3A3A 3C3C3C3C 3E3E3E3E 
[TC_DEBUG]     [0608] 00000000 02020202 04040404 06060606 08080808 0A0A0A0A 0C0C0C0C 0E0E0E0E 10101010 12121212 14141414 16161616 18181818 1A1A1A1A 1C1C1C1C 1E1E1E1E 20202020 22222222 24242424 26262626 28282828 2A2A2A2A 2C2C2C2C 2E2E2E2E 30303030 32323232 34343434 36363636 38383838 3A3A3A3A 3C3C3C3C 3E3E3E3E 
[TC_DEBUG]     [0640] 00000000 02020202 04040404 06060606 08080808 0A0A0A0A 0C0C0C0C 0E0E0E0E 10101010 12121212 14141414 16161616 18181818 1A1A1A1A 1C1C1C1C 1E1E1E1E 20202020 22222222 24242424 26262626 28282828 2A2A2A2A 2C2C2C2C 2E2E2E2E 30303030 32323232 34343434 36363636 38383838 3A3A3A3A 3C3C3C3C 3E3E3E3E 
[TC_DEBUG]     [0672] 00000000 02020202 04040404 06060606 08080808 0A0A0A0A 0C0C0C0C 0E0E0E0E 10101010 12121212 14141414 16161616 18181818 1A1A1A1A 1C1C1C1C 1E1E1E1E 20202020 22222222 24242424 26262626 28282828 2A2A2A2A 2C2C2C2C 2E2E2E2E 30303030 32323232 34343434 36363636 38383838 3A3A3A3A 3C3C3C3C 3E3E3E3E 
[TC_DEBUG]     [0704] 00000000 02020202 04040404 06060606 08080808 0A0A0A0A 0C0C0C0C 0E0E0E0E 10101010 12121212 14141414 16161616 18181818 1A1A1A1A 1C1C1C1C 1E1E1E1E 20202020 22222222 24242424 26262626 28282828 2A2A2A2A 2C2C2C2C 2E2E2E2E 30303030 32323232 34343434 36363636 38383838 3A3A3A3A 3C3C3C3C 3E3E3E3E 
[TC_DEBUG]     [0736] 00000000 02020202 04040404 06060606 08080808 0A0A0A0A 0C0C0C0C 0E0E0E0E 10101010 12121212 14141414 16161616 18181818 1A1A1A1A 1C1C1C1C 1E1E1E1E 20202020 22222222 24242424 26262626 28282828 2A2A2A2A 2C2C2C2C 2E2E2E2E 30303030 32323232 34343434 36363636 38383838 3A3A3A3A 3C3C3C3C 3E3E3E3E 
[TC_DEBUG]     [0768] 00000000 02020202 04040404 06060606 08080808 0A0A0A0A 0C0C0C0C 0E0E0E0E 10101010 12121212 14141414 16161616 18181818 1A1A1A1A 1C1C1C1C 1E1E1E1E 20202020 22222222 24242424 26262626 28282828 2A2A2A2A 2C2C2C2C 2E2E2E2E 30303030 32323232 34343434 36363636 38383838 3A3A3A3A 3C3C3C3C 3E3E3E3E 
[TC_DEBUG]     [0800] 00000000 02020202 04040404 06060606 08080808 0A0A0A0A 0C0C0C0C 0E0E0E0E 10101010 12121212 14141414 16161616 18181818 1A1A1A1A 1C1C1C1C 1E1E1E1E 20202020 22222222 24242424 26262626 28282828 2A2A2A2A 2C2C2C2C 2E2E2E2E 30303030 32323232 34343434 36363636 38383838 3A3A3A3A 3C3C3C3C 3E3E3E3E 
[TC_DEBUG]     [0832] 00000000 02020202 04040404 06060606 08080808 0A0A0A0A 0C0C0C0C 0E0E0E0E 10101010 12121212 14141414 16161616 18181818 1A1A1A1A 1C1C1C1C 1E1E1E1E 20202020 22222222 24242424 26262626 28282828 2A2A2A2A 2C2C2C2C 2E2E2E2E 30303030 32323232 34343434 36363636 38383838 3A3A3A3A 3C3C3C3C 3E3E3E3E 
[TC_DEBUG]     [0864] 00000000 02020202 04040404 06060606 08080808 0A0A0A0A 0C0C0C0C 0E0E0E0E 10101010 12121212 14141414 16161616 18181818 1A1A1A1A 1C1C1C1C 1E1E1E1E 20202020 22222222 24242424 26262626 28282828 2A2A2A2A 2C2C2C2C 2E2E2E2E 30303030 32323232 34343434 36363636 38383838 3A3A3A3A 3C3C3C3C 3E3E3E3E 
[TC_DEBUG]     [0896] 00000000 02020202 04040404 06060606 08080808 0A0A0A0A 0C0C0C0C 0E0E0E0E 10101010 12121212 14141414 16161616 18181818 1A1A1A1A 1C1C1C1C 1E1E1E1E 20202020 22222222 24242424 26262626 28282828 2A2A2A2A 2C2C2C2C 2E2E2E2E 30303030 32323232 34343434 36363636 38383838 3A3A3A3A 3C3C3C3C 3E3E3E3E 
[TC_DEBUG]     [0928] 00000000 02020202 04040404 06060606 08080808 0A0A0A0A 0C0C0C0C 0E0E0E0E 10101010 12121212 14141414 16161616 18181818 1A1A1A1A 1C1C1C1C 1E1E1E1E 20202020 22222222 24242424 26262626 28282828 2A2A2A2A 2C2C2C2C 2E2E2E2E 30303030 32323232 34343434 36363636 38383838 3A3A3A3A 3C3C3C3C 3E3E3E3E 
[TC_DEBUG]     [0960] 00000000 02020202 04040404 06060606 08080808 0A0A0A0A 0C0C0C0C 0E0E0E0E 10101010 12121212 14141414 16161616 18181818 1A1A1A1A 1C1C1C1C 1E1E1E1E 20202020 22222222 24242424 26262626 28282828 2A2A2A2A 2C2C2C2C 2E2E2E2E 30303030 32323232 34343434 36363636 38383838 3A3A3A3A 3C3C3C3C 3E3E3E3E 
[TC_DEBUG]     [0992] 00000000 02020202 04040404 06060606 08080808 0A0A0A0A 0C0C0C0C 0E0E0E0E 10101010 12121212 14141414 16161616 18181818 1A1A1A1A 1C1C1C1C 1E1E1E1E 20202020 22222222 24242424 26262626 28282828 2A2A2A2A 2C2C2C2C 2E2E2E2E 30303030 32323232 34343434 36363636 38383838 3A3A3A3A 3C3C3C3C 3E3E3E3E 
[TC_DEBUG]     [1024] 00000000 02020202 04040404 06060606 08080808 0A0A0A0A 0C0C0C0C 0E0E0E0E 10101010 12121212 14141414 16161616 18181818 1A1A1A1A 1C1C1C1C 1E1E1E1E 20202020 22222222 24242424 26262626 28282828 2A2A2A2A 2C2C2C2C 2E2E2E2E 30303030 32323232 34343434 36363636 38383838 3A3A3A3A 3C3C3C3C 3E3E3E3E 
[TC_DEBUG]     [1056] 00000000 02020202 04040404 06060606 08080808 0A0A0A0A 0C0C0C0C 0E0E0E0E 10101010 12121212 14141414 16161616 18181818 1A1A1A1A 1C1C1C1C 1E1E1E1E 20202020 22222222 24242424 26262626 28282828 2A2A2A2A 2C2C2C2C 2E2E2E2E 30303030 32323232 34343434 36363636 38383838 3A3A3A3A 3C3C3C3C 3E3E3E3E 
[TC_DEBUG]     [1088] 00000000 02020202 04040404 06060606 08080808 0A0A0A0A 0C0C0C0C 0E0E0E0E 10101010 12121212 14141414 16161616 18181818 1A1A1A1A 1C1C1C1C 1E1E1E1E 20202020 22222222 24242424 26262626 28282828 2A2A2A2A 2C2C2C2C 2E2E2E2E 30303030 32323232 34343434 36363636 38383838 3A3A3A3A 3C3C3C3C 3E3E3E3E 
[TC_DEBUG]     [1120] 00000000 02020202 04040404 06060606 08080808 0A0A0A0A 0C0C0C0C 0E0E0E0E 10101010 12121212 14141414 16161616 18181818 1A1A1A1A 1C1C1C1C 1E1E1E1E 20202020 22222222 24242424 26262626 28282828 2A2A2A2A 2C2C2C2C 2E2E2E2E 30303030 32323232 34343434 36363636 38383838 3A3A3A3A 3C3C3C3C 3E3E3E3E 
[TC_DEBUG]     [1152] 00000000 02020202 04040404 06060606 08080808 0A0A0A0A 0C0C0C0C 0E0E0E0E 10101010 12121212 14141414 16161616 18181818 1A1A1A1A 1C1C1C1C 1E1E1E1E 20202020 22222222 24242424 26262626 28282828 2A2A2A2A 2C2C2C2C 2E2E2E2E 30303030 32323232 34343434 36363636 38383838 3A3A3A3A 3C3C3C3C 3E3E3E3E 
[TC_DEBUG]     [1184] 00000000 02020202 04040404 06060606 08080808 0A0A0A0A 0C0C0C0C 0E0E0E0E 10101010 12121212 14141414 16161616 18181818 1A1A1A1A 1C1C1C1C 1E1E1E1E 20202020 22222222 24242424 26262626 28282828 2A2A2A2A 2C2C2C2C 2E2E2E2E 30303030 32323232 34343434 36363636 38383838 3A3A3A3A 3C3C3C3C 3E3E3E3E 
[TC_DEBUG]     [1216] 00000000 02020202 04040404 06060606 08080808 0A0A0A0A 0C0C0C0C 0E0E0E0E 10101010 12121212 14141414 16161616 18181818 1A1A1A1A 1C1C1C1C 1E1E1E1E 20202020 22222222 24242424 26262626 28282828 2A2A2A2A 2C2C2C2C 2E2E2E2E 30303030 32323232 34343434 36363636 38383838 3A3A3A3A 3C3C3C3C 3E3E3E3E 
[TC_DEBUG]     [1248] 00000000 02020202 04040404 06060606 08080808 0A0A0A0A 0C0C0C0C 0E0E0E0E 10101010 12121212 14141414 16161616 18181818 1A1A1A1A 1C1C1C1C 1E1E1E1E 20202020 22222222 24242424 26262626 28282828 2A2A2A2A 2C2C2C2C 2E2E2E2E 30303030 32323232 34343434 36363636 38383838 3A3A3A3A 3C3C3C3C 3E3E3E3E 
[TC_DEBUG]     [1280] 00000000 02020202 04040404 06060606 08080808 0A0A0A0A 0C0C0C0C 0E0E0E0E 10101010 12121212 14141414 16161616 18181818 1A1A1A1A 1C1C1C1C 1E1E1E1E 20202020 22222222 24242424 26262626 28282828 2A2A2A2A 2C2C2C2C 2E2E2E2E 30303030 32323232 34343434 36363636 38383838 3A3A3A3A 3C3C3C3C 3E3E3E3E 
[TC_DEBUG]     [1312] 00000000 02020202 04040404 06060606 08080808 0A0A0A0A 0C0C0C0C 0E0E0E0E 10101010 12121212 14141414 16161616 18181818 1A1A1A1A 1C1C1C1C 1E1E1E1E 20202020 22222222 24242424 26262626 28282828 2A2A2A2A 2C2C2C2C 2E2E2E2E 30303030 32323232 34343434 36363636 38383838 3A3A3A3A 3C3C3C3C 3E3E3E3E 
[TC_DEBUG]     [1344] 00000000 02020202 04040404 06060606 08080808 0A0A0A0A 0C0C0C0C 0E0E0E0E 10101010 12121212 14141414 16161616 18181818 1A1A1A1A 1C1C1C1C 1E1E1E1E 20202020 22222222 24242424 26262626 28282828 2A2A2A2A 2C2C2C2C 2E2E2E2E 30303030 32323232 34343434 36363636 38383838 3A3A3A3A 3C3C3C3C 3E3E3E3E 
[TC_DEBUG]     [1376] 00000000 02020202 04040404 06060606 08080808 0A0A0A0A 0C0C0C0C 0E0E0E0E 10101010 12121212 14141414 16161616 18181818 1A1A1A1A 1C1C1C1C 1E1E1E1E 20202020 22222222 24242424 26262626 28282828 2A2A2A2A 2C2C2C2C 2E2E2E2E 30303030 32323232 34343434 36363636 38383838 3A3A3A3A 3C3C3C3C 3E3E3E3E 
[TC_DEBUG]     [1408] 00000000 02020202 04040404 06060606 08080808 0A0A0A0A 0C0C0C0C 0E0E0E0E 10101010 12121212 14141414 16161616 18181818 1A1A1A1A 1C1C1C1C 1E1E1E1E 20202020 22222222 24242424 26262626 28282828 2A2A2A2A 2C2C2C2C 2E2E2E2E 30303030 32323232 34343434 36363636 38383838 3A3A3A3A 3C3C3C3C 3E3E3E3E 
[TC_DEBUG]     [1440] 00000000 02020202 04040404 06060606 08080808 0A0A0A0A 0C0C0C0C 0E0E0E0E 10101010 12121212 14141414 16161616 18181818 1A1A1A1A 1C1C1C1C 1E1E1E1E 20202020 22222222 24242424 26262626 28282828 2A2A2A2A 2C2C2C2C 2E2E2E2E 30303030 32323232 34343434 36363636 38383838 3A3A3A3A 3C3C3C3C 3E3E3E3E 
[TC_DEBUG]     [1472] 00000000 02020202 04040404 06060606 08080808 0A0A0A0A 0C0C0C0C 0E0E0E0E 10101010 12121212 14141414 16161616 18181818 1A1A1A1A 1C1C1C1C 1E1E1E1E 20202020 22222222 24242424 26262626 28282828 2A2A2A2A 2C2C2C2C 2E2E2E2E 30303030 32323232 34343434 36363636 38383838 3A3A3A3A 3C3C3C3C 3E3E3E3E 
[TC_DEBUG]     [1504] 00000000 02020202 04040404 06060606 08080808 0A0A0A0A 0C0C0C0C 0E0E0E0E 10101010 12121212 14141414 16161616 18181818 1A1A1A1A 1C1C1C1C 1E1E1E1E 20202020 22222222 24242424 26262626 28282828 2A2A2A2A 2C2C2C2C 2E2E2E2E 30303030 32323232 34343434 36363636 38383838 3A3A3A3A 3C3C3C3C 3E3E3E3E 
[TC_DEBUG]     [1536] 00000000 02020202 04040404 06060606 08080808 0A0A0A0A 0C0C0C0C 0E0E0E0E 10101010 12121212 14141414 16161616 18181818 1A1A1A1A 1C1C1C1C 1E1E1E1E 20202020 22222222 24242424 26262626 28282828 2A2A2A2A 2C2C2C2C 2E2E2E2E 30303030 32323232 34343434 36363636 38383838 3A3A3A3A 3C3C3C3C 3E3E3E3E 
[TC_DEBUG]     [1568] 00000000 02020202 04040404 06060606 08080808 0A0A0A0A 0C0C0C0C 0E0E0E0E 10101010 12121212 14141414 16161616 18181818 1A1A1A1A 1C1C1C1C 1E1E1E1E 20202020 22222222 24242424 26262626 28282828 2A2A2A2A 2C2C2C2C 2E2E2E2E 30303030 32323232 34343434 36363636 38383838 3A3A3A3A 3C3C3C3C 3E3E3E3E 
[TC_DEBUG]     [1600] 00000000 02020202 04040404 06060606 08080808 0A0A0A0A 0C0C0C0C 0E0E0E0E 10101010 12121212 14141414 16161616 18181818 1A1A1A1A 1C1C1C1C 1E1E1E1E 20202020 22222222 24242424 26262626 28282828 2A2A2A2A 2C2C2C2C 2E2E2E2E 30303030 32323232 34343434 36363636 38383838 3A3A3A3A 3C3C3C3C 3E3E3E3E 
[TC_DEBUG]     [1632] 00000000 02020202 04040404 06060606 08080808 0A0A0A0A 0C0C0C0C 0E0E0E0E 10101010 12121212 14141414 16161616 18181818 1A1A1A1A 1C1C1C1C 1E1E1E1E 20202020 22222222 24242424 26262626 28282828 2A2A2A2A 2C2C2C2C 2E2E2E2E 30303030 32323232 34343434 36363636 38383838 3A3A3A3A 3C3C3C3C 3E3E3E3E 
[TC_DEBUG]     [1664] 00000000 02020202 04040404 06060606 08080808 0A0A0A0A 0C0C0C0C 0E0E0E0E 10101010 12121212 14141414 16161616 18181818 1A1A1A1A 1C1C1C1C 1E1E1E1E 20202020 22222222 24242424 26262626 28282828 2A2A2A2A 2C2C2C2C 2E2E2E2E 30303030 32323232 34343434 36363636 38383838 3A3A3A3A 3C3C3C3C 3E3E3E3E 
[TC_DEBUG]     [1696] 00000000 02020202 04040404 06060606 08080808 0A0A0A0A 0C0C0C0C 0E0E0E0E 10101010 12121212 14141414 16161616 18181818 1A1A1A1A 1C1C1C1C 1E1E1E1E 20202020 22222222 24242424 26262626 28282828 2A2A2A2A 2C2C2C2C 2E2E2E2E 30303030 32323232 34343434 36363636 38383838 3A3A3A3A 3C3C3C3C 3E3E3E3E 
[TC_DEBUG]     [1728] 00000000 02020202 04040404 06060606 08080808 0A0A0A0A 0C0C0C0C 0E0E0E0E 10101010 12121212 14141414 16161616 18181818 1A1A1A1A 1C1C1C1C 1E1E1E1E 20202020 22222222 24242424 26262626 28282828 2A2A2A2A 2C2C2C2C 2E2E2E2E 30303030 32323232 34343434 36363636 38383838 3A3A3A3A 3C3C3C3C 3E3E3E3E 
[TC_DEBUG]     [1760] 00000000 02020202 04040404 06060606 08080808 0A0A0A0A 0C0C0C0C 0E0E0E0E 10101010 12121212 14141414 16161616 18181818 1A1A1A1A 1C1C1C1C 1E1E1E1E 20202020 22222222 24242424 26262626 28282828 2A2A2A2A 2C2C2C2C 2E2E2E2E 30303030 32323232 34343434 36363636 38383838 3A3A3A3A 3C3C3C3C 3E3E3E3E 
[TC_DEBUG]     [1792] 00000000 02020202 04040404 06060606 08080808 0A0A0A0A 0C0C0C0C 0E0E0E0E 10101010 12121212 14141414 16161616 18181818 1A1A1A1A 1C1C1C1C 1E1E1E1E 20202020 22222222 24242424 26262626 28282828 2A2A2A2A 2C2C2C2C 2E2E2E2E 30303030 32323232 34343434 36363636 38383838 3A3A3A3A 3C3C3C3C 3E3E3E3E 
[TC_DEBUG]     [1824] 00000000 02020202 04040404 06060606 08080808 0A0A0A0A 0C0C0C0C 0E0E0E0E 10101010 12121212 14141414 16161616 18181818 1A1A1A1A 1C1C1C1C 1E1E1E1E 20202020 22222222 24242424 26262626 28282828 2A2A2A2A 2C2C2C2C 2E2E2E2E 30303030 32323232 34343434 36363636 38383838 3A3A3A3A 3C3C3C3C 3E3E3E3E 
[TC_DEBUG]     [1856] 00000000 02020202 04040404 06060606 08080808 0A0A0A0A 0C0C0C0C 0E0E0E0E 10101010 12121212 14141414 16161616 18181818 1A1A1A1A 1C1C1C1C 1E1E1E1E 20202020 22222222 24242424 26262626 28282828 2A2A2A2A 2C2C2C2C 2E2E2E2E 30303030 32323232 34343434 36363636 38383838 3A3A3A3A 3C3C3C3C 3E3E3E3E 
[TC_DEBUG]     [1888] 00000000 02020202 04040404 06060606 08080808 0A0A0A0A 0C0C0C0C 0E0E0E0E 10101010 12121212 14141414 16161616 18181818 1A1A1A1A 1C1C1C1C 1E1E1E1E 20202020 22222222 24242424 26262626 28282828 2A2A2A2A 2C2C2C2C 2E2E2E2E 30303030 32323232 34343434 36363636 38383838 3A3A3A3A 3C3C3C3C 3E3E3E3E 
[TC_DEBUG]     [1920] 00000000 02020202 04040404 06060606 08080808 0A0A0A0A 0C0C0C0C 0E0E0E0E 10101010 12121212 14141414 16161616 18181818 1A1A1A1A 1C1C1C1C 1E1E1E1E 20202020 22222222 24242424 26262626 28282828 2A2A2A2A 2C2C2C2C 2E2E2E2E 30303030 32323232 34343434 36363636 38383838 3A3A3A3A 3C3C3C3C 3E3E3E3E 
[TC_DEBUG]     [1952] 00000000 02020202 04040404 06060606 08080808 0A0A0A0A 0C0C0C0C 0E0E0E0E 10101010 12121212 14141414 16161616 18181818 1A1A1A1A 1C1C1C1C 1E1E1E1E 20202020 22222222 24242424 26262626 28282828 2A2A2A2A 2C2C2C2C 2E2E2E2E 30303030 32323232 34343434 36363636 38383838 3A3A3A3A 3C3C3C3C 3E3E3E3E 
[TC_DEBUG]     [1984] 00000000 02020202 04040404 06060606 08080808 0A0A0A0A 0C0C0C0C 0E0E0E0E 10101010 12121212 14141414 16161616 18181818 1A1A1A1A 1C1C1C1C 1E1E1E1E 20202020 22222222 24242424 26262626 28282828 2A2A2A2A 2C2C2C2C 2E2E2E2E 30303030 32323232 34343434 36363636 38383838 3A3A3A3A 3C3C3C3C 3E3E3E3E 
[TC_DEBUG]     [2016] 00000000 02020202 04040404 06060606 08080808 0A0A0A0A 0C0C0C0C 0E0E0E0E 10101010 12121212 14141414 16161616 18181818 1A1A1A1A 1C1C1C1C 1E1E1E1E 20202020 22222222 24242424 26262626 28282828 2A2A2A2A 2C2C2C2C 2E2E2E2E 30303030 32323232 34343434 36363636 38383838 3A3A3A3A 3C3C3C3C 3E3E3E3E 
[TC_DEBUG]     [2048] 00000000 02020202 04040404 06060606 08080808 0A0A0A0A 0C0C0C0C 0E0E0E0E 10101010 12121212 14141414 16161616 18181818 1A1A1A1A 1C1C1C1C 1E1E1E1E 20202020 22222222 24242424 26262626 28282828 2A2A2A2A 2C2C2C2C 2E2E2E2E 30303030 32323232 34343434 36363636 38383838 3A3A3A3A 3C3C3C3C 3E3E3E3E 
[TC_DEBUG]     [2080] 00000000 02020202 04040404 06060606 08080808 0A0A0A0A 0C0C0C0C 0E0E0E0E 10101010 12121212 14141414 16161616 18181818 1A1A1A1A 1C1C1C1C 1E1E1E1E 20202020 22222222 24242424 26262626 28282828 2A2A2A2A 2C2C2C2C 2E2E2E2E 30303030 32323232 34343434 36363636 38383838 3A3A3A3A 3C3C3C3C 3E3E3E3E 
[TC_DEBUG]     [2112] 00000000 02020202 04040404 06060606 08080808 0A0A0A0A 0C0C0C0C 0E0E0E0E 10101010 12121212 14141414 16161616 18181818 1A1A1A1A 1C1C1C1C 1E1E1E1E 20202020 22222222 24242424 26262626 28282828 2A2A2A2A 2C2C2C2C 2E2E2E2E 30303030 32323232 34343434 36363636 38383838 3A3A3A3A 3C3C3C3C 3E3E3E3E 
[TC_DEBUG]     [2144] 00000000 02020202 04040404 06060606 08080808 0A0A0A0A 0C0C0C0C 0E0E0E0E 10101010 12121212 14141414 16161616 18181818 1A1A1A1A 1C1C1C1C 1E1E1E1E 20202020 22222222 24242424 26262626 28282828 2A2A2A2A 2C2C2C2C 2E2E2E2E 30303030 32323232 34343434 36363636 38383838 3A3A3A3A 3C3C3C3C 3E3E3E3E 
[TC_DEBUG]     [2176] 00000000 02020202 04040404 06060606 08080808 0A0A0A0A 0C0C0C0C 0E0E0E0E 10101010 12121212 14141414 16161616 18181818 1A1A1A1A 1C1C1C1C 1E1E1E1E 20202020 22222222 24242424 26262626 28282828 2A2A2A2A 2C2C2C2C 2E2E2E2E 30303030 32323232 34343434 36363636 38383838 3A3A3A3A 3C3C3C3C 3E3E3E3E 
[TC_DEBUG]     [2208] 00000000 02020202 04040404 06060606 08080808 0A0A0A0A 0C0C0C0C 0E0E0E0E 10101010 12121212 14141414 16161616 18181818 1A1A1A1A 1C1C1C1C 1E1E1E1E 20202020 22222222 24242424 26262626 28282828 2A2A2A2A 2C2C2C2C 2E2E2E2E 30303030 32323232 34343434 36363636 38383838 3A3A3A3A 3C3C3C3C 3E3E3E3E 
[TC_DEBUG]     [2240] 00000000 02020202 04040404 06060606 08080808 0A0A0A0A 0C0C0C0C 0E0E0E0E 10101010 12121212 14141414 16161616 18181818 1A1A1A1A 1C1C1C1C 1E1E1E1E 20202020 22222222 24242424 26262626 28282828 2A2A2A2A 2C2C2C2C 2E2E2E2E 30303030 32323232 34343434 36363636 38383838 3A3A3A3A 3C3C3C3C 3E3E3E3E 
[TC_DEBUG]     [2272] 00000000 02020202 04040404 06060606 08080808 0A0A0A0A 0C0C0C0C 0E0E0E0E 10101010 12121212 14141414 16161616 18181818 1A1A1A1A 1C1C1C1C 1E1E1E1E 20202020 22222222 24242424 26262626 28282828 2A2A2A2A 2C2C2C2C 2E2E2E2E 30303030 32323232 34343434 36363636 38383838 3A3A3A3A 3C3C3C3C 3E3E3E3E 
[TC_DEBUG]     [2304] 00000000 02020202 04040404 06060606 08080808 0A0A0A0A 0C0C0C0C 0E0E0E0E 10101010 12121212 14141414 16161616 18181818 1A1A1A1A 1C1C1C1C 1E1E1E1E 20202020 22222222 24242424 26262626 28282828 2A2A2A2A 2C2C2C2C 2E2E2E2E 30303030 32323232 34343434 36363636 38383838 3A3A3A3A 3C3C3C3C 3E3E3E3E 
[TC_DEBUG]     [2336] 00000000 02020202 04040404 06060606 08080808 0A0A0A0A 0C0C0C0C 0E0E0E0E 10101010 12121212 14141414 16161616 18181818 1A1A1A1A 1C1C1C1C 1E1E1E1E 20202020 22222222 24242424 26262626 28282828 2A2A2A2A 2C2C2C2C 2E2E2E2E 30303030 32323232 34343434 36363636 38383838 3A3A3A3A 3C3C3C3C 3E3E3E3E 
[TC_DEBUG]     [2368] 00000000 02020202 04040404 06060606 08080808 0A0A0A0A 0C0C0C0C 0E0E0E0E 10101010 12121212 14141414 16161616 18181818 1A1A1A1A 1C1C1C1C 1E1E1E1E 20202020 22222222 24242424 26262626 28282828 2A2A2A2A 2C2C2C2C 2E2E2E2E 30303030 32323232 34343434 36363636 38383838 3A3A3A3A 3C3C3C3C 3E3E3E3E 
[TC_DEBUG]     [2400] 00000000 02020202 04040404 06060606 08080808 0A0A0A0A 0C0C0C0C 0E0E0E0E 10101010 12121212 14141414 16161616 18181818 1A1A1A1A 1C1C1C1C 1E1E1E1E 20202020 22222222 24242424 26262626 28282828 2A2A2A2A 2C2C2C2C 2E2E2E2E 30303030 32323232 34343434 36363636 38383838 3A3A3A3A 3C3C3C3C 3E3E3E3E 
[TC_DEBUG]     [2432] 00000000 02020202 04040404 06060606 08080808 0A0A0A0A 0C0C0C0C 0E0E0E0E 10101010 12121212 14141414 16161616 18181818 1A1A1A1A 1C1C1C1C 1E1E1E1E 20202020 22222222 24242424 26262626 28282828 2A2A2A2A 2C2C2C2C 2E2E2E2E 30303030 32323232 34343434 36363636 38383838 3A3A3A3A 3C3C3C3C 3E3E3E3E 
[TC_DEBUG]     [2464] 00000000 02020202 04040404 06060606 08080808 0A0A0A0A 0C0C0C0C 0E0E0E0E 10101010 12121212 14141414 16161616 18181818 1A1A1A1A 1C1C1C1C 1E1E1E1E 20202020 22222222 24242424 26262626 28282828 2A2A2A2A 2C2C2C2C 2E2E2E2E 30303030 32323232 34343434 36363636 38383838 3A3A3A3A 3C3C3C3C 3E3E3E3E 
[TC_DEBUG]     [2496] 00000000 02020202 04040404 06060606 08080808 0A0A0A0A 0C0C0C0C 0E0E0E0E 10101010 12121212 14141414 16161616 18181818 1A1A1A1A 1C1C1C1C 1E1E1E1E 20202020 22222222 24242424 26262626 28282828 2A2A2A2A 2C2C2C2C 2E2E2E2E 30303030 32323232 34343434 36363636 38383838 3A3A3A3A 3C3C3C3C 3E3E3E3E 
[TC_DEBUG]     [2528] 00000000 02020202 04040404 06060606 08080808 0A0A0A0A 0C0C0C0C 0E0E0E0E 10101010 12121212 14141414 16161616 18181818 1A1A1A1A 1C1C1C1C 1E1E1E1E 20202020 22222222 24242424 26262626 28282828 2A2A2A2A 2C2C2C2C 2E2E2E2E 30303030 32323232 34343434 36363636 38383838 3A3A3A3A 3C3C3C3C 3E3E3E3E 
[TC_DEBUG]     [2560] 00000000 02020202 04040404 06060606 08080808 0A0A0A0A 0C0C0C0C 0E0E0E0E 10101010 12121212 14141414 16161616 18181818 1A1A1A1A 1C1C1C1C 1E1E1E1E 20202020 22222222 24242424 26262626 28282828 2A2A2A2A 2C2C2C2C 2E2E2E2E 30303030 32323232 34343434 36363636 38383838 3A3A3A3A 3C3C3C3C 3E3E3E3E 
[TC_DEBUG]     [2592] 00000000 02020202 04040404 06060606 08080808 0A0A0A0A 0C0C0C0C 0E0E0E0E 10101010 12121212 14141414 16161616 18181818 1A1A1A1A 1C1C1C1C 1E1E1E1E 20202020 22222222 24242424 26262626 28282828 2A2A2A2A 2C2C2C2C 2E2E2E2E 30303030 32323232 34343434 36363636 38383838 3A3A3A3A 3C3C3C3C 3E3E3E3E 
[TC_DEBUG]     [2624] 00000000 02020202 04040404 06060606 08080808 0A0A0A0A 0C0C0C0C 0E0E0E0E 10101010 12121212 14141414 16161616 18181818 1A1A1A1A 1C1C1C1C 1E1E1E1E 20202020 22222222 24242424 26262626 28282828 2A2A2A2A 2C2C2C2C 2E2E2E2E 30303030 32323232 34343434 36363636 38383838 3A3A3A3A 3C3C3C3C 3E3E3E3E 
[TC_DEBUG]     [2656] 00000000 02020202 04040404 06060606 08080808 0A0A0A0A 0C0C0C0C 0E0E0E0E 10101010 12121212 14141414 16161616 18181818 1A1A1A1A 1C1C1C1C 1E1E1E1E 20202020 22222222 24242424 26262626 28282828 2A2A2A2A 2C2C2C2C 2E2E2E2E 30303030 32323232 34343434 36363636 38383838 3A3A3A3A 3C3C3C3C 3E3E3E3E 
[TC_DEBUG]     [2688] 00000000 02020202 04040404 06060606 08080808 0A0A0A0A 0C0C0C0C 0E0E0E0E 10101010 12121212 14141414 16161616 18181818 1A1A1A1A 1C1C1C1C 1E1E1E1E 20202020 22222222 24242424 26262626 28282828 2A2A2A2A 2C2C2C2C 2E2E2E2E 30303030 32323232 34343434 36363636 38383838 3A3A3A3A 3C3C3C3C 3E3E3E3E 
[TC_DEBUG]     [2720] 00000000 02020202 04040404 06060606 08080808 0A0A0A0A 0C0C0C0C 0E0E0E0E 10101010 12121212 14141414 16161616 18181818 1A1A1A1A 1C1C1C1C 1E1E1E1E 20202020 22222222 24242424 26262626 28282828 2A2A2A2A 2C2C2C2C 2E2E2E2E 30303030 32323232 34343434 36363636 38383838 3A3A3A3A 3C3C3C3C 3E3E3E3E 
[TC_DEBUG]     [2752] 00000000 02020202 04040404 06060606 08080808 0A0A0A0A 0C0C0C0C 0E0E0E0E 10101010 12121212 14141414 16161616 18181818 1A1A1A1A 1C1C1C1C 1E1E1E1E 20202020 22222222 24242424 26262626 28282828 2A2A2A2A 2C2C2C2C 2E2E2E2E 30303030 32323232 34343434 36363636 38383838 3A3A3A3A 3C3C3C3C 3E3E3E3E 
[TC_DEBUG]     [2784] 00000000 02020202 04040404 06060606 08080808 0A0A0A0A 0C0C0C0C 0E0E0E0E 10101010 12121212 14141414 16161616 18181818 1A1A1A1A 1C1C1C1C 1E1E1E1E 20202020 22222222 24242424 26262626 28282828 2A2A2A2A 2C2C2C2C 2E2E2E2E 30303030 32323232 34343434 36363636 38383838 3A3A3A3A 3C3C3C3C 3E3E3E3E 
[TC_DEBUG]     [2816] 00000000 02020202 04040404 06060606 08080808 0A0A0A0A 0C0C0C0C 0E0E0E0E 10101010 12121212 14141414 16161616 18181818 1A1A1A1A 1C1C1C1C 1E1E1E1E 20202020 22222222 24242424 26262626 28282828 2A2A2A2A 2C2C2C2C 2E2E2E2E 30303030 32323232 34343434 36363636 38383838 3A3A3A3A 3C3C3C3C 3E3E3E3E 
[TC_DEBUG]     [2848] 00000000 02020202 04040404 06060606 08080808 0A0A0A0A 0C0C0C0C 0E0E0E0E 10101010 12121212 14141414 16161616 18181818 1A1A1A1A 1C1C1C1C 1E1E1E1E 20202020 22222222 24242424 26262626 28282828 2A2A2A2A 2C2C2C2C 2E2E2E2E 30303030 32323232 34343434 36363636 38383838 3A3A3A3A 3C3C3C3C 3E3E3E3E 
[TC_DEBUG]     [2880] 00000000 02020202 04040404 06060606 08080808 0A0A0A0A 0C0C0C0C 0E0E0E0E 10101010 12121212 14141414 16161616 18181818 1A1A1A1A 1C1C1C1C 1E1E1E1E 20202020 22222222 24242424 26262626 28282828 2A2A2A2A 2C2C2C2C 2E2E2E2E 30303030 32323232 34343434 36363636 38383838 3A3A3A3A 3C3C3C3C 3E3E3E3E 
[TC_DEBUG]     [2912] 00000000 02020202 04040404 06060606 08080808 0A0A0A0A 0C0C0C0C 0E0E0E0E 10101010 12121212 14141414 16161616 18181818 1A1A1A1A 1C1C1C1C 1E1E1E1E 20202020 22222222 24242424 26262626 28282828 2A2A2A2A 2C2C2C2C 2E2E2E2E 30303030 32323232 34343434 36363636 38383838 3A3A3A3A 3C3C3C3C 3E3E3E3E 
[TC_DEBUG]     [2944] 00000000 02020202 04040404 06060606 08080808 0A0A0A0A 0C0C0C0C 0E0E0E0E 10101010 12121212 14141414 16161616 18181818 1A1A1A1A 1C1C1C1C 1E1E1E1E 20202020 22222222 24242424 26262626 28282828 2A2A2A2A 2C2C2C2C 2E2E2E2E 30303030 32323232 34343434 36363636 38383838 3A3A3A3A 3C3C3C3C 3E3E3E3E 
[TC_DEBUG]     [2976] 00000000 02020202 04040404 06060606 08080808 0A0A0A0A 0C0C0C0C 0E0E0E0E 10101010 12121212 14141414 16161616 18181818 1A1A1A1A 1C1C1C1C 1E1E1E1E 20202020 22222222 24242424 26262626 28282828 2A2A2A2A 2C2C2C2C 2E2E2E2E 30303030 32323232 34343434 36363636 38383838 3A3A3A3A 3C3C3C3C 3E3E3E3E 
[TC_DEBUG]     [3008] 00000000 02020202 04040404 06060606 08080808 0A0A0A0A 0C0C0C0C 0E0E0E0E 10101010 12121212 14141414 16161616 18181818 1A1A1A1A 1C1C1C1C 1E1E1E1E 20202020 22222222 24242424 26262626 28282828 2A2A2A2A 2C2C2C2C 2E2E2E2E 30303030 32323232 34343434 36363636 38383838 3A3A3A3A 3C3C3C3C 3E3E3E3E 
[TC_DEBUG]     [3040] 00000000 02020202 04040404 06060606 08080808 0A0A0A0A 0C0C0C0C 0E0E0E0E 10101010 12121212 14141414 16161616 18181818 1A1A1A1A 1C1C1C1C 1E1E1E1E 20202020 22222222 24242424 26262626 28282828 2A2A2A2A 2C2C2C2C 2E2E2E2E 30303030 32323232 34343434 36363636 38383838 3A3A3A3A 3C3C3C3C 3E3E3E3E 
[TC_DEBUG]     [3072] 00000000 02020202 04040404 06060606 08080808 0A0A0A0A 0C0C0C0C 0E0E0E0E 10101010 12121212 14141414 16161616 18181818 1A1A1A1A 1C1C1C1C 1E1E1E1E 20202020 22222222 24242424 26262626 28282828 2A2A2A2A 2C2C2C2C 2E2E2E2E 30303030 32323232 34343434 36363636 38383838 3A3A3A3A 3C3C3C3C 3E3E3E3E 
[TC_DEBUG]     [3104] 00000000 02020202 04040404 06060606 08080808 0A0A0A0A 0C0C0C0C 0E0E0E0E 10101010 12121212 14141414 16161616 18181818 1A1A1A1A 1C1C1C1C 1E1E1E1E 20202020 22222222 24242424 26262626 28282828 2A2A2A2A 2C2C2C2C 2E2E2E2E 30303030 32323232 34343434 36363636 38383838 3A3A3A3A 3C3C3C3C 3E3E3E3E 
[TC_DEBUG]     [3136] 00000000 02020202 04040404 06060606 08080808 0A0A0A0A 0C0C0C0C 0E0E0E0E 10101010 12121212 14141414 16161616 18181818 1A1A1A1A 1C1C1C1C 1E1E1E1E 20202020 22222222 24242424 26262626 28282828 2A2A2A2A 2C2C2C2C 2E2E2E2E 30303030 32323232 34343434 36363636 38383838 3A3A3A3A 3C3C3C3C 3E3E3E3E 
[TC_DEBUG]     [3168] 00000000 02020202 04040404 06060606 08080808 0A0A0A0A 0C0C0C0C 0E0E0E0E 10101010 12121212 14141414 16161616 18181818 1A1A1A1A 1C1C1C1C 1E1E1E1E 20202020 22222222 24242424 26262626 28282828 2A2A2A2A 2C2C2C2C 2E2E2E2E 30303030 32323232 34343434 36363636 38383838 3A3A3A3A 3C3C3C3C 3E3E3E3E 
[TC_DEBUG]     [3200] 00000000 02020202 04040404 06060606 08080808 0A0A0A0A 0C0C0C0C 0E0E0E0E 10101010 12121212 14141414 16161616 18181818 1A1A1A1A 1C1C1C1C 1E1E1E1E 20202020 22222222 24242424 26262626 28282828 2A2A2A2A 2C2C2C2C 2E2E2E2E 30303030 32323232 34343434 36363636 38383838 3A3A3A3A 3C3C3C3C 3E3E3E3E 
[TC_DEBUG]     [3232] 00000000 02020202 04040404 06060606 08080808 0A0A0A0A 0C0C0C0C 0E0E0E0E 10101010 12121212 14141414 16161616 18181818 1A1A1A1A 1C1C1C1C 1E1E1E1E 20202020 22222222 24242424 26262626 28282828 2A2A2A2A 2C2C2C2C 2E2E2E2E 30303030 32323232 34343434 36363636 38383838 3A3A3A3A 3C3C3C3C 3E3E3E3E 
[TC_DEBUG]     [3264] 00000000 02020202 04040404 06060606 08080808 0A0A0A0A 0C0C0C0C 0E0E0E0E 10101010 12121212 14141414 16161616 18181818 1A1A1A1A 1C1C1C1C 1E1E1E1E 20202020 22222222 24242424 26262626 28282828 2A2A2A2A 2C2C2C2C 2E2E2E2E 30303030 32323232 34343434 36363636 38383838 3A3A3A3A 3C3C3C3C 3E3E3E3E 
[TC_DEBUG]     [3296] 00000000 02020202 04040404 06060606 08080808 0A0A0A0A 0C0C0C0C 0E0E0E0E 10101010 12121212 14141414 16161616 18181818 1A1A1A1A 1C1C1C1C 1E1E1E1E 20202020 22222222 24242424 26262626 28282828 2A2A2A2A 2C2C2C2C 2E2E2E2E 30303030 32323232 34343434 36363636 38383838 3A3A3A3A 3C3C3C3C 3E3E3E3E 
[TC_DEBUG]     [3328] 00000000 02020202 04040404 06060606 08080808 0A0A0A0A 0C0C0C0C 0E0E0E0E 10101010 12121212 14141414 16161616 18181818 1A1A1A1A 1C1C1C1C 1E1E1E1E 20202020 22222222 24242424 26262626 28282828 2A2A2A2A 2C2C2C2C 2E2E2E2E 30303030 32323232 34343434 36363636 38383838 3A3A3A3A 3C3C3C3C 3E3E3E3E 
[TC_DEBUG]     [3360] 00000000 02020202 04040404 06060606 08080808 0A0A0A0A 0C0C0C0C 0E0E0E0E 10101010 12121212 14141414 16161616 18181818 1A1A1A1A 1C1C1C1C 1E1E1E1E 20202020 22222222 24242424 26262626 28282828 2A2A2A2A 2C2C2C2C 2E2E2E2E 30303030 32323232 34343434 36363636 38383838 3A3A3A3A 3C3C3C3C 3E3E3E3E 
[TC_DEBUG]     [3392] 00000000 02020202 04040404 06060606 08080808 0A0A0A0A 0C0C0C0C 0E0E0E0E 10101010 12121212 14141414 16161616 18181818 1A1A1A1A 1C1C1C1C 1E1E1E1E 20202020 22222222 24242424 26262626 28282828 2A2A2A2A 2C2C2C2C 2E2E2E2E 30303030 32323232 34343434 36363636 38383838 3A3A3A3A 3C3C3C3C 3E3E3E3E 
[TC_DEBUG]     [3424] 00000000 02020202 04040404 06060606 08080808 0A0A0A0A 0C0C0C0C 0E0E0E0E 10101010 12121212 14141414 16161616 18181818 1A1A1A1A 1C1C1C1C 1E1E1E1E 20202020 22222222 24242424 26262626 28282828 2A2A2A2A 2C2C2C2C 2E2E2E2E 30303030 32323232 34343434 36363636 38383838 3A3A3A3A 3C3C3C3C 3E3E3E3E 
[TC_DEBUG]     [3456] 00000000 02020202 04040404 06060606 08080808 0A0A0A0A 0C0C0C0C 0E0E0E0E 10101010 12121212 14141414 16161616 18181818 1A1A1A1A 1C1C1C1C 1E1E1E1E 20202020 22222222 24242424 26262626 28282828 2A2A2A2A 2C2C2C2C 2E2E2E2E 30303030 32323232 34343434 36363636 38383838 3A3A3A3A 3C3C3C3C 3E3E3E3E 
[TC_DEBUG]     [3488] 00000000 02020202 04040404 06060606 08080808 0A0A0A0A 0C0C0C0C 0E0E0E0E 10101010 12121212 14141414 16161616 18181818 1A1A1A1A 1C1C1C1C 1E1E1E1E 20202020 22222222 24242424 26262626 28282828 2A2A2A2A 2C2C2C2C 2E2E2E2E 30303030 32323232 34343434 36363636 38383838 3A3A3A3A 3C3C3C3C 3E3E3E3E 
[TC_DEBUG]     [3520] 00000000 02020202 04040404 06060606 08080808 0A0A0A0A 0C0C0C0C 0E0E0E0E 10101010 12121212 14141414 16161616 18181818 1A1A1A1A 1C1C1C1C 1E1E1E1E 20202020 22222222 24242424 26262626 28282828 2A2A2A2A 2C2C2C2C 2E2E2E2E 30303030 32323232 34343434 36363636 38383838 3A3A3A3A 3C3C3C3C 3E3E3E3E 
[TC_DEBUG]     [3552] 00000000 02020202 04040404 06060606 08080808 0A0A0A0A 0C0C0C0C 0E0E0E0E 10101010 12121212 14141414 16161616 18181818 1A1A1A1A 1C1C1C1C 1E1E1E1E 20202020 22222222 24242424 26262626 28282828 2A2A2A2A 2C2C2C2C 2E2E2E2E 30303030 32323232 34343434 36363636 38383838 3A3A3A3A 3C3C3C3C 3E3E3E3E 
[TC_DEBUG]     [3584] 00000000 02020202 04040404 06060606 08080808 0A0A0A0A 0C0C0C0C 0E0E0E0E 10101010 12121212 14141414 16161616 18181818 1A1A1A1A 1C1C1C1C 1E1E1E1E 20202020 22222222 24242424 26262626 28282828 2A2A2A2A 2C2C2C2C 2E2E2E2E 30303030 32323232 34343434 36363636 38383838 3A3A3A3A 3C3C3C3C 3E3E3E3E 
[TC_DEBUG]     [3616] 00000000 02020202 04040404 06060606 08080808 0A0A0A0A 0C0C0C0C 0E0E0E0E 10101010 12121212 14141414 16161616 18181818 1A1A1A1A 1C1C1C1C 1E1E1E1E 20202020 22222222 24242424 26262626 28282828 2A2A2A2A 2C2C2C2C 2E2E2E2E 30303030 32323232 34343434 36363636 38383838 3A3A3A3A 3C3C3C3C 3E3E3E3E 
[TC_DEBUG]     [3648] 00000000 02020202 04040404 06060606 08080808 0A0A0A0A 0C0C0C0C 0E0E0E0E 10101010 12121212 14141414 16161616 18181818 1A1A1A1A 1C1C1C1C 1E1E1E1E 20202020 22222222 24242424 26262626 28282828 2A2A2A2A 2C2C2C2C 2E2E2E2E 30303030 32323232 34343434 36363636 38383838 3A3A3A3A 3C3C3C3C 3E3E3E3E 
[TC_DEBUG]     [3680] 00000000 02020202 04040404 06060606 08080808 0A0A0A0A 0C0C0C0C 0E0E0E0E 10101010 12121212 14141414 16161616 18181818 1A1A1A1A 1C1C1C1C 1E1E1E1E 20202020 22222222 24242424 26262626 28282828 2A2A2A2A 2C2C2C2C 2E2E2E2E 30303030 32323232 34343434 36363636 38383838 3A3A3A3A 3C3C3C3C 3E3E3E3E 
[TC_DEBUG]     [3712] 00000000 02020202 04040404 06060606 08080808 0A0A0A0A 0C0C0C0C 0E0E0E0E 10101010 12121212 14141414 16161616 18181818 1A1A1A1A 1C1C1C1C 1E1E1E1E 20202020 22222222 24242424 26262626 28282828 2A2A2A2A 2C2C2C2C 2E2E2E2E 30303030 32323232 34343434 36363636 38383838 3A3A3A3A 3C3C3C3C 3E3E3E3E 
[TC_DEBUG]     [3744] 00000000 02020202 04040404 06060606 08080808 0A0A0A0A 0C0C0C0C 0E0E0E0E 10101010 12121212 14141414 16161616 18181818 1A1A1A1A 1C1C1C1C 1E1E1E1E 20202020 22222222 24242424 26262626 28282828 2A2A2A2A 2C2C2C2C 2E2E2E2E 30303030 32323232 34343434 36363636 38383838 3A3A3A3A 3C3C3C3C 3E3E3E3E 
[TC_DEBUG]     [3776] 00000000 02020202 04040404 06060606 08080808 0A0A0A0A 0C0C0C0C 0E0E0E0E 10101010 12121212 14141414 16161616 18181818 1A1A1A1A 1C1C1C1C 1E1E1E1E 20202020 22222222 24242424 26262626 28282828 2A2A2A2A 2C2C2C2C 2E2E2E2E 30303030 32323232 34343434 36363636 38383838 3A3A3A3A 3C3C3C3C 3E3E3E3E 
[TC_DEBUG]     [3808] 00000000 02020202 04040404 06060606 08080808 0A0A0A0A 0C0C0C0C 0E0E0E0E 10101010 12121212 14141414 16161616 18181818 1A1A1A1A 1C1C1C1C 1E1E1E1E 20202020 22222222 24242424 26262626 28282828 2A2A2A2A 2C2C2C2C 2E2E2E2E 30303030 32323232 34343434 36363636 38383838 3A3A3A3A 3C3C3C3C 3E3E3E3E 
[TC_DEBUG]     [3840] 00000000 02020202 04040404 06060606 08080808 0A0A0A0A 0C0C0C0C 0E0E0E0E 10101010 12121212 14141414 16161616 18181818 1A1A1A1A 1C1C1C1C 1E1E1E1E 20202020 22222222 24242424 26262626 28282828 2A2A2A2A 2C2C2C2C 2E2E2E2E 30303030 32323232 34343434 36363636 38383838 3A3A3A3A 3C3C3C3C 3E3E3E3E 
[TC_DEBUG]     [3872] 00000000 02020202 04040404 06060606 08080808 0A0A0A0A 0C0C0C0C 0E0E0E0E 10101010 12121212 14141414 16161616 18181818 1A1A1A1A 1C1C1C1C 1E1E1E1E 20202020 22222222 24242424 26262626 28282828 2A2A2A2A 2C2C2C2C 2E2E2E2E 30303030 32323232 34343434 36363636 38383838 3A3A3A3A 3C3C3C3C 3E3E3E3E 
[TC_DEBUG]     [3904] 00000000 02020202 04040404 06060606 08080808 0A0A0A0A 0C0C0C0C 0E0E0E0E 10101010 12121212 14141414 16161616 18181818 1A1A1A1A 1C1C1C1C 1E1E1E1E 20202020 22222222 24242424 26262626 28282828 2A2A2A2A 2C2C2C2C 2E2E2E2E 30303030 32323232 34343434 36363636 38383838 3A3A3A3A 3C3C3C3C 3E3E3E3E 
[TC_DEBUG]     [3936] 00000000 02020202 04040404 06060606 08080808 0A0A0A0A 0C0C0C0C 0E0E0E0E 10101010 12121212 14141414 16161616 18181818 1A1A1A1A 1C1C1C1C 1E1E1E1E 20202020 22222222 24242424 26262626 28282828 2A2A2A2A 2C2C2C2C 2E2E2E2E 30303030 32323232 34343434 36363636 38383838 3A3A3A3A 3C3C3C3C 3E3E3E3E 
[TC_DEBUG]     [3968] 00000000 02020202 04040404 06060606 08080808 0A0A0A0A 0C0C0C0C 0E0E0E0E 10101010 12121212 14141414 16161616 18181818 1A1A1A1A 1C1C1C1C 1E1E1E1E 20202020 22222222 24242424 26262626 28282828 2A2A2A2A 2C2C2C2C 2E2E2E2E 30303030 32323232 34343434 36363636 38383838 3A3A3A3A 3C3C3C3C 3E3E3E3E 
[TC_DEBUG]     [4000] 00000000 02020202 04040404 06060606 08080808 0A0A0A0A 0C0C0C0C 0E0E0E0E 10101010 12121212 14141414 16161616 18181818 1A1A1A1A 1C1C1C1C 1E1E1E1E 20202020 22222222 24242424 26262626 28282828 2A2A2A2A 2C2C2C2C 2E2E2E2E 30303030 32323232 34343434 36363636 38383838 3A3A3A3A 3C3C3C3C 3E3E3E3E 
[TC_DEBUG]     [4032] 00000000 02020202 04040404 06060606 08080808 0A0A0A0A 0C0C0C0C 0E0E0E0E 10101010 12121212 14141414 16161616 18181818 1A1A1A1A 1C1C1C1C 1E1E1E1E 20202020 22222222 24242424 26262626 28282828 2A2A2A2A 2C2C2C2C 2E2E2E2E 30303030 32323232 34343434 36363636 38383838 3A3A3A3A 3C3C3C3C 3E3E3E3E 
[TC_DEBUG]     [4064] 00000000 02020202 04040404 06060606 08080808 0A0A0A0A 0C0C0C0C 0E0E0E0E 10101010 12121212 14141414 16161616 18181818 1A1A1A1A 1C1C1C1C 1E1E1E1E 20202020 22222222 24242424 26262626 28282828 2A2A2A2A 2C2C2C2C 2E2E2E2E 30303030 32323232 34343434 36363636 38383838 3A3A3A3A 3C3C3C3C 3E3E3E3E 
Test 3 completed

=== Test 4: tc.st.add Top Data Only (2x2) ===
tlength: 0x00000100 (left_len=0, top_len=1)
Computing: acc[m][n] = Top[n] (broadcast vertically)
[TC_DEBUG] tc.st.add: trs1=0, trs2=1, rs1v=0x50000000, rs2v=0x00000000
[TC_DEBUG]   M2=2, M1=32, N2=2, N1=32
[TC_DEBUG]   startpoint_left=0, startpoint_top=0
[TC_DEBUG]   left_data_len=0, top_data_len=1
[TC_DEBUG]   LeftData (tr0, 64 int32 elements):
[TC_DEBUG]     [0000] 00000000 04040404 08080808 0C0C0C0C 10101010 14141414 18181818 1C1C1C1C 20202020 24242424 28282828 2C2C2C2C 30303030 34343434 38383838 3C3C3C3C 40404040 44444444 48484848 4C4C4C4C 50505050 54545454 58585858 5C5C5C5C 60606060 64646464 68686868 6C6C6C6C 70707070 74747474 78787878 7C7C7C7C 
[TC_DEBUG]     [0032] 01010101 05050505 09090909 0D0D0D0D 11111111 15151515 19191919 1D1D1D1D 21212121 25252525 29292929 2D2D2D2D 31313131 35353535 39393939 3D3D3D3D 41414141 45454545 49494949 4D4D4D4D 51515151 55555555 59595959 5D5D5D5D 61616161 65656565 69696969 6D6D6D6D 71717171 75757575 79797979 7D7D7D7D 
[TC_DEBUG]   TopData (tr1, 64 int32 elements):
[TC_DEBUG]     [0000] 00000000 02020202 04040404 06060606 08080808 0A0A0A0A 0C0C0C0C 0E0E0E0E 10101010 12121212 14141414 16161616 18181818 1A1A1A1A 1C1C1C1C 1E1E1E1E 20202020 22222222 24242424 26262626 28282828 2A2A2A2A 2C2C2C2C 2E2E2E2E 30303030 32323232 34343434 36363636 38383838 3A3A3A3A 3C3C3C3C 3E3E3E3E 
[TC_DEBUG]     [0032] 01010101 03030303 05050505 07070707 09090909 0B0B0B0B 0D0D0D0D 0F0F0F0F 11111111 13131313 15151515 17171717 19191919 1B1B1B1B 1D1D1D1D 1F1F1F1F 21212121 23232323 25252525 27272727 29292929 2B2B2B2B 2D2D2D2D 2F2F2F2F 31313131 33333333 35353535 37373737 39393939 3B3B3B3B 3D3D3D3D 3F3F3F3F 
[TC_DEBUG]   AccBuffer (base=0x50000000, 4096 elements):
[TC_DEBUG]     [0000] 00000000 02020202 04040404 06060606 08080808 0A0A0A0A 0C0C0C0C 0E0E0E0E 10101010 12121212 14141414 16161616 18181818 1A1A1A1A 1C1C1C1C 1E1E1E1E 20202020 22222222 24242424 26262626 28282828 2A2A2A2A 2C2C2C2C 2E2E2E2E 30303030 32323232 34343434 36363636 38383838 3A3A3A3A 3C3C3C3C 3E3E3E3E 
[TC_DEBUG]     [0032] 01010101 03030303 05050505 07070707 09090909 0B0B0B0B 0D0D0D0D 0F0F0F0F 11111111 13131313 15151515 17171717 19191919 1B1B1B1B 1D1D1D1D 1F1F1F1F 21212121 23232323 25252525 27272727 29292929 2B2B2B2B 2D2D2D2D 2F2F2F2F 31313131 33333333 35353535 37373737 39393939 3B3B3B3B 3D3D3D3D 3F3F3F3F 
[TC_DEBUG]     [0064] 00000000 02020202 04040404 06060606 08080808 0A0A0A0A 0C0C0C0C 0E0E0E0E 10101010 12121212 14141414 16161616 18181818 1A1A1A1A 1C1C1C1C 1E1E1E1E 20202020 22222222 24242424 26262626 28282828 2A2A2A2A 2C2C2C2C 2E2E2E2E 30303030 32323232 34343434 36363636 38383838 3A3A3A3A 3C3C3C3C 3E3E3E3E 
[TC_DEBUG]     [0096] 01010101 03030303 05050505 07070707 09090909 0B0B0B0B 0D0D0D0D 0F0F0F0F 11111111 13131313 15151515 17171717 19191919 1B1B1B1B 1D1D1D1D 1F1F1F1F 21212121 23232323 25252525 27272727 29292929 2B2B2B2B 2D2D2D2D 2F2F2F2F 31313131 33333333 35353535 37373737 39393939 3B3B3B3B 3D3D3D3D 3F3F3F3F 
[TC_DEBUG]     [0128] 00000000 02020202 04040404 06060606 08080808 0A0A0A0A 0C0C0C0C 0E0E0E0E 10101010 12121212 14141414 16161616 18181818 1A1A1A1A 1C1C1C1C 1E1E1E1E 20202020 22222222 24242424 26262626 28282828 2A2A2A2A 2C2C2C2C 2E2E2E2E 30303030 32323232 34343434 36363636 38383838 3A3A3A3A 3C3C3C3C 3E3E3E3E 
[TC_DEBUG]     [0160] 01010101 03030303 05050505 07070707 09090909 0B0B0B0B 0D0D0D0D 0F0F0F0F 11111111 13131313 15151515 17171717 19191919 1B1B1B1B 1D1D1D1D 1F1F1F1F 21212121 23232323 25252525 27272727 29292929 2B2B2B2B 2D2D2D2D 2F2F2F2F 31313131 33333333 35353535 37373737 39393939 3B3B3B3B 3D3D3D3D 3F3F3F3F 
[TC_DEBUG]     [0192] 00000000 02020202 04040404 06060606 08080808 0A0A0A0A 0C0C0C0C 0E0E0E0E 10101010 12121212 14141414 16161616 18181818 1A1A1A1A 1C1C1C1C 1E1E1E1E 20202020 22222222 24242424 26262626 28282828 2A2A2A2A 2C2C2C2C 2E2E2E2E 30303030 32323232 34343434 36363636 38383838 3A3A3A3A 3C3C3C3C 3E3E3E3E 
[TC_DEBUG]     [0224] 01010101 03030303 05050505 07070707 09090909 0B0B0B0B 0D0D0D0D 0F0F0F0F 11111111 13131313 15151515 17171717 19191919 1B1B1B1B 1D1D1D1D 1F1F1F1F 21212121 23232323 25252525 27272727 29292929 2B2B2B2B 2D2D2D2D 2F2F2F2F 31313131 33333333 35353535 37373737 39393939 3B3B3B3B 3D3D3D3D 3F3F3F3F 
[TC_DEBUG]     [0256] 00000000 02020202 04040404 06060606 08080808 0A0A0A0A 0C0C0C0C 0E0E0E0E 10101010 12121212 14141414 16161616 18181818 1A1A1A1A 1C1C1C1C 1E1E1E1E 20202020 22222222 24242424 26262626 28282828 2A2A2A2A 2C2C2C2C 2E2E2E2E 30303030 32323232 34343434 36363636 38383838 3A3A3A3A 3C3C3C3C 3E3E3E3E 
[TC_DEBUG]     [0288] 01010101 03030303 05050505 07070707 09090909 0B0B0B0B 0D0D0D0D 0F0F0F0F 11111111 13131313 15151515 17171717 19191919 1B1B1B1B 1D1D1D1D 1F1F1F1F 21212121 23232323 25252525 27272727 29292929 2B2B2B2B 2D2D2D2D 2F2F2F2F 31313131 33333333 35353535 37373737 39393939 3B3B3B3B 3D3D3D3D 3F3F3F3F 
[TC_DEBUG]     [0320] 00000000 02020202 04040404 06060606 08080808 0A0A0A0A 0C0C0C0C 0E0E0E0E 10101010 12121212 14141414 16161616 18181818 1A1A1A1A 1C1C1C1C 1E1E1E1E 20202020 22222222 24242424 26262626 28282828 2A2A2A2A 2C2C2C2C 2E2E2E2E 30303030 32323232 34343434 36363636 38383838 3A3A3A3A 3C3C3C3C 3E3E3E3E 
[TC_DEBUG]     [0352] 01010101 03030303 05050505 07070707 09090909 0B0B0B0B 0D0D0D0D 0F0F0F0F 11111111 13131313 15151515 17171717 19191919 1B1B1B1B 1D1D1D1D 1F1F1F1F 21212121 23232323 25252525 27272727 29292929 2B2B2B2B 2D2D2D2D 2F2F2F2F 31313131 33333333 35353535 37373737 39393939 3B3B3B3B 3D3D3D3D 3F3F3F3F 
[TC_DEBUG]     [0384] 00000000 02020202 04040404 06060606 08080808 0A0A0A0A 0C0C0C0C 0E0E0E0E 10101010 12121212 14141414 16161616 18181818 1A1A1A1A 1C1C1C1C 1E1E1E1E 20202020 22222222 24242424 26262626 28282828 2A2A2A2A 2C2C2C2C 2E2E2E2E 30303030 32323232 34343434 36363636 38383838 3A3A3A3A 3C3C3C3C 3E3E3E3E 
[TC_DEBUG]     [0416] 01010101 03030303 05050505 07070707 09090909 0B0B0B0B 0D0D0D0D 0F0F0F0F 11111111 13131313 15151515 17171717 19191919 1B1B1B1B 1D1D1D1D 1F1F1F1F 21212121 23232323 25252525 27272727 29292929 2B2B2B2B 2D2D2D2D 2F2F2F2F 31313131 33333333 35353535 37373737 39393939 3B3B3B3B 3D3D3D3D 3F3F3F3F 
[TC_DEBUG]     [0448] 00000000 02020202 04040404 06060606 08080808 0A0A0A0A 0C0C0C0C 0E0E0E0E 10101010 12121212 14141414 16161616 18181818 1A1A1A1A 1C1C1C1C 1E1E1E1E 20202020 22222222 24242424 26262626 28282828 2A2A2A2A 2C2C2C2C 2E2E2E2E 30303030 32323232 34343434 36363636 38383838 3A3A3A3A 3C3C3C3C 3E3E3E3E 
[TC_DEBUG]     [0480] 01010101 03030303 05050505 07070707 09090909 0B0B0B0B 0D0D0D0D 0F0F0F0F 11111111 13131313 15151515 17171717 19191919 1B1B1B1B 1D1D1D1D 1F1F1F1F 21212121 23232323 25252525 27272727 29292929 2B2B2B2B 2D2D2D2D 2F2F2F2F 31313131 33333333 35353535 37373737 39393939 3B3B3B3B 3D3D3D3D 3F3F3F3F 
[TC_DEBUG]     [0512] 00000000 02020202 04040404 06060606 08080808 0A0A0A0A 0C0C0C0C 0E0E0E0E 10101010 12121212 14141414 16161616 18181818 1A1A1A1A 1C1C1C1C 1E1E1E1E 20202020 22222222 24242424 26262626 28282828 2A2A2A2A 2C2C2C2C 2E2E2E2E 30303030 32323232 34343434 36363636 38383838 3A3A3A3A 3C3C3C3C 3E3E3E3E 
[TC_DEBUG]     [0544] 01010101 03030303 05050505 07070707 09090909 0B0B0B0B 0D0D0D0D 0F0F0F0F 11111111 13131313 15151515 17171717 19191919 1B1B1B1B 1D1D1D1D 1F1F1F1F 21212121 23232323 25252525 27272727 29292929 2B2B2B2B 2D2D2D2D 2F2F2F2F 31313131 33333333 35353535 37373737 39393939 3B3B3B3B 3D3D3D3D 3F3F3F3F 
[TC_DEBUG]     [0576] 00000000 02020202 04040404 06060606 08080808 0A0A0A0A 0C0C0C0C 0E0E0E0E 10101010 12121212 14141414 16161616 18181818 1A1A1A1A 1C1C1C1C 1E1E1E1E 20202020 22222222 24242424 26262626 28282828 2A2A2A2A 2C2C2C2C 2E2E2E2E 30303030 32323232 34343434 36363636 38383838 3A3A3A3A 3C3C3C3C 3E3E3E3E 
[TC_DEBUG]     [0608] 01010101 03030303 05050505 07070707 09090909 0B0B0B0B 0D0D0D0D 0F0F0F0F 11111111 13131313 15151515 17171717 19191919 1B1B1B1B 1D1D1D1D 1F1F1F1F 21212121 23232323 25252525 27272727 29292929 2B2B2B2B 2D2D2D2D 2F2F2F2F 31313131 33333333 35353535 37373737 39393939 3B3B3B3B 3D3D3D3D 3F3F3F3F 
[TC_DEBUG]     [0640] 00000000 02020202 04040404 06060606 08080808 0A0A0A0A 0C0C0C0C 0E0E0E0E 10101010 12121212 14141414 16161616 18181818 1A1A1A1A 1C1C1C1C 1E1E1E1E 20202020 22222222 24242424 26262626 28282828 2A2A2A2A 2C2C2C2C 2E2E2E2E 30303030 32323232 34343434 36363636 38383838 3A3A3A3A 3C3C3C3C 3E3E3E3E 
[TC_DEBUG]     [0672] 01010101 03030303 05050505 07070707 09090909 0B0B0B0B 0D0D0D0D 0F0F0F0F 11111111 13131313 15151515 17171717 19191919 1B1B1B1B 1D1D1D1D 1F1F1F1F 21212121 23232323 25252525 27272727 29292929 2B2B2B2B 2D2D2D2D 2F2F2F2F 31313131 33333333 35353535 37373737 39393939 3B3B3B3B 3D3D3D3D 3F3F3F3F 
[TC_DEBUG]     [0704] 00000000 02020202 04040404 06060606 08080808 0A0A0A0A 0C0C0C0C 0E0E0E0E 10101010 12121212 14141414 16161616 18181818 1A1A1A1A 1C1C1C1C 1E1E1E1E 20202020 22222222 24242424 26262626 28282828 2A2A2A2A 2C2C2C2C 2E2E2E2E 30303030 32323232 34343434 36363636 38383838 3A3A3A3A 3C3C3C3C 3E3E3E3E 
[TC_DEBUG]     [0736] 01010101 03030303 05050505 07070707 09090909 0B0B0B0B 0D0D0D0D 0F0F0F0F 11111111 13131313 15151515 17171717 19191919 1B1B1B1B 1D1D1D1D 1F1F1F1F 21212121 23232323 25252525 27272727 29292929 2B2B2B2B 2D2D2D2D 2F2F2F2F 31313131 33333333 35353535 37373737 39393939 3B3B3B3B 3D3D3D3D 3F3F3F3F 
[TC_DEBUG]     [0768] 00000000 02020202 04040404 06060606 08080808 0A0A0A0A 0C0C0C0C 0E0E0E0E 10101010 12121212 14141414 16161616 18181818 1A1A1A1A 1C1C1C1C 1E1E1E1E 20202020 22222222 24242424 26262626 28282828 2A2A2A2A 2C2C2C2C 2E2E2E2E 30303030 32323232 34343434 36363636 38383838 3A3A3A3A 3C3C3C3C 3E3E3E3E 
[TC_DEBUG]     [0800] 01010101 03030303 05050505 07070707 09090909 0B0B0B0B 0D0D0D0D 0F0F0F0F 11111111 13131313 15151515 17171717 19191919 1B1B1B1B 1D1D1D1D 1F1F1F1F 21212121 23232323 25252525 27272727 29292929 2B2B2B2B 2D2D2D2D 2F2F2F2F 31313131 33333333 35353535 37373737 39393939 3B3B3B3B 3D3D3D3D 3F3F3F3F 
[TC_DEBUG]     [0832] 00000000 02020202 04040404 06060606 08080808 0A0A0A0A 0C0C0C0C 0E0E0E0E 10101010 12121212 14141414 16161616 18181818 1A1A1A1A 1C1C1C1C 1E1E1E1E 20202020 22222222 24242424 26262626 28282828 2A2A2A2A 2C2C2C2C 2E2E2E2E 30303030 32323232 34343434 36363636 38383838 3A3A3A3A 3C3C3C3C 3E3E3E3E 
[TC_DEBUG]     [0864] 01010101 03030303 05050505 07070707 09090909 0B0B0B0B 0D0D0D0D 0F0F0F0F 11111111 13131313 15151515 17171717 19191919 1B1B1B1B 1D1D1D1D 1F1F1F1F 21212121 23232323 25252525 27272727 29292929 2B2B2B2B 2D2D2D2D 2F2F2F2F 31313131 33333333 35353535 37373737 39393939 3B3B3B3B 3D3D3D3D 3F3F3F3F 
[TC_DEBUG]     [0896] 00000000 02020202 04040404 06060606 08080808 0A0A0A0A 0C0C0C0C 0E0E0E0E 10101010 12121212 14141414 16161616 18181818 1A1A1A1A 1C1C1C1C 1E1E1E1E 20202020 22222222 24242424 26262626 28282828 2A2A2A2A 2C2C2C2C 2E2E2E2E 30303030 32323232 34343434 36363636 38383838 3A3A3A3A 3C3C3C3C 3E3E3E3E 
[TC_DEBUG]     [0928] 01010101 03030303 05050505 07070707 09090909 0B0B0B0B 0D0D0D0D 0F0F0F0F 11111111 13131313 15151515 17171717 19191919 1B1B1B1B 1D1D1D1D 1F1F1F1F 21212121 23232323 25252525 27272727 29292929 2B2B2B2B 2D2D2D2D 2F2F2F2F 31313131 33333333 35353535 37373737 39393939 3B3B3B3B 3D3D3D3D 3F3F3F3F 
[TC_DEBUG]     [0960] 00000000 02020202 04040404 06060606 08080808 0A0A0A0A 0C0C0C0C 0E0E0E0E 10101010 12121212 14141414 16161616 18181818 1A1A1A1A 1C1C1C1C 1E1E1E1E 20202020 22222222 24242424 26262626 28282828 2A2A2A2A 2C2C2C2C 2E2E2E2E 30303030 32323232 34343434 36363636 38383838 3A3A3A3A 3C3C3C3C 3E3E3E3E 
[TC_DEBUG]     [0992] 01010101 03030303 05050505 07070707 09090909 0B0B0B0B 0D0D0D0D 0F0F0F0F 11111111 13131313 15151515 17171717 19191919 1B1B1B1B 1D1D1D1D 1F1F1F1F 21212121 23232323 25252525 27272727 29292929 2B2B2B2B 2D2D2D2D 2F2F2F2F 31313131 33333333 35353535 37373737 39393939 3B3B3B3B 3D3D3D3D 3F3F3F3F 
[TC_DEBUG]     [1024] 00000000 02020202 04040404 06060606 08080808 0A0A0A0A 0C0C0C0C 0E0E0E0E 10101010 12121212 14141414 16161616 18181818 1A1A1A1A 1C1C1C1C 1E1E1E1E 20202020 22222222 24242424 26262626 28282828 2A2A2A2A 2C2C2C2C 2E2E2E2E 30303030 32323232 34343434 36363636 38383838 3A3A3A3A 3C3C3C3C 3E3E3E3E 
[TC_DEBUG]     [1056] 01010101 03030303 05050505 07070707 09090909 0B0B0B0B 0D0D0D0D 0F0F0F0F 11111111 13131313 15151515 17171717 19191919 1B1B1B1B 1D1D1D1D 1F1F1F1F 21212121 23232323 25252525 27272727 29292929 2B2B2B2B 2D2D2D2D 2F2F2F2F 31313131 33333333 35353535 37373737 39393939 3B3B3B3B 3D3D3D3D 3F3F3F3F 
[TC_DEBUG]     [1088] 00000000 02020202 04040404 06060606 08080808 0A0A0A0A 0C0C0C0C 0E0E0E0E 10101010 12121212 14141414 16161616 18181818 1A1A1A1A 1C1C1C1C 1E1E1E1E 20202020 22222222 24242424 26262626 28282828 2A2A2A2A 2C2C2C2C 2E2E2E2E 30303030 32323232 34343434 36363636 38383838 3A3A3A3A 3C3C3C3C 3E3E3E3E 
[TC_DEBUG]     [1120] 01010101 03030303 05050505 07070707 09090909 0B0B0B0B 0D0D0D0D 0F0F0F0F 11111111 13131313 15151515 17171717 19191919 1B1B1B1B 1D1D1D1D 1F1F1F1F 21212121 23232323 25252525 27272727 29292929 2B2B2B2B 2D2D2D2D 2F2F2F2F 31313131 33333333 35353535 37373737 39393939 3B3B3B3B 3D3D3D3D 3F3F3F3F 
[TC_DEBUG]     [1152] 00000000 02020202 04040404 06060606 08080808 0A0A0A0A 0C0C0C0C 0E0E0E0E 10101010 12121212 14141414 16161616 18181818 1A1A1A1A 1C1C1C1C 1E1E1E1E 20202020 22222222 24242424 26262626 28282828 2A2A2A2A 2C2C2C2C 2E2E2E2E 30303030 32323232 34343434 36363636 38383838 3A3A3A3A 3C3C3C3C 3E3E3E3E 
[TC_DEBUG]     [1184] 01010101 03030303 05050505 07070707 09090909 0B0B0B0B 0D0D0D0D 0F0F0F0F 11111111 13131313 15151515 17171717 19191919 1B1B1B1B 1D1D1D1D 1F1F1F1F 21212121 23232323 25252525 27272727 29292929 2B2B2B2B 2D2D2D2D 2F2F2F2F 31313131 33333333 35353535 37373737 39393939 3B3B3B3B 3D3D3D3D 3F3F3F3F 
[TC_DEBUG]     [1216] 00000000 02020202 04040404 06060606 08080808 0A0A0A0A 0C0C0C0C 0E0E0E0E 10101010 12121212 14141414 16161616 18181818 1A1A1A1A 1C1C1C1C 1E1E1E1E 20202020 22222222 24242424 26262626 28282828 2A2A2A2A 2C2C2C2C 2E2E2E2E 30303030 32323232 34343434 36363636 38383838 3A3A3A3A 3C3C3C3C 3E3E3E3E 
[TC_DEBUG]     [1248] 01010101 03030303 05050505 07070707 09090909 0B0B0B0B 0D0D0D0D 0F0F0F0F 11111111 13131313 15151515 17171717 19191919 1B1B1B1B 1D1D1D1D 1F1F1F1F 21212121 23232323 25252525 27272727 29292929 2B2B2B2B 2D2D2D2D 2F2F2F2F 31313131 33333333 35353535 37373737 39393939 3B3B3B3B 3D3D3D3D 3F3F3F3F 
[TC_DEBUG]     [1280] 00000000 02020202 04040404 06060606 08080808 0A0A0A0A 0C0C0C0C 0E0E0E0E 10101010 12121212 14141414 16161616 18181818 1A1A1A1A 1C1C1C1C 1E1E1E1E 20202020 22222222 24242424 26262626 28282828 2A2A2A2A 2C2C2C2C 2E2E2E2E 30303030 32323232 34343434 36363636 38383838 3A3A3A3A 3C3C3C3C 3E3E3E3E 
[TC_DEBUG]     [1312] 01010101 03030303 05050505 07070707 09090909 0B0B0B0B 0D0D0D0D 0F0F0F0F 11111111 13131313 15151515 17171717 19191919 1B1B1B1B 1D1D1D1D 1F1F1F1F 21212121 23232323 25252525 27272727 29292929 2B2B2B2B 2D2D2D2D 2F2F2F2F 31313131 33333333 35353535 37373737 39393939 3B3B3B3B 3D3D3D3D 3F3F3F3F 
[TC_DEBUG]     [1344] 00000000 02020202 04040404 06060606 08080808 0A0A0A0A 0C0C0C0C 0E0E0E0E 10101010 12121212 14141414 16161616 18181818 1A1A1A1A 1C1C1C1C 1E1E1E1E 20202020 22222222 24242424 26262626 28282828 2A2A2A2A 2C2C2C2C 2E2E2E2E 30303030 32323232 34343434 36363636 38383838 3A3A3A3A 3C3C3C3C 3E3E3E3E 
[TC_DEBUG]     [1376] 01010101 03030303 05050505 07070707 09090909 0B0B0B0B 0D0D0D0D 0F0F0F0F 11111111 13131313 15151515 17171717 19191919 1B1B1B1B 1D1D1D1D 1F1F1F1F 21212121 23232323 25252525 27272727 29292929 2B2B2B2B 2D2D2D2D 2F2F2F2F 31313131 33333333 35353535 37373737 39393939 3B3B3B3B 3D3D3D3D 3F3F3F3F 
[TC_DEBUG]     [1408] 00000000 02020202 04040404 06060606 08080808 0A0A0A0A 0C0C0C0C 0E0E0E0E 10101010 12121212 14141414 16161616 18181818 1A1A1A1A 1C1C1C1C 1E1E1E1E 20202020 22222222 24242424 26262626 28282828 2A2A2A2A 2C2C2C2C 2E2E2E2E 30303030 32323232 34343434 36363636 38383838 3A3A3A3A 3C3C3C3C 3E3E3E3E 
[TC_DEBUG]     [1440] 01010101 03030303 05050505 07070707 09090909 0B0B0B0B 0D0D0D0D 0F0F0F0F 11111111 13131313 15151515 17171717 19191919 1B1B1B1B 1D1D1D1D 1F1F1F1F 21212121 23232323 25252525 27272727 29292929 2B2B2B2B 2D2D2D2D 2F2F2F2F 31313131 33333333 35353535 37373737 39393939 3B3B3B3B 3D3D3D3D 3F3F3F3F 
[TC_DEBUG]     [1472] 00000000 02020202 04040404 06060606 08080808 0A0A0A0A 0C0C0C0C 0E0E0E0E 10101010 12121212 14141414 16161616 18181818 1A1A1A1A 1C1C1C1C 1E1E1E1E 20202020 22222222 24242424 26262626 28282828 2A2A2A2A 2C2C2C2C 2E2E2E2E 30303030 32323232 34343434 36363636 38383838 3A3A3A3A 3C3C3C3C 3E3E3E3E 
[TC_DEBUG]     [1504] 01010101 03030303 05050505 07070707 09090909 0B0B0B0B 0D0D0D0D 0F0F0F0F 11111111 13131313 15151515 17171717 19191919 1B1B1B1B 1D1D1D1D 1F1F1F1F 21212121 23232323 25252525 27272727 29292929 2B2B2B2B 2D2D2D2D 2F2F2F2F 31313131 33333333 35353535 37373737 39393939 3B3B3B3B 3D3D3D3D 3F3F3F3F 
[TC_DEBUG]     [1536] 00000000 02020202 04040404 06060606 08080808 0A0A0A0A 0C0C0C0C 0E0E0E0E 10101010 12121212 14141414 16161616 18181818 1A1A1A1A 1C1C1C1C 1E1E1E1E 20202020 22222222 24242424 26262626 28282828 2A2A2A2A 2C2C2C2C 2E2E2E2E 30303030 32323232 34343434 36363636 38383838 3A3A3A3A 3C3C3C3C 3E3E3E3E 
[TC_DEBUG]     [1568] 01010101 03030303 05050505 07070707 09090909 0B0B0B0B 0D0D0D0D 0F0F0F0F 11111111 13131313 15151515 17171717 19191919 1B1B1B1B 1D1D1D1D 1F1F1F1F 21212121 23232323 25252525 27272727 29292929 2B2B2B2B 2D2D2D2D 2F2F2F2F 31313131 33333333 35353535 37373737 39393939 3B3B3B3B 3D3D3D3D 3F3F3F3F 
[TC_DEBUG]     [1600] 00000000 02020202 04040404 06060606 08080808 0A0A0A0A 0C0C0C0C 0E0E0E0E 10101010 12121212 14141414 16161616 18181818 1A1A1A1A 1C1C1C1C 1E1E1E1E 20202020 22222222 24242424 26262626 28282828 2A2A2A2A 2C2C2C2C 2E2E2E2E 30303030 32323232 34343434 36363636 38383838 3A3A3A3A 3C3C3C3C 3E3E3E3E 
[TC_DEBUG]     [1632] 01010101 03030303 05050505 07070707 09090909 0B0B0B0B 0D0D0D0D 0F0F0F0F 11111111 13131313 15151515 17171717 19191919 1B1B1B1B 1D1D1D1D 1F1F1F1F 21212121 23232323 25252525 27272727 29292929 2B2B2B2B 2D2D2D2D 2F2F2F2F 31313131 33333333 35353535 37373737 39393939 3B3B3B3B 3D3D3D3D 3F3F3F3F 
[TC_DEBUG]     [1664] 00000000 02020202 04040404 06060606 08080808 0A0A0A0A 0C0C0C0C 0E0E0E0E 10101010 12121212 14141414 16161616 18181818 1A1A1A1A 1C1C1C1C 1E1E1E1E 20202020 22222222 24242424 26262626 28282828 2A2A2A2A 2C2C2C2C 2E2E2E2E 30303030 32323232 34343434 36363636 38383838 3A3A3A3A 3C3C3C3C 3E3E3E3E 
[TC_DEBUG]     [1696] 01010101 03030303 05050505 07070707 09090909 0B0B0B0B 0D0D0D0D 0F0F0F0F 11111111 13131313 15151515 17171717 19191919 1B1B1B1B 1D1D1D1D 1F1F1F1F 21212121 23232323 25252525 27272727 29292929 2B2B2B2B 2D2D2D2D 2F2F2F2F 31313131 33333333 35353535 37373737 39393939 3B3B3B3B 3D3D3D3D 3F3F3F3F 
[TC_DEBUG]     [1728] 00000000 02020202 04040404 06060606 08080808 0A0A0A0A 0C0C0C0C 0E0E0E0E 10101010 12121212 14141414 16161616 18181818 1A1A1A1A 1C1C1C1C 1E1E1E1E 20202020 22222222 24242424 26262626 28282828 2A2A2A2A 2C2C2C2C 2E2E2E2E 30303030 32323232 34343434 36363636 38383838 3A3A3A3A 3C3C3C3C 3E3E3E3E 
[TC_DEBUG]     [1760] 01010101 03030303 05050505 07070707 09090909 0B0B0B0B 0D0D0D0D 0F0F0F0F 11111111 13131313 15151515 17171717 19191919 1B1B1B1B 1D1D1D1D 1F1F1F1F 21212121 23232323 25252525 27272727 29292929 2B2B2B2B 2D2D2D2D 2F2F2F2F 31313131 33333333 35353535 37373737 39393939 3B3B3B3B 3D3D3D3D 3F3F3F3F 
[TC_DEBUG]     [1792] 00000000 02020202 04040404 06060606 08080808 0A0A0A0A 0C0C0C0C 0E0E0E0E 10101010 12121212 14141414 16161616 18181818 1A1A1A1A 1C1C1C1C 1E1E1E1E 20202020 22222222 24242424 26262626 28282828 2A2A2A2A 2C2C2C2C 2E2E2E2E 30303030 32323232 34343434 36363636 38383838 3A3A3A3A 3C3C3C3C 3E3E3E3E 
[TC_DEBUG]     [1824] 01010101 03030303 05050505 07070707 09090909 0B0B0B0B 0D0D0D0D 0F0F0F0F 11111111 13131313 15151515 17171717 19191919 1B1B1B1B 1D1D1D1D 1F1F1F1F 21212121 23232323 25252525 27272727 29292929 2B2B2B2B 2D2D2D2D 2F2F2F2F 31313131 33333333 35353535 37373737 39393939 3B3B3B3B 3D3D3D3D 3F3F3F3F 
[TC_DEBUG]     [1856] 00000000 02020202 04040404 06060606 08080808 0A0A0A0A 0C0C0C0C 0E0E0E0E 10101010 12121212 14141414 16161616 18181818 1A1A1A1A 1C1C1C1C 1E1E1E1E 20202020 22222222 24242424 26262626 28282828 2A2A2A2A 2C2C2C2C 2E2E2E2E 30303030 32323232 34343434 36363636 38383838 3A3A3A3A 3C3C3C3C 3E3E3E3E 
[TC_DEBUG]     [1888] 01010101 03030303 05050505 07070707 09090909 0B0B0B0B 0D0D0D0D 0F0F0F0F 11111111 13131313 15151515 17171717 19191919 1B1B1B1B 1D1D1D1D 1F1F1F1F 21212121 23232323 25252525 27272727 29292929 2B2B2B2B 2D2D2D2D 2F2F2F2F 31313131 33333333 35353535 37373737 39393939 3B3B3B3B 3D3D3D3D 3F3F3F3F 
[TC_DEBUG]     [1920] 00000000 02020202 04040404 06060606 08080808 0A0A0A0A 0C0C0C0C 0E0E0E0E 10101010 12121212 14141414 16161616 18181818 1A1A1A1A 1C1C1C1C 1E1E1E1E 20202020 22222222 24242424 26262626 28282828 2A2A2A2A 2C2C2C2C 2E2E2E2E 30303030 32323232 34343434 36363636 38383838 3A3A3A3A 3C3C3C3C 3E3E3E3E 
[TC_DEBUG]     [1952] 01010101 03030303 05050505 07070707 09090909 0B0B0B0B 0D0D0D0D 0F0F0F0F 11111111 13131313 15151515 17171717 19191919 1B1B1B1B 1D1D1D1D 1F1F1F1F 21212121 23232323 25252525 27272727 29292929 2B2B2B2B 2D2D2D2D 2F2F2F2F 31313131 33333333 35353535 37373737 39393939 3B3B3B3B 3D3D3D3D 3F3F3F3F 
[TC_DEBUG]     [1984] 00000000 02020202 04040404 06060606 08080808 0A0A0A0A 0C0C0C0C 0E0E0E0E 10101010 12121212 14141414 16161616 18181818 1A1A1A1A 1C1C1C1C 1E1E1E1E 20202020 22222222 24242424 26262626 28282828 2A2A2A2A 2C2C2C2C 2E2E2E2E 30303030 32323232 34343434 36363636 38383838 3A3A3A3A 3C3C3C3C 3E3E3E3E 
[TC_DEBUG]     [2016] 01010101 03030303 05050505 07070707 09090909 0B0B0B0B 0D0D0D0D 0F0F0F0F 11111111 13131313 15151515 17171717 19191919 1B1B1B1B 1D1D1D1D 1F1F1F1F 21212121 23232323 25252525 27272727 29292929 2B2B2B2B 2D2D2D2D 2F2F2F2F 31313131 33333333 35353535 37373737 39393939 3B3B3B3B 3D3D3D3D 3F3F3F3F 
[TC_DEBUG]     [2048] 00000000 02020202 04040404 06060606 08080808 0A0A0A0A 0C0C0C0C 0E0E0E0E 10101010 12121212 14141414 16161616 18181818 1A1A1A1A 1C1C1C1C 1E1E1E1E 20202020 22222222 24242424 26262626 28282828 2A2A2A2A 2C2C2C2C 2E2E2E2E 30303030 32323232 34343434 36363636 38383838 3A3A3A3A 3C3C3C3C 3E3E3E3E 
[TC_DEBUG]     [2080] 01010101 03030303 05050505 07070707 09090909 0B0B0B0B 0D0D0D0D 0F0F0F0F 11111111 13131313 15151515 17171717 19191919 1B1B1B1B 1D1D1D1D 1F1F1F1F 21212121 23232323 25252525 27272727 29292929 2B2B2B2B 2D2D2D2D 2F2F2F2F 31313131 33333333 35353535 37373737 39393939 3B3B3B3B 3D3D3D3D 3F3F3F3F 
[TC_DEBUG]     [2112] 00000000 02020202 04040404 06060606 08080808 0A0A0A0A 0C0C0C0C 0E0E0E0E 10101010 12121212 14141414 16161616 18181818 1A1A1A1A 1C1C1C1C 1E1E1E1E 20202020 22222222 24242424 26262626 28282828 2A2A2A2A 2C2C2C2C 2E2E2E2E 30303030 32323232 34343434 36363636 38383838 3A3A3A3A 3C3C3C3C 3E3E3E3E 
[TC_DEBUG]     [2144] 01010101 03030303 05050505 07070707 09090909 0B0B0B0B 0D0D0D0D 0F0F0F0F 11111111 13131313 15151515 17171717 19191919 1B1B1B1B 1D1D1D1D 1F1F1F1F 21212121 23232323 25252525 27272727 29292929 2B2B2B2B 2D2D2D2D 2F2F2F2F 31313131 33333333 35353535 37373737 39393939 3B3B3B3B 3D3D3D3D 3F3F3F3F 
[TC_DEBUG]     [2176] 00000000 02020202 04040404 06060606 08080808 0A0A0A0A 0C0C0C0C 0E0E0E0E 10101010 12121212 14141414 16161616 18181818 1A1A1A1A 1C1C1C1C 1E1E1E1E 20202020 22222222 24242424 26262626 28282828 2A2A2A2A 2C2C2C2C 2E2E2E2E 30303030 32323232 34343434 36363636 38383838 3A3A3A3A 3C3C3C3C 3E3E3E3E 
[TC_DEBUG]     [2208] 01010101 03030303 05050505 07070707 09090909 0B0B0B0B 0D0D0D0D 0F0F0F0F 11111111 13131313 15151515 17171717 19191919 1B1B1B1B 1D1D1D1D 1F1F1F1F 21212121 23232323 25252525 27272727 29292929 2B2B2B2B 2D2D2D2D 2F2F2F2F 31313131 33333333 35353535 37373737 39393939 3B3B3B3B 3D3D3D3D 3F3F3F3F 
[TC_DEBUG]     [2240] 00000000 02020202 04040404 06060606 08080808 0A0A0A0A 0C0C0C0C 0E0E0E0E 10101010 12121212 14141414 16161616 18181818 1A1A1A1A 1C1C1C1C 1E1E1E1E 20202020 22222222 24242424 26262626 28282828 2A2A2A2A 2C2C2C2C 2E2E2E2E 30303030 32323232 34343434 36363636 38383838 3A3A3A3A 3C3C3C3C 3E3E3E3E 
[TC_DEBUG]     [2272] 01010101 03030303 05050505 07070707 09090909 0B0B0B0B 0D0D0D0D 0F0F0F0F 11111111 13131313 15151515 17171717 19191919 1B1B1B1B 1D1D1D1D 1F1F1F1F 21212121 23232323 25252525 27272727 29292929 2B2B2B2B 2D2D2D2D 2F2F2F2F 31313131 33333333 35353535 37373737 39393939 3B3B3B3B 3D3D3D3D 3F3F3F3F 
[TC_DEBUG]     [2304] 00000000 02020202 04040404 06060606 08080808 0A0A0A0A 0C0C0C0C 0E0E0E0E 10101010 12121212 14141414 16161616 18181818 1A1A1A1A 1C1C1C1C 1E1E1E1E 20202020 22222222 24242424 26262626 28282828 2A2A2A2A 2C2C2C2C 2E2E2E2E 30303030 32323232 34343434 36363636 38383838 3A3A3A3A 3C3C3C3C 3E3E3E3E 
[TC_DEBUG]     [2336] 01010101 03030303 05050505 07070707 09090909 0B0B0B0B 0D0D0D0D 0F0F0F0F 11111111 13131313 15151515 17171717 19191919 1B1B1B1B 1D1D1D1D 1F1F1F1F 21212121 23232323 25252525 27272727 29292929 2B2B2B2B 2D2D2D2D 2F2F2F2F 31313131 33333333 35353535 37373737 39393939 3B3B3B3B 3D3D3D3D 3F3F3F3F 
[TC_DEBUG]     [2368] 00000000 02020202 04040404 06060606 08080808 0A0A0A0A 0C0C0C0C 0E0E0E0E 10101010 12121212 14141414 16161616 18181818 1A1A1A1A 1C1C1C1C 1E1E1E1E 20202020 22222222 24242424 26262626 28282828 2A2A2A2A 2C2C2C2C 2E2E2E2E 30303030 32323232 34343434 36363636 38383838 3A3A3A3A 3C3C3C3C 3E3E3E3E 
[TC_DEBUG]     [2400] 01010101 03030303 05050505 07070707 09090909 0B0B0B0B 0D0D0D0D 0F0F0F0F 11111111 13131313 15151515 17171717 19191919 1B1B1B1B 1D1D1D1D 1F1F1F1F 21212121 23232323 25252525 27272727 29292929 2B2B2B2B 2D2D2D2D 2F2F2F2F 31313131 33333333 35353535 37373737 39393939 3B3B3B3B 3D3D3D3D 3F3F3F3F 
[TC_DEBUG]     [2432] 00000000 02020202 04040404 06060606 08080808 0A0A0A0A 0C0C0C0C 0E0E0E0E 10101010 12121212 14141414 16161616 18181818 1A1A1A1A 1C1C1C1C 1E1E1E1E 20202020 22222222 24242424 26262626 28282828 2A2A2A2A 2C2C2C2C 2E2E2E2E 30303030 32323232 34343434 36363636 38383838 3A3A3A3A 3C3C3C3C 3E3E3E3E 
[TC_DEBUG]     [2464] 01010101 03030303 05050505 07070707 09090909 0B0B0B0B 0D0D0D0D 0F0F0F0F 11111111 13131313 15151515 17171717 19191919 1B1B1B1B 1D1D1D1D 1F1F1F1F 21212121 23232323 25252525 27272727 29292929 2B2B2B2B 2D2D2D2D 2F2F2F2F 31313131 33333333 35353535 37373737 39393939 3B3B3B3B 3D3D3D3D 3F3F3F3F 
[TC_DEBUG]     [2496] 00000000 02020202 04040404 06060606 08080808 0A0A0A0A 0C0C0C0C 0E0E0E0E 10101010 12121212 14141414 16161616 18181818 1A1A1A1A 1C1C1C1C 1E1E1E1E 20202020 22222222 24242424 26262626 28282828 2A2A2A2A 2C2C2C2C 2E2E2E2E 30303030 32323232 34343434 36363636 38383838 3A3A3A3A 3C3C3C3C 3E3E3E3E 
[TC_DEBUG]     [2528] 01010101 03030303 05050505 07070707 09090909 0B0B0B0B 0D0D0D0D 0F0F0F0F 11111111 13131313 15151515 17171717 19191919 1B1B1B1B 1D1D1D1D 1F1F1F1F 21212121 23232323 25252525 27272727 29292929 2B2B2B2B 2D2D2D2D 2F2F2F2F 31313131 33333333 35353535 37373737 39393939 3B3B3B3B 3D3D3D3D 3F3F3F3F 
[TC_DEBUG]     [2560] 00000000 02020202 04040404 06060606 08080808 0A0A0A0A 0C0C0C0C 0E0E0E0E 10101010 12121212 14141414 16161616 18181818 1A1A1A1A 1C1C1C1C 1E1E1E1E 20202020 22222222 24242424 26262626 28282828 2A2A2A2A 2C2C2C2C 2E2E2E2E 30303030 32323232 34343434 36363636 38383838 3A3A3A3A 3C3C3C3C 3E3E3E3E 
[TC_DEBUG]     [2592] 01010101 03030303 05050505 07070707 09090909 0B0B0B0B 0D0D0D0D 0F0F0F0F 11111111 13131313 15151515 17171717 19191919 1B1B1B1B 1D1D1D1D 1F1F1F1F 21212121 23232323 25252525 27272727 29292929 2B2B2B2B 2D2D2D2D 2F2F2F2F 31313131 33333333 35353535 37373737 39393939 3B3B3B3B 3D3D3D3D 3F3F3F3F 
[TC_DEBUG]     [2624] 00000000 02020202 04040404 06060606 08080808 0A0A0A0A 0C0C0C0C 0E0E0E0E 10101010 12121212 14141414 16161616 18181818 1A1A1A1A 1C1C1C1C 1E1E1E1E 20202020 22222222 24242424 26262626 28282828 2A2A2A2A 2C2C2C2C 2E2E2E2E 30303030 32323232 34343434 36363636 38383838 3A3A3A3A 3C3C3C3C 3E3E3E3E 
[TC_DEBUG]     [2656] 01010101 03030303 05050505 07070707 09090909 0B0B0B0B 0D0D0D0D 0F0F0F0F 11111111 13131313 15151515 17171717 19191919 1B1B1B1B 1D1D1D1D 1F1F1F1F 21212121 23232323 25252525 27272727 29292929 2B2B2B2B 2D2D2D2D 2F2F2F2F 31313131 33333333 35353535 37373737 39393939 3B3B3B3B 3D3D3D3D 3F3F3F3F 
[TC_DEBUG]     [2688] 00000000 02020202 04040404 06060606 08080808 0A0A0A0A 0C0C0C0C 0E0E0E0E 10101010 12121212 14141414 16161616 18181818 1A1A1A1A 1C1C1C1C 1E1E1E1E 20202020 22222222 24242424 26262626 28282828 2A2A2A2A 2C2C2C2C 2E2E2E2E 30303030 32323232 34343434 36363636 38383838 3A3A3A3A 3C3C3C3C 3E3E3E3E 
[TC_DEBUG]     [2720] 01010101 03030303 05050505 07070707 09090909 0B0B0B0B 0D0D0D0D 0F0F0F0F 11111111 13131313 15151515 17171717 19191919 1B1B1B1B 1D1D1D1D 1F1F1F1F 21212121 23232323 25252525 27272727 29292929 2B2B2B2B 2D2D2D2D 2F2F2F2F 31313131 33333333 35353535 37373737 39393939 3B3B3B3B 3D3D3D3D 3F3F3F3F 
[TC_DEBUG]     [2752] 00000000 02020202 04040404 06060606 08080808 0A0A0A0A 0C0C0C0C 0E0E0E0E 10101010 12121212 14141414 16161616 18181818 1A1A1A1A 1C1C1C1C 1E1E1E1E 20202020 22222222 24242424 26262626 28282828 2A2A2A2A 2C2C2C2C 2E2E2E2E 30303030 32323232 34343434 36363636 38383838 3A3A3A3A 3C3C3C3C 3E3E3E3E 
[TC_DEBUG]     [2784] 01010101 03030303 05050505 07070707 09090909 0B0B0B0B 0D0D0D0D 0F0F0F0F 11111111 13131313 15151515 17171717 19191919 1B1B1B1B 1D1D1D1D 1F1F1F1F 21212121 23232323 25252525 27272727 29292929 2B2B2B2B 2D2D2D2D 2F2F2F2F 31313131 33333333 35353535 37373737 39393939 3B3B3B3B 3D3D3D3D 3F3F3F3F 
[TC_DEBUG]     [2816] 00000000 02020202 04040404 06060606 08080808 0A0A0A0A 0C0C0C0C 0E0E0E0E 10101010 12121212 14141414 16161616 18181818 1A1A1A1A 1C1C1C1C 1E1E1E1E 20202020 22222222 24242424 26262626 28282828 2A2A2A2A 2C2C2C2C 2E2E2E2E 30303030 32323232 34343434 36363636 38383838 3A3A3A3A 3C3C3C3C 3E3E3E3E 
[TC_DEBUG]     [2848] 01010101 03030303 05050505 07070707 09090909 0B0B0B0B 0D0D0D0D 0F0F0F0F 11111111 13131313 15151515 17171717 19191919 1B1B1B1B 1D1D1D1D 1F1F1F1F 21212121 23232323 25252525 27272727 29292929 2B2B2B2B 2D2D2D2D 2F2F2F2F 31313131 33333333 35353535 37373737 39393939 3B3B3B3B 3D3D3D3D 3F3F3F3F 
[TC_DEBUG]     [2880] 00000000 02020202 04040404 06060606 08080808 0A0A0A0A 0C0C0C0C 0E0E0E0E 10101010 12121212 14141414 16161616 18181818 1A1A1A1A 1C1C1C1C 1E1E1E1E 20202020 22222222 24242424 26262626 28282828 2A2A2A2A 2C2C2C2C 2E2E2E2E 30303030 32323232 34343434 36363636 38383838 3A3A3A3A 3C3C3C3C 3E3E3E3E 
[TC_DEBUG]     [2912] 01010101 03030303 05050505 07070707 09090909 0B0B0B0B 0D0D0D0D 0F0F0F0F 11111111 13131313 15151515 17171717 19191919 1B1B1B1B 1D1D1D1D 1F1F1F1F 21212121 23232323 25252525 27272727 29292929 2B2B2B2B 2D2D2D2D 2F2F2F2F 31313131 33333333 35353535 37373737 39393939 3B3B3B3B 3D3D3D3D 3F3F3F3F 
[TC_DEBUG]     [2944] 00000000 02020202 04040404 06060606 08080808 0A0A0A0A 0C0C0C0C 0E0E0E0E 10101010 12121212 14141414 16161616 18181818 1A1A1A1A 1C1C1C1C 1E1E1E1E 20202020 22222222 24242424 26262626 28282828 2A2A2A2A 2C2C2C2C 2E2E2E2E 30303030 32323232 34343434 36363636 38383838 3A3A3A3A 3C3C3C3C 3E3E3E3E 
[TC_DEBUG]     [2976] 01010101 03030303 05050505 07070707 09090909 0B0B0B0B 0D0D0D0D 0F0F0F0F 11111111 13131313 15151515 17171717 19191919 1B1B1B1B 1D1D1D1D 1F1F1F1F 21212121 23232323 25252525 27272727 29292929 2B2B2B2B 2D2D2D2D 2F2F2F2F 31313131 33333333 35353535 37373737 39393939 3B3B3B3B 3D3D3D3D 3F3F3F3F 
[TC_DEBUG]     [3008] 00000000 02020202 04040404 06060606 08080808 0A0A0A0A 0C0C0C0C 0E0E0E0E 10101010 12121212 14141414 16161616 18181818 1A1A1A1A 1C1C1C1C 1E1E1E1E 20202020 22222222 24242424 26262626 28282828 2A2A2A2A 2C2C2C2C 2E2E2E2E 30303030 32323232 34343434 36363636 38383838 3A3A3A3A 3C3C3C3C 3E3E3E3E 
[TC_DEBUG]     [3040] 01010101 03030303 05050505 07070707 09090909 0B0B0B0B 0D0D0D0D 0F0F0F0F 11111111 13131313 15151515 17171717 19191919 1B1B1B1B 1D1D1D1D 1F1F1F1F 21212121 23232323 25252525 27272727 29292929 2B2B2B2B 2D2D2D2D 2F2F2F2F 31313131 33333333 35353535 37373737 39393939 3B3B3B3B 3D3D3D3D 3F3F3F3F 
[TC_DEBUG]     [3072] 00000000 02020202 04040404 06060606 08080808 0A0A0A0A 0C0C0C0C 0E0E0E0E 10101010 12121212 14141414 16161616 18181818 1A1A1A1A 1C1C1C1C 1E1E1E1E 20202020 22222222 24242424 26262626 28282828 2A2A2A2A 2C2C2C2C 2E2E2E2E 30303030 32323232 34343434 36363636 38383838 3A3A3A3A 3C3C3C3C 3E3E3E3E 
[TC_DEBUG]     [3104] 01010101 03030303 05050505 07070707 09090909 0B0B0B0B 0D0D0D0D 0F0F0F0F 11111111 13131313 15151515 17171717 19191919 1B1B1B1B 1D1D1D1D 1F1F1F1F 21212121 23232323 25252525 27272727 29292929 2B2B2B2B 2D2D2D2D 2F2F2F2F 31313131 33333333 35353535 37373737 39393939 3B3B3B3B 3D3D3D3D 3F3F3F3F 
[TC_DEBUG]     [3136] 00000000 02020202 04040404 06060606 08080808 0A0A0A0A 0C0C0C0C 0E0E0E0E 10101010 12121212 14141414 16161616 18181818 1A1A1A1A 1C1C1C1C 1E1E1E1E 20202020 22222222 24242424 26262626 28282828 2A2A2A2A 2C2C2C2C 2E2E2E2E 30303030 32323232 34343434 36363636 38383838 3A3A3A3A 3C3C3C3C 3E3E3E3E 
[TC_DEBUG]     [3168] 01010101 03030303 05050505 07070707 09090909 0B0B0B0B 0D0D0D0D 0F0F0F0F 11111111 13131313 15151515 17171717 19191919 1B1B1B1B 1D1D1D1D 1F1F1F1F 21212121 23232323 25252525 27272727 29292929 2B2B2B2B 2D2D2D2D 2F2F2F2F 31313131 33333333 35353535 37373737 39393939 3B3B3B3B 3D3D3D3D 3F3F3F3F 
[TC_DEBUG]     [3200] 00000000 02020202 04040404 06060606 08080808 0A0A0A0A 0C0C0C0C 0E0E0E0E 10101010 12121212 14141414 16161616 18181818 1A1A1A1A 1C1C1C1C 1E1E1E1E 20202020 22222222 24242424 26262626 28282828 2A2A2A2A 2C2C2C2C 2E2E2E2E 30303030 32323232 34343434 36363636 38383838 3A3A3A3A 3C3C3C3C 3E3E3E3E 
[TC_DEBUG]     [3232] 01010101 03030303 05050505 07070707 09090909 0B0B0B0B 0D0D0D0D 0F0F0F0F 11111111 13131313 15151515 17171717 19191919 1B1B1B1B 1D1D1D1D 1F1F1F1F 21212121 23232323 25252525 27272727 29292929 2B2B2B2B 2D2D2D2D 2F2F2F2F 31313131 33333333 35353535 37373737 39393939 3B3B3B3B 3D3D3D3D 3F3F3F3F 
[TC_DEBUG]     [3264] 00000000 02020202 04040404 06060606 08080808 0A0A0A0A 0C0C0C0C 0E0E0E0E 10101010 12121212 14141414 16161616 18181818 1A1A1A1A 1C1C1C1C 1E1E1E1E 20202020 22222222 24242424 26262626 28282828 2A2A2A2A 2C2C2C2C 2E2E2E2E 30303030 32323232 34343434 36363636 38383838 3A3A3A3A 3C3C3C3C 3E3E3E3E 
[TC_DEBUG]     [3296] 01010101 03030303 05050505 07070707 09090909 0B0B0B0B 0D0D0D0D 0F0F0F0F 11111111 13131313 15151515 17171717 19191919 1B1B1B1B 1D1D1D1D 1F1F1F1F 21212121 23232323 25252525 27272727 29292929 2B2B2B2B 2D2D2D2D 2F2F2F2F 31313131 33333333 35353535 37373737 39393939 3B3B3B3B 3D3D3D3D 3F3F3F3F 
[TC_DEBUG]     [3328] 00000000 02020202 04040404 06060606 08080808 0A0A0A0A 0C0C0C0C 0E0E0E0E 10101010 12121212 14141414 16161616 18181818 1A1A1A1A 1C1C1C1C 1E1E1E1E 20202020 22222222 24242424 26262626 28282828 2A2A2A2A 2C2C2C2C 2E2E2E2E 30303030 32323232 34343434 36363636 38383838 3A3A3A3A 3C3C3C3C 3E3E3E3E 
[TC_DEBUG]     [3360] 01010101 03030303 05050505 07070707 09090909 0B0B0B0B 0D0D0D0D 0F0F0F0F 11111111 13131313 15151515 17171717 19191919 1B1B1B1B 1D1D1D1D 1F1F1F1F 21212121 23232323 25252525 27272727 29292929 2B2B2B2B 2D2D2D2D 2F2F2F2F 31313131 33333333 35353535 37373737 39393939 3B3B3B3B 3D3D3D3D 3F3F3F3F 
[TC_DEBUG]     [3392] 00000000 02020202 04040404 06060606 08080808 0A0A0A0A 0C0C0C0C 0E0E0E0E 10101010 12121212 14141414 16161616 18181818 1A1A1A1A 1C1C1C1C 1E1E1E1E 20202020 22222222 24242424 26262626 28282828 2A2A2A2A 2C2C2C2C 2E2E2E2E 30303030 32323232 34343434 36363636 38383838 3A3A3A3A 3C3C3C3C 3E3E3E3E 
[TC_DEBUG]     [3424] 01010101 03030303 05050505 07070707 09090909 0B0B0B0B 0D0D0D0D 0F0F0F0F 11111111 13131313 15151515 17171717 19191919 1B1B1B1B 1D1D1D1D 1F1F1F1F 21212121 23232323 25252525 27272727 29292929 2B2B2B2B 2D2D2D2D 2F2F2F2F 31313131 33333333 35353535 37373737 39393939 3B3B3B3B 3D3D3D3D 3F3F3F3F 
[TC_DEBUG]     [3456] 00000000 02020202 04040404 06060606 08080808 0A0A0A0A 0C0C0C0C 0E0E0E0E 10101010 12121212 14141414 16161616 18181818 1A1A1A1A 1C1C1C1C 1E1E1E1E 20202020 22222222 24242424 26262626 28282828 2A2A2A2A 2C2C2C2C 2E2E2E2E 30303030 32323232 34343434 36363636 38383838 3A3A3A3A 3C3C3C3C 3E3E3E3E 
[TC_DEBUG]     [3488] 01010101 03030303 05050505 07070707 09090909 0B0B0B0B 0D0D0D0D 0F0F0F0F 11111111 13131313 15151515 17171717 19191919 1B1B1B1B 1D1D1D1D 1F1F1F1F 21212121 23232323 25252525 27272727 29292929 2B2B2B2B 2D2D2D2D 2F2F2F2F 31313131 33333333 35353535 37373737 39393939 3B3B3B3B 3D3D3D3D 3F3F3F3F 
[TC_DEBUG]     [3520] 00000000 02020202 04040404 06060606 08080808 0A0A0A0A 0C0C0C0C 0E0E0E0E 10101010 12121212 14141414 16161616 18181818 1A1A1A1A 1C1C1C1C 1E1E1E1E 20202020 22222222 24242424 26262626 28282828 2A2A2A2A 2C2C2C2C 2E2E2E2E 30303030 32323232 34343434 36363636 38383838 3A3A3A3A 3C3C3C3C 3E3E3E3E 
[TC_DEBUG]     [3552] 01010101 03030303 05050505 07070707 09090909 0B0B0B0B 0D0D0D0D 0F0F0F0F 11111111 13131313 15151515 17171717 19191919 1B1B1B1B 1D1D1D1D 1F1F1F1F 21212121 23232323 25252525 27272727 29292929 2B2B2B2B 2D2D2D2D 2F2F2F2F 31313131 33333333 35353535 37373737 39393939 3B3B3B3B 3D3D3D3D 3F3F3F3F 
[TC_DEBUG]     [3584] 00000000 02020202 04040404 06060606 08080808 0A0A0A0A 0C0C0C0C 0E0E0E0E 10101010 12121212 14141414 16161616 18181818 1A1A1A1A 1C1C1C1C 1E1E1E1E 20202020 22222222 24242424 26262626 28282828 2A2A2A2A 2C2C2C2C 2E2E2E2E 30303030 32323232 34343434 36363636 38383838 3A3A3A3A 3C3C3C3C 3E3E3E3E 
[TC_DEBUG]     [3616] 01010101 03030303 05050505 07070707 09090909 0B0B0B0B 0D0D0D0D 0F0F0F0F 11111111 13131313 15151515 17171717 19191919 1B1B1B1B 1D1D1D1D 1F1F1F1F 21212121 23232323 25252525 27272727 29292929 2B2B2B2B 2D2D2D2D 2F2F2F2F 31313131 33333333 35353535 37373737 39393939 3B3B3B3B 3D3D3D3D 3F3F3F3F 
[TC_DEBUG]     [3648] 00000000 02020202 04040404 06060606 08080808 0A0A0A0A 0C0C0C0C 0E0E0E0E 10101010 12121212 14141414 16161616 18181818 1A1A1A1A 1C1C1C1C 1E1E1E1E 20202020 22222222 24242424 26262626 28282828 2A2A2A2A 2C2C2C2C 2E2E2E2E 30303030 32323232 34343434 36363636 38383838 3A3A3A3A 3C3C3C3C 3E3E3E3E 
[TC_DEBUG]     [3680] 01010101 03030303 05050505 07070707 09090909 0B0B0B0B 0D0D0D0D 0F0F0F0F 11111111 13131313 15151515 17171717 19191919 1B1B1B1B 1D1D1D1D 1F1F1F1F 21212121 23232323 25252525 27272727 29292929 2B2B2B2B 2D2D2D2D 2F2F2F2F 31313131 33333333 35353535 37373737 39393939 3B3B3B3B 3D3D3D3D 3F3F3F3F 
[TC_DEBUG]     [3712] 00000000 02020202 04040404 06060606 08080808 0A0A0A0A 0C0C0C0C 0E0E0E0E 10101010 12121212 14141414 16161616 18181818 1A1A1A1A 1C1C1C1C 1E1E1E1E 20202020 22222222 24242424 26262626 28282828 2A2A2A2A 2C2C2C2C 2E2E2E2E 30303030 32323232 34343434 36363636 38383838 3A3A3A3A 3C3C3C3C 3E3E3E3E 
[TC_DEBUG]     [3744] 01010101 03030303 05050505 07070707 09090909 0B0B0B0B 0D0D0D0D 0F0F0F0F 11111111 13131313 15151515 17171717 19191919 1B1B1B1B 1D1D1D1D 1F1F1F1F 21212121 23232323 25252525 27272727 29292929 2B2B2B2B 2D2D2D2D 2F2F2F2F 31313131 33333333 35353535 37373737 39393939 3B3B3B3B 3D3D3D3D 3F3F3F3F 
[TC_DEBUG]     [3776] 00000000 02020202 04040404 06060606 08080808 0A0A0A0A 0C0C0C0C 0E0E0E0E 10101010 12121212 14141414 16161616 18181818 1A1A1A1A 1C1C1C1C 1E1E1E1E 20202020 22222222 24242424 26262626 28282828 2A2A2A2A 2C2C2C2C 2E2E2E2E 30303030 32323232 34343434 36363636 38383838 3A3A3A3A 3C3C3C3C 3E3E3E3E 
[TC_DEBUG]     [3808] 01010101 03030303 05050505 07070707 09090909 0B0B0B0B 0D0D0D0D 0F0F0F0F 11111111 13131313 15151515 17171717 19191919 1B1B1B1B 1D1D1D1D 1F1F1F1F 21212121 23232323 25252525 27272727 29292929 2B2B2B2B 2D2D2D2D 2F2F2F2F 31313131 33333333 35353535 37373737 39393939 3B3B3B3B 3D3D3D3D 3F3F3F3F 
[TC_DEBUG]     [3840] 00000000 02020202 04040404 06060606 08080808 0A0A0A0A 0C0C0C0C 0E0E0E0E 10101010 12121212 14141414 16161616 18181818 1A1A1A1A 1C1C1C1C 1E1E1E1E 20202020 22222222 24242424 26262626 28282828 2A2A2A2A 2C2C2C2C 2E2E2E2E 30303030 32323232 34343434 36363636 38383838 3A3A3A3A 3C3C3C3C 3E3E3E3E 
[TC_DEBUG]     [3872] 01010101 03030303 05050505 07070707 09090909 0B0B0B0B 0D0D0D0D 0F0F0F0F 11111111 13131313 15151515 17171717 19191919 1B1B1B1B 1D1D1D1D 1F1F1F1F 21212121 23232323 25252525 27272727 29292929 2B2B2B2B 2D2D2D2D 2F2F2F2F 31313131 33333333 35353535 37373737 39393939 3B3B3B3B 3D3D3D3D 3F3F3F3F 
[TC_DEBUG]     [3904] 00000000 02020202 04040404 06060606 08080808 0A0A0A0A 0C0C0C0C 0E0E0E0E 10101010 12121212 14141414 16161616 18181818 1A1A1A1A 1C1C1C1C 1E1E1E1E 20202020 22222222 24242424 26262626 28282828 2A2A2A2A 2C2C2C2C 2E2E2E2E 30303030 32323232 34343434 36363636 38383838 3A3A3A3A 3C3C3C3C 3E3E3E3E 
[TC_DEBUG]     [3936] 01010101 03030303 05050505 07070707 09090909 0B0B0B0B 0D0D0D0D 0F0F0F0F 11111111 13131313 15151515 17171717 19191919 1B1B1B1B 1D1D1D1D 1F1F1F1F 21212121 23232323 25252525 27272727 29292929 2B2B2B2B 2D2D2D2D 2F2F2F2F 31313131 33333333 35353535 37373737 39393939 3B3B3B3B 3D3D3D3D 3F3F3F3F 
[TC_DEBUG]     [3968] 00000000 02020202 04040404 06060606 08080808 0A0A0A0A 0C0C0C0C 0E0E0E0E 10101010 12121212 14141414 16161616 18181818 1A1A1A1A 1C1C1C1C 1E1E1E1E 20202020 22222222 24242424 26262626 28282828 2A2A2A2A 2C2C2C2C 2E2E2E2E 30303030 32323232 34343434 36363636 38383838 3A3A3A3A 3C3C3C3C 3E3E3E3E 
[TC_DEBUG]     [4000] 01010101 03030303 05050505 07070707 09090909 0B0B0B0B 0D0D0D0D 0F0F0F0F 11111111 13131313 15151515 17171717 19191919 1B1B1B1B 1D1D1D1D 1F1F1F1F 21212121 23232323 25252525 27272727 29292929 2B2B2B2B 2D2D2D2D 2F2F2F2F 31313131 33333333 35353535 37373737 39393939 3B3B3B3B 3D3D3D3D 3F3F3F3F 
[TC_DEBUG]     [4032] 00000000 02020202 04040404 06060606 08080808 0A0A0A0A 0C0C0C0C 0E0E0E0E 10101010 12121212 14141414 16161616 18181818 1A1A1A1A 1C1C1C1C 1E1E1E1E 20202020 22222222 24242424 26262626 28282828 2A2A2A2A 2C2C2C2C 2E2E2E2E 30303030 32323232 34343434 36363636 38383838 3A3A3A3A 3C3C3C3C 3E3E3E3E 
[TC_DEBUG]     [4064] 01010101 03030303 05050505 07070707 09090909 0B0B0B0B 0D0D0D0D 0F0F0F0F 11111111 13131313 15151515 17171717 19191919 1B1B1B1B 1D1D1D1D 1F1F1F1F 21212121 23232323 25252525 27272727 29292929 2B2B2B2B 2D2D2D2D 2F2F2F2F 31313131 33333333 35353535 37373737 39393939 3B3B3B3B 3D3D3D3D 3F3F3F3F 
Test 4 completed

=== Test 5: tc.st.add Left Data Only (4x1) ===
tlength: 0x00000004 (left_len=4, top_len=0)
Computing: acc[m][n] = Left[m] (broadcast horizontally)
[TC_DEBUG] tc.st.add: trs1=0, trs2=1, rs1v=0x50000000, rs2v=0x00000000
[TC_DEBUG]   M2=4, M1=32, N2=1, N1=32
[TC_DEBUG]   startpoint_left=0, startpoint_top=0
[TC_DEBUG]   left_data_len=4, top_data_len=0
[TC_DEBUG]   LeftData (tr0, 128 int32 elements):
[TC_DEBUG]     [0000] 00000000 04040404 08080808 0C0C0C0C 10101010 14141414 18181818 1C1C1C1C 20202020 24242424 28282828 2C2C2C2C 30303030 34343434 38383838 3C3C3C3C 40404040 44444444 48484848 4C4C4C4C 50505050 54545454 58585858 5C5C5C5C 60606060 64646464 68686868 6C6C6C6C 70707070 74747474 78787878 7C7C7C7C 
[TC_DEBUG]     [0032] 01010101 05050505 09090909 0D0D0D0D 11111111 15151515 19191919 1D1D1D1D 21212121 25252525 29292929 2D2D2D2D 31313131 35353535 39393939 3D3D3D3D 41414141 45454545 49494949 4D4D4D4D 51515151 55555555 59595959 5D5D5D5D 61616161 65656565 69696969 6D6D6D6D 71717171 75757575 79797979 7D7D7D7D 
[TC_DEBUG]     [0064] 02020202 06060606 0A0A0A0A 0E0E0E0E 12121212 16161616 1A1A1A1A 1E1E1E1E 22222222 26262626 2A2A2A2A 2E2E2E2E 32323232 36363636 3A3A3A3A 3E3E3E3E 42424242 46464646 4A4A4A4A 4E4E4E4E 52525252 56565656 5A5A5A5A 5E5E5E5E 62626262 66666666 6A6A6A6A 6E6E6E6E 72727272 76767676 7A7A7A7A 7E7E7E7E 
[TC_DEBUG]     [0096] 03030303 07070707 0B0B0B0B 0F0F0F0F 13131313 17171717 1B1B1B1B 1F1F1F1F 23232323 27272727 2B2B2B2B 2F2F2F2F 33333333 37373737 3B3B3B3B 3F3F3F3F 43434343 47474747 4B4B4B4B 4F4F4F4F 53535353 57575757 5B5B5B5B 5F5F5F5F 63636363 67676767 6B6B6B6B 6F6F6F6F 73737373 77777777 7B7B7B7B 7F7F7F7F 
[TC_DEBUG]   TopData (tr1, 32 int32 elements):
[TC_DEBUG]     [0000] 00000000 02020202 04040404 06060606 08080808 0A0A0A0A 0C0C0C0C 0E0E0E0E 10101010 12121212 14141414 16161616 18181818 1A1A1A1A 1C1C1C1C 1E1E1E1E 20202020 22222222 24242424 26262626 28282828 2A2A2A2A 2C2C2C2C 2E2E2E2E 30303030 32323232 34343434 36363636 38383838 3A3A3A3A 3C3C3C3C 3E3E3E3E 
[TC_DEBUG]   AccBuffer (base=0x50000000, 4096 elements):
[TC_DEBUG]     [0000] 00000000 00000000 00000000 00000000 00000000 00000000 00000000 00000000 00000000 00000000 00000000 00000000 00000000 00000000 00000000 00000000 00000000 00000000 00000000 00000000 00000000 00000000 00000000 00000000 00000000 00000000 00000000 00000000 00000000 00000000 00000000 00000000 
[TC_DEBUG]     [0032] 01010101 01010101 01010101 01010101 01010101 01010101 01010101 01010101 01010101 01010101 01010101 01010101 01010101 01010101 01010101 01010101 01010101 01010101 01010101 01010101 01010101 01010101 01010101 01010101 01010101 01010101 01010101 01010101 01010101 01010101 01010101 01010101 
[TC_DEBUG]     [0064] 02020202 02020202 02020202 02020202 02020202 02020202 02020202 02020202 02020202 02020202 02020202 02020202 02020202 02020202 02020202 02020202 02020202 02020202 02020202 02020202 02020202 02020202 02020202 02020202 02020202 02020202 02020202 02020202 02020202 02020202 02020202 02020202 
[TC_DEBUG]     [0096] 03030303 03030303 03030303 03030303 03030303 03030303 03030303 03030303 03030303 03030303 03030303 03030303 03030303 03030303 03030303 03030303 03030303 03030303 03030303 03030303 03030303 03030303 03030303 03030303 03030303 03030303 03030303 03030303 03030303 03030303 03030303 03030303 
[TC_DEBUG]     [0128] 04040404 04040404 04040404 04040404 04040404 04040404 04040404 04040404 04040404 04040404 04040404 04040404 04040404 04040404 04040404 04040404 04040404 04040404 04040404 04040404 04040404 04040404 04040404 04040404 04040404 04040404 04040404 04040404 04040404 04040404 04040404 04040404 
[TC_DEBUG]     [0160] 05050505 05050505 05050505 05050505 05050505 05050505 05050505 05050505 05050505 05050505 05050505 05050505 05050505 05050505 05050505 05050505 05050505 05050505 05050505 05050505 05050505 05050505 05050505 05050505 05050505 05050505 05050505 05050505 05050505 05050505 05050505 05050505 
[TC_DEBUG]     [0192] 06060606 06060606 06060606 06060606 06060606 06060606 06060606 06060606 06060606 06060606 06060606 06060606 06060606 06060606 06060606 06060606 06060606 06060606 06060606 06060606 06060606 06060606 06060606 06060606 06060606 06060606 06060606 06060606 06060606 06060606 06060606 06060606 
[TC_DEBUG]     [0224] 07070707 07070707 07070707 07070707 07070707 07070707 07070707 07070707 07070707 07070707 07070707 07070707 07070707 07070707 07070707 07070707 07070707 07070707 07070707 07070707 07070707 07070707 07070707 07070707 07070707 07070707 07070707 07070707 07070707 07070707 07070707 07070707 
[TC_DEBUG]     [0256] 08080808 08080808 08080808 08080808 08080808 08080808 08080808 08080808 08080808 08080808 08080808 08080808 08080808 08080808 08080808 08080808 08080808 08080808 08080808 08080808 08080808 08080808 08080808 08080808 08080808 08080808 08080808 08080808 08080808 08080808 08080808 08080808 
[TC_DEBUG]     [0288] 09090909 09090909 09090909 09090909 09090909 09090909 09090909 09090909 09090909 09090909 09090909 09090909 09090909 09090909 09090909 09090909 09090909 09090909 09090909 09090909 09090909 09090909 09090909 09090909 09090909 09090909 09090909 09090909 09090909 09090909 09090909 09090909 
[TC_DEBUG]     [0320] 0A0A0A0A 0A0A0A0A 0A0A0A0A 0A0A0A0A 0A0A0A0A 0A0A0A0A 0A0A0A0A 0A0A0A0A 0A0A0A0A 0A0A0A0A 0A0A0A0A 0A0A0A0A 0A0A0A0A 0A0A0A0A 0A0A0A0A 0A0A0A0A 0A0A0A0A 0A0A0A0A 0A0A0A0A 0A0A0A0A 0A0A0A0A 0A0A0A0A 0A0A0A0A 0A0A0A0A 0A0A0A0A 0A0A0A0A 0A0A0A0A 0A0A0A0A 0A0A0A0A 0A0A0A0A 0A0A0A0A 0A0A0A0A 
[TC_DEBUG]     [0352] 0B0B0B0B 0B0B0B0B 0B0B0B0B 0B0B0B0B 0B0B0B0B 0B0B0B0B 0B0B0B0B 0B0B0B0B 0B0B0B0B 0B0B0B0B 0B0B0B0B 0B0B0B0B 0B0B0B0B 0B0B0B0B 0B0B0B0B 0B0B0B0B 0B0B0B0B 0B0B0B0B 0B0B0B0B 0B0B0B0B 0B0B0B0B 0B0B0B0B 0B0B0B0B 0B0B0B0B 0B0B0B0B 0B0B0B0B 0B0B0B0B 0B0B0B0B 0B0B0B0B 0B0B0B0B 0B0B0B0B 0B0B0B0B 
[TC_DEBUG]     [0384] 0C0C0C0C 0C0C0C0C 0C0C0C0C 0C0C0C0C 0C0C0C0C 0C0C0C0C 0C0C0C0C 0C0C0C0C 0C0C0C0C 0C0C0C0C 0C0C0C0C 0C0C0C0C 0C0C0C0C 0C0C0C0C 0C0C0C0C 0C0C0C0C 0C0C0C0C 0C0C0C0C 0C0C0C0C 0C0C0C0C 0C0C0C0C 0C0C0C0C 0C0C0C0C 0C0C0C0C 0C0C0C0C 0C0C0C0C 0C0C0C0C 0C0C0C0C 0C0C0C0C 0C0C0C0C 0C0C0C0C 0C0C0C0C 
[TC_DEBUG]     [0416] 0D0D0D0D 0D0D0D0D 0D0D0D0D 0D0D0D0D 0D0D0D0D 0D0D0D0D 0D0D0D0D 0D0D0D0D 0D0D0D0D 0D0D0D0D 0D0D0D0D 0D0D0D0D 0D0D0D0D 0D0D0D0D 0D0D0D0D 0D0D0D0D 0D0D0D0D 0D0D0D0D 0D0D0D0D 0D0D0D0D 0D0D0D0D 0D0D0D0D 0D0D0D0D 0D0D0D0D 0D0D0D0D 0D0D0D0D 0D0D0D0D 0D0D0D0D 0D0D0D0D 0D0D0D0D 0D0D0D0D 0D0D0D0D 
[TC_DEBUG]     [0448] 0E0E0E0E 0E0E0E0E 0E0E0E0E 0E0E0E0E 0E0E0E0E 0E0E0E0E 0E0E0E0E 0E0E0E0E 0E0E0E0E 0E0E0E0E 0E0E0E0E 0E0E0E0E 0E0E0E0E 0E0E0E0E 0E0E0E0E 0E0E0E0E 0E0E0E0E 0E0E0E0E 0E0E0E0E 0E0E0E0E 0E0E0E0E 0E0E0E0E 0E0E0E0E 0E0E0E0E 0E0E0E0E 0E0E0E0E 0E0E0E0E 0E0E0E0E 0E0E0E0E 0E0E0E0E 0E0E0E0E 0E0E0E0E 
[TC_DEBUG]     [0480] 0F0F0F0F 0F0F0F0F 0F0F0F0F 0F0F0F0F 0F0F0F0F 0F0F0F0F 0F0F0F0F 0F0F0F0F 0F0F0F0F 0F0F0F0F 0F0F0F0F 0F0F0F0F 0F0F0F0F 0F0F0F0F 0F0F0F0F 0F0F0F0F 0F0F0F0F 0F0F0F0F 0F0F0F0F 0F0F0F0F 0F0F0F0F 0F0F0F0F 0F0F0F0F 0F0F0F0F 0F0F0F0F 0F0F0F0F 0F0F0F0F 0F0F0F0F 0F0F0F0F 0F0F0F0F 0F0F0F0F 0F0F0F0F 
[TC_DEBUG]     [0512] 10101010 10101010 10101010 10101010 10101010 10101010 10101010 10101010 10101010 10101010 10101010 10101010 10101010 10101010 10101010 10101010 10101010 10101010 10101010 10101010 10101010 10101010 10101010 10101010 10101010 10101010 10101010 10101010 10101010 10101010 10101010 10101010 
[TC_DEBUG]     [0544] 11111111 11111111 11111111 11111111 11111111 11111111 11111111 11111111 11111111 11111111 11111111 11111111 11111111 11111111 11111111 11111111 11111111 11111111 11111111 11111111 11111111 11111111 11111111 11111111 11111111 11111111 11111111 11111111 11111111 11111111 11111111 11111111 
[TC_DEBUG]     [0576] 12121212 12121212 12121212 12121212 12121212 12121212 12121212 12121212 12121212 12121212 12121212 12121212 12121212 12121212 12121212 12121212 12121212 12121212 12121212 12121212 12121212 12121212 12121212 12121212 12121212 12121212 12121212 12121212 12121212 12121212 12121212 12121212 
[TC_DEBUG]     [0608] 13131313 13131313 13131313 13131313 13131313 13131313 13131313 13131313 13131313 13131313 13131313 13131313 13131313 13131313 13131313 13131313 13131313 13131313 13131313 13131313 13131313 13131313 13131313 13131313 13131313 13131313 13131313 13131313 13131313 13131313 13131313 13131313 
[TC_DEBUG]     [0640] 14141414 14141414 14141414 14141414 14141414 14141414 14141414 14141414 14141414 14141414 14141414 14141414 14141414 14141414 14141414 14141414 14141414 14141414 14141414 14141414 14141414 14141414 14141414 14141414 14141414 14141414 14141414 14141414 14141414 14141414 14141414 14141414 
[TC_DEBUG]     [0672] 15151515 15151515 15151515 15151515 15151515 15151515 15151515 15151515 15151515 15151515 15151515 15151515 15151515 15151515 15151515 15151515 15151515 15151515 15151515 15151515 15151515 15151515 15151515 15151515 15151515 15151515 15151515 15151515 15151515 15151515 15151515 15151515 
[TC_DEBUG]     [0704] 16161616 16161616 16161616 16161616 16161616 16161616 16161616 16161616 16161616 16161616 16161616 16161616 16161616 16161616 16161616 16161616 16161616 16161616 16161616 16161616 16161616 16161616 16161616 16161616 16161616 16161616 16161616 16161616 16161616 16161616 16161616 16161616 
[TC_DEBUG]     [0736] 17171717 17171717 17171717 17171717 17171717 17171717 17171717 17171717 17171717 17171717 17171717 17171717 17171717 17171717 17171717 17171717 17171717 17171717 17171717 17171717 17171717 17171717 17171717 17171717 17171717 17171717 17171717 17171717 17171717 17171717 17171717 17171717 
[TC_DEBUG]     [0768] 18181818 18181818 18181818 18181818 18181818 18181818 18181818 18181818 18181818 18181818 18181818 18181818 18181818 18181818 18181818 18181818 18181818 18181818 18181818 18181818 18181818 18181818 18181818 18181818 18181818 18181818 18181818 18181818 18181818 18181818 18181818 18181818 
[TC_DEBUG]     [0800] 19191919 19191919 19191919 19191919 19191919 19191919 19191919 19191919 19191919 19191919 19191919 19191919 19191919 19191919 19191919 19191919 19191919 19191919 19191919 19191919 19191919 19191919 19191919 19191919 19191919 19191919 19191919 19191919 19191919 19191919 19191919 19191919 
[TC_DEBUG]     [0832] 1A1A1A1A 1A1A1A1A 1A1A1A1A 1A1A1A1A 1A1A1A1A 1A1A1A1A 1A1A1A1A 1A1A1A1A 1A1A1A1A 1A1A1A1A 1A1A1A1A 1A1A1A1A 1A1A1A1A 1A1A1A1A 1A1A1A1A 1A1A1A1A 1A1A1A1A 1A1A1A1A 1A1A1A1A 1A1A1A1A 1A1A1A1A 1A1A1A1A 1A1A1A1A 1A1A1A1A 1A1A1A1A 1A1A1A1A 1A1A1A1A 1A1A1A1A 1A1A1A1A 1A1A1A1A 1A1A1A1A 1A1A1A1A 
[TC_DEBUG]     [0864] 1B1B1B1B 1B1B1B1B 1B1B1B1B 1B1B1B1B 1B1B1B1B 1B1B1B1B 1B1B1B1B 1B1B1B1B 1B1B1B1B 1B1B1B1B 1B1B1B1B 1B1B1B1B 1B1B1B1B 1B1B1B1B 1B1B1B1B 1B1B1B1B 1B1B1B1B 1B1B1B1B 1B1B1B1B 1B1B1B1B 1B1B1B1B 1B1B1B1B 1B1B1B1B 1B1B1B1B 1B1B1B1B 1B1B1B1B 1B1B1B1B 1B1B1B1B 1B1B1B1B 1B1B1B1B 1B1B1B1B 1B1B1B1B 
[TC_DEBUG]     [0896] 1C1C1C1C 1C1C1C1C 1C1C1C1C 1C1C1C1C 1C1C1C1C 1C1C1C1C 1C1C1C1C 1C1C1C1C 1C1C1C1C 1C1C1C1C 1C1C1C1C 1C1C1C1C 1C1C1C1C 1C1C1C1C 1C1C1C1C 1C1C1C1C 1C1C1C1C 1C1C1C1C 1C1C1C1C 1C1C1C1C 1C1C1C1C 1C1C1C1C 1C1C1C1C 1C1C1C1C 1C1C1C1C 1C1C1C1C 1C1C1C1C 1C1C1C1C 1C1C1C1C 1C1C1C1C 1C1C1C1C 1C1C1C1C 
[TC_DEBUG]     [0928] 1D1D1D1D 1D1D1D1D 1D1D1D1D 1D1D1D1D 1D1D1D1D 1D1D1D1D 1D1D1D1D 1D1D1D1D 1D1D1D1D 1D1D1D1D 1D1D1D1D 1D1D1D1D 1D1D1D1D 1D1D1D1D 1D1D1D1D 1D1D1D1D 1D1D1D1D 1D1D1D1D 1D1D1D1D 1D1D1D1D 1D1D1D1D 1D1D1D1D 1D1D1D1D 1D1D1D1D 1D1D1D1D 1D1D1D1D 1D1D1D1D 1D1D1D1D 1D1D1D1D 1D1D1D1D 1D1D1D1D 1D1D1D1D 
[TC_DEBUG]     [0960] 1E1E1E1E 1E1E1E1E 1E1E1E1E 1E1E1E1E 1E1E1E1E 1E1E1E1E 1E1E1E1E 1E1E1E1E 1E1E1E1E 1E1E1E1E 1E1E1E1E 1E1E1E1E 1E1E1E1E 1E1E1E1E 1E1E1E1E 1E1E1E1E 1E1E1E1E 1E1E1E1E 1E1E1E1E 1E1E1E1E 1E1E1E1E 1E1E1E1E 1E1E1E1E 1E1E1E1E 1E1E1E1E 1E1E1E1E 1E1E1E1E 1E1E1E1E 1E1E1E1E 1E1E1E1E 1E1E1E1E 1E1E1E1E 
[TC_DEBUG]     [0992] 1F1F1F1F 1F1F1F1F 1F1F1F1F 1F1F1F1F 1F1F1F1F 1F1F1F1F 1F1F1F1F 1F1F1F1F 1F1F1F1F 1F1F1F1F 1F1F1F1F 1F1F1F1F 1F1F1F1F 1F1F1F1F 1F1F1F1F 1F1F1F1F 1F1F1F1F 1F1F1F1F 1F1F1F1F 1F1F1F1F 1F1F1F1F 1F1F1F1F 1F1F1F1F 1F1F1F1F 1F1F1F1F 1F1F1F1F 1F1F1F1F 1F1F1F1F 1F1F1F1F 1F1F1F1F 1F1F1F1F 1F1F1F1F 
[TC_DEBUG]     [1024] 20202020 20202020 20202020 20202020 20202020 20202020 20202020 20202020 20202020 20202020 20202020 20202020 20202020 20202020 20202020 20202020 20202020 20202020 20202020 20202020 20202020 20202020 20202020 20202020 20202020 20202020 20202020 20202020 20202020 20202020 20202020 20202020 
[TC_DEBUG]     [1056] 21212121 21212121 21212121 21212121 21212121 21212121 21212121 21212121 21212121 21212121 21212121 21212121 21212121 21212121 21212121 21212121 21212121 21212121 21212121 21212121 21212121 21212121 21212121 21212121 21212121 21212121 21212121 21212121 21212121 21212121 21212121 21212121 
[TC_DEBUG]     [1088] 22222222 22222222 22222222 22222222 22222222 22222222 22222222 22222222 22222222 22222222 22222222 22222222 22222222 22222222 22222222 22222222 22222222 22222222 22222222 22222222 22222222 22222222 22222222 22222222 22222222 22222222 22222222 22222222 22222222 22222222 22222222 22222222 
[TC_DEBUG]     [1120] 23232323 23232323 23232323 23232323 23232323 23232323 23232323 23232323 23232323 23232323 23232323 23232323 23232323 23232323 23232323 23232323 23232323 23232323 23232323 23232323 23232323 23232323 23232323 23232323 23232323 23232323 23232323 23232323 23232323 23232323 23232323 23232323 
[TC_DEBUG]     [1152] 24242424 24242424 24242424 24242424 24242424 24242424 24242424 24242424 24242424 24242424 24242424 24242424 24242424 24242424 24242424 24242424 24242424 24242424 24242424 24242424 24242424 24242424 24242424 24242424 24242424 24242424 24242424 24242424 24242424 24242424 24242424 24242424 
[TC_DEBUG]     [1184] 25252525 25252525 25252525 25252525 25252525 25252525 25252525 25252525 25252525 25252525 25252525 25252525 25252525 25252525 25252525 25252525 25252525 25252525 25252525 25252525 25252525 25252525 25252525 25252525 25252525 25252525 25252525 25252525 25252525 25252525 25252525 25252525 
[TC_DEBUG]     [1216] 26262626 26262626 26262626 26262626 26262626 26262626 26262626 26262626 26262626 26262626 26262626 26262626 26262626 26262626 26262626 26262626 26262626 26262626 26262626 26262626 26262626 26262626 26262626 26262626 26262626 26262626 26262626 26262626 26262626 26262626 26262626 26262626 
[TC_DEBUG]     [1248] 27272727 27272727 27272727 27272727 27272727 27272727 27272727 27272727 27272727 27272727 27272727 27272727 27272727 27272727 27272727 27272727 27272727 27272727 27272727 27272727 27272727 27272727 27272727 27272727 27272727 27272727 27272727 27272727 27272727 27272727 27272727 27272727 
[TC_DEBUG]     [1280] 28282828 28282828 28282828 28282828 28282828 28282828 28282828 28282828 28282828 28282828 28282828 28282828 28282828 28282828 28282828 28282828 28282828 28282828 28282828 28282828 28282828 28282828 28282828 28282828 28282828 28282828 28282828 28282828 28282828 28282828 28282828 28282828 
[TC_DEBUG]     [1312] 29292929 29292929 29292929 29292929 29292929 29292929 29292929 29292929 29292929 29292929 29292929 29292929 29292929 29292929 29292929 29292929 29292929 29292929 29292929 29292929 29292929 29292929 29292929 29292929 29292929 29292929 29292929 29292929 29292929 29292929 29292929 29292929 
[TC_DEBUG]     [1344] 2A2A2A2A 2A2A2A2A 2A2A2A2A 2A2A2A2A 2A2A2A2A 2A2A2A2A 2A2A2A2A 2A2A2A2A 2A2A2A2A 2A2A2A2A 2A2A2A2A 2A2A2A2A 2A2A2A2A 2A2A2A2A 2A2A2A2A 2A2A2A2A 2A2A2A2A 2A2A2A2A 2A2A2A2A 2A2A2A2A 2A2A2A2A 2A2A2A2A 2A2A2A2A 2A2A2A2A 2A2A2A2A 2A2A2A2A 2A2A2A2A 2A2A2A2A 2A2A2A2A 2A2A2A2A 2A2A2A2A 2A2A2A2A 
[TC_DEBUG]     [1376] 2B2B2B2B 2B2B2B2B 2B2B2B2B 2B2B2B2B 2B2B2B2B 2B2B2B2B 2B2B2B2B 2B2B2B2B 2B2B2B2B 2B2B2B2B 2B2B2B2B 2B2B2B2B 2B2B2B2B 2B2B2B2B 2B2B2B2B 2B2B2B2B 2B2B2B2B 2B2B2B2B 2B2B2B2B 2B2B2B2B 2B2B2B2B 2B2B2B2B 2B2B2B2B 2B2B2B2B 2B2B2B2B 2B2B2B2B 2B2B2B2B 2B2B2B2B 2B2B2B2B 2B2B2B2B 2B2B2B2B 2B2B2B2B 
[TC_DEBUG]     [1408] 2C2C2C2C 2C2C2C2C 2C2C2C2C 2C2C2C2C 2C2C2C2C 2C2C2C2C 2C2C2C2C 2C2C2C2C 2C2C2C2C 2C2C2C2C 2C2C2C2C 2C2C2C2C 2C2C2C2C 2C2C2C2C 2C2C2C2C 2C2C2C2C 2C2C2C2C 2C2C2C2C 2C2C2C2C 2C2C2C2C 2C2C2C2C 2C2C2C2C 2C2C2C2C 2C2C2C2C 2C2C2C2C 2C2C2C2C 2C2C2C2C 2C2C2C2C 2C2C2C2C 2C2C2C2C 2C2C2C2C 2C2C2C2C 
[TC_DEBUG]     [1440] 2D2D2D2D 2D2D2D2D 2D2D2D2D 2D2D2D2D 2D2D2D2D 2D2D2D2D 2D2D2D2D 2D2D2D2D 2D2D2D2D 2D2D2D2D 2D2D2D2D 2D2D2D2D 2D2D2D2D 2D2D2D2D 2D2D2D2D 2D2D2D2D 2D2D2D2D 2D2D2D2D 2D2D2D2D 2D2D2D2D 2D2D2D2D 2D2D2D2D 2D2D2D2D 2D2D2D2D 2D2D2D2D 2D2D2D2D 2D2D2D2D 2D2D2D2D 2D2D2D2D 2D2D2D2D 2D2D2D2D 2D2D2D2D 
[TC_DEBUG]     [1472] 2E2E2E2E 2E2E2E2E 2E2E2E2E 2E2E2E2E 2E2E2E2E 2E2E2E2E 2E2E2E2E 2E2E2E2E 2E2E2E2E 2E2E2E2E 2E2E2E2E 2E2E2E2E 2E2E2E2E 2E2E2E2E 2E2E2E2E 2E2E2E2E 2E2E2E2E 2E2E2E2E 2E2E2E2E 2E2E2E2E 2E2E2E2E 2E2E2E2E 2E2E2E2E 2E2E2E2E 2E2E2E2E 2E2E2E2E 2E2E2E2E 2E2E2E2E 2E2E2E2E 2E2E2E2E 2E2E2E2E 2E2E2E2E 
[TC_DEBUG]     [1504] 2F2F2F2F 2F2F2F2F 2F2F2F2F 2F2F2F2F 2F2F2F2F 2F2F2F2F 2F2F2F2F 2F2F2F2F 2F2F2F2F 2F2F2F2F 2F2F2F2F 2F2F2F2F 2F2F2F2F 2F2F2F2F 2F2F2F2F 2F2F2F2F 2F2F2F2F 2F2F2F2F 2F2F2F2F 2F2F2F2F 2F2F2F2F 2F2F2F2F 2F2F2F2F 2F2F2F2F 2F2F2F2F 2F2F2F2F 2F2F2F2F 2F2F2F2F 2F2F2F2F 2F2F2F2F 2F2F2F2F 2F2F2F2F 
[TC_DEBUG]     [1536] 30303030 30303030 30303030 30303030 30303030 30303030 30303030 30303030 30303030 30303030 30303030 30303030 30303030 30303030 30303030 30303030 30303030 30303030 30303030 30303030 30303030 30303030 30303030 30303030 30303030 30303030 30303030 30303030 30303030 30303030 30303030 30303030 
[TC_DEBUG]     [1568] 31313131 31313131 31313131 31313131 31313131 31313131 31313131 31313131 31313131 31313131 31313131 31313131 31313131 31313131 31313131 31313131 31313131 31313131 31313131 31313131 31313131 31313131 31313131 31313131 31313131 31313131 31313131 31313131 31313131 31313131 31313131 31313131 
[TC_DEBUG]     [1600] 32323232 32323232 32323232 32323232 32323232 32323232 32323232 32323232 32323232 32323232 32323232 32323232 32323232 32323232 32323232 32323232 32323232 32323232 32323232 32323232 32323232 32323232 32323232 32323232 32323232 32323232 32323232 32323232 32323232 32323232 32323232 32323232 
[TC_DEBUG]     [1632] 33333333 33333333 33333333 33333333 33333333 33333333 33333333 33333333 33333333 33333333 33333333 33333333 33333333 33333333 33333333 33333333 33333333 33333333 33333333 33333333 33333333 33333333 33333333 33333333 33333333 33333333 33333333 33333333 33333333 33333333 33333333 33333333 
[TC_DEBUG]     [1664] 34343434 34343434 34343434 34343434 34343434 34343434 34343434 34343434 34343434 34343434 34343434 34343434 34343434 34343434 34343434 34343434 34343434 34343434 34343434 34343434 34343434 34343434 34343434 34343434 34343434 34343434 34343434 34343434 34343434 34343434 34343434 34343434 
[TC_DEBUG]     [1696] 35353535 35353535 35353535 35353535 35353535 35353535 35353535 35353535 35353535 35353535 35353535 35353535 35353535 35353535 35353535 35353535 35353535 35353535 35353535 35353535 35353535 35353535 35353535 35353535 35353535 35353535 35353535 35353535 35353535 35353535 35353535 35353535 
[TC_DEBUG]     [1728] 36363636 36363636 36363636 36363636 36363636 36363636 36363636 36363636 36363636 36363636 36363636 36363636 36363636 36363636 36363636 36363636 36363636 36363636 36363636 36363636 36363636 36363636 36363636 36363636 36363636 36363636 36363636 36363636 36363636 36363636 36363636 36363636 
[TC_DEBUG]     [1760] 37373737 37373737 37373737 37373737 37373737 37373737 37373737 37373737 37373737 37373737 37373737 37373737 37373737 37373737 37373737 37373737 37373737 37373737 37373737 37373737 37373737 37373737 37373737 37373737 37373737 37373737 37373737 37373737 37373737 37373737 37373737 37373737 
[TC_DEBUG]     [1792] 38383838 38383838 38383838 38383838 38383838 38383838 38383838 38383838 38383838 38383838 38383838 38383838 38383838 38383838 38383838 38383838 38383838 38383838 38383838 38383838 38383838 38383838 38383838 38383838 38383838 38383838 38383838 38383838 38383838 38383838 38383838 38383838 
[TC_DEBUG]     [1824] 39393939 39393939 39393939 39393939 39393939 39393939 39393939 39393939 39393939 39393939 39393939 39393939 39393939 39393939 39393939 39393939 39393939 39393939 39393939 39393939 39393939 39393939 39393939 39393939 39393939 39393939 39393939 39393939 39393939 39393939 39393939 39393939 
[TC_DEBUG]     [1856] 3A3A3A3A 3A3A3A3A 3A3A3A3A 3A3A3A3A 3A3A3A3A 3A3A3A3A 3A3A3A3A 3A3A3A3A 3A3A3A3A 3A3A3A3A 3A3A3A3A 3A3A3A3A 3A3A3A3A 3A3A3A3A 3A3A3A3A 3A3A3A3A 3A3A3A3A 3A3A3A3A 3A3A3A3A 3A3A3A3A 3A3A3A3A 3A3A3A3A 3A3A3A3A 3A3A3A3A 3A3A3A3A 3A3A3A3A 3A3A3A3A 3A3A3A3A 3A3A3A3A 3A3A3A3A 3A3A3A3A 3A3A3A3A 
[TC_DEBUG]     [1888] 3B3B3B3B 3B3B3B3B 3B3B3B3B 3B3B3B3B 3B3B3B3B 3B3B3B3B 3B3B3B3B 3B3B3B3B 3B3B3B3B 3B3B3B3B 3B3B3B3B 3B3B3B3B 3B3B3B3B 3B3B3B3B 3B3B3B3B 3B3B3B3B 3B3B3B3B 3B3B3B3B 3B3B3B3B 3B3B3B3B 3B3B3B3B 3B3B3B3B 3B3B3B3B 3B3B3B3B 3B3B3B3B 3B3B3B3B 3B3B3B3B 3B3B3B3B 3B3B3B3B 3B3B3B3B 3B3B3B3B 3B3B3B3B 
[TC_DEBUG]     [1920] 3C3C3C3C 3C3C3C3C 3C3C3C3C 3C3C3C3C 3C3C3C3C 3C3C3C3C 3C3C3C3C 3C3C3C3C 3C3C3C3C 3C3C3C3C 3C3C3C3C 3C3C3C3C 3C3C3C3C 3C3C3C3C 3C3C3C3C 3C3C3C3C 3C3C3C3C 3C3C3C3C 3C3C3C3C 3C3C3C3C 3C3C3C3C 3C3C3C3C 3C3C3C3C 3C3C3C3C 3C3C3C3C 3C3C3C3C 3C3C3C3C 3C3C3C3C 3C3C3C3C 3C3C3C3C 3C3C3C3C 3C3C3C3C 
[TC_DEBUG]     [1952] 3D3D3D3D 3D3D3D3D 3D3D3D3D 3D3D3D3D 3D3D3D3D 3D3D3D3D 3D3D3D3D 3D3D3D3D 3D3D3D3D 3D3D3D3D 3D3D3D3D 3D3D3D3D 3D3D3D3D 3D3D3D3D 3D3D3D3D 3D3D3D3D 3D3D3D3D 3D3D3D3D 3D3D3D3D 3D3D3D3D 3D3D3D3D 3D3D3D3D 3D3D3D3D 3D3D3D3D 3D3D3D3D 3D3D3D3D 3D3D3D3D 3D3D3D3D 3D3D3D3D 3D3D3D3D 3D3D3D3D 3D3D3D3D 
[TC_DEBUG]     [1984] 3E3E3E3E 3E3E3E3E 3E3E3E3E 3E3E3E3E 3E3E3E3E 3E3E3E3E 3E3E3E3E 3E3E3E3E 3E3E3E3E 3E3E3E3E 3E3E3E3E 3E3E3E3E 3E3E3E3E 3E3E3E3E 3E3E3E3E 3E3E3E3E 3E3E3E3E 3E3E3E3E 3E3E3E3E 3E3E3E3E 3E3E3E3E 3E3E3E3E 3E3E3E3E 3E3E3E3E 3E3E3E3E 3E3E3E3E 3E3E3E3E 3E3E3E3E 3E3E3E3E 3E3E3E3E 3E3E3E3E 3E3E3E3E 
[TC_DEBUG]     [2016] 3F3F3F3F 3F3F3F3F 3F3F3F3F 3F3F3F3F 3F3F3F3F 3F3F3F3F 3F3F3F3F 3F3F3F3F 3F3F3F3F 3F3F3F3F 3F3F3F3F 3F3F3F3F 3F3F3F3F 3F3F3F3F 3F3F3F3F 3F3F3F3F 3F3F3F3F 3F3F3F3F 3F3F3F3F 3F3F3F3F 3F3F3F3F 3F3F3F3F 3F3F3F3F 3F3F3F3F 3F3F3F3F 3F3F3F3F 3F3F3F3F 3F3F3F3F 3F3F3F3F 3F3F3F3F 3F3F3F3F 3F3F3F3F 
[TC_DEBUG]     [2048] 40404040 40404040 40404040 40404040 40404040 40404040 40404040 40404040 40404040 40404040 40404040 40404040 40404040 40404040 40404040 40404040 40404040 40404040 40404040 40404040 40404040 40404040 40404040 40404040 40404040 40404040 40404040 40404040 40404040 40404040 40404040 40404040 
[TC_DEBUG]     [2080] 41414141 41414141 41414141 41414141 41414141 41414141 41414141 41414141 41414141 41414141 41414141 41414141 41414141 41414141 41414141 41414141 41414141 41414141 41414141 41414141 41414141 41414141 41414141 41414141 41414141 41414141 41414141 41414141 41414141 41414141 41414141 41414141 
[TC_DEBUG]     [2112] 42424242 42424242 42424242 42424242 42424242 42424242 42424242 42424242 42424242 42424242 42424242 42424242 42424242 42424242 42424242 42424242 42424242 42424242 42424242 42424242 42424242 42424242 42424242 42424242 42424242 42424242 42424242 42424242 42424242 42424242 42424242 42424242 
[TC_DEBUG]     [2144] 43434343 43434343 43434343 43434343 43434343 43434343 43434343 43434343 43434343 43434343 43434343 43434343 43434343 43434343 43434343 43434343 43434343 43434343 43434343 43434343 43434343 43434343 43434343 43434343 43434343 43434343 43434343 43434343 43434343 43434343 43434343 43434343 
[TC_DEBUG]     [2176] 44444444 44444444 44444444 44444444 44444444 44444444 44444444 44444444 44444444 44444444 44444444 44444444 44444444 44444444 44444444 44444444 44444444 44444444 44444444 44444444 44444444 44444444 44444444 44444444 44444444 44444444 44444444 44444444 44444444 44444444 44444444 44444444 
[TC_DEBUG]     [2208] 45454545 45454545 45454545 45454545 45454545 45454545 45454545 45454545 45454545 45454545 45454545 45454545 45454545 45454545 45454545 45454545 45454545 45454545 45454545 45454545 45454545 45454545 45454545 45454545 45454545 45454545 45454545 45454545 45454545 45454545 45454545 45454545 
[TC_DEBUG]     [2240] 46464646 46464646 46464646 46464646 46464646 46464646 46464646 46464646 46464646 46464646 46464646 46464646 46464646 46464646 46464646 46464646 46464646 46464646 46464646 46464646 46464646 46464646 46464646 46464646 46464646 46464646 46464646 46464646 46464646 46464646 46464646 46464646 
[TC_DEBUG]     [2272] 47474747 47474747 47474747 47474747 47474747 47474747 47474747 47474747 47474747 47474747 47474747 47474747 47474747 47474747 47474747 47474747 47474747 47474747 47474747 47474747 47474747 47474747 47474747 47474747 47474747 47474747 47474747 47474747 47474747 47474747 47474747 47474747 
[TC_DEBUG]     [2304] 48484848 48484848 48484848 48484848 48484848 48484848 48484848 48484848 48484848 48484848 48484848 48484848 48484848 48484848 48484848 48484848 48484848 48484848 48484848 48484848 48484848 48484848 48484848 48484848 48484848 48484848 48484848 48484848 48484848 48484848 48484848 48484848 
[TC_DEBUG]     [2336] 49494949 49494949 49494949 49494949 49494949 49494949 49494949 49494949 49494949 49494949 49494949 49494949 49494949 49494949 49494949 49494949 49494949 49494949 49494949 49494949 49494949 49494949 49494949 49494949 49494949 49494949 49494949 49494949 49494949 49494949 49494949 49494949 
[TC_DEBUG]     [2368] 4A4A4A4A 4A4A4A4A 4A4A4A4A 4A4A4A4A 4A4A4A4A 4A4A4A4A 4A4A4A4A 4A4A4A4A 4A4A4A4A 4A4A4A4A 4A4A4A4A 4A4A4A4A 4A4A4A4A 4A4A4A4A 4A4A4A4A 4A4A4A4A 4A4A4A4A 4A4A4A4A 4A4A4A4A 4A4A4A4A 4A4A4A4A 4A4A4A4A 4A4A4A4A 4A4A4A4A 4A4A4A4A 4A4A4A4A 4A4A4A4A 4A4A4A4A 4A4A4A4A 4A4A4A4A 4A4A4A4A 4A4A4A4A 
[TC_DEBUG]     [2400] 4B4B4B4B 4B4B4B4B 4B4B4B4B 4B4B4B4B 4B4B4B4B 4B4B4B4B 4B4B4B4B 4B4B4B4B 4B4B4B4B 4B4B4B4B 4B4B4B4B 4B4B4B4B 4B4B4B4B 4B4B4B4B 4B4B4B4B 4B4B4B4B 4B4B4B4B 4B4B4B4B 4B4B4B4B 4B4B4B4B 4B4B4B4B 4B4B4B4B 4B4B4B4B 4B4B4B4B 4B4B4B4B 4B4B4B4B 4B4B4B4B 4B4B4B4B 4B4B4B4B 4B4B4B4B 4B4B4B4B 4B4B4B4B 
[TC_DEBUG]     [2432] 4C4C4C4C 4C4C4C4C 4C4C4C4C 4C4C4C4C 4C4C4C4C 4C4C4C4C 4C4C4C4C 4C4C4C4C 4C4C4C4C 4C4C4C4C 4C4C4C4C 4C4C4C4C 4C4C4C4C 4C4C4C4C 4C4C4C4C 4C4C4C4C 4C4C4C4C 4C4C4C4C 4C4C4C4C 4C4C4C4C 4C4C4C4C 4C4C4C4C 4C4C4C4C 4C4C4C4C 4C4C4C4C 4C4C4C4C 4C4C4C4C 4C4C4C4C 4C4C4C4C 4C4C4C4C 4C4C4C4C 4C4C4C4C 
[TC_DEBUG]     [2464] 4D4D4D4D 4D4D4D4D 4D4D4D4D 4D4D4D4D 4D4D4D4D 4D4D4D4D 4D4D4D4D 4D4D4D4D 4D4D4D4D 4D4D4D4D 4D4D4D4D 4D4D4D4D 4D4D4D4D 4D4D4D4D 4D4D4D4D 4D4D4D4D 4D4D4D4D 4D4D4D4D 4D4D4D4D 4D4D4D4D 4D4D4D4D 4D4D4D4D 4D4D4D4D 4D4D4D4D 4D4D4D4D 4D4D4D4D 4D4D4D4D 4D4D4D4D 4D4D4D4D 4D4D4D4D 4D4D4D4D 4D4D4D4D 
[TC_DEBUG]     [2496] 4E4E4E4E 4E4E4E4E 4E4E4E4E 4E4E4E4E 4E4E4E4E 4E4E4E4E 4E4E4E4E 4E4E4E4E 4E4E4E4E 4E4E4E4E 4E4E4E4E 4E4E4E4E 4E4E4E4E 4E4E4E4E 4E4E4E4E 4E4E4E4E 4E4E4E4E 4E4E4E4E 4E4E4E4E 4E4E4E4E 4E4E4E4E 4E4E4E4E 4E4E4E4E 4E4E4E4E 4E4E4E4E 4E4E4E4E 4E4E4E4E 4E4E4E4E 4E4E4E4E 4E4E4E4E 4E4E4E4E 4E4E4E4E 
[TC_DEBUG]     [2528] 4F4F4F4F 4F4F4F4F 4F4F4F4F 4F4F4F4F 4F4F4F4F 4F4F4F4F 4F4F4F4F 4F4F4F4F 4F4F4F4F 4F4F4F4F 4F4F4F4F 4F4F4F4F 4F4F4F4F 4F4F4F4F 4F4F4F4F 4F4F4F4F 4F4F4F4F 4F4F4F4F 4F4F4F4F 4F4F4F4F 4F4F4F4F 4F4F4F4F 4F4F4F4F 4F4F4F4F 4F4F4F4F 4F4F4F4F 4F4F4F4F 4F4F4F4F 4F4F4F4F 4F4F4F4F 4F4F4F4F 4F4F4F4F 
[TC_DEBUG]     [2560] 50505050 50505050 50505050 50505050 50505050 50505050 50505050 50505050 50505050 50505050 50505050 50505050 50505050 50505050 50505050 50505050 50505050 50505050 50505050 50505050 50505050 50505050 50505050 50505050 50505050 50505050 50505050 50505050 50505050 50505050 50505050 50505050 
[TC_DEBUG]     [2592] 51515151 51515151 51515151 51515151 51515151 51515151 51515151 51515151 51515151 51515151 51515151 51515151 51515151 51515151 51515151 51515151 51515151 51515151 51515151 51515151 51515151 51515151 51515151 51515151 51515151 51515151 51515151 51515151 51515151 51515151 51515151 51515151 
[TC_DEBUG]     [2624] 52525252 52525252 52525252 52525252 52525252 52525252 52525252 52525252 52525252 52525252 52525252 52525252 52525252 52525252 52525252 52525252 52525252 52525252 52525252 52525252 52525252 52525252 52525252 52525252 52525252 52525252 52525252 52525252 52525252 52525252 52525252 52525252 
[TC_DEBUG]     [2656] 53535353 53535353 53535353 53535353 53535353 53535353 53535353 53535353 53535353 53535353 53535353 53535353 53535353 53535353 53535353 53535353 53535353 53535353 53535353 53535353 53535353 53535353 53535353 53535353 53535353 53535353 53535353 53535353 53535353 53535353 53535353 53535353 
[TC_DEBUG]     [2688] 54545454 54545454 54545454 54545454 54545454 54545454 54545454 54545454 54545454 54545454 54545454 54545454 54545454 54545454 54545454 54545454 54545454 54545454 54545454 54545454 54545454 54545454 54545454 54545454 54545454 54545454 54545454 54545454 54545454 54545454 54545454 54545454 
[TC_DEBUG]     [2720] 55555555 55555555 55555555 55555555 55555555 55555555 55555555 55555555 55555555 55555555 55555555 55555555 55555555 55555555 55555555 55555555 55555555 55555555 55555555 55555555 55555555 55555555 55555555 55555555 55555555 55555555 55555555 55555555 55555555 55555555 55555555 55555555 
[TC_DEBUG]     [2752] 56565656 56565656 56565656 56565656 56565656 56565656 56565656 56565656 56565656 56565656 56565656 56565656 56565656 56565656 56565656 56565656 56565656 56565656 56565656 56565656 56565656 56565656 56565656 56565656 56565656 56565656 56565656 56565656 56565656 56565656 56565656 56565656 
[TC_DEBUG]     [2784] 57575757 57575757 57575757 57575757 57575757 57575757 57575757 57575757 57575757 57575757 57575757 57575757 57575757 57575757 57575757 57575757 57575757 57575757 57575757 57575757 57575757 57575757 57575757 57575757 57575757 57575757 57575757 57575757 57575757 57575757 57575757 57575757 
[TC_DEBUG]     [2816] 58585858 58585858 58585858 58585858 58585858 58585858 58585858 58585858 58585858 58585858 58585858 58585858 58585858 58585858 58585858 58585858 58585858 58585858 58585858 58585858 58585858 58585858 58585858 58585858 58585858 58585858 58585858 58585858 58585858 58585858 58585858 58585858 
[TC_DEBUG]     [2848] 59595959 59595959 59595959 59595959 59595959 59595959 59595959 59595959 59595959 59595959 59595959 59595959 59595959 59595959 59595959 59595959 59595959 59595959 59595959 59595959 59595959 59595959 59595959 59595959 59595959 59595959 59595959 59595959 59595959 59595959 59595959 59595959 
[TC_DEBUG]     [2880] 5A5A5A5A 5A5A5A5A 5A5A5A5A 5A5A5A5A 5A5A5A5A 5A5A5A5A 5A5A5A5A 5A5A5A5A 5A5A5A5A 5A5A5A5A 5A5A5A5A 5A5A5A5A 5A5A5A5A 5A5A5A5A 5A5A5A5A 5A5A5A5A 5A5A5A5A 5A5A5A5A 5A5A5A5A 5A5A5A5A 5A5A5A5A 5A5A5A5A 5A5A5A5A 5A5A5A5A 5A5A5A5A 5A5A5A5A 5A5A5A5A 5A5A5A5A 5A5A5A5A 5A5A5A5A 5A5A5A5A 5A5A5A5A 
[TC_DEBUG]     [2912] 5B5B5B5B 5B5B5B5B 5B5B5B5B 5B5B5B5B 5B5B5B5B 5B5B5B5B 5B5B5B5B 5B5B5B5B 5B5B5B5B 5B5B5B5B 5B5B5B5B 5B5B5B5B 5B5B5B5B 5B5B5B5B 5B5B5B5B 5B5B5B5B 5B5B5B5B 5B5B5B5B 5B5B5B5B 5B5B5B5B 5B5B5B5B 5B5B5B5B 5B5B5B5B 5B5B5B5B 5B5B5B5B 5B5B5B5B 5B5B5B5B 5B5B5B5B 5B5B5B5B 5B5B5B5B 5B5B5B5B 5B5B5B5B 
[TC_DEBUG]     [2944] 5C5C5C5C 5C5C5C5C 5C5C5C5C 5C5C5C5C 5C5C5C5C 5C5C5C5C 5C5C5C5C 5C5C5C5C 5C5C5C5C 5C5C5C5C 5C5C5C5C 5C5C5C5C 5C5C5C5C 5C5C5C5C 5C5C5C5C 5C5C5C5C 5C5C5C5C 5C5C5C5C 5C5C5C5C 5C5C5C5C 5C5C5C5C 5C5C5C5C 5C5C5C5C 5C5C5C5C 5C5C5C5C 5C5C5C5C 5C5C5C5C 5C5C5C5C 5C5C5C5C 5C5C5C5C 5C5C5C5C 5C5C5C5C 
[TC_DEBUG]     [2976] 5D5D5D5D 5D5D5D5D 5D5D5D5D 5D5D5D5D 5D5D5D5D 5D5D5D5D 5D5D5D5D 5D5D5D5D 5D5D5D5D 5D5D5D5D 5D5D5D5D 5D5D5D5D 5D5D5D5D 5D5D5D5D 5D5D5D5D 5D5D5D5D 5D5D5D5D 5D5D5D5D 5D5D5D5D 5D5D5D5D 5D5D5D5D 5D5D5D5D 5D5D5D5D 5D5D5D5D 5D5D5D5D 5D5D5D5D 5D5D5D5D 5D5D5D5D 5D5D5D5D 5D5D5D5D 5D5D5D5D 5D5D5D5D 
[TC_DEBUG]     [3008] 5E5E5E5E 5E5E5E5E 5E5E5E5E 5E5E5E5E 5E5E5E5E 5E5E5E5E 5E5E5E5E 5E5E5E5E 5E5E5E5E 5E5E5E5E 5E5E5E5E 5E5E5E5E 5E5E5E5E 5E5E5E5E 5E5E5E5E 5E5E5E5E 5E5E5E5E 5E5E5E5E 5E5E5E5E 5E5E5E5E 5E5E5E5E 5E5E5E5E 5E5E5E5E 5E5E5E5E 5E5E5E5E 5E5E5E5E 5E5E5E5E 5E5E5E5E 5E5E5E5E 5E5E5E5E 5E5E5E5E 5E5E5E5E 
[TC_DEBUG]     [3040] 5F5F5F5F 5F5F5F5F 5F5F5F5F 5F5F5F5F 5F5F5F5F 5F5F5F5F 5F5F5F5F 5F5F5F5F 5F5F5F5F 5F5F5F5F 5F5F5F5F 5F5F5F5F 5F5F5F5F 5F5F5F5F 5F5F5F5F 5F5F5F5F 5F5F5F5F 5F5F5F5F 5F5F5F5F 5F5F5F5F 5F5F5F5F 5F5F5F5F 5F5F5F5F 5F5F5F5F 5F5F5F5F 5F5F5F5F 5F5F5F5F 5F5F5F5F 5F5F5F5F 5F5F5F5F 5F5F5F5F 5F5F5F5F 
[TC_DEBUG]     [3072] 60606060 60606060 60606060 60606060 60606060 60606060 60606060 60606060 60606060 60606060 60606060 60606060 60606060 60606060 60606060 60606060 60606060 60606060 60606060 60606060 60606060 60606060 60606060 60606060 60606060 60606060 60606060 60606060 60606060 60606060 60606060 60606060 
[TC_DEBUG]     [3104] 61616161 61616161 61616161 61616161 61616161 61616161 61616161 61616161 61616161 61616161 61616161 61616161 61616161 61616161 61616161 61616161 61616161 61616161 61616161 61616161 61616161 61616161 61616161 61616161 61616161 61616161 61616161 61616161 61616161 61616161 61616161 61616161 
[TC_DEBUG]     [3136] 62626262 62626262 62626262 62626262 62626262 62626262 62626262 62626262 62626262 62626262 62626262 62626262 62626262 62626262 62626262 62626262 62626262 62626262 62626262 62626262 62626262 62626262 62626262 62626262 62626262 62626262 62626262 62626262 62626262 62626262 62626262 62626262 
[TC_DEBUG]     [3168] 63636363 63636363 63636363 63636363 63636363 63636363 63636363 63636363 63636363 63636363 63636363 63636363 63636363 63636363 63636363 63636363 63636363 63636363 63636363 63636363 63636363 63636363 63636363 63636363 63636363 63636363 63636363 63636363 63636363 63636363 63636363 63636363 
[TC_DEBUG]     [3200] 64646464 64646464 64646464 64646464 64646464 64646464 64646464 64646464 64646464 64646464 64646464 64646464 64646464 64646464 64646464 64646464 64646464 64646464 64646464 64646464 64646464 64646464 64646464 64646464 64646464 64646464 64646464 64646464 64646464 64646464 64646464 64646464 
[TC_DEBUG]     [3232] 65656565 65656565 65656565 65656565 65656565 65656565 65656565 65656565 65656565 65656565 65656565 65656565 65656565 65656565 65656565 65656565 65656565 65656565 65656565 65656565 65656565 65656565 65656565 65656565 65656565 65656565 65656565 65656565 65656565 65656565 65656565 65656565 
[TC_DEBUG]     [3264] 66666666 66666666 66666666 66666666 66666666 66666666 66666666 66666666 66666666 66666666 66666666 66666666 66666666 66666666 66666666 66666666 66666666 66666666 66666666 66666666 66666666 66666666 66666666 66666666 66666666 66666666 66666666 66666666 66666666 66666666 66666666 66666666 
[TC_DEBUG]     [3296] 67676767 67676767 67676767 67676767 67676767 67676767 67676767 67676767 67676767 67676767 67676767 67676767 67676767 67676767 67676767 67676767 67676767 67676767 67676767 67676767 67676767 67676767 67676767 67676767 67676767 67676767 67676767 67676767 67676767 67676767 67676767 67676767 
[TC_DEBUG]     [3328] 68686868 68686868 68686868 68686868 68686868 68686868 68686868 68686868 68686868 68686868 68686868 68686868 68686868 68686868 68686868 68686868 68686868 68686868 68686868 68686868 68686868 68686868 68686868 68686868 68686868 68686868 68686868 68686868 68686868 68686868 68686868 68686868 
[TC_DEBUG]     [3360] 69696969 69696969 69696969 69696969 69696969 69696969 69696969 69696969 69696969 69696969 69696969 69696969 69696969 69696969 69696969 69696969 69696969 69696969 69696969 69696969 69696969 69696969 69696969 69696969 69696969 69696969 69696969 69696969 69696969 69696969 69696969 69696969 
[TC_DEBUG]     [3392] 6A6A6A6A 6A6A6A6A 6A6A6A6A 6A6A6A6A 6A6A6A6A 6A6A6A6A 6A6A6A6A 6A6A6A6A 6A6A6A6A 6A6A6A6A 6A6A6A6A 6A6A6A6A 6A6A6A6A 6A6A6A6A 6A6A6A6A 6A6A6A6A 6A6A6A6A 6A6A6A6A 6A6A6A6A 6A6A6A6A 6A6A6A6A 6A6A6A6A 6A6A6A6A 6A6A6A6A 6A6A6A6A 6A6A6A6A 6A6A6A6A 6A6A6A6A 6A6A6A6A 6A6A6A6A 6A6A6A6A 6A6A6A6A 
[TC_DEBUG]     [3424] 6B6B6B6B 6B6B6B6B 6B6B6B6B 6B6B6B6B 6B6B6B6B 6B6B6B6B 6B6B6B6B 6B6B6B6B 6B6B6B6B 6B6B6B6B 6B6B6B6B 6B6B6B6B 6B6B6B6B 6B6B6B6B 6B6B6B6B 6B6B6B6B 6B6B6B6B 6B6B6B6B 6B6B6B6B 6B6B6B6B 6B6B6B6B 6B6B6B6B 6B6B6B6B 6B6B6B6B 6B6B6B6B 6B6B6B6B 6B6B6B6B 6B6B6B6B 6B6B6B6B 6B6B6B6B 6B6B6B6B 6B6B6B6B 
[TC_DEBUG]     [3456] 6C6C6C6C 6C6C6C6C 6C6C6C6C 6C6C6C6C 6C6C6C6C 6C6C6C6C 6C6C6C6C 6C6C6C6C 6C6C6C6C 6C6C6C6C 6C6C6C6C 6C6C6C6C 6C6C6C6C 6C6C6C6C 6C6C6C6C 6C6C6C6C 6C6C6C6C 6C6C6C6C 6C6C6C6C 6C6C6C6C 6C6C6C6C 6C6C6C6C 6C6C6C6C 6C6C6C6C 6C6C6C6C 6C6C6C6C 6C6C6C6C 6C6C6C6C 6C6C6C6C 6C6C6C6C 6C6C6C6C 6C6C6C6C 
[TC_DEBUG]     [3488] 6D6D6D6D 6D6D6D6D 6D6D6D6D 6D6D6D6D 6D6D6D6D 6D6D6D6D 6D6D6D6D 6D6D6D6D 6D6D6D6D 6D6D6D6D 6D6D6D6D 6D6D6D6D 6D6D6D6D 6D6D6D6D 6D6D6D6D 6D6D6D6D 6D6D6D6D 6D6D6D6D 6D6D6D6D 6D6D6D6D 6D6D6D6D 6D6D6D6D 6D6D6D6D 6D6D6D6D 6D6D6D6D 6D6D6D6D 6D6D6D6D 6D6D6D6D 6D6D6D6D 6D6D6D6D 6D6D6D6D 6D6D6D6D 
[TC_DEBUG]     [3520] 6E6E6E6E 6E6E6E6E 6E6E6E6E 6E6E6E6E 6E6E6E6E 6E6E6E6E 6E6E6E6E 6E6E6E6E 6E6E6E6E 6E6E6E6E 6E6E6E6E 6E6E6E6E 6E6E6E6E 6E6E6E6E 6E6E6E6E 6E6E6E6E 6E6E6E6E 6E6E6E6E 6E6E6E6E 6E6E6E6E 6E6E6E6E 6E6E6E6E 6E6E6E6E 6E6E6E6E 6E6E6E6E 6E6E6E6E 6E6E6E6E 6E6E6E6E 6E6E6E6E 6E6E6E6E 6E6E6E6E 6E6E6E6E 
[TC_DEBUG]     [3552] 6F6F6F6F 6F6F6F6F 6F6F6F6F 6F6F6F6F 6F6F6F6F 6F6F6F6F 6F6F6F6F 6F6F6F6F 6F6F6F6F 6F6F6F6F 6F6F6F6F 6F6F6F6F 6F6F6F6F 6F6F6F6F 6F6F6F6F 6F6F6F6F 6F6F6F6F 6F6F6F6F 6F6F6F6F 6F6F6F6F 6F6F6F6F 6F6F6F6F 6F6F6F6F 6F6F6F6F 6F6F6F6F 6F6F6F6F 6F6F6F6F 6F6F6F6F 6F6F6F6F 6F6F6F6F 6F6F6F6F 6F6F6F6F 
[TC_DEBUG]     [3584] 70707070 70707070 70707070 70707070 70707070 70707070 70707070 70707070 70707070 70707070 70707070 70707070 70707070 70707070 70707070 70707070 70707070 70707070 70707070 70707070 70707070 70707070 70707070 70707070 70707070 70707070 70707070 70707070 70707070 70707070 70707070 70707070 
[TC_DEBUG]     [3616] 71717171 71717171 71717171 71717171 71717171 71717171 71717171 71717171 71717171 71717171 71717171 71717171 71717171 71717171 71717171 71717171 71717171 71717171 71717171 71717171 71717171 71717171 71717171 71717171 71717171 71717171 71717171 71717171 71717171 71717171 71717171 71717171 
[TC_DEBUG]     [3648] 72727272 72727272 72727272 72727272 72727272 72727272 72727272 72727272 72727272 72727272 72727272 72727272 72727272 72727272 72727272 72727272 72727272 72727272 72727272 72727272 72727272 72727272 72727272 72727272 72727272 72727272 72727272 72727272 72727272 72727272 72727272 72727272 
[TC_DEBUG]     [3680] 73737373 73737373 73737373 73737373 73737373 73737373 73737373 73737373 73737373 73737373 73737373 73737373 73737373 73737373 73737373 73737373 73737373 73737373 73737373 73737373 73737373 73737373 73737373 73737373 73737373 73737373 73737373 73737373 73737373 73737373 73737373 73737373 
[TC_DEBUG]     [3712] 74747474 74747474 74747474 74747474 74747474 74747474 74747474 74747474 74747474 74747474 74747474 74747474 74747474 74747474 74747474 74747474 74747474 74747474 74747474 74747474 74747474 74747474 74747474 74747474 74747474 74747474 74747474 74747474 74747474 74747474 74747474 74747474 
[TC_DEBUG]     [3744] 75757575 75757575 75757575 75757575 75757575 75757575 75757575 75757575 75757575 75757575 75757575 75757575 75757575 75757575 75757575 75757575 75757575 75757575 75757575 75757575 75757575 75757575 75757575 75757575 75757575 75757575 75757575 75757575 75757575 75757575 75757575 75757575 
[TC_DEBUG]     [3776] 76767676 76767676 76767676 76767676 76767676 76767676 76767676 76767676 76767676 76767676 76767676 76767676 76767676 76767676 76767676 76767676 76767676 76767676 76767676 76767676 76767676 76767676 76767676 76767676 76767676 76767676 76767676 76767676 76767676 76767676 76767676 76767676 
[TC_DEBUG]     [3808] 77777777 77777777 77777777 77777777 77777777 77777777 77777777 77777777 77777777 77777777 77777777 77777777 77777777 77777777 77777777 77777777 77777777 77777777 77777777 77777777 77777777 77777777 77777777 77777777 77777777 77777777 77777777 77777777 77777777 77777777 77777777 77777777 
[TC_DEBUG]     [3840] 78787878 78787878 78787878 78787878 78787878 78787878 78787878 78787878 78787878 78787878 78787878 78787878 78787878 78787878 78787878 78787878 78787878 78787878 78787878 78787878 78787878 78787878 78787878 78787878 78787878 78787878 78787878 78787878 78787878 78787878 78787878 78787878 
[TC_DEBUG]     [3872] 79797979 79797979 79797979 79797979 79797979 79797979 79797979 79797979 79797979 79797979 79797979 79797979 79797979 79797979 79797979 79797979 79797979 79797979 79797979 79797979 79797979 79797979 79797979 79797979 79797979 79797979 79797979 79797979 79797979 79797979 79797979 79797979 
[TC_DEBUG]     [3904] 7A7A7A7A 7A7A7A7A 7A7A7A7A 7A7A7A7A 7A7A7A7A 7A7A7A7A 7A7A7A7A 7A7A7A7A 7A7A7A7A 7A7A7A7A 7A7A7A7A 7A7A7A7A 7A7A7A7A 7A7A7A7A 7A7A7A7A 7A7A7A7A 7A7A7A7A 7A7A7A7A 7A7A7A7A 7A7A7A7A 7A7A7A7A 7A7A7A7A 7A7A7A7A 7A7A7A7A 7A7A7A7A 7A7A7A7A 7A7A7A7A 7A7A7A7A 7A7A7A7A 7A7A7A7A 7A7A7A7A 7A7A7A7A 
[TC_DEBUG]     [3936] 7B7B7B7B 7B7B7B7B 7B7B7B7B 7B7B7B7B 7B7B7B7B 7B7B7B7B 7B7B7B7B 7B7B7B7B 7B7B7B7B 7B7B7B7B 7B7B7B7B 7B7B7B7B 7B7B7B7B 7B7B7B7B 7B7B7B7B 7B7B7B7B 7B7B7B7B 7B7B7B7B 7B7B7B7B 7B7B7B7B 7B7B7B7B 7B7B7B7B 7B7B7B7B 7B7B7B7B 7B7B7B7B 7B7B7B7B 7B7B7B7B 7B7B7B7B 7B7B7B7B 7B7B7B7B 7B7B7B7B 7B7B7B7B 
[TC_DEBUG]     [3968] 7C7C7C7C 7C7C7C7C 7C7C7C7C 7C7C7C7C 7C7C7C7C 7C7C7C7C 7C7C7C7C 7C7C7C7C 7C7C7C7C 7C7C7C7C 7C7C7C7C 7C7C7C7C 7C7C7C7C 7C7C7C7C 7C7C7C7C 7C7C7C7C 7C7C7C7C 7C7C7C7C 7C7C7C7C 7C7C7C7C 7C7C7C7C 7C7C7C7C 7C7C7C7C 7C7C7C7C 7C7C7C7C 7C7C7C7C 7C7C7C7C 7C7C7C7C 7C7C7C7C 7C7C7C7C 7C7C7C7C 7C7C7C7C 
[TC_DEBUG]     [4000] 7D7D7D7D 7D7D7D7D 7D7D7D7D 7D7D7D7D 7D7D7D7D 7D7D7D7D 7D7D7D7D 7D7D7D7D 7D7D7D7D 7D7D7D7D 7D7D7D7D 7D7D7D7D 7D7D7D7D 7D7D7D7D 7D7D7D7D 7D7D7D7D 7D7D7D7D 7D7D7D7D 7D7D7D7D 7D7D7D7D 7D7D7D7D 7D7D7D7D 7D7D7D7D 7D7D7D7D 7D7D7D7D 7D7D7D7D 7D7D7D7D 7D7D7D7D 7D7D7D7D 7D7D7D7D 7D7D7D7D 7D7D7D7D 
[TC_DEBUG]     [4032] 7E7E7E7E 7E7E7E7E 7E7E7E7E 7E7E7E7E 7E7E7E7E 7E7E7E7E 7E7E7E7E 7E7E7E7E 7E7E7E7E 7E7E7E7E 7E7E7E7E 7E7E7E7E 7E7E7E7E 7E7E7E7E 7E7E7E7E 7E7E7E7E 7E7E7E7E 7E7E7E7E 7E7E7E7E 7E7E7E7E 7E7E7E7E 7E7E7E7E 7E7E7E7E 7E7E7E7E 7E7E7E7E 7E7E7E7E 7E7E7E7E 7E7E7E7E 7E7E7E7E 7E7E7E7E 7E7E7E7E 7E7E7E7E 
[TC_DEBUG]     [4064] 7F7F7F7F 7F7F7F7F 7F7F7F7F 7F7F7F7F 7F7F7F7F 7F7F7F7F 7F7F7F7F 7F7F7F7F 7F7F7F7F 7F7F7F7F 7F7F7F7F 7F7F7F7F 7F7F7F7F 7F7F7F7F 7F7F7F7F 7F7F7F7F 7F7F7F7F 7F7F7F7F 7F7F7F7F 7F7F7F7F 7F7F7F7F 7F7F7F7F 7F7F7F7F 7F7F7F7F 7F7F7F7F 7F7F7F7F 7F7F7F7F 7F7F7F7F 7F7F7F7F 7F7F7F7F 7F7F7F7F 7F7F7F7F 
Test 5 completed

=== Test 6: tc.st.add Left Data Only (2x2) ===
tlength: 0x00000004 (left_len=4, top_len=0)
Computing: acc[m][n] = Left[m] (broadcast horizontally)
[TC_DEBUG] tc.st.add: trs1=0, trs2=1, rs1v=0x50000000, rs2v=0x00000000
[TC_DEBUG]   M2=2, M1=32, N2=2, N1=32
[TC_DEBUG]   startpoint_left=0, startpoint_top=0
[TC_DEBUG]   left_data_len=4, top_data_len=0
[TC_DEBUG]   LeftData (tr0, 64 int32 elements):
[TC_DEBUG]     [0000] 00000000 04040404 08080808 0C0C0C0C 10101010 14141414 18181818 1C1C1C1C 20202020 24242424 28282828 2C2C2C2C 30303030 34343434 38383838 3C3C3C3C 40404040 44444444 48484848 4C4C4C4C 50505050 54545454 58585858 5C5C5C5C 60606060 64646464 68686868 6C6C6C6C 70707070 74747474 78787878 7C7C7C7C 
[TC_DEBUG]     [0032] 01010101 05050505 09090909 0D0D0D0D 11111111 15151515 19191919 1D1D1D1D 21212121 25252525 29292929 2D2D2D2D 31313131 35353535 39393939 3D3D3D3D 41414141 45454545 49494949 4D4D4D4D 51515151 55555555 59595959 5D5D5D5D 61616161 65656565 69696969 6D6D6D6D 71717171 75757575 79797979 7D7D7D7D 
[TC_DEBUG]   TopData (tr1, 64 int32 elements):
[TC_DEBUG]     [0000] 00000000 02020202 04040404 06060606 08080808 0A0A0A0A 0C0C0C0C 0E0E0E0E 10101010 12121212 14141414 16161616 18181818 1A1A1A1A 1C1C1C1C 1E1E1E1E 20202020 22222222 24242424 26262626 28282828 2A2A2A2A 2C2C2C2C 2E2E2E2E 30303030 32323232 34343434 36363636 38383838 3A3A3A3A 3C3C3C3C 3E3E3E3E 
[TC_DEBUG]     [0032] 01010101 03030303 05050505 07070707 09090909 0B0B0B0B 0D0D0D0D 0F0F0F0F 11111111 13131313 15151515 17171717 19191919 1B1B1B1B 1D1D1D1D 1F1F1F1F 21212121 23232323 25252525 27272727 29292929 2B2B2B2B 2D2D2D2D 2F2F2F2F 31313131 33333333 35353535 37373737 39393939 3B3B3B3B 3D3D3D3D 3F3F3F3F 
[TC_DEBUG]   AccBuffer (base=0x50000000, 4096 elements):
[TC_DEBUG]     [0000] 00000000 00000000 00000000 00000000 00000000 00000000 00000000 00000000 00000000 00000000 00000000 00000000 00000000 00000000 00000000 00000000 00000000 00000000 00000000 00000000 00000000 00000000 00000000 00000000 00000000 00000000 00000000 00000000 00000000 00000000 00000000 00000000 
[TC_DEBUG]     [0032] 00000000 00000000 00000000 00000000 00000000 00000000 00000000 00000000 00000000 00000000 00000000 00000000 00000000 00000000 00000000 00000000 00000000 00000000 00000000 00000000 00000000 00000000 00000000 00000000 00000000 00000000 00000000 00000000 00000000 00000000 00000000 00000000 
[TC_DEBUG]     [0064] 01010101 01010101 01010101 01010101 01010101 01010101 01010101 01010101 01010101 01010101 01010101 01010101 01010101 01010101 01010101 01010101 01010101 01010101 01010101 01010101 01010101 01010101 01010101 01010101 01010101 01010101 01010101 01010101 01010101 01010101 01010101 01010101 
[TC_DEBUG]     [0096] 01010101 01010101 01010101 01010101 01010101 01010101 01010101 01010101 01010101 01010101 01010101 01010101 01010101 01010101 01010101 01010101 01010101 01010101 01010101 01010101 01010101 01010101 01010101 01010101 01010101 01010101 01010101 01010101 01010101 01010101 01010101 01010101 
[TC_DEBUG]     [0128] 04040404 04040404 04040404 04040404 04040404 04040404 04040404 04040404 04040404 04040404 04040404 04040404 04040404 04040404 04040404 04040404 04040404 04040404 04040404 04040404 04040404 04040404 04040404 04040404 04040404 04040404 04040404 04040404 04040404 04040404 04040404 04040404 
[TC_DEBUG]     [0160] 04040404 04040404 04040404 04040404 04040404 04040404 04040404 04040404 04040404 04040404 04040404 04040404 04040404 04040404 04040404 04040404 04040404 04040404 04040404 04040404 04040404 04040404 04040404 04040404 04040404 04040404 04040404 04040404 04040404 04040404 04040404 04040404 
[TC_DEBUG]     [0192] 05050505 05050505 05050505 05050505 05050505 05050505 05050505 05050505 05050505 05050505 05050505 05050505 05050505 05050505 05050505 05050505 05050505 05050505 05050505 05050505 05050505 05050505 05050505 05050505 05050505 05050505 05050505 05050505 05050505 05050505 05050505 05050505 
[TC_DEBUG]     [0224] 05050505 05050505 05050505 05050505 05050505 05050505 05050505 05050505 05050505 05050505 05050505 05050505 05050505 05050505 05050505 05050505 05050505 05050505 05050505 05050505 05050505 05050505 05050505 05050505 05050505 05050505 05050505 05050505 05050505 05050505 05050505 05050505 
[TC_DEBUG]     [0256] 08080808 08080808 08080808 08080808 08080808 08080808 08080808 08080808 08080808 08080808 08080808 08080808 08080808 08080808 08080808 08080808 08080808 08080808 08080808 08080808 08080808 08080808 08080808 08080808 08080808 08080808 08080808 08080808 08080808 08080808 08080808 08080808 
[TC_DEBUG]     [0288] 08080808 08080808 08080808 08080808 08080808 08080808 08080808 08080808 08080808 08080808 08080808 08080808 08080808 08080808 08080808 08080808 08080808 08080808 08080808 08080808 08080808 08080808 08080808 08080808 08080808 08080808 08080808 08080808 08080808 08080808 08080808 08080808 
[TC_DEBUG]     [0320] 09090909 09090909 09090909 09090909 09090909 09090909 09090909 09090909 09090909 09090909 09090909 09090909 09090909 09090909 09090909 09090909 09090909 09090909 09090909 09090909 09090909 09090909 09090909 09090909 09090909 09090909 09090909 09090909 09090909 09090909 09090909 09090909 
[TC_DEBUG]     [0352] 09090909 09090909 09090909 09090909 09090909 09090909 09090909 09090909 09090909 09090909 09090909 09090909 09090909 09090909 09090909 09090909 09090909 09090909 09090909 09090909 09090909 09090909 09090909 09090909 09090909 09090909 09090909 09090909 09090909 09090909 09090909 09090909 
[TC_DEBUG]     [0384] 0C0C0C0C 0C0C0C0C 0C0C0C0C 0C0C0C0C 0C0C0C0C 0C0C0C0C 0C0C0C0C 0C0C0C0C 0C0C0C0C 0C0C0C0C 0C0C0C0C 0C0C0C0C 0C0C0C0C 0C0C0C0C 0C0C0C0C 0C0C0C0C 0C0C0C0C 0C0C0C0C 0C0C0C0C 0C0C0C0C 0C0C0C0C 0C0C0C0C 0C0C0C0C 0C0C0C0C 0C0C0C0C 0C0C0C0C 0C0C0C0C 0C0C0C0C 0C0C0C0C 0C0C0C0C 0C0C0C0C 0C0C0C0C 
[TC_DEBUG]     [0416] 0C0C0C0C 0C0C0C0C 0C0C0C0C 0C0C0C0C 0C0C0C0C 0C0C0C0C 0C0C0C0C 0C0C0C0C 0C0C0C0C 0C0C0C0C 0C0C0C0C 0C0C0C0C 0C0C0C0C 0C0C0C0C 0C0C0C0C 0C0C0C0C 0C0C0C0C 0C0C0C0C 0C0C0C0C 0C0C0C0C 0C0C0C0C 0C0C0C0C 0C0C0C0C 0C0C0C0C 0C0C0C0C 0C0C0C0C 0C0C0C0C 0C0C0C0C 0C0C0C0C 0C0C0C0C 0C0C0C0C 0C0C0C0C 
[TC_DEBUG]     [0448] 0D0D0D0D 0D0D0D0D 0D0D0D0D 0D0D0D0D 0D0D0D0D 0D0D0D0D 0D0D0D0D 0D0D0D0D 0D0D0D0D 0D0D0D0D 0D0D0D0D 0D0D0D0D 0D0D0D0D 0D0D0D0D 0D0D0D0D 0D0D0D0D 0D0D0D0D 0D0D0D0D 0D0D0D0D 0D0D0D0D 0D0D0D0D 0D0D0D0D 0D0D0D0D 0D0D0D0D 0D0D0D0D 0D0D0D0D 0D0D0D0D 0D0D0D0D 0D0D0D0D 0D0D0D0D 0D0D0D0D 0D0D0D0D 
[TC_DEBUG]     [0480] 0D0D0D0D 0D0D0D0D 0D0D0D0D 0D0D0D0D 0D0D0D0D 0D0D0D0D 0D0D0D0D 0D0D0D0D 0D0D0D0D 0D0D0D0D 0D0D0D0D 0D0D0D0D 0D0D0D0D 0D0D0D0D 0D0D0D0D 0D0D0D0D 0D0D0D0D 0D0D0D0D 0D0D0D0D 0D0D0D0D 0D0D0D0D 0D0D0D0D 0D0D0D0D 0D0D0D0D 0D0D0D0D 0D0D0D0D 0D0D0D0D 0D0D0D0D 0D0D0D0D 0D0D0D0D 0D0D0D0D 0D0D0D0D 
[TC_DEBUG]     [0512] 10101010 10101010 10101010 10101010 10101010 10101010 10101010 10101010 10101010 10101010 10101010 10101010 10101010 10101010 10101010 10101010 10101010 10101010 10101010 10101010 10101010 10101010 10101010 10101010 10101010 10101010 10101010 10101010 10101010 10101010 10101010 10101010 
[TC_DEBUG]     [0544] 10101010 10101010 10101010 10101010 10101010 10101010 10101010 10101010 10101010 10101010 10101010 10101010 10101010 10101010 10101010 10101010 10101010 10101010 10101010 10101010 10101010 10101010 10101010 10101010 10101010 10101010 10101010 10101010 10101010 10101010 10101010 10101010 
[TC_DEBUG]     [0576] 11111111 11111111 11111111 11111111 11111111 11111111 11111111 11111111 11111111 11111111 11111111 11111111 11111111 11111111 11111111 11111111 11111111 11111111 11111111 11111111 11111111 11111111 11111111 11111111 11111111 11111111 11111111 11111111 11111111 11111111 11111111 11111111 
[TC_DEBUG]     [0608] 11111111 11111111 11111111 11111111 11111111 11111111 11111111 11111111 11111111 11111111 11111111 11111111 11111111 11111111 11111111 11111111 11111111 11111111 11111111 11111111 11111111 11111111 11111111 11111111 11111111 11111111 11111111 11111111 11111111 11111111 11111111 11111111 
[TC_DEBUG]     [0640] 14141414 14141414 14141414 14141414 14141414 14141414 14141414 14141414 14141414 14141414 14141414 14141414 14141414 14141414 14141414 14141414 14141414 14141414 14141414 14141414 14141414 14141414 14141414 14141414 14141414 14141414 14141414 14141414 14141414 14141414 14141414 14141414 
[TC_DEBUG]     [0672] 14141414 14141414 14141414 14141414 14141414 14141414 14141414 14141414 14141414 14141414 14141414 14141414 14141414 14141414 14141414 14141414 14141414 14141414 14141414 14141414 14141414 14141414 14141414 14141414 14141414 14141414 14141414 14141414 14141414 14141414 14141414 14141414 
[TC_DEBUG]     [0704] 15151515 15151515 15151515 15151515 15151515 15151515 15151515 15151515 15151515 15151515 15151515 15151515 15151515 15151515 15151515 15151515 15151515 15151515 15151515 15151515 15151515 15151515 15151515 15151515 15151515 15151515 15151515 15151515 15151515 15151515 15151515 15151515 
[TC_DEBUG]     [0736] 15151515 15151515 15151515 15151515 15151515 15151515 15151515 15151515 15151515 15151515 15151515 15151515 15151515 15151515 15151515 15151515 15151515 15151515 15151515 15151515 15151515 15151515 15151515 15151515 15151515 15151515 15151515 15151515 15151515 15151515 15151515 15151515 
[TC_DEBUG]     [0768] 18181818 18181818 18181818 18181818 18181818 18181818 18181818 18181818 18181818 18181818 18181818 18181818 18181818 18181818 18181818 18181818 18181818 18181818 18181818 18181818 18181818 18181818 18181818 18181818 18181818 18181818 18181818 18181818 18181818 18181818 18181818 18181818 
[TC_DEBUG]     [0800] 18181818 18181818 18181818 18181818 18181818 18181818 18181818 18181818 18181818 18181818 18181818 18181818 18181818 18181818 18181818 18181818 18181818 18181818 18181818 18181818 18181818 18181818 18181818 18181818 18181818 18181818 18181818 18181818 18181818 18181818 18181818 18181818 
[TC_DEBUG]     [0832] 19191919 19191919 19191919 19191919 19191919 19191919 19191919 19191919 19191919 19191919 19191919 19191919 19191919 19191919 19191919 19191919 19191919 19191919 19191919 19191919 19191919 19191919 19191919 19191919 19191919 19191919 19191919 19191919 19191919 19191919 19191919 19191919 
[TC_DEBUG]     [0864] 19191919 19191919 19191919 19191919 19191919 19191919 19191919 19191919 19191919 19191919 19191919 19191919 19191919 19191919 19191919 19191919 19191919 19191919 19191919 19191919 19191919 19191919 19191919 19191919 19191919 19191919 19191919 19191919 19191919 19191919 19191919 19191919 
[TC_DEBUG]     [0896] 1C1C1C1C 1C1C1C1C 1C1C1C1C 1C1C1C1C 1C1C1C1C 1C1C1C1C 1C1C1C1C 1C1C1C1C 1C1C1C1C 1C1C1C1C 1C1C1C1C 1C1C1C1C 1C1C1C1C 1C1C1C1C 1C1C1C1C 1C1C1C1C 1C1C1C1C 1C1C1C1C 1C1C1C1C 1C1C1C1C 1C1C1C1C 1C1C1C1C 1C1C1C1C 1C1C1C1C 1C1C1C1C 1C1C1C1C 1C1C1C1C 1C1C1C1C 1C1C1C1C 1C1C1C1C 1C1C1C1C 1C1C1C1C 
[TC_DEBUG]     [0928] 1C1C1C1C 1C1C1C1C 1C1C1C1C 1C1C1C1C 1C1C1C1C 1C1C1C1C 1C1C1C1C 1C1C1C1C 1C1C1C1C 1C1C1C1C 1C1C1C1C 1C1C1C1C 1C1C1C1C 1C1C1C1C 1C1C1C1C 1C1C1C1C 1C1C1C1C 1C1C1C1C 1C1C1C1C 1C1C1C1C 1C1C1C1C 1C1C1C1C 1C1C1C1C 1C1C1C1C 1C1C1C1C 1C1C1C1C 1C1C1C1C 1C1C1C1C 1C1C1C1C 1C1C1C1C 1C1C1C1C 1C1C1C1C 
[TC_DEBUG]     [0960] 1D1D1D1D 1D1D1D1D 1D1D1D1D 1D1D1D1D 1D1D1D1D 1D1D1D1D 1D1D1D1D 1D1D1D1D 1D1D1D1D 1D1D1D1D 1D1D1D1D 1D1D1D1D 1D1D1D1D 1D1D1D1D 1D1D1D1D 1D1D1D1D 1D1D1D1D 1D1D1D1D 1D1D1D1D 1D1D1D1D 1D1D1D1D 1D1D1D1D 1D1D1D1D 1D1D1D1D 1D1D1D1D 1D1D1D1D 1D1D1D1D 1D1D1D1D 1D1D1D1D 1D1D1D1D 1D1D1D1D 1D1D1D1D 
[TC_DEBUG]     [0992] 1D1D1D1D 1D1D1D1D 1D1D1D1D 1D1D1D1D 1D1D1D1D 1D1D1D1D 1D1D1D1D 1D1D1D1D 1D1D1D1D 1D1D1D1D 1D1D1D1D 1D1D1D1D 1D1D1D1D 1D1D1D1D 1D1D1D1D 1D1D1D1D 1D1D1D1D 1D1D1D1D 1D1D1D1D 1D1D1D1D 1D1D1D1D 1D1D1D1D 1D1D1D1D 1D1D1D1D 1D1D1D1D 1D1D1D1D 1D1D1D1D 1D1D1D1D 1D1D1D1D 1D1D1D1D 1D1D1D1D 1D1D1D1D 
[TC_DEBUG]     [1024] 20202020 20202020 20202020 20202020 20202020 20202020 20202020 20202020 20202020 20202020 20202020 20202020 20202020 20202020 20202020 20202020 20202020 20202020 20202020 20202020 20202020 20202020 20202020 20202020 20202020 20202020 20202020 20202020 20202020 20202020 20202020 20202020 
[TC_DEBUG]     [1056] 20202020 20202020 20202020 20202020 20202020 20202020 20202020 20202020 20202020 20202020 20202020 20202020 20202020 20202020 20202020 20202020 20202020 20202020 20202020 20202020 20202020 20202020 20202020 20202020 20202020 20202020 20202020 20202020 20202020 20202020 20202020 20202020 
[TC_DEBUG]     [1088] 21212121 21212121 21212121 21212121 21212121 21212121 21212121 21212121 21212121 21212121 21212121 21212121 21212121 21212121 21212121 21212121 21212121 21212121 21212121 21212121 21212121 21212121 21212121 21212121 21212121 21212121 21212121 21212121 21212121 21212121 21212121 21212121 
[TC_DEBUG]     [1120] 21212121 21212121 21212121 21212121 21212121 21212121 21212121 21212121 21212121 21212121 21212121 21212121 21212121 21212121 21212121 21212121 21212121 21212121 21212121 21212121 21212121 21212121 21212121 21212121 21212121 21212121 21212121 21212121 21212121 21212121 21212121 21212121 
[TC_DEBUG]     [1152] 24242424 24242424 24242424 24242424 24242424 24242424 24242424 24242424 24242424 24242424 24242424 24242424 24242424 24242424 24242424 24242424 24242424 24242424 24242424 24242424 24242424 24242424 24242424 24242424 24242424 24242424 24242424 24242424 24242424 24242424 24242424 24242424 
[TC_DEBUG]     [1184] 24242424 24242424 24242424 24242424 24242424 24242424 24242424 24242424 24242424 24242424 24242424 24242424 24242424 24242424 24242424 24242424 24242424 24242424 24242424 24242424 24242424 24242424 24242424 24242424 24242424 24242424 24242424 24242424 24242424 24242424 24242424 24242424 
[TC_DEBUG]     [1216] 25252525 25252525 25252525 25252525 25252525 25252525 25252525 25252525 25252525 25252525 25252525 25252525 25252525 25252525 25252525 25252525 25252525 25252525 25252525 25252525 25252525 25252525 25252525 25252525 25252525 25252525 25252525 25252525 25252525 25252525 25252525 25252525 
[TC_DEBUG]     [1248] 25252525 25252525 25252525 25252525 25252525 25252525 25252525 25252525 25252525 25252525 25252525 25252525 25252525 25252525 25252525 25252525 25252525 25252525 25252525 25252525 25252525 25252525 25252525 25252525 25252525 25252525 25252525 25252525 25252525 25252525 25252525 25252525 
[TC_DEBUG]     [1280] 28282828 28282828 28282828 28282828 28282828 28282828 28282828 28282828 28282828 28282828 28282828 28282828 28282828 28282828 28282828 28282828 28282828 28282828 28282828 28282828 28282828 28282828 28282828 28282828 28282828 28282828 28282828 28282828 28282828 28282828 28282828 28282828 
[TC_DEBUG]     [1312] 28282828 28282828 28282828 28282828 28282828 28282828 28282828 28282828 28282828 28282828 28282828 28282828 28282828 28282828 28282828 28282828 28282828 28282828 28282828 28282828 28282828 28282828 28282828 28282828 28282828 28282828 28282828 28282828 28282828 28282828 28282828 28282828 
[TC_DEBUG]     [1344] 29292929 29292929 29292929 29292929 29292929 29292929 29292929 29292929 29292929 29292929 29292929 29292929 29292929 29292929 29292929 29292929 29292929 29292929 29292929 29292929 29292929 29292929 29292929 29292929 29292929 29292929 29292929 29292929 29292929 29292929 29292929 29292929 
[TC_DEBUG]     [1376] 29292929 29292929 29292929 29292929 29292929 29292929 29292929 29292929 29292929 29292929 29292929 29292929 29292929 29292929 29292929 29292929 29292929 29292929 29292929 29292929 29292929 29292929 29292929 29292929 29292929 29292929 29292929 29292929 29292929 29292929 29292929 29292929 
[TC_DEBUG]     [1408] 2C2C2C2C 2C2C2C2C 2C2C2C2C 2C2C2C2C 2C2C2C2C 2C2C2C2C 2C2C2C2C 2C2C2C2C 2C2C2C2C 2C2C2C2C 2C2C2C2C 2C2C2C2C 2C2C2C2C 2C2C2C2C 2C2C2C2C 2C2C2C2C 2C2C2C2C 2C2C2C2C 2C2C2C2C 2C2C2C2C 2C2C2C2C 2C2C2C2C 2C2C2C2C 2C2C2C2C 2C2C2C2C 2C2C2C2C 2C2C2C2C 2C2C2C2C 2C2C2C2C 2C2C2C2C 2C2C2C2C 2C2C2C2C 
[TC_DEBUG]     [1440] 2C2C2C2C 2C2C2C2C 2C2C2C2C 2C2C2C2C 2C2C2C2C 2C2C2C2C 2C2C2C2C 2C2C2C2C 2C2C2C2C 2C2C2C2C 2C2C2C2C 2C2C2C2C 2C2C2C2C 2C2C2C2C 2C2C2C2C 2C2C2C2C 2C2C2C2C 2C2C2C2C 2C2C2C2C 2C2C2C2C 2C2C2C2C 2C2C2C2C 2C2C2C2C 2C2C2C2C 2C2C2C2C 2C2C2C2C 2C2C2C2C 2C2C2C2C 2C2C2C2C 2C2C2C2C 2C2C2C2C 2C2C2C2C 
[TC_DEBUG]     [1472] 2D2D2D2D 2D2D2D2D 2D2D2D2D 2D2D2D2D 2D2D2D2D 2D2D2D2D 2D2D2D2D 2D2D2D2D 2D2D2D2D 2D2D2D2D 2D2D2D2D 2D2D2D2D 2D2D2D2D 2D2D2D2D 2D2D2D2D 2D2D2D2D 2D2D2D2D 2D2D2D2D 2D2D2D2D 2D2D2D2D 2D2D2D2D 2D2D2D2D 2D2D2D2D 2D2D2D2D 2D2D2D2D 2D2D2D2D 2D2D2D2D 2D2D2D2D 2D2D2D2D 2D2D2D2D 2D2D2D2D 2D2D2D2D 
[TC_DEBUG]     [1504] 2D2D2D2D 2D2D2D2D 2D2D2D2D 2D2D2D2D 2D2D2D2D 2D2D2D2D 2D2D2D2D 2D2D2D2D 2D2D2D2D 2D2D2D2D 2D2D2D2D 2D2D2D2D 2D2D2D2D 2D2D2D2D 2D2D2D2D 2D2D2D2D 2D2D2D2D 2D2D2D2D 2D2D2D2D 2D2D2D2D 2D2D2D2D 2D2D2D2D 2D2D2D2D 2D2D2D2D 2D2D2D2D 2D2D2D2D 2D2D2D2D 2D2D2D2D 2D2D2D2D 2D2D2D2D 2D2D2D2D 2D2D2D2D 
[TC_DEBUG]     [1536] 30303030 30303030 30303030 30303030 30303030 30303030 30303030 30303030 30303030 30303030 30303030 30303030 30303030 30303030 30303030 30303030 30303030 30303030 30303030 30303030 30303030 30303030 30303030 30303030 30303030 30303030 30303030 30303030 30303030 30303030 30303030 30303030 
[TC_DEBUG]     [1568] 30303030 30303030 30303030 30303030 30303030 30303030 30303030 30303030 30303030 30303030 30303030 30303030 30303030 30303030 30303030 30303030 30303030 30303030 30303030 30303030 30303030 30303030 30303030 30303030 30303030 30303030 30303030 30303030 30303030 30303030 30303030 30303030 
[TC_DEBUG]     [1600] 31313131 31313131 31313131 31313131 31313131 31313131 31313131 31313131 31313131 31313131 31313131 31313131 31313131 31313131 31313131 31313131 31313131 31313131 31313131 31313131 31313131 31313131 31313131 31313131 31313131 31313131 31313131 31313131 31313131 31313131 31313131 31313131 
[TC_DEBUG]     [1632] 31313131 31313131 31313131 31313131 31313131 31313131 31313131 31313131 31313131 31313131 31313131 31313131 31313131 31313131 31313131 31313131 31313131 31313131 31313131 31313131 31313131 31313131 31313131 31313131 31313131 31313131 31313131 31313131 31313131 31313131 31313131 31313131 
[TC_DEBUG]     [1664] 34343434 34343434 34343434 34343434 34343434 34343434 34343434 34343434 34343434 34343434 34343434 34343434 34343434 34343434 34343434 34343434 34343434 34343434 34343434 34343434 34343434 34343434 34343434 34343434 34343434 34343434 34343434 34343434 34343434 34343434 34343434 34343434 
[TC_DEBUG]     [1696] 34343434 34343434 34343434 34343434 34343434 34343434 34343434 34343434 34343434 34343434 34343434 34343434 34343434 34343434 34343434 34343434 34343434 34343434 34343434 34343434 34343434 34343434 34343434 34343434 34343434 34343434 34343434 34343434 34343434 34343434 34343434 34343434 
[TC_DEBUG]     [1728] 35353535 35353535 35353535 35353535 35353535 35353535 35353535 35353535 35353535 35353535 35353535 35353535 35353535 35353535 35353535 35353535 35353535 35353535 35353535 35353535 35353535 35353535 35353535 35353535 35353535 35353535 35353535 35353535 35353535 35353535 35353535 35353535 
[TC_DEBUG]     [1760] 35353535 35353535 35353535 35353535 35353535 35353535 35353535 35353535 35353535 35353535 35353535 35353535 35353535 35353535 35353535 35353535 35353535 35353535 35353535 35353535 35353535 35353535 35353535 35353535 35353535 35353535 35353535 35353535 35353535 35353535 35353535 35353535 
[TC_DEBUG]     [1792] 38383838 38383838 38383838 38383838 38383838 38383838 38383838 38383838 38383838 38383838 38383838 38383838 38383838 38383838 38383838 38383838 38383838 38383838 38383838 38383838 38383838 38383838 38383838 38383838 38383838 38383838 38383838 38383838 38383838 38383838 38383838 38383838 
[TC_DEBUG]     [1824] 38383838 38383838 38383838 38383838 38383838 38383838 38383838 38383838 38383838 38383838 38383838 38383838 38383838 38383838 38383838 38383838 38383838 38383838 38383838 38383838 38383838 38383838 38383838 38383838 38383838 38383838 38383838 38383838 38383838 38383838 38383838 38383838 
[TC_DEBUG]     [1856] 39393939 39393939 39393939 39393939 39393939 39393939 39393939 39393939 39393939 39393939 39393939 39393939 39393939 39393939 39393939 39393939 39393939 39393939 39393939 39393939 39393939 39393939 39393939 39393939 39393939 39393939 39393939 39393939 39393939 39393939 39393939 39393939 
[TC_DEBUG]     [1888] 39393939 39393939 39393939 39393939 39393939 39393939 39393939 39393939 39393939 39393939 39393939 39393939 39393939 39393939 39393939 39393939 39393939 39393939 39393939 39393939 39393939 39393939 39393939 39393939 39393939 39393939 39393939 39393939 39393939 39393939 39393939 39393939 
[TC_DEBUG]     [1920] 3C3C3C3C 3C3C3C3C 3C3C3C3C 3C3C3C3C 3C3C3C3C 3C3C3C3C 3C3C3C3C 3C3C3C3C 3C3C3C3C 3C3C3C3C 3C3C3C3C 3C3C3C3C 3C3C3C3C 3C3C3C3C 3C3C3C3C 3C3C3C3C 3C3C3C3C 3C3C3C3C 3C3C3C3C 3C3C3C3C 3C3C3C3C 3C3C3C3C 3C3C3C3C 3C3C3C3C 3C3C3C3C 3C3C3C3C 3C3C3C3C 3C3C3C3C 3C3C3C3C 3C3C3C3C 3C3C3C3C 3C3C3C3C 
[TC_DEBUG]     [1952] 3C3C3C3C 3C3C3C3C 3C3C3C3C 3C3C3C3C 3C3C3C3C 3C3C3C3C 3C3C3C3C 3C3C3C3C 3C3C3C3C 3C3C3C3C 3C3C3C3C 3C3C3C3C 3C3C3C3C 3C3C3C3C 3C3C3C3C 3C3C3C3C 3C3C3C3C 3C3C3C3C 3C3C3C3C 3C3C3C3C 3C3C3C3C 3C3C3C3C 3C3C3C3C 3C3C3C3C 3C3C3C3C 3C3C3C3C 3C3C3C3C 3C3C3C3C 3C3C3C3C 3C3C3C3C 3C3C3C3C 3C3C3C3C 
[TC_DEBUG]     [1984] 3D3D3D3D 3D3D3D3D 3D3D3D3D 3D3D3D3D 3D3D3D3D 3D3D3D3D 3D3D3D3D 3D3D3D3D 3D3D3D3D 3D3D3D3D 3D3D3D3D 3D3D3D3D 3D3D3D3D 3D3D3D3D 3D3D3D3D 3D3D3D3D 3D3D3D3D 3D3D3D3D 3D3D3D3D 3D3D3D3D 3D3D3D3D 3D3D3D3D 3D3D3D3D 3D3D3D3D 3D3D3D3D 3D3D3D3D 3D3D3D3D 3D3D3D3D 3D3D3D3D 3D3D3D3D 3D3D3D3D 3D3D3D3D 
[TC_DEBUG]     [2016] 3D3D3D3D 3D3D3D3D 3D3D3D3D 3D3D3D3D 3D3D3D3D 3D3D3D3D 3D3D3D3D 3D3D3D3D 3D3D3D3D 3D3D3D3D 3D3D3D3D 3D3D3D3D 3D3D3D3D 3D3D3D3D 3D3D3D3D 3D3D3D3D 3D3D3D3D 3D3D3D3D 3D3D3D3D 3D3D3D3D 3D3D3D3D 3D3D3D3D 3D3D3D3D 3D3D3D3D 3D3D3D3D 3D3D3D3D 3D3D3D3D 3D3D3D3D 3D3D3D3D 3D3D3D3D 3D3D3D3D 3D3D3D3D 
[TC_DEBUG]     [2048] 40404040 40404040 40404040 40404040 40404040 40404040 40404040 40404040 40404040 40404040 40404040 40404040 40404040 40404040 40404040 40404040 40404040 40404040 40404040 40404040 40404040 40404040 40404040 40404040 40404040 40404040 40404040 40404040 40404040 40404040 40404040 40404040 
[TC_DEBUG]     [2080] 40404040 40404040 40404040 40404040 40404040 40404040 40404040 40404040 40404040 40404040 40404040 40404040 40404040 40404040 40404040 40404040 40404040 40404040 40404040 40404040 40404040 40404040 40404040 40404040 40404040 40404040 40404040 40404040 40404040 40404040 40404040 40404040 
[TC_DEBUG]     [2112] 41414141 41414141 41414141 41414141 41414141 41414141 41414141 41414141 41414141 41414141 41414141 41414141 41414141 41414141 41414141 41414141 41414141 41414141 41414141 41414141 41414141 41414141 41414141 41414141 41414141 41414141 41414141 41414141 41414141 41414141 41414141 41414141 
[TC_DEBUG]     [2144] 41414141 41414141 41414141 41414141 41414141 41414141 41414141 41414141 41414141 41414141 41414141 41414141 41414141 41414141 41414141 41414141 41414141 41414141 41414141 41414141 41414141 41414141 41414141 41414141 41414141 41414141 41414141 41414141 41414141 41414141 41414141 41414141 
[TC_DEBUG]     [2176] 44444444 44444444 44444444 44444444 44444444 44444444 44444444 44444444 44444444 44444444 44444444 44444444 44444444 44444444 44444444 44444444 44444444 44444444 44444444 44444444 44444444 44444444 44444444 44444444 44444444 44444444 44444444 44444444 44444444 44444444 44444444 44444444 
[TC_DEBUG]     [2208] 44444444 44444444 44444444 44444444 44444444 44444444 44444444 44444444 44444444 44444444 44444444 44444444 44444444 44444444 44444444 44444444 44444444 44444444 44444444 44444444 44444444 44444444 44444444 44444444 44444444 44444444 44444444 44444444 44444444 44444444 44444444 44444444 
[TC_DEBUG]     [2240] 45454545 45454545 45454545 45454545 45454545 45454545 45454545 45454545 45454545 45454545 45454545 45454545 45454545 45454545 45454545 45454545 45454545 45454545 45454545 45454545 45454545 45454545 45454545 45454545 45454545 45454545 45454545 45454545 45454545 45454545 45454545 45454545 
[TC_DEBUG]     [2272] 45454545 45454545 45454545 45454545 45454545 45454545 45454545 45454545 45454545 45454545 45454545 45454545 45454545 45454545 45454545 45454545 45454545 45454545 45454545 45454545 45454545 45454545 45454545 45454545 45454545 45454545 45454545 45454545 45454545 45454545 45454545 45454545 
[TC_DEBUG]     [2304] 48484848 48484848 48484848 48484848 48484848 48484848 48484848 48484848 48484848 48484848 48484848 48484848 48484848 48484848 48484848 48484848 48484848 48484848 48484848 48484848 48484848 48484848 48484848 48484848 48484848 48484848 48484848 48484848 48484848 48484848 48484848 48484848 
[TC_DEBUG]     [2336] 48484848 48484848 48484848 48484848 48484848 48484848 48484848 48484848 48484848 48484848 48484848 48484848 48484848 48484848 48484848 48484848 48484848 48484848 48484848 48484848 48484848 48484848 48484848 48484848 48484848 48484848 48484848 48484848 48484848 48484848 48484848 48484848 
[TC_DEBUG]     [2368] 49494949 49494949 49494949 49494949 49494949 49494949 49494949 49494949 49494949 49494949 49494949 49494949 49494949 49494949 49494949 49494949 49494949 49494949 49494949 49494949 49494949 49494949 49494949 49494949 49494949 49494949 49494949 49494949 49494949 49494949 49494949 49494949 
[TC_DEBUG]     [2400] 49494949 49494949 49494949 49494949 49494949 49494949 49494949 49494949 49494949 49494949 49494949 49494949 49494949 49494949 49494949 49494949 49494949 49494949 49494949 49494949 49494949 49494949 49494949 49494949 49494949 49494949 49494949 49494949 49494949 49494949 49494949 49494949 
[TC_DEBUG]     [2432] 4C4C4C4C 4C4C4C4C 4C4C4C4C 4C4C4C4C 4C4C4C4C 4C4C4C4C 4C4C4C4C 4C4C4C4C 4C4C4C4C 4C4C4C4C 4C4C4C4C 4C4C4C4C 4C4C4C4C 4C4C4C4C 4C4C4C4C 4C4C4C4C 4C4C4C4C 4C4C4C4C 4C4C4C4C 4C4C4C4C 4C4C4C4C 4C4C4C4C 4C4C4C4C 4C4C4C4C 4C4C4C4C 4C4C4C4C 4C4C4C4C 4C4C4C4C 4C4C4C4C 4C4C4C4C 4C4C4C4C 4C4C4C4C 
[TC_DEBUG]     [2464] 4C4C4C4C 4C4C4C4C 4C4C4C4C 4C4C4C4C 4C4C4C4C 4C4C4C4C 4C4C4C4C 4C4C4C4C 4C4C4C4C 4C4C4C4C 4C4C4C4C 4C4C4C4C 4C4C4C4C 4C4C4C4C 4C4C4C4C 4C4C4C4C 4C4C4C4C 4C4C4C4C 4C4C4C4C 4C4C4C4C 4C4C4C4C 4C4C4C4C 4C4C4C4C 4C4C4C4C 4C4C4C4C 4C4C4C4C 4C4C4C4C 4C4C4C4C 4C4C4C4C 4C4C4C4C 4C4C4C4C 4C4C4C4C 
[TC_DEBUG]     [2496] 4D4D4D4D 4D4D4D4D 4D4D4D4D 4D4D4D4D 4D4D4D4D 4D4D4D4D 4D4D4D4D 4D4D4D4D 4D4D4D4D 4D4D4D4D 4D4D4D4D 4D4D4D4D 4D4D4D4D 4D4D4D4D 4D4D4D4D 4D4D4D4D 4D4D4D4D 4D4D4D4D 4D4D4D4D 4D4D4D4D 4D4D4D4D 4D4D4D4D 4D4D4D4D 4D4D4D4D 4D4D4D4D 4D4D4D4D 4D4D4D4D 4D4D4D4D 4D4D4D4D 4D4D4D4D 4D4D4D4D 4D4D4D4D 
[TC_DEBUG]     [2528] 4D4D4D4D 4D4D4D4D 4D4D4D4D 4D4D4D4D 4D4D4D4D 4D4D4D4D 4D4D4D4D 4D4D4D4D 4D4D4D4D 4D4D4D4D 4D4D4D4D 4D4D4D4D 4D4D4D4D 4D4D4D4D 4D4D4D4D 4D4D4D4D 4D4D4D4D 4D4D4D4D 4D4D4D4D 4D4D4D4D 4D4D4D4D 4D4D4D4D 4D4D4D4D 4D4D4D4D 4D4D4D4D 4D4D4D4D 4D4D4D4D 4D4D4D4D 4D4D4D4D 4D4D4D4D 4D4D4D4D 4D4D4D4D 
[TC_DEBUG]     [2560] 50505050 50505050 50505050 50505050 50505050 50505050 50505050 50505050 50505050 50505050 50505050 50505050 50505050 50505050 50505050 50505050 50505050 50505050 50505050 50505050 50505050 50505050 50505050 50505050 50505050 50505050 50505050 50505050 50505050 50505050 50505050 50505050 
[TC_DEBUG]     [2592] 50505050 50505050 50505050 50505050 50505050 50505050 50505050 50505050 50505050 50505050 50505050 50505050 50505050 50505050 50505050 50505050 50505050 50505050 50505050 50505050 50505050 50505050 50505050 50505050 50505050 50505050 50505050 50505050 50505050 50505050 50505050 50505050 
[TC_DEBUG]     [2624] 51515151 51515151 51515151 51515151 51515151 51515151 51515151 51515151 51515151 51515151 51515151 51515151 51515151 51515151 51515151 51515151 51515151 51515151 51515151 51515151 51515151 51515151 51515151 51515151 51515151 51515151 51515151 51515151 51515151 51515151 51515151 51515151 
[TC_DEBUG]     [2656] 51515151 51515151 51515151 51515151 51515151 51515151 51515151 51515151 51515151 51515151 51515151 51515151 51515151 51515151 51515151 51515151 51515151 51515151 51515151 51515151 51515151 51515151 51515151 51515151 51515151 51515151 51515151 51515151 51515151 51515151 51515151 51515151 
[TC_DEBUG]     [2688] 54545454 54545454 54545454 54545454 54545454 54545454 54545454 54545454 54545454 54545454 54545454 54545454 54545454 54545454 54545454 54545454 54545454 54545454 54545454 54545454 54545454 54545454 54545454 54545454 54545454 54545454 54545454 54545454 54545454 54545454 54545454 54545454 
[TC_DEBUG]     [2720] 54545454 54545454 54545454 54545454 54545454 54545454 54545454 54545454 54545454 54545454 54545454 54545454 54545454 54545454 54545454 54545454 54545454 54545454 54545454 54545454 54545454 54545454 54545454 54545454 54545454 54545454 54545454 54545454 54545454 54545454 54545454 54545454 
[TC_DEBUG]     [2752] 55555555 55555555 55555555 55555555 55555555 55555555 55555555 55555555 55555555 55555555 55555555 55555555 55555555 55555555 55555555 55555555 55555555 55555555 55555555 55555555 55555555 55555555 55555555 55555555 55555555 55555555 55555555 55555555 55555555 55555555 55555555 55555555 
[TC_DEBUG]     [2784] 55555555 55555555 55555555 55555555 55555555 55555555 55555555 55555555 55555555 55555555 55555555 55555555 55555555 55555555 55555555 55555555 55555555 55555555 55555555 55555555 55555555 55555555 55555555 55555555 55555555 55555555 55555555 55555555 55555555 55555555 55555555 55555555 
[TC_DEBUG]     [2816] 58585858 58585858 58585858 58585858 58585858 58585858 58585858 58585858 58585858 58585858 58585858 58585858 58585858 58585858 58585858 58585858 58585858 58585858 58585858 58585858 58585858 58585858 58585858 58585858 58585858 58585858 58585858 58585858 58585858 58585858 58585858 58585858 
[TC_DEBUG]     [2848] 58585858 58585858 58585858 58585858 58585858 58585858 58585858 58585858 58585858 58585858 58585858 58585858 58585858 58585858 58585858 58585858 58585858 58585858 58585858 58585858 58585858 58585858 58585858 58585858 58585858 58585858 58585858 58585858 58585858 58585858 58585858 58585858 
[TC_DEBUG]     [2880] 59595959 59595959 59595959 59595959 59595959 59595959 59595959 59595959 59595959 59595959 59595959 59595959 59595959 59595959 59595959 59595959 59595959 59595959 59595959 59595959 59595959 59595959 59595959 59595959 59595959 59595959 59595959 59595959 59595959 59595959 59595959 59595959 
[TC_DEBUG]     [2912] 59595959 59595959 59595959 59595959 59595959 59595959 59595959 59595959 59595959 59595959 59595959 59595959 59595959 59595959 59595959 59595959 59595959 59595959 59595959 59595959 59595959 59595959 59595959 59595959 59595959 59595959 59595959 59595959 59595959 59595959 59595959 59595959 
[TC_DEBUG]     [2944] 5C5C5C5C 5C5C5C5C 5C5C5C5C 5C5C5C5C 5C5C5C5C 5C5C5C5C 5C5C5C5C 5C5C5C5C 5C5C5C5C 5C5C5C5C 5C5C5C5C 5C5C5C5C 5C5C5C5C 5C5C5C5C 5C5C5C5C 5C5C5C5C 5C5C5C5C 5C5C5C5C 5C5C5C5C 5C5C5C5C 5C5C5C5C 5C5C5C5C 5C5C5C5C 5C5C5C5C 5C5C5C5C 5C5C5C5C 5C5C5C5C 5C5C5C5C 5C5C5C5C 5C5C5C5C 5C5C5C5C 5C5C5C5C 
[TC_DEBUG]     [2976] 5C5C5C5C 5C5C5C5C 5C5C5C5C 5C5C5C5C 5C5C5C5C 5C5C5C5C 5C5C5C5C 5C5C5C5C 5C5C5C5C 5C5C5C5C 5C5C5C5C 5C5C5C5C 5C5C5C5C 5C5C5C5C 5C5C5C5C 5C5C5C5C 5C5C5C5C 5C5C5C5C 5C5C5C5C 5C5C5C5C 5C5C5C5C 5C5C5C5C 5C5C5C5C 5C5C5C5C 5C5C5C5C 5C5C5C5C 5C5C5C5C 5C5C5C5C 5C5C5C5C 5C5C5C5C 5C5C5C5C 5C5C5C5C 
[TC_DEBUG]     [3008] 5D5D5D5D 5D5D5D5D 5D5D5D5D 5D5D5D5D 5D5D5D5D 5D5D5D5D 5D5D5D5D 5D5D5D5D 5D5D5D5D 5D5D5D5D 5D5D5D5D 5D5D5D5D 5D5D5D5D 5D5D5D5D 5D5D5D5D 5D5D5D5D 5D5D5D5D 5D5D5D5D 5D5D5D5D 5D5D5D5D 5D5D5D5D 5D5D5D5D 5D5D5D5D 5D5D5D5D 5D5D5D5D 5D5D5D5D 5D5D5D5D 5D5D5D5D 5D5D5D5D 5D5D5D5D 5D5D5D5D 5D5D5D5D 
[TC_DEBUG]     [3040] 5D5D5D5D 5D5D5D5D 5D5D5D5D 5D5D5D5D 5D5D5D5D 5D5D5D5D 5D5D5D5D 5D5D5D5D 5D5D5D5D 5D5D5D5D 5D5D5D5D 5D5D5D5D 5D5D5D5D 5D5D5D5D 5D5D5D5D 5D5D5D5D 5D5D5D5D 5D5D5D5D 5D5D5D5D 5D5D5D5D 5D5D5D5D 5D5D5D5D 5D5D5D5D 5D5D5D5D 5D5D5D5D 5D5D5D5D 5D5D5D5D 5D5D5D5D 5D5D5D5D 5D5D5D5D 5D5D5D5D 5D5D5D5D 
[TC_DEBUG]     [3072] 60606060 60606060 60606060 60606060 60606060 60606060 60606060 60606060 60606060 60606060 60606060 60606060 60606060 60606060 60606060 60606060 60606060 60606060 60606060 60606060 60606060 60606060 60606060 60606060 60606060 60606060 60606060 60606060 60606060 60606060 60606060 60606060 
[TC_DEBUG]     [3104] 60606060 60606060 60606060 60606060 60606060 60606060 60606060 60606060 60606060 60606060 60606060 60606060 60606060 60606060 60606060 60606060 60606060 60606060 60606060 60606060 60606060 60606060 60606060 60606060 60606060 60606060 60606060 60606060 60606060 60606060 60606060 60606060 
[TC_DEBUG]     [3136] 61616161 61616161 61616161 61616161 61616161 61616161 61616161 61616161 61616161 61616161 61616161 61616161 61616161 61616161 61616161 61616161 61616161 61616161 61616161 61616161 61616161 61616161 61616161 61616161 61616161 61616161 61616161 61616161 61616161 61616161 61616161 61616161 
[TC_DEBUG]     [3168] 61616161 61616161 61616161 61616161 61616161 61616161 61616161 61616161 61616161 61616161 61616161 61616161 61616161 61616161 61616161 61616161 61616161 61616161 61616161 61616161 61616161 61616161 61616161 61616161 61616161 61616161 61616161 61616161 61616161 61616161 61616161 61616161 
[TC_DEBUG]     [3200] 64646464 64646464 64646464 64646464 64646464 64646464 64646464 64646464 64646464 64646464 64646464 64646464 64646464 64646464 64646464 64646464 64646464 64646464 64646464 64646464 64646464 64646464 64646464 64646464 64646464 64646464 64646464 64646464 64646464 64646464 64646464 64646464 
[TC_DEBUG]     [3232] 64646464 64646464 64646464 64646464 64646464 64646464 64646464 64646464 64646464 64646464 64646464 64646464 64646464 64646464 64646464 64646464 64646464 64646464 64646464 64646464 64646464 64646464 64646464 64646464 64646464 64646464 64646464 64646464 64646464 64646464 64646464 64646464 
[TC_DEBUG]     [3264] 65656565 65656565 65656565 65656565 65656565 65656565 65656565 65656565 65656565 65656565 65656565 65656565 65656565 65656565 65656565 65656565 65656565 65656565 65656565 65656565 65656565 65656565 65656565 65656565 65656565 65656565 65656565 65656565 65656565 65656565 65656565 65656565 
[TC_DEBUG]     [3296] 65656565 65656565 65656565 65656565 65656565 65656565 65656565 65656565 65656565 65656565 65656565 65656565 65656565 65656565 65656565 65656565 65656565 65656565 65656565 65656565 65656565 65656565 65656565 65656565 65656565 65656565 65656565 65656565 65656565 65656565 65656565 65656565 
[TC_DEBUG]     [3328] 68686868 68686868 68686868 68686868 68686868 68686868 68686868 68686868 68686868 68686868 68686868 68686868 68686868 68686868 68686868 68686868 68686868 68686868 68686868 68686868 68686868 68686868 68686868 68686868 68686868 68686868 68686868 68686868 68686868 68686868 68686868 68686868 
[TC_DEBUG]     [3360] 68686868 68686868 68686868 68686868 68686868 68686868 68686868 68686868 68686868 68686868 68686868 68686868 68686868 68686868 68686868 68686868 68686868 68686868 68686868 68686868 68686868 68686868 68686868 68686868 68686868 68686868 68686868 68686868 68686868 68686868 68686868 68686868 
[TC_DEBUG]     [3392] 69696969 69696969 69696969 69696969 69696969 69696969 69696969 69696969 69696969 69696969 69696969 69696969 69696969 69696969 69696969 69696969 69696969 69696969 69696969 69696969 69696969 69696969 69696969 69696969 69696969 69696969 69696969 69696969 69696969 69696969 69696969 69696969 
[TC_DEBUG]     [3424] 69696969 69696969 69696969 69696969 69696969 69696969 69696969 69696969 69696969 69696969 69696969 69696969 69696969 69696969 69696969 69696969 69696969 69696969 69696969 69696969 69696969 69696969 69696969 69696969 69696969 69696969 69696969 69696969 69696969 69696969 69696969 69696969 
[TC_DEBUG]     [3456] 6C6C6C6C 6C6C6C6C 6C6C6C6C 6C6C6C6C 6C6C6C6C 6C6C6C6C 6C6C6C6C 6C6C6C6C 6C6C6C6C 6C6C6C6C 6C6C6C6C 6C6C6C6C 6C6C6C6C 6C6C6C6C 6C6C6C6C 6C6C6C6C 6C6C6C6C 6C6C6C6C 6C6C6C6C 6C6C6C6C 6C6C6C6C 6C6C6C6C 6C6C6C6C 6C6C6C6C 6C6C6C6C 6C6C6C6C 6C6C6C6C 6C6C6C6C 6C6C6C6C 6C6C6C6C 6C6C6C6C 6C6C6C6C 
[TC_DEBUG]     [3488] 6C6C6C6C 6C6C6C6C 6C6C6C6C 6C6C6C6C 6C6C6C6C 6C6C6C6C 6C6C6C6C 6C6C6C6C 6C6C6C6C 6C6C6C6C 6C6C6C6C 6C6C6C6C 6C6C6C6C 6C6C6C6C 6C6C6C6C 6C6C6C6C 6C6C6C6C 6C6C6C6C 6C6C6C6C 6C6C6C6C 6C6C6C6C 6C6C6C6C 6C6C6C6C 6C6C6C6C 6C6C6C6C 6C6C6C6C 6C6C6C6C 6C6C6C6C 6C6C6C6C 6C6C6C6C 6C6C6C6C 6C6C6C6C 
[TC_DEBUG]     [3520] 6D6D6D6D 6D6D6D6D 6D6D6D6D 6D6D6D6D 6D6D6D6D 6D6D6D6D 6D6D6D6D 6D6D6D6D 6D6D6D6D 6D6D6D6D 6D6D6D6D 6D6D6D6D 6D6D6D6D 6D6D6D6D 6D6D6D6D 6D6D6D6D 6D6D6D6D 6D6D6D6D 6D6D6D6D 6D6D6D6D 6D6D6D6D 6D6D6D6D 6D6D6D6D 6D6D6D6D 6D6D6D6D 6D6D6D6D 6D6D6D6D 6D6D6D6D 6D6D6D6D 6D6D6D6D 6D6D6D6D 6D6D6D6D 
[TC_DEBUG]     [3552] 6D6D6D6D 6D6D6D6D 6D6D6D6D 6D6D6D6D 6D6D6D6D 6D6D6D6D 6D6D6D6D 6D6D6D6D 6D6D6D6D 6D6D6D6D 6D6D6D6D 6D6D6D6D 6D6D6D6D 6D6D6D6D 6D6D6D6D 6D6D6D6D 6D6D6D6D 6D6D6D6D 6D6D6D6D 6D6D6D6D 6D6D6D6D 6D6D6D6D 6D6D6D6D 6D6D6D6D 6D6D6D6D 6D6D6D6D 6D6D6D6D 6D6D6D6D 6D6D6D6D 6D6D6D6D 6D6D6D6D 6D6D6D6D 
[TC_DEBUG]     [3584] 70707070 70707070 70707070 70707070 70707070 70707070 70707070 70707070 70707070 70707070 70707070 70707070 70707070 70707070 70707070 70707070 70707070 70707070 70707070 70707070 70707070 70707070 70707070 70707070 70707070 70707070 70707070 70707070 70707070 70707070 70707070 70707070 
[TC_DEBUG]     [3616] 70707070 70707070 70707070 70707070 70707070 70707070 70707070 70707070 70707070 70707070 70707070 70707070 70707070 70707070 70707070 70707070 70707070 70707070 70707070 70707070 70707070 70707070 70707070 70707070 70707070 70707070 70707070 70707070 70707070 70707070 70707070 70707070 
[TC_DEBUG]     [3648] 71717171 71717171 71717171 71717171 71717171 71717171 71717171 71717171 71717171 71717171 71717171 71717171 71717171 71717171 71717171 71717171 71717171 71717171 71717171 71717171 71717171 71717171 71717171 71717171 71717171 71717171 71717171 71717171 71717171 71717171 71717171 71717171 
[TC_DEBUG]     [3680] 71717171 71717171 71717171 71717171 71717171 71717171 71717171 71717171 71717171 71717171 71717171 71717171 71717171 71717171 71717171 71717171 71717171 71717171 71717171 71717171 71717171 71717171 71717171 71717171 71717171 71717171 71717171 71717171 71717171 71717171 71717171 71717171 
[TC_DEBUG]     [3712] 74747474 74747474 74747474 74747474 74747474 74747474 74747474 74747474 74747474 74747474 74747474 74747474 74747474 74747474 74747474 74747474 74747474 74747474 74747474 74747474 74747474 74747474 74747474 74747474 74747474 74747474 74747474 74747474 74747474 74747474 74747474 74747474 
[TC_DEBUG]     [3744] 74747474 74747474 74747474 74747474 74747474 74747474 74747474 74747474 74747474 74747474 74747474 74747474 74747474 74747474 74747474 74747474 74747474 74747474 74747474 74747474 74747474 74747474 74747474 74747474 74747474 74747474 74747474 74747474 74747474 74747474 74747474 74747474 
[TC_DEBUG]     [3776] 75757575 75757575 75757575 75757575 75757575 75757575 75757575 75757575 75757575 75757575 75757575 75757575 75757575 75757575 75757575 75757575 75757575 75757575 75757575 75757575 75757575 75757575 75757575 75757575 75757575 75757575 75757575 75757575 75757575 75757575 75757575 75757575 
[TC_DEBUG]     [3808] 75757575 75757575 75757575 75757575 75757575 75757575 75757575 75757575 75757575 75757575 75757575 75757575 75757575 75757575 75757575 75757575 75757575 75757575 75757575 75757575 75757575 75757575 75757575 75757575 75757575 75757575 75757575 75757575 75757575 75757575 75757575 75757575 
[TC_DEBUG]     [3840] 78787878 78787878 78787878 78787878 78787878 78787878 78787878 78787878 78787878 78787878 78787878 78787878 78787878 78787878 78787878 78787878 78787878 78787878 78787878 78787878 78787878 78787878 78787878 78787878 78787878 78787878 78787878 78787878 78787878 78787878 78787878 78787878 
[TC_DEBUG]     [3872] 78787878 78787878 78787878 78787878 78787878 78787878 78787878 78787878 78787878 78787878 78787878 78787878 78787878 78787878 78787878 78787878 78787878 78787878 78787878 78787878 78787878 78787878 78787878 78787878 78787878 78787878 78787878 78787878 78787878 78787878 78787878 78787878 
[TC_DEBUG]     [3904] 79797979 79797979 79797979 79797979 79797979 79797979 79797979 79797979 79797979 79797979 79797979 79797979 79797979 79797979 79797979 79797979 79797979 79797979 79797979 79797979 79797979 79797979 79797979 79797979 79797979 79797979 79797979 79797979 79797979 79797979 79797979 79797979 
[TC_DEBUG]     [3936] 79797979 79797979 79797979 79797979 79797979 79797979 79797979 79797979 79797979 79797979 79797979 79797979 79797979 79797979 79797979 79797979 79797979 79797979 79797979 79797979 79797979 79797979 79797979 79797979 79797979 79797979 79797979 79797979 79797979 79797979 79797979 79797979 
[TC_DEBUG]     [3968] 7C7C7C7C 7C7C7C7C 7C7C7C7C 7C7C7C7C 7C7C7C7C 7C7C7C7C 7C7C7C7C 7C7C7C7C 7C7C7C7C 7C7C7C7C 7C7C7C7C 7C7C7C7C 7C7C7C7C 7C7C7C7C 7C7C7C7C 7C7C7C7C 7C7C7C7C 7C7C7C7C 7C7C7C7C 7C7C7C7C 7C7C7C7C 7C7C7C7C 7C7C7C7C 7C7C7C7C 7C7C7C7C 7C7C7C7C 7C7C7C7C 7C7C7C7C 7C7C7C7C 7C7C7C7C 7C7C7C7C 7C7C7C7C 
[TC_DEBUG]     [4000] 7C7C7C7C 7C7C7C7C 7C7C7C7C 7C7C7C7C 7C7C7C7C 7C7C7C7C 7C7C7C7C 7C7C7C7C 7C7C7C7C 7C7C7C7C 7C7C7C7C 7C7C7C7C 7C7C7C7C 7C7C7C7C 7C7C7C7C 7C7C7C7C 7C7C7C7C 7C7C7C7C 7C7C7C7C 7C7C7C7C 7C7C7C7C 7C7C7C7C 7C7C7C7C 7C7C7C7C 7C7C7C7C 7C7C7C7C 7C7C7C7C 7C7C7C7C 7C7C7C7C 7C7C7C7C 7C7C7C7C 7C7C7C7C 
[TC_DEBUG]     [4032] 7D7D7D7D 7D7D7D7D 7D7D7D7D 7D7D7D7D 7D7D7D7D 7D7D7D7D 7D7D7D7D 7D7D7D7D 7D7D7D7D 7D7D7D7D 7D7D7D7D 7D7D7D7D 7D7D7D7D 7D7D7D7D 7D7D7D7D 7D7D7D7D 7D7D7D7D 7D7D7D7D 7D7D7D7D 7D7D7D7D 7D7D7D7D 7D7D7D7D 7D7D7D7D 7D7D7D7D 7D7D7D7D 7D7D7D7D 7D7D7D7D 7D7D7D7D 7D7D7D7D 7D7D7D7D 7D7D7D7D 7D7D7D7D 
[TC_DEBUG]     [4064] 7D7D7D7D 7D7D7D7D 7D7D7D7D 7D7D7D7D 7D7D7D7D 7D7D7D7D 7D7D7D7D 7D7D7D7D 7D7D7D7D 7D7D7D7D 7D7D7D7D 7D7D7D7D 7D7D7D7D 7D7D7D7D 7D7D7D7D 7D7D7D7D 7D7D7D7D 7D7D7D7D 7D7D7D7D 7D7D7D7D 7D7D7D7D 7D7D7D7D 7D7D7D7D 7D7D7D7D 7D7D7D7D 7D7D7D7D 7D7D7D7D 7D7D7D7D 7D7D7D7D 7D7D7D7D 7D7D7D7D 7D7D7D7D 
Test 6 completed

======================================================================
All tc.st.add tests completed!
======================================================================
