======================================================================
TensorComp tc.st.mma.spa ISA Tests (C version)
======================================================================

Instruction Encoding:
  - Opcode: 0x5B (CUSTOM-2)
  - Eng_ID: 01 (TensorComp)
  - st: 1 (store type)
  - mode3: 111 (Sparse MMA with 4:2 sparsity)
  - Base encoding: 0x47D2805B (with rs1=x5, imm6=0)

Sparse MMA Computation (4:2 Structured Sparsity):
  - Input: Top Reg [G,N,K] (compressed) × Left Reg [G,2,M,K] (full)
  - Indices: Spa Reg [G,N,K] (2-bit per element)
  - Output: [M,N] matrix to acc_buffer
  - Sparsity: 4:2 structured (2 non-zero per 4 elements)
  - Data type: int8 input, int32 output (accumulation)

Memory regions:
  - Top Reg data: 0x40000000 - 0x40008000 (32KB)
  - Left Reg data: 0x40008000 - 0x40010000 (32KB)
  - Spa Reg data: 0x40010000 - 0x40012000 (32KB)
  - Acc buffer: 0x40020000 - 0x40030000 (64KB)

Test scenarios:
  - Test 1: 64x64 Sparse MMA with G=1
  - Test 2: 64x64 Sparse MMA with G=8


--- Test 1: 64x64 Sparse MMA (Single Group) ---
  Configuration:
    - Top Reg: [1, 64, 4]    (G=1, N=64, K=4)
    - Spa Reg: [1, 64, 4]    (G=1, N=64, K=4) - 2-bit indices
    - Left Reg: [1, 2, 64, 4] (G=1, M=64, K=4, 2 banks)
    - Output: [64, 64] = 4096 int32 values (16KB)
    - top_tmask_ld = left_tmask_ld = 0x01 (single group enabled)
    - top_twidth_ld = 256 bytes → N = 64
    - left_twidth_ld = 512 bytes → M = 64
  Loading data to Top Reg from 0x40000000...
[TC-DISP] exec_tensorcomp called
[TC-DISP] engine_id=1, mop3=0, st=0, mode3=2, funct2=0
[TC-DISP] Calling exec_tc_ld_top
[TC-EXEC] tc_ld_top: imm6=0, rs1v=0x40000000, mask=0x00000001, width=256
[TC-EXEC] base_addr: 0x40000000
[TC-VERIFY] Load #0: addr=0x40000000, offset=0, bytes=256
[TC-VERIFY] Loaded data: 
00 00 00 00 00 00 00 00 00 00 00 00 00 00 00 00 00 00 00 00 00 00 00 00 00 00 00 00 00 00 00 00 00 00 00 00 00 00 00 00 00 00 00 00 00 00 00 00 00 00 00 00 00 00 00 00 00 00 00 00 00 00 00 00 00 00 00 00 00 00 00 00 00 00 00 00 00 00 00 00 00 00 00 00 00 00 00 00 00 00 00 00 00 00 00 00 00 00 00 00 00 00 00 00 00 00 00 00 00 00 00 00 00 00 00 00 00 00 00 00 00 00 00 00 00 00 00 00 
01 00 00 00 01 00 00 00 01 00 00 00 01 00 00 00 01 00 00 00 01 00 00 00 01 00 00 00 01 00 00 00 01 00 00 00 01 00 00 00 01 00 00 00 01 00 00 00 01 00 00 00 01 00 00 00 01 00 00 00 01 00 00 00 01 00 00 00 01 00 00 00 01 00 00 00 01 00 00 00 01 00 00 00 01 00 00 00 01 00 00 00 01 00 00 00 01 00 00 00 01 00 00 00 01 00 00 00 01 00 00 00 01 00 00 00 01 00 00 00 01 00 00 00 01 00 00 00 
  Loading data to Left Reg from 0x40008000...
[TC-DISP] exec_tensorcomp called
[TC-DISP] engine_id=1, mop3=0, st=0, mode3=1, funct2=0
[TC-VERIFY] Load #0: addr=0x40008000, offset=0, bytes=512
[TC-VERIFY] Loaded data: 
00 01 00 00 00 01 00 00 00 01 00 00 00 01 00 00 00 01 00 00 00 01 00 00 00 01 00 00 00 01 00 00 00 01 00 00 00 01 00 00 00 01 00 00 00 01 00 00 00 01 00 00 00 01 00 00 00 01 00 00 00 01 00 00 00 01 00 00 00 01 00 00 00 01 00 00 00 01 00 00 00 01 00 00 00 01 00 00 00 01 00 00 00 01 00 00 00 01 00 00 00 01 00 00 00 01 00 00 00 01 00 00 00 01 00 00 00 01 00 00 00 01 00 00 00 01 00 00 
01 01 00 00 01 01 00 00 01 01 00 00 01 01 00 00 01 01 00 00 01 01 00 00 01 01 00 00 01 01 00 00 01 01 00 00 01 01 00 00 01 01 00 00 01 01 00 00 01 01 00 00 01 01 00 00 01 01 00 00 01 01 00 00 01 01 00 00 01 01 00 00 01 01 00 00 01 01 00 00 01 01 00 00 01 01 00 00 01 01 00 00 01 01 00 00 01 01 00 00 01 01 00 00 01 01 00 00 01 01 00 00 01 01 00 00 01 01 00 00 01 01 00 00 01 01 00 00 
02 01 00 00 02 01 00 00 02 01 00 00 02 01 00 00 02 01 00 00 02 01 00 00 02 01 00 00 02 01 00 00 02 01 00 00 02 01 00 00 02 01 00 00 02 01 00 00 02 01 00 00 02 01 00 00 02 01 00 00 02 01 00 00 02 01 00 00 02 01 00 00 02 01 00 00 02 01 00 00 02 01 00 00 02 01 00 00 02 01 00 00 02 01 00 00 02 01 00 00 02 01 00 00 02 01 00 00 02 01 00 00 02 01 00 00 02 01 00 00 02 01 00 00 02 01 00 00 
03 01 00 00 03 01 00 00 03 01 00 00 03 01 00 00 03 01 00 00 03 01 00 00 03 01 00 00 03 01 00 00 03 01 00 00 03 01 00 00 03 01 00 00 03 01 00 00 03 01 00 00 03 01 00 00 03 01 00 00 03 01 00 00 03 01 00 00 03 01 00 00 03 01 00 00 03 01 00 00 03 01 00 00 03 01 00 00 03 01 00 00 03 01 00 00 03 01 00 00 03 01 00 00 03 01 00 00 03 01 00 00 03 01 00 00 03 01 00 00 03 01 00 00 03 01 00 00 

  Loading sparse indices to Spa Reg from 0x40010400...
[TC-DISP] exec_tensorcomp called
[TC-DISP] engine_id=1, mop3=0, st=0, mode3=4, funct2=0
[TC-VERIFY] Load #0: addr=0x40010400, offset=0, bytes=64
[TC-VERIFY] Loaded data: 
32 32 32 32 32 32 32 32 32 32 32 32 32 32 32 32 32 32 32 32 32 32 32 32 32 32 32 32 32 32 32 32 32 32 32 32 32 32 32 32 32 32 32 32 32 32 32 32 32 32 32 32 32 32 32 32 32 32 32 32 32 32 32 32 

  Executing Sparse MMA computation...
[TC-DISP] exec_tensorcomp called
[TC-DISP] engine_id=1, mop3=0, st=1, mode3=7, funct2=0
[TC-EXEC] tc_st_mma_spa: G=1, M=64, N=64, K=4
[TC-VERIFY] tc.st.mma.spa acc buffer dump (int32, 32 values per line):
  [   0]        0        0        0        0        0        0        0        0        0        0        0        0        0        0        0        0        0        0        0        0        0        0        0        0        0        0        0        0        0        0        0        0 
  [   1]        1        1        1        1        1        1        1        1        1        1        1        1        1        1        1        1        1        1        1        1        1        1        1        1        1        1        1        1        1        1        1        1 
  [   2]        0        0        0        0        0        0        0        0        0        0        0        0        0        0        0        0        0        0        0        0        0        0        0        0        0        0        0        0        0        0        0        0 
  [   3]        3        3        3        3        3        3        3        3        3        3        3        3        3        3        3        3        3        3        3        3        3        3        3        3        3        3        3        3        3        3        3        3 
  [   4]        0        0        0        0        0        0        0        0        0        0        0        0        0        0        0        0        0        0        0        0        0        0        0        0        0        0        0        0        0        0        0        0 
  [   5]        1        1        1        1        1        1        1        1        1        1        1        1        1        1        1        1        1        1        1        1        1        1        1        1        1        1        1        1        1        1        1        1 
  [   6]        0        0        0        0        0        0        0        0        0        0        0        0        0        0        0        0        0        0        0        0        0        0        0        0        0        0        0        0        0        0        0        0 
  [   7]        3        3        3        3        3        3        3        3        3        3        3        3        3        3        3        3        3        3        3        3        3        3        3        3        3        3        3        3        3        3        3        3 
  [   8]        0        0        0        0        0        0        0        0        0        0        0        0        0        0        0        0        0        0        0        0        0        0        0        0        0        0        0        0        0        0        0        0 
  [   9]        1        1        1        1        1        1        1        1        1        1        1        1        1        1        1        1        1        1        1        1        1        1        1        1        1        1        1        1        1        1        1        1 
  [  10]        0        0        0        0        0        0        0        0        0        0        0        0        0        0        0        0        0        0        0        0        0        0        0        0        0        0        0        0        0        0        0        0 
  [  11]        3        3        3        3        3        3        3        3        3        3        3        3        3        3        3        3        3        3        3        3        3        3        3        3        3        3        3        3        3        3        3        3 
  [  12]        0        0        0        0        0        0        0        0        0        0        0        0        0        0        0        0        0        0        0        0        0        0        0        0        0        0        0        0        0        0        0        0 
  [  13]        1        1        1        1        1        1        1        1        1        1        1        1        1        1        1        1        1        1        1        1        1        1        1        1        1        1        1        1        1        1        1        1 
  [  14]        0        0        0        0        0        0        0        0        0        0        0        0        0        0        0        0        0        0        0        0        0        0        0        0        0        0        0        0        0        0        0        0 
  [  15]        3        3        3        3        3        3        3        3        3        3        3        3        3        3        3        3        3        3        3        3        3        3        3        3        3        3        3        3        3        3        3        3 
  [  16]        0        0        0        0        0        0        0        0        0        0        0        0        0        0        0        0        0        0        0        0        0        0        0        0        0        0        0        0        0        0        0        0 
  [  17]        1        1        1        1        1        1        1        1        1        1        1        1        1        1        1        1        1        1        1        1        1        1        1        1        1        1        1        1        1        1        1        1 
  [  18]        0        0        0        0        0        0        0        0        0        0        0        0        0        0        0        0        0        0        0        0        0        0        0        0        0        0        0        0        0        0        0        0 
  [  19]        3        3        3        3        3        3        3        3        3        3        3        3        3        3        3        3        3        3        3        3        3        3        3        3        3        3        3        3        3        3        3        3 
  [  20]        0        0        0        0        0        0        0        0        0        0        0        0        0        0        0        0        0        0        0        0        0        0        0        0        0        0        0        0        0        0        0        0 
  [  21]        1        1        1        1        1        1        1        1        1        1        1        1        1        1        1        1        1        1        1        1        1        1        1        1        1        1        1        1        1        1        1        1 
  [  22]        0        0        0        0        0        0        0        0        0        0        0        0        0        0        0        0        0        0        0        0        0        0        0        0        0        0        0        0        0        0        0        0 
  [  23]        3        3        3        3        3        3        3        3        3        3        3        3        3        3        3        3        3        3        3        3        3        3        3        3        3        3        3        3        3        3        3        3 
  [  24]        0        0        0        0        0        0        0        0        0        0        0        0        0        0        0        0        0        0        0        0        0        0        0        0        0        0        0        0        0        0        0        0 
  [  25]        1        1        1        1        1        1        1        1        1        1        1        1        1        1        1        1        1        1        1        1        1        1        1        1        1        1        1        1        1        1        1        1 
  [  26]        0        0        0        0        0        0        0        0        0        0        0        0        0        0        0        0        0        0        0        0        0        0        0        0        0        0        0        0        0        0        0        0 
  [  27]        3        3        3        3        3        3        3        3        3        3        3        3        3        3        3        3        3        3        3        3        3        3        3        3        3        3        3        3        3        3        3        3 
  [  28]        0        0        0        0        0        0        0        0        0        0        0        0        0        0        0        0        0        0        0        0        0        0        0        0        0        0        0        0        0        0        0        0 
  [  29]        1        1        1        1        1        1        1        1        1        1        1        1        1        1        1        1        1        1        1        1        1        1        1        1        1        1        1        1        1        1        1        1 
  [  30]        0        0        0        0        0        0        0        0        0        0        0        0        0        0        0        0        0        0        0        0        0        0        0        0        0        0        0        0        0        0        0        0 
  [  31]        3        3        3        3        3        3        3        3        3        3        3        3        3        3        3        3        3        3        3        3        3        3        3        3        3        3        3        3        3        3        3        3 
  [  32]        0        0        0        0        0        0        0        0        0        0        0        0        0        0        0        0        0        0        0        0        0        0        0        0        0        0        0        0        0        0        0        0 
  [  33]        1        1        1        1        1        1        1        1        1        1        1        1        1        1        1        1        1        1        1        1        1        1        1        1        1        1        1        1        1        1        1        1 
  [  34]        0        0        0        0        0        0        0        0        0        0        0        0        0        0        0        0        0        0        0        0        0        0        0        0        0        0        0        0        0        0        0        0 
  [  35]        3        3        3        3        3        3        3        3        3        3        3        3        3        3        3        3        3        3        3        3        3        3        3        3        3        3        3        3        3        3        3        3 
  [  36]        0        0        0        0        0        0        0        0        0        0        0        0        0        0        0        0        0        0        0        0        0        0        0        0        0        0        0        0        0        0        0        0 
  [  37]        1        1        1        1        1        1        1        1        1        1        1        1        1        1        1        1        1        1        1        1        1        1        1        1        1        1        1        1        1        1        1        1 
  [  38]        0        0        0        0        0        0        0        0        0        0        0        0        0        0        0        0        0        0        0        0        0        0        0        0        0        0        0        0        0        0        0        0 
  [  39]        3        3        3        3        3        3        3        3        3        3        3        3        3        3        3        3        3        3        3        3        3        3        3        3        3        3        3        3        3        3        3        3 
  [  40]        0        0        0        0        0        0        0        0        0        0        0        0        0        0        0        0        0        0        0        0        0        0        0        0        0        0        0        0        0        0        0        0 
  [  41]        1        1        1        1        1        1        1        1        1        1        1        1        1        1        1        1        1        1        1        1        1        1        1        1        1        1        1        1        1        1        1        1 
  [  42]        0        0        0        0        0        0        0        0        0        0        0        0        0        0        0        0        0        0        0        0        0        0        0        0        0        0        0        0        0        0        0        0 
  [  43]        3        3        3        3        3        3        3        3        3        3        3        3        3        3        3        3        3        3        3        3        3        3        3        3        3        3        3        3        3        3        3        3 
  [  44]        0        0        0        0        0        0        0        0        0        0        0        0        0        0        0        0        0        0        0        0        0        0        0        0        0        0        0        0        0        0        0        0 
  [  45]        1        1        1        1        1        1        1        1        1        1        1        1        1        1        1        1        1        1        1        1        1        1        1        1        1        1        1        1        1        1        1        1 
  [  46]        0        0        0        0        0        0        0        0        0        0        0        0        0        0        0        0        0        0        0        0        0        0        0        0        0        0        0        0        0        0        0        0 
  [  47]        3        3        3        3        3        3        3        3        3        3        3        3        3        3        3        3        3        3        3        3        3        3        3        3        3        3        3        3        3        3        3        3 
  [  48]        0        0        0        0        0        0        0        0        0        0        0        0        0        0        0        0        0        0        0        0        0        0        0        0        0        0        0        0        0        0        0        0 
  [  49]        1        1        1        1        1        1        1        1        1        1        1        1        1        1        1        1        1        1        1        1        1        1        1        1        1        1        1        1        1        1        1        1 
  [  50]        0        0        0        0        0        0        0        0        0        0        0        0        0        0        0        0        0        0        0        0        0        0        0        0        0        0        0        0        0        0        0        0 
  [  51]        3        3        3        3        3        3        3        3        3        3        3        3        3        3        3        3        3        3        3        3        3        3        3        3        3        3        3        3        3        3        3        3 
  [  52]        0        0        0        0        0        0        0        0        0        0        0        0        0        0        0        0        0        0        0        0        0        0        0        0        0        0        0        0        0        0        0        0 
  [  53]        1        1        1        1        1        1        1        1        1        1        1        1        1        1        1        1        1        1        1        1        1        1        1        1        1        1        1        1        1        1        1        1 
  [  54]        0        0        0        0        0        0        0        0        0        0        0        0        0        0        0        0        0        0        0        0        0        0        0        0        0        0        0        0        0        0        0        0 
  [  55]        3        3        3        3        3        3        3        3        3        3        3        3        3        3        3        3        3        3        3        3        3        3        3        3        3        3        3        3        3        3        3        3 
  [  56]        0        0        0        0        0        0        0        0        0        0        0        0        0        0        0        0        0        0        0        0        0        0        0        0        0        0        0        0        0        0        0        0 
  [  57]        1        1        1        1        1        1        1        1        1        1        1        1        1        1        1        1        1        1        1        1        1        1        1        1        1        1        1        1        1        1        1        1 
  [  58]        0        0        0        0        0        0        0        0        0        0        0        0        0        0        0        0        0        0        0        0        0        0        0        0        0        0        0        0        0        0        0        0 
  [  59]        3        3        3        3        3        3        3        3        3        3        3        3        3        3        3        3        3        3        3        3        3        3        3        3        3        3        3        3        3        3        3        3 
  [  60]        0        0        0        0        0        0        0        0        0        0        0        0        0        0        0        0        0        0        0        0        0        0        0        0        0        0        0        0        0        0        0        0 
  [  61]        1        1        1        1        1        1        1        1        1        1        1        1        1        1        1        1        1        1        1        1        1        1        1        1        1        1        1        1        1        1        1        1 
  [  62]        0        0        0        0        0        0        0        0        0        0        0        0        0        0        0        0        0        0        0        0        0        0        0        0        0        0        0        0        0        0        0        0 
  [  63]        3        3        3        3        3        3        3        3        3        3        3        3        3        3        3        3        3        3        3        3        3        3        3        3        3        3        3        3        3        3        3        3 
  [  64]        0        0        0        0        0        0        0        0        0        0        0        0        0        0        0        0        0        0        0        0        0        0        0        0        0        0        0        0        0        0        0        0 
  [  65]        1        1        1        1        1        1        1        1        1        1        1        1        1        1        1        1        1        1        1        1        1        1        1        1        1        1        1        1        1        1        1        1 
  [  66]        0        0        0        0        0        0        0        0        0        0        0        0        0        0        0        0        0        0        0        0        0        0        0        0        0        0        0        0        0        0        0        0 
  [  67]        3        3        3        3        3        3        3        3        3        3        3        3        3        3        3        3        3        3        3        3        3        3        3        3        3        3        3        3        3        3        3        3 
  [  68]        0        0        0        0        0        0        0        0        0        0        0        0        0        0        0        0        0        0        0        0        0        0        0        0        0        0        0        0        0        0        0        0 
  [  69]        1        1        1        1        1        1        1        1        1        1        1        1        1        1        1        1        1        1        1        1        1        1        1        1        1        1        1        1        1        1        1        1 
  [  70]        0        0        0        0        0        0        0        0        0        0        0        0        0        0        0        0        0        0        0        0        0        0        0        0        0        0        0        0        0        0        0        0 
  [  71]        3        3        3        3        3        3        3        3        3        3        3        3        3        3        3        3        3        3        3        3        3        3        3        3        3        3        3        3        3        3        3        3 
  [  72]        0        0        0        0        0        0        0        0        0        0        0        0        0        0        0        0        0        0        0        0        0        0        0        0        0        0        0        0        0        0        0        0 
  [  73]        1        1        1        1        1        1        1        1        1        1        1        1        1        1        1        1        1        1        1        1        1        1        1        1        1        1        1        1        1        1        1        1 
  [  74]        0        0        0        0        0        0        0        0        0        0        0        0        0        0        0        0        0        0        0        0        0        0        0        0        0        0        0        0        0        0        0        0 
  [  75]        3        3        3        3        3        3        3        3        3        3        3        3        3        3        3        3        3        3        3        3        3        3        3        3        3        3        3        3        3        3        3        3 
  [  76]        0        0        0        0        0        0        0        0        0        0        0        0        0        0        0        0        0        0        0        0        0        0        0        0        0        0        0        0        0        0        0        0 
  [  77]        1        1        1        1        1        1        1        1        1        1        1        1        1        1        1        1        1        1        1        1        1        1        1        1        1        1        1        1        1        1        1        1 
  [  78]        0        0        0        0        0        0        0        0        0        0        0        0        0        0        0        0        0        0        0        0        0        0        0        0        0        0        0        0        0        0        0        0 
  [  79]        3        3        3        3        3        3        3        3        3        3        3        3        3        3        3        3        3        3        3        3        3        3        3        3        3        3        3        3        3        3        3        3 
  [  80]        0        0        0        0        0        0        0        0        0        0        0        0        0        0        0        0        0        0        0        0        0        0        0        0        0        0        0        0        0        0        0        0 
  [  81]        1        1        1        1        1        1        1        1        1        1        1        1        1        1        1        1        1        1        1        1        1        1        1        1        1        1        1        1        1        1        1        1 
  [  82]        0        0        0        0        0        0        0        0        0        0        0        0        0        0        0        0        0        0        0        0        0        0        0        0        0        0        0        0        0        0        0        0 
  [  83]        3        3        3        3        3        3        3        3        3        3        3        3        3        3        3        3        3        3        3        3        3        3        3        3        3        3        3        3        3        3        3        3 
  [  84]        0        0        0        0        0        0        0        0        0        0        0        0        0        0        0        0        0        0        0        0        0        0        0        0        0        0        0        0        0        0        0        0 
  [  85]        1        1        1        1        1        1        1        1        1        1        1        1        1        1        1        1        1        1        1        1        1        1        1        1        1        1        1        1        1        1        1        1 
  [  86]        0        0        0        0        0        0        0        0        0        0        0        0        0        0        0        0        0        0        0        0        0        0        0        0        0        0        0        0        0        0        0        0 
  [  87]        3        3        3        3        3        3        3        3        3        3        3        3        3        3        3        3        3        3        3        3        3        3        3        3        3        3        3        3        3        3        3        3 
  [  88]        0        0        0        0        0        0        0        0        0        0        0        0        0        0        0        0        0        0        0        0        0        0        0        0        0        0        0        0        0        0        0        0 
  [  89]        1        1        1        1        1        1        1        1        1        1        1        1        1        1        1        1        1        1        1        1        1        1        1        1        1        1        1        1        1        1        1        1 
  [  90]        0        0        0        0        0        0        0        0        0        0        0        0        0        0        0        0        0        0        0        0        0        0        0        0        0        0        0        0        0        0        0        0 
  [  91]        3        3        3        3        3        3        3        3        3        3        3        3        3        3        3        3        3        3        3        3        3        3        3        3        3        3        3        3        3        3        3        3 
  [  92]        0        0        0        0        0        0        0        0        0        0        0        0        0        0        0        0        0        0        0        0        0        0        0        0        0        0        0        0        0        0        0        0 
  [  93]        1        1        1        1        1        1        1        1        1        1        1        1        1        1        1        1        1        1        1        1        1        1        1        1        1        1        1        1        1        1        1        1 
  [  94]        0        0        0        0        0        0        0        0        0        0        0        0        0        0        0        0        0        0        0        0        0        0        0        0        0        0        0        0        0        0        0        0 
  [  95]        3        3        3        3        3        3        3        3        3        3        3        3        3        3        3        3        3        3        3        3        3        3        3        3        3        3        3        3        3        3        3        3 
  [  96]        0        0        0        0        0        0        0        0        0        0        0        0        0        0        0        0        0        0        0        0        0        0        0        0        0        0        0        0        0        0        0        0 
  [  97]        1        1        1        1        1        1        1        1        1        1        1        1        1        1        1        1        1        1        1        1        1        1        1        1        1        1        1        1        1        1        1        1 
  [  98]        0        0        0        0        0        0        0        0        0        0        0        0        0        0        0        0        0        0        0        0        0        0        0        0        0        0        0        0        0        0        0        0 
  [  99]        3        3        3        3        3        3        3        3        3        3        3        3        3        3        3        3        3        3        3        3        3        3        3        3        3        3        3        3        3        3        3        3 
  [ 100]        0        0        0        0        0        0        0        0        0        0        0        0        0        0        0        0        0        0        0        0        0        0        0        0        0        0        0        0        0        0        0        0 
  [ 101]        1        1        1        1        1        1        1        1        1        1        1        1        1        1        1        1        1        1        1        1        1        1        1        1        1        1        1        1        1        1        1        1 
  [ 102]        0        0        0        0        0        0        0        0        0        0        0        0        0        0        0        0        0        0        0        0        0        0        0        0        0        0        0        0        0        0        0        0 
  [ 103]        3        3        3        3        3        3        3        3        3        3        3        3        3        3        3        3        3        3        3        3        3        3        3        3        3        3        3        3        3        3        3        3 
  [ 104]        0        0        0        0        0        0        0        0        0        0        0        0        0        0        0        0        0        0        0        0        0        0        0        0        0        0        0        0        0        0        0        0 
  [ 105]        1        1        1        1        1        1        1        1        1        1        1        1        1        1        1        1        1        1        1        1        1        1        1        1        1        1        1        1        1        1        1        1 
  [ 106]        0        0        0        0        0        0        0        0        0        0        0        0        0        0        0        0        0        0        0        0        0        0        0        0        0        0        0        0        0        0        0        0 
  [ 107]        3        3        3        3        3        3        3        3        3        3        3        3        3        3        3        3        3        3        3        3        3        3        3        3        3        3        3        3        3        3        3        3 
  [ 108]        0        0        0        0        0        0        0        0        0        0        0        0        0        0        0        0        0        0        0        0        0        0        0        0        0        0        0        0        0        0        0        0 
  [ 109]        1        1        1        1        1        1        1        1        1        1        1        1        1        1        1        1        1        1        1        1        1        1        1        1        1        1        1        1        1        1        1        1 
  [ 110]        0        0        0        0        0        0        0        0        0        0        0        0        0        0        0        0        0        0        0        0        0        0        0        0        0        0        0        0        0        0        0        0 
  [ 111]        3        3        3        3        3        3        3        3        3        3        3        3        3        3        3        3        3        3        3        3        3        3        3        3        3        3        3        3        3        3        3        3 
  [ 112]        0        0        0        0        0        0        0        0        0        0        0        0        0        0        0        0        0        0        0        0        0        0        0        0        0        0        0        0        0        0        0        0 
  [ 113]        1        1        1        1        1        1        1        1        1        1        1        1        1        1        1        1        1        1        1        1        1        1        1        1        1        1        1        1        1        1        1        1 
  [ 114]        0        0        0        0        0        0        0        0        0        0        0        0        0        0        0        0        0        0        0        0        0        0        0        0        0        0        0        0        0        0        0        0 
  [ 115]        3        3        3        3        3        3        3        3        3        3        3        3        3        3        3        3        3        3        3        3        3        3        3        3        3        3        3        3        3        3        3        3 
  [ 116]        0        0        0        0        0        0        0        0        0        0        0        0        0        0        0        0        0        0        0        0        0        0        0        0        0        0        0        0        0        0        0        0 
  [ 117]        1        1        1        1        1        1        1        1        1        1        1        1        1        1        1        1        1        1        1        1        1        1        1        1        1        1        1        1        1        1        1        1 
  [ 118]        0        0        0        0        0        0        0        0        0        0        0        0        0        0        0        0        0        0        0        0        0        0        0        0        0        0        0        0        0        0        0        0 
  [ 119]        3        3        3        3        3        3        3        3        3        3        3        3        3        3        3        3        3        3        3        3        3        3        3        3        3        3        3        3        3        3        3        3 
  [ 120]        0        0        0        0        0        0        0        0        0        0        0        0        0        0        0        0        0        0        0        0        0        0        0        0        0        0        0        0        0        0        0        0 
  [ 121]        1        1        1        1        1        1        1        1        1        1        1        1        1        1        1        1        1        1        1        1        1        1        1        1        1        1        1        1        1        1        1        1 
  [ 122]        0        0        0        0        0        0        0        0        0        0        0        0        0        0        0        0        0        0        0        0        0        0        0        0        0        0        0        0        0        0        0        0 
  [ 123]        3        3        3        3        3        3        3        3        3        3        3        3        3        3        3        3        3        3        3        3        3        3        3        3        3        3        3        3        3        3        3        3 
  [ 124]        0        0        0        0        0        0        0        0        0        0        0        0        0        0        0        0        0        0        0        0        0        0        0        0        0        0        0        0        0        0        0        0 
  [ 125]        1        1        1        1        1        1        1        1        1        1        1        1        1        1        1        1        1        1        1        1        1        1        1        1        1        1        1        1        1        1        1        1 
  [ 126]        0        0        0        0        0        0        0        0        0        0        0        0        0        0        0        0        0        0        0        0        0        0        0        0        0        0        0        0        0        0        0        0 
  [ 127]        3        3        3        3        3        3        3        3        3        3        3        3        3        3        3        3        3        3        3        3        3        3        3        3        3        3        3        3        3        3        3        3 

--- Test 2: 64x64 Sparse MMA (Multiple Groups) ---
  Configuration:
    - Top Reg: [8, 64, 4]    (G=8, N=64, K=4)
    - Spa Reg: [8, 64, 4]    (G=8, N=64, K=4) - 2-bit indices
    - Left Reg: [8, 2, 64, 4] (G=8, M=64, K=4, 2 banks)
    - Output: [64, 64] = 4096 int32 values (16KB)
    - top_tmask_ld = left_tmask_ld = 0xFF (8 groups enabled)
    - top_twidth_ld = 256 bytes → N = 64
    - left_twidth_ld = 512 bytes → M = 64
  Loading data to Top Reg from 0x40000000...
[TC-DISP] exec_tensorcomp called
[TC-DISP] engine_id=1, mop3=0, st=0, mode3=2, funct2=0
[TC-DISP] Calling exec_tc_ld_top
[TC-EXEC] tc_ld_top: imm6=0, rs1v=0x40000000, mask=0x000000FF, width=256
[TC-EXEC] base_addr: 0x40000000
[TC-VERIFY] Load #0: addr=0x40000000, offset=0, bytes=256
[TC-VERIFY] Loaded data: 
00 00 00 00 00 00 00 00 00 00 00 00 00 00 00 00 00 00 00 00 00 00 00 00 00 00 00 00 00 00 00 00 00 00 00 00 00 00 00 00 00 00 00 00 00 00 00 00 00 00 00 00 00 00 00 00 00 00 00 00 00 00 00 00 00 00 00 00 00 00 00 00 00 00 00 00 00 00 00 00 00 00 00 00 00 00 00 00 00 00 00 00 00 00 00 00 00 00 00 00 00 00 00 00 00 00 00 00 00 00 00 00 00 00 00 00 00 00 00 00 00 00 00 00 00 00 00 00 
01 00 00 00 01 00 00 00 01 00 00 00 01 00 00 00 01 00 00 00 01 00 00 00 01 00 00 00 01 00 00 00 01 00 00 00 01 00 00 00 01 00 00 00 01 00 00 00 01 00 00 00 01 00 00 00 01 00 00 00 01 00 00 00 01 00 00 00 01 00 00 00 01 00 00 00 01 00 00 00 01 00 00 00 01 00 00 00 01 00 00 00 01 00 00 00 01 00 00 00 01 00 00 00 01 00 00 00 01 00 00 00 01 00 00 00 01 00 00 00 01 00 00 00 01 00 00 00 
[TC-VERIFY] Load #1: addr=0x40000100, offset=256, bytes=256
[TC-VERIFY] Loaded data: 
02 00 00 00 02 00 00 00 02 00 00 00 02 00 00 00 02 00 00 00 02 00 00 00 02 00 00 00 02 00 00 00 02 00 00 00 02 00 00 00 02 00 00 00 02 00 00 00 02 00 00 00 02 00 00 00 02 00 00 00 02 00 00 00 02 00 00 00 02 00 00 00 02 00 00 00 02 00 00 00 02 00 00 00 02 00 00 00 02 00 00 00 02 00 00 00 02 00 00 00 02 00 00 00 02 00 00 00 02 00 00 00 02 00 00 00 02 00 00 00 02 00 00 00 02 00 00 00 
03 00 00 00 03 00 00 00 03 00 00 00 03 00 00 00 03 00 00 00 03 00 00 00 03 00 00 00 03 00 00 00 03 00 00 00 03 00 00 00 03 00 00 00 03 00 00 00 03 00 00 00 03 00 00 00 03 00 00 00 03 00 00 00 03 00 00 00 03 00 00 00 03 00 00 00 03 00 00 00 03 00 00 00 03 00 00 00 03 00 00 00 03 00 00 00 03 00 00 00 03 00 00 00 03 00 00 00 03 00 00 00 03 00 00 00 03 00 00 00 03 00 00 00 03 00 00 00 
[TC-VERIFY] Load #2: addr=0x40000200, offset=512, bytes=256
[TC-VERIFY] Loaded data: 
04 00 00 00 04 00 00 00 04 00 00 00 04 00 00 00 04 00 00 00 04 00 00 00 04 00 00 00 04 00 00 00 04 00 00 00 04 00 00 00 04 00 00 00 04 00 00 00 04 00 00 00 04 00 00 00 04 00 00 00 04 00 00 00 04 00 00 00 04 00 00 00 04 00 00 00 04 00 00 00 04 00 00 00 04 00 00 00 04 00 00 00 04 00 00 00 04 00 00 00 04 00 00 00 04 00 00 00 04 00 00 00 04 00 00 00 04 00 00 00 04 00 00 00 04 00 00 00 
05 00 00 00 05 00 00 00 05 00 00 00 05 00 00 00 05 00 00 00 05 00 00 00 05 00 00 00 05 00 00 00 05 00 00 00 05 00 00 00 05 00 00 00 05 00 00 00 05 00 00 00 05 00 00 00 05 00 00 00 05 00 00 00 05 00 00 00 05 00 00 00 05 00 00 00 05 00 00 00 05 00 00 00 05 00 00 00 05 00 00 00 05 00 00 00 05 00 00 00 05 00 00 00 05 00 00 00 05 00 00 00 05 00 00 00 05 00 00 00 05 00 00 00 05 00 00 00 
[TC-VERIFY] Load #3: addr=0x40000300, offset=768, bytes=256
[TC-VERIFY] Loaded data: 
06 00 00 00 06 00 00 00 06 00 00 00 06 00 00 00 06 00 00 00 06 00 00 00 06 00 00 00 06 00 00 00 06 00 00 00 06 00 00 00 06 00 00 00 06 00 00 00 06 00 00 00 06 00 00 00 06 00 00 00 06 00 00 00 06 00 00 00 06 00 00 00 06 00 00 00 06 00 00 00 06 00 00 00 06 00 00 00 06 00 00 00 06 00 00 00 06 00 00 00 06 00 00 00 06 00 00 00 06 00 00 00 06 00 00 00 06 00 00 00 06 00 00 00 06 00 00 00 
07 00 00 00 07 00 00 00 07 00 00 00 07 00 00 00 07 00 00 00 07 00 00 00 07 00 00 00 07 00 00 00 07 00 00 00 07 00 00 00 07 00 00 00 07 00 00 00 07 00 00 00 07 00 00 00 07 00 00 00 07 00 00 00 07 00 00 00 07 00 00 00 07 00 00 00 07 00 00 00 07 00 00 00 07 00 00 00 07 00 00 00 07 00 00 00 07 00 00 00 07 00 00 00 07 00 00 00 07 00 00 00 07 00 00 00 07 00 00 00 07 00 00 00 07 00 00 00 
[TC-VERIFY] Load #4: addr=0x40000400, offset=1024, bytes=256
[TC-VERIFY] Loaded data: 
08 00 00 00 08 00 00 00 08 00 00 00 08 00 00 00 08 00 00 00 08 00 00 00 08 00 00 00 08 00 00 00 08 00 00 00 08 00 00 00 08 00 00 00 08 00 00 00 08 00 00 00 08 00 00 00 08 00 00 00 08 00 00 00 08 00 00 00 08 00 00 00 08 00 00 00 08 00 00 00 08 00 00 00 08 00 00 00 08 00 00 00 08 00 00 00 08 00 00 00 08 00 00 00 08 00 00 00 08 00 00 00 08 00 00 00 08 00 00 00 08 00 00 00 08 00 00 00 
09 00 00 00 09 00 00 00 09 00 00 00 09 00 00 00 09 00 00 00 09 00 00 00 09 00 00 00 09 00 00 00 09 00 00 00 09 00 00 00 09 00 00 00 09 00 00 00 09 00 00 00 09 00 00 00 09 00 00 00 09 00 00 00 09 00 00 00 09 00 00 00 09 00 00 00 09 00 00 00 09 00 00 00 09 00 00 00 09 00 00 00 09 00 00 00 09 00 00 00 09 00 00 00 09 00 00 00 09 00 00 00 09 00 00 00 09 00 00 00 09 00 00 00 09 00 00 00 
[TC-VERIFY] Load #5: addr=0x40000500, offset=1280, bytes=256
[TC-VERIFY] Loaded data: 
0A 00 00 00 0A 00 00 00 0A 00 00 00 0A 00 00 00 0A 00 00 00 0A 00 00 00 0A 00 00 00 0A 00 00 00 0A 00 00 00 0A 00 00 00 0A 00 00 00 0A 00 00 00 0A 00 00 00 0A 00 00 00 0A 00 00 00 0A 00 00 00 0A 00 00 00 0A 00 00 00 0A 00 00 00 0A 00 00 00 0A 00 00 00 0A 00 00 00 0A 00 00 00 0A 00 00 00 0A 00 00 00 0A 00 00 00 0A 00 00 00 0A 00 00 00 0A 00 00 00 0A 00 00 00 0A 00 00 00 0A 00 00 00 
0B 00 00 00 0B 00 00 00 0B 00 00 00 0B 00 00 00 0B 00 00 00 0B 00 00 00 0B 00 00 00 0B 00 00 00 0B 00 00 00 0B 00 00 00 0B 00 00 00 0B 00 00 00 0B 00 00 00 0B 00 00 00 0B 00 00 00 0B 00 00 00 0B 00 00 00 0B 00 00 00 0B 00 00 00 0B 00 00 00 0B 00 00 00 0B 00 00 00 0B 00 00 00 0B 00 00 00 0B 00 00 00 0B 00 00 00 0B 00 00 00 0B 00 00 00 0B 00 00 00 0B 00 00 00 0B 00 00 00 0B 00 00 00 
[TC-VERIFY] Load #6: addr=0x40000600, offset=1536, bytes=256
[TC-VERIFY] Loaded data: 
0C 00 00 00 0C 00 00 00 0C 00 00 00 0C 00 00 00 0C 00 00 00 0C 00 00 00 0C 00 00 00 0C 00 00 00 0C 00 00 00 0C 00 00 00 0C 00 00 00 0C 00 00 00 0C 00 00 00 0C 00 00 00 0C 00 00 00 0C 00 00 00 0C 00 00 00 0C 00 00 00 0C 00 00 00 0C 00 00 00 0C 00 00 00 0C 00 00 00 0C 00 00 00 0C 00 00 00 0C 00 00 00 0C 00 00 00 0C 00 00 00 0C 00 00 00 0C 00 00 00 0C 00 00 00 0C 00 00 00 0C 00 00 00 
0D 00 00 00 0D 00 00 00 0D 00 00 00 0D 00 00 00 0D 00 00 00 0D 00 00 00 0D 00 00 00 0D 00 00 00 0D 00 00 00 0D 00 00 00 0D 00 00 00 0D 00 00 00 0D 00 00 00 0D 00 00 00 0D 00 00 00 0D 00 00 00 0D 00 00 00 0D 00 00 00 0D 00 00 00 0D 00 00 00 0D 00 00 00 0D 00 00 00 0D 00 00 00 0D 00 00 00 0D 00 00 00 0D 00 00 00 0D 00 00 00 0D 00 00 00 0D 00 00 00 0D 00 00 00 0D 00 00 00 0D 00 00 00 
[TC-VERIFY] Load #7: addr=0x40000700, offset=1792, bytes=256
[TC-VERIFY] Loaded data: 
0E 00 00 00 0E 00 00 00 0E 00 00 00 0E 00 00 00 0E 00 00 00 0E 00 00 00 0E 00 00 00 0E 00 00 00 0E 00 00 00 0E 00 00 00 0E 00 00 00 0E 00 00 00 0E 00 00 00 0E 00 00 00 0E 00 00 00 0E 00 00 00 0E 00 00 00 0E 00 00 00 0E 00 00 00 0E 00 00 00 0E 00 00 00 0E 00 00 00 0E 00 00 00 0E 00 00 00 0E 00 00 00 0E 00 00 00 0E 00 00 00 0E 00 00 00 0E 00 00 00 0E 00 00 00 0E 00 00 00 0E 00 00 00 
0F 00 00 00 0F 00 00 00 0F 00 00 00 0F 00 00 00 0F 00 00 00 0F 00 00 00 0F 00 00 00 0F 00 00 00 0F 00 00 00 0F 00 00 00 0F 00 00 00 0F 00 00 00 0F 00 00 00 0F 00 00 00 0F 00 00 00 0F 00 00 00 0F 00 00 00 0F 00 00 00 0F 00 00 00 0F 00 00 00 0F 00 00 00 0F 00 00 00 0F 00 00 00 0F 00 00 00 0F 00 00 00 0F 00 00 00 0F 00 00 00 0F 00 00 00 0F 00 00 00 0F 00 00 00 0F 00 00 00 0F 00 00 00 
  Loading data to Left Reg from 0x40008000...
[TC-DISP] exec_tensorcomp called
[TC-DISP] engine_id=1, mop3=0, st=0, mode3=1, funct2=0
[TC-VERIFY] Load #0: addr=0x40008000, offset=0, bytes=512
[TC-VERIFY] Loaded data: 
00 01 00 00 00 01 00 00 00 01 00 00 00 01 00 00 00 01 00 00 00 01 00 00 00 01 00 00 00 01 00 00 00 01 00 00 00 01 00 00 00 01 00 00 00 01 00 00 00 01 00 00 00 01 00 00 00 01 00 00 00 01 00 00 00 01 00 00 00 01 00 00 00 01 00 00 00 01 00 00 00 01 00 00 00 01 00 00 00 01 00 00 00 01 00 00 00 01 00 00 00 01 00 00 00 01 00 00 00 01 00 00 00 01 00 00 00 01 00 00 00 01 00 00 00 01 00 00 
01 01 00 00 01 01 00 00 01 01 00 00 01 01 00 00 01 01 00 00 01 01 00 00 01 01 00 00 01 01 00 00 01 01 00 00 01 01 00 00 01 01 00 00 01 01 00 00 01 01 00 00 01 01 00 00 01 01 00 00 01 01 00 00 01 01 00 00 01 01 00 00 01 01 00 00 01 01 00 00 01 01 00 00 01 01 00 00 01 01 00 00 01 01 00 00 01 01 00 00 01 01 00 00 01 01 00 00 01 01 00 00 01 01 00 00 01 01 00 00 01 01 00 00 01 01 00 00 
02 01 00 00 02 01 00 00 02 01 00 00 02 01 00 00 02 01 00 00 02 01 00 00 02 01 00 00 02 01 00 00 02 01 00 00 02 01 00 00 02 01 00 00 02 01 00 00 02 01 00 00 02 01 00 00 02 01 00 00 02 01 00 00 02 01 00 00 02 01 00 00 02 01 00 00 02 01 00 00 02 01 00 00 02 01 00 00 02 01 00 00 02 01 00 00 02 01 00 00 02 01 00 00 02 01 00 00 02 01 00 00 02 01 00 00 02 01 00 00 02 01 00 00 02 01 00 00 
03 01 00 00 03 01 00 00 03 01 00 00 03 01 00 00 03 01 00 00 03 01 00 00 03 01 00 00 03 01 00 00 03 01 00 00 03 01 00 00 03 01 00 00 03 01 00 00 03 01 00 00 03 01 00 00 03 01 00 00 03 01 00 00 03 01 00 00 03 01 00 00 03 01 00 00 03 01 00 00 03 01 00 00 03 01 00 00 03 01 00 00 03 01 00 00 03 01 00 00 03 01 00 00 03 01 00 00 03 01 00 00 03 01 00 00 03 01 00 00 03 01 00 00 03 01 00 00 

[TC-VERIFY] Load #1: addr=0x40008200, offset=512, bytes=512
[TC-VERIFY] Loaded data: 
04 01 00 00 04 01 00 00 04 01 00 00 04 01 00 00 04 01 00 00 04 01 00 00 04 01 00 00 04 01 00 00 04 01 00 00 04 01 00 00 04 01 00 00 04 01 00 00 04 01 00 00 04 01 00 00 04 01 00 00 04 01 00 00 04 01 00 00 04 01 00 00 04 01 00 00 04 01 00 00 04 01 00 00 04 01 00 00 04 01 00 00 04 01 00 00 04 01 00 00 04 01 00 00 04 01 00 00 04 01 00 00 04 01 00 00 04 01 00 00 04 01 00 00 04 01 00 00 
05 01 00 00 05 01 00 00 05 01 00 00 05 01 00 00 05 01 00 00 05 01 00 00 05 01 00 00 05 01 00 00 05 01 00 00 05 01 00 00 05 01 00 00 05 01 00 00 05 01 00 00 05 01 00 00 05 01 00 00 05 01 00 00 05 01 00 00 05 01 00 00 05 01 00 00 05 01 00 00 05 01 00 00 05 01 00 00 05 01 00 00 05 01 00 00 05 01 00 00 05 01 00 00 05 01 00 00 05 01 00 00 05 01 00 00 05 01 00 00 05 01 00 00 05 01 00 00 
06 01 00 00 06 01 00 00 06 01 00 00 06 01 00 00 06 01 00 00 06 01 00 00 06 01 00 00 06 01 00 00 06 01 00 00 06 01 00 00 06 01 00 00 06 01 00 00 06 01 00 00 06 01 00 00 06 01 00 00 06 01 00 00 06 01 00 00 06 01 00 00 06 01 00 00 06 01 00 00 06 01 00 00 06 01 00 00 06 01 00 00 06 01 00 00 06 01 00 00 06 01 00 00 06 01 00 00 06 01 00 00 06 01 00 00 06 01 00 00 06 01 00 00 06 01 00 00 
07 01 00 00 07 01 00 00 07 01 00 00 07 01 00 00 07 01 00 00 07 01 00 00 07 01 00 00 07 01 00 00 07 01 00 00 07 01 00 00 07 01 00 00 07 01 00 00 07 01 00 00 07 01 00 00 07 01 00 00 07 01 00 00 07 01 00 00 07 01 00 00 07 01 00 00 07 01 00 00 07 01 00 00 07 01 00 00 07 01 00 00 07 01 00 00 07 01 00 00 07 01 00 00 07 01 00 00 07 01 00 00 07 01 00 00 07 01 00 00 07 01 00 00 07 01 00 00 

[TC-VERIFY] Load #2: addr=0x40008400, offset=1024, bytes=512
[TC-VERIFY] Loaded data: 
08 01 00 00 08 01 00 00 08 01 00 00 08 01 00 00 08 01 00 00 08 01 00 00 08 01 00 00 08 01 00 00 08 01 00 00 08 01 00 00 08 01 00 00 08 01 00 00 08 01 00 00 08 01 00 00 08 01 00 00 08 01 00 00 08 01 00 00 08 01 00 00 08 01 00 00 08 01 00 00 08 01 00 00 08 01 00 00 08 01 00 00 08 01 00 00 08 01 00 00 08 01 00 00 08 01 00 00 08 01 00 00 08 01 00 00 08 01 00 00 08 01 00 00 08 01 00 00 
09 01 00 00 09 01 00 00 09 01 00 00 09 01 00 00 09 01 00 00 09 01 00 00 09 01 00 00 09 01 00 00 09 01 00 00 09 01 00 00 09 01 00 00 09 01 00 00 09 01 00 00 09 01 00 00 09 01 00 00 09 01 00 00 09 01 00 00 09 01 00 00 09 01 00 00 09 01 00 00 09 01 00 00 09 01 00 00 09 01 00 00 09 01 00 00 09 01 00 00 09 01 00 00 09 01 00 00 09 01 00 00 09 01 00 00 09 01 00 00 09 01 00 00 09 01 00 00 
0A 01 00 00 0A 01 00 00 0A 01 00 00 0A 01 00 00 0A 01 00 00 0A 01 00 00 0A 01 00 00 0A 01 00 00 0A 01 00 00 0A 01 00 00 0A 01 00 00 0A 01 00 00 0A 01 00 00 0A 01 00 00 0A 01 00 00 0A 01 00 00 0A 01 00 00 0A 01 00 00 0A 01 00 00 0A 01 00 00 0A 01 00 00 0A 01 00 00 0A 01 00 00 0A 01 00 00 0A 01 00 00 0A 01 00 00 0A 01 00 00 0A 01 00 00 0A 01 00 00 0A 01 00 00 0A 01 00 00 0A 01 00 00 
0B 01 00 00 0B 01 00 00 0B 01 00 00 0B 01 00 00 0B 01 00 00 0B 01 00 00 0B 01 00 00 0B 01 00 00 0B 01 00 00 0B 01 00 00 0B 01 00 00 0B 01 00 00 0B 01 00 00 0B 01 00 00 0B 01 00 00 0B 01 00 00 0B 01 00 00 0B 01 00 00 0B 01 00 00 0B 01 00 00 0B 01 00 00 0B 01 00 00 0B 01 00 00 0B 01 00 00 0B 01 00 00 0B 01 00 00 0B 01 00 00 0B 01 00 00 0B 01 00 00 0B 01 00 00 0B 01 00 00 0B 01 00 00 

[TC-VERIFY] Load #3: addr=0x40008600, offset=1536, bytes=512
[TC-VERIFY] Loaded data: 
0C 01 00 00 0C 01 00 00 0C 01 00 00 0C 01 00 00 0C 01 00 00 0C 01 00 00 0C 01 00 00 0C 01 00 00 0C 01 00 00 0C 01 00 00 0C 01 00 00 0C 01 00 00 0C 01 00 00 0C 01 00 00 0C 01 00 00 0C 01 00 00 0C 01 00 00 0C 01 00 00 0C 01 00 00 0C 01 00 00 0C 01 00 00 0C 01 00 00 0C 01 00 00 0C 01 00 00 0C 01 00 00 0C 01 00 00 0C 01 00 00 0C 01 00 00 0C 01 00 00 0C 01 00 00 0C 01 00 00 0C 01 00 00 
0D 01 00 00 0D 01 00 00 0D 01 00 00 0D 01 00 00 0D 01 00 00 0D 01 00 00 0D 01 00 00 0D 01 00 00 0D 01 00 00 0D 01 00 00 0D 01 00 00 0D 01 00 00 0D 01 00 00 0D 01 00 00 0D 01 00 00 0D 01 00 00 0D 01 00 00 0D 01 00 00 0D 01 00 00 0D 01 00 00 0D 01 00 00 0D 01 00 00 0D 01 00 00 0D 01 00 00 0D 01 00 00 0D 01 00 00 0D 01 00 00 0D 01 00 00 0D 01 00 00 0D 01 00 00 0D 01 00 00 0D 01 00 00 
0E 01 00 00 0E 01 00 00 0E 01 00 00 0E 01 00 00 0E 01 00 00 0E 01 00 00 0E 01 00 00 0E 01 00 00 0E 01 00 00 0E 01 00 00 0E 01 00 00 0E 01 00 00 0E 01 00 00 0E 01 00 00 0E 01 00 00 0E 01 00 00 0E 01 00 00 0E 01 00 00 0E 01 00 00 0E 01 00 00 0E 01 00 00 0E 01 00 00 0E 01 00 00 0E 01 00 00 0E 01 00 00 0E 01 00 00 0E 01 00 00 0E 01 00 00 0E 01 00 00 0E 01 00 00 0E 01 00 00 0E 01 00 00 
0F 01 00 00 0F 01 00 00 0F 01 00 00 0F 01 00 00 0F 01 00 00 0F 01 00 00 0F 01 00 00 0F 01 00 00 0F 01 00 00 0F 01 00 00 0F 01 00 00 0F 01 00 00 0F 01 00 00 0F 01 00 00 0F 01 00 00 0F 01 00 00 0F 01 00 00 0F 01 00 00 0F 01 00 00 0F 01 00 00 0F 01 00 00 0F 01 00 00 0F 01 00 00 0F 01 00 00 0F 01 00 00 0F 01 00 00 0F 01 00 00 0F 01 00 00 0F 01 00 00 0F 01 00 00 0F 01 00 00 0F 01 00 00 

[TC-VERIFY] Load #4: addr=0x40008800, offset=2048, bytes=512
[TC-VERIFY] Loaded data: 
10 01 00 00 10 01 00 00 10 01 00 00 10 01 00 00 10 01 00 00 10 01 00 00 10 01 00 00 10 01 00 00 10 01 00 00 10 01 00 00 10 01 00 00 10 01 00 00 10 01 00 00 10 01 00 00 10 01 00 00 10 01 00 00 10 01 00 00 10 01 00 00 10 01 00 00 10 01 00 00 10 01 00 00 10 01 00 00 10 01 00 00 10 01 00 00 10 01 00 00 10 01 00 00 10 01 00 00 10 01 00 00 10 01 00 00 10 01 00 00 10 01 00 00 10 01 00 00 
11 01 00 00 11 01 00 00 11 01 00 00 11 01 00 00 11 01 00 00 11 01 00 00 11 01 00 00 11 01 00 00 11 01 00 00 11 01 00 00 11 01 00 00 11 01 00 00 11 01 00 00 11 01 00 00 11 01 00 00 11 01 00 00 11 01 00 00 11 01 00 00 11 01 00 00 11 01 00 00 11 01 00 00 11 01 00 00 11 01 00 00 11 01 00 00 11 01 00 00 11 01 00 00 11 01 00 00 11 01 00 00 11 01 00 00 11 01 00 00 11 01 00 00 11 01 00 00 
12 01 00 00 12 01 00 00 12 01 00 00 12 01 00 00 12 01 00 00 12 01 00 00 12 01 00 00 12 01 00 00 12 01 00 00 12 01 00 00 12 01 00 00 12 01 00 00 12 01 00 00 12 01 00 00 12 01 00 00 12 01 00 00 12 01 00 00 12 01 00 00 12 01 00 00 12 01 00 00 12 01 00 00 12 01 00 00 12 01 00 00 12 01 00 00 12 01 00 00 12 01 00 00 12 01 00 00 12 01 00 00 12 01 00 00 12 01 00 00 12 01 00 00 12 01 00 00 
13 01 00 00 13 01 00 00 13 01 00 00 13 01 00 00 13 01 00 00 13 01 00 00 13 01 00 00 13 01 00 00 13 01 00 00 13 01 00 00 13 01 00 00 13 01 00 00 13 01 00 00 13 01 00 00 13 01 00 00 13 01 00 00 13 01 00 00 13 01 00 00 13 01 00 00 13 01 00 00 13 01 00 00 13 01 00 00 13 01 00 00 13 01 00 00 13 01 00 00 13 01 00 00 13 01 00 00 13 01 00 00 13 01 00 00 13 01 00 00 13 01 00 00 13 01 00 00 

[TC-VERIFY] Load #5: addr=0x40008A00, offset=2560, bytes=512
[TC-VERIFY] Loaded data: 
14 01 00 00 14 01 00 00 14 01 00 00 14 01 00 00 14 01 00 00 14 01 00 00 14 01 00 00 14 01 00 00 14 01 00 00 14 01 00 00 14 01 00 00 14 01 00 00 14 01 00 00 14 01 00 00 14 01 00 00 14 01 00 00 14 01 00 00 14 01 00 00 14 01 00 00 14 01 00 00 14 01 00 00 14 01 00 00 14 01 00 00 14 01 00 00 14 01 00 00 14 01 00 00 14 01 00 00 14 01 00 00 14 01 00 00 14 01 00 00 14 01 00 00 14 01 00 00 
15 01 00 00 15 01 00 00 15 01 00 00 15 01 00 00 15 01 00 00 15 01 00 00 15 01 00 00 15 01 00 00 15 01 00 00 15 01 00 00 15 01 00 00 15 01 00 00 15 01 00 00 15 01 00 00 15 01 00 00 15 01 00 00 15 01 00 00 15 01 00 00 15 01 00 00 15 01 00 00 15 01 00 00 15 01 00 00 15 01 00 00 15 01 00 00 15 01 00 00 15 01 00 00 15 01 00 00 15 01 00 00 15 01 00 00 15 01 00 00 15 01 00 00 15 01 00 00 
16 01 00 00 16 01 00 00 16 01 00 00 16 01 00 00 16 01 00 00 16 01 00 00 16 01 00 00 16 01 00 00 16 01 00 00 16 01 00 00 16 01 00 00 16 01 00 00 16 01 00 00 16 01 00 00 16 01 00 00 16 01 00 00 16 01 00 00 16 01 00 00 16 01 00 00 16 01 00 00 16 01 00 00 16 01 00 00 16 01 00 00 16 01 00 00 16 01 00 00 16 01 00 00 16 01 00 00 16 01 00 00 16 01 00 00 16 01 00 00 16 01 00 00 16 01 00 00 
17 01 00 00 17 01 00 00 17 01 00 00 17 01 00 00 17 01 00 00 17 01 00 00 17 01 00 00 17 01 00 00 17 01 00 00 17 01 00 00 17 01 00 00 17 01 00 00 17 01 00 00 17 01 00 00 17 01 00 00 17 01 00 00 17 01 00 00 17 01 00 00 17 01 00 00 17 01 00 00 17 01 00 00 17 01 00 00 17 01 00 00 17 01 00 00 17 01 00 00 17 01 00 00 17 01 00 00 17 01 00 00 17 01 00 00 17 01 00 00 17 01 00 00 17 01 00 00 

[TC-VERIFY] Load #6: addr=0x40008C00, offset=3072, bytes=512
[TC-VERIFY] Loaded data: 
18 01 00 00 18 01 00 00 18 01 00 00 18 01 00 00 18 01 00 00 18 01 00 00 18 01 00 00 18 01 00 00 18 01 00 00 18 01 00 00 18 01 00 00 18 01 00 00 18 01 00 00 18 01 00 00 18 01 00 00 18 01 00 00 18 01 00 00 18 01 00 00 18 01 00 00 18 01 00 00 18 01 00 00 18 01 00 00 18 01 00 00 18 01 00 00 18 01 00 00 18 01 00 00 18 01 00 00 18 01 00 00 18 01 00 00 18 01 00 00 18 01 00 00 18 01 00 00 
19 01 00 00 19 01 00 00 19 01 00 00 19 01 00 00 19 01 00 00 19 01 00 00 19 01 00 00 19 01 00 00 19 01 00 00 19 01 00 00 19 01 00 00 19 01 00 00 19 01 00 00 19 01 00 00 19 01 00 00 19 01 00 00 19 01 00 00 19 01 00 00 19 01 00 00 19 01 00 00 19 01 00 00 19 01 00 00 19 01 00 00 19 01 00 00 19 01 00 00 19 01 00 00 19 01 00 00 19 01 00 00 19 01 00 00 19 01 00 00 19 01 00 00 19 01 00 00 
1A 01 00 00 1A 01 00 00 1A 01 00 00 1A 01 00 00 1A 01 00 00 1A 01 00 00 1A 01 00 00 1A 01 00 00 1A 01 00 00 1A 01 00 00 1A 01 00 00 1A 01 00 00 1A 01 00 00 1A 01 00 00 1A 01 00 00 1A 01 00 00 1A 01 00 00 1A 01 00 00 1A 01 00 00 1A 01 00 00 1A 01 00 00 1A 01 00 00 1A 01 00 00 1A 01 00 00 1A 01 00 00 1A 01 00 00 1A 01 00 00 1A 01 00 00 1A 01 00 00 1A 01 00 00 1A 01 00 00 1A 01 00 00 
1B 01 00 00 1B 01 00 00 1B 01 00 00 1B 01 00 00 1B 01 00 00 1B 01 00 00 1B 01 00 00 1B 01 00 00 1B 01 00 00 1B 01 00 00 1B 01 00 00 1B 01 00 00 1B 01 00 00 1B 01 00 00 1B 01 00 00 1B 01 00 00 1B 01 00 00 1B 01 00 00 1B 01 00 00 1B 01 00 00 1B 01 00 00 1B 01 00 00 1B 01 00 00 1B 01 00 00 1B 01 00 00 1B 01 00 00 1B 01 00 00 1B 01 00 00 1B 01 00 00 1B 01 00 00 1B 01 00 00 1B 01 00 00 

[TC-VERIFY] Load #7: addr=0x40008E00, offset=3584, bytes=512
[TC-VERIFY] Loaded data: 
1C 01 00 00 1C 01 00 00 1C 01 00 00 1C 01 00 00 1C 01 00 00 1C 01 00 00 1C 01 00 00 1C 01 00 00 1C 01 00 00 1C 01 00 00 1C 01 00 00 1C 01 00 00 1C 01 00 00 1C 01 00 00 1C 01 00 00 1C 01 00 00 1C 01 00 00 1C 01 00 00 1C 01 00 00 1C 01 00 00 1C 01 00 00 1C 01 00 00 1C 01 00 00 1C 01 00 00 1C 01 00 00 1C 01 00 00 1C 01 00 00 1C 01 00 00 1C 01 00 00 1C 01 00 00 1C 01 00 00 1C 01 00 00 
1D 01 00 00 1D 01 00 00 1D 01 00 00 1D 01 00 00 1D 01 00 00 1D 01 00 00 1D 01 00 00 1D 01 00 00 1D 01 00 00 1D 01 00 00 1D 01 00 00 1D 01 00 00 1D 01 00 00 1D 01 00 00 1D 01 00 00 1D 01 00 00 1D 01 00 00 1D 01 00 00 1D 01 00 00 1D 01 00 00 1D 01 00 00 1D 01 00 00 1D 01 00 00 1D 01 00 00 1D 01 00 00 1D 01 00 00 1D 01 00 00 1D 01 00 00 1D 01 00 00 1D 01 00 00 1D 01 00 00 1D 01 00 00 
1E 01 00 00 1E 01 00 00 1E 01 00 00 1E 01 00 00 1E 01 00 00 1E 01 00 00 1E 01 00 00 1E 01 00 00 1E 01 00 00 1E 01 00 00 1E 01 00 00 1E 01 00 00 1E 01 00 00 1E 01 00 00 1E 01 00 00 1E 01 00 00 1E 01 00 00 1E 01 00 00 1E 01 00 00 1E 01 00 00 1E 01 00 00 1E 01 00 00 1E 01 00 00 1E 01 00 00 1E 01 00 00 1E 01 00 00 1E 01 00 00 1E 01 00 00 1E 01 00 00 1E 01 00 00 1E 01 00 00 1E 01 00 00 
1F 01 00 00 1F 01 00 00 1F 01 00 00 1F 01 00 00 1F 01 00 00 1F 01 00 00 1F 01 00 00 1F 01 00 00 1F 01 00 00 1F 01 00 00 1F 01 00 00 1F 01 00 00 1F 01 00 00 1F 01 00 00 1F 01 00 00 1F 01 00 00 1F 01 00 00 1F 01 00 00 1F 01 00 00 1F 01 00 00 1F 01 00 00 1F 01 00 00 1F 01 00 00 1F 01 00 00 1F 01 00 00 1F 01 00 00 1F 01 00 00 1F 01 00 00 1F 01 00 00 1F 01 00 00 1F 01 00 00 1F 01 00 00 

  Loading sparse indices to Spa Reg from 0x40010400...
[TC-DISP] exec_tensorcomp called
[TC-DISP] engine_id=1, mop3=0, st=0, mode3=4, funct2=0
[TC-VERIFY] Load #0: addr=0x40010400, offset=0, bytes=64
[TC-VERIFY] Loaded data: 
32 32 32 32 32 32 32 32 32 32 32 32 32 32 32 32 32 32 32 32 32 32 32 32 32 32 32 32 32 32 32 32 32 32 32 32 32 32 32 32 32 32 32 32 32 32 32 32 32 32 32 32 32 32 32 32 32 32 32 32 32 32 32 32 

[TC-VERIFY] Load #1: addr=0x40010440, offset=64, bytes=64
[TC-VERIFY] Loaded data: 
32 32 32 32 32 32 32 32 32 32 32 32 32 32 32 32 32 32 32 32 32 32 32 32 32 32 32 32 32 32 32 32 32 32 32 32 32 32 32 32 32 32 32 32 32 32 32 32 32 32 32 32 32 32 32 32 32 32 32 32 32 32 32 32 

[TC-VERIFY] Load #2: addr=0x40010480, offset=128, bytes=64
[TC-VERIFY] Loaded data: 
62 62 62 62 62 62 62 62 62 62 62 62 62 62 62 62 62 62 62 62 62 62 62 62 62 62 62 62 62 62 62 62 62 62 62 62 62 62 62 62 62 62 62 62 62 62 62 62 62 62 62 62 62 62 62 62 62 62 62 62 62 62 62 62 

[TC-VERIFY] Load #3: addr=0x400104C0, offset=192, bytes=64
[TC-VERIFY] Loaded data: 
62 62 62 62 62 62 62 62 62 62 62 62 62 62 62 62 62 62 62 62 62 62 62 62 62 62 62 62 62 62 62 62 62 62 62 62 62 62 62 62 62 62 62 62 62 62 62 62 62 62 62 62 62 62 62 62 62 62 62 62 62 62 62 62 

[TC-VERIFY] Load #4: addr=0x40010500, offset=256, bytes=64
[TC-VERIFY] Loaded data: 
72 72 72 72 72 72 72 72 72 72 72 72 72 72 72 72 72 72 72 72 72 72 72 72 72 72 72 72 72 72 72 72 72 72 72 72 72 72 72 72 72 72 72 72 72 72 72 72 72 72 72 72 72 72 72 72 72 72 72 72 72 72 72 72 

[TC-VERIFY] Load #5: addr=0x40010540, offset=320, bytes=64
[TC-VERIFY] Loaded data: 
72 72 72 72 72 72 72 72 72 72 72 72 72 72 72 72 72 72 72 72 72 72 72 72 72 72 72 72 72 72 72 72 72 72 72 72 72 72 72 72 72 72 72 72 72 72 72 72 72 72 72 72 72 72 72 72 72 72 72 72 72 72 72 72 

[TC-VERIFY] Load #6: addr=0x40010580, offset=384, bytes=64
[TC-VERIFY] Loaded data: 
B2 B2 B2 B2 B2 B2 B2 B2 B2 B2 B2 B2 B2 B2 B2 B2 B2 B2 B2 B2 B2 B2 B2 B2 B2 B2 B2 B2 B2 B2 B2 B2 B2 B2 B2 B2 B2 B2 B2 B2 B2 B2 B2 B2 B2 B2 B2 B2 B2 B2 B2 B2 B2 B2 B2 B2 B2 B2 B2 B2 B2 B2 B2 B2 

[TC-VERIFY] Load #7: addr=0x400105C0, offset=448, bytes=64
[TC-VERIFY] Loaded data: 
B2 B2 B2 B2 B2 B2 B2 B2 B2 B2 B2 B2 B2 B2 B2 B2 B2 B2 B2 B2 B2 B2 B2 B2 B2 B2 B2 B2 B2 B2 B2 B2 B2 B2 B2 B2 B2 B2 B2 B2 B2 B2 B2 B2 B2 B2 B2 B2 B2 B2 B2 B2 B2 B2 B2 B2 B2 B2 B2 B2 B2 B2 B2 B2 

  Executing Sparse MMA computation...
[TC-DISP] exec_tensorcomp called
[TC-DISP] engine_id=1, mop3=0, st=1, mode3=7, funct2=0
[TC-EXEC] tc_st_mma_spa: G=8, M=64, N=64, K=4
[TC-VERIFY] tc.st.mma.spa acc buffer dump (int32, 32 values per line):
  [   0]     1176     1176     1176     1176     1176     1176     1176     1176     1176     1176     1176     1176     1176     1176     1176     1176     1176     1176     1176     1176     1176     1176     1176     1176     1176     1176     1176     1176     1176     1176     1176     1176 
  [   1]     1296     1296     1296     1296     1296     1296     1296     1296     1296     1296     1296     1296     1296     1296     1296     1296     1296     1296     1296     1296     1296     1296     1296     1296     1296     1296     1296     1296     1296     1296     1296     1296 
  [   2]     1288     1288     1288     1288     1288     1288     1288     1288     1288     1288     1288     1288     1288     1288     1288     1288     1288     1288     1288     1288     1288     1288     1288     1288     1288     1288     1288     1288     1288     1288     1288     1288 
  [   3]     1424     1424     1424     1424     1424     1424     1424     1424     1424     1424     1424     1424     1424     1424     1424     1424     1424     1424     1424     1424     1424     1424     1424     1424     1424     1424     1424     1424     1424     1424     1424     1424 
  [   4]     1176     1176     1176     1176     1176     1176     1176     1176     1176     1176     1176     1176     1176     1176     1176     1176     1176     1176     1176     1176     1176     1176     1176     1176     1176     1176     1176     1176     1176     1176     1176     1176 
  [   5]     1296     1296     1296     1296     1296     1296     1296     1296     1296     1296     1296     1296     1296     1296     1296     1296     1296     1296     1296     1296     1296     1296     1296     1296     1296     1296     1296     1296     1296     1296     1296     1296 
  [   6]     1288     1288     1288     1288     1288     1288     1288     1288     1288     1288     1288     1288     1288     1288     1288     1288     1288     1288     1288     1288     1288     1288     1288     1288     1288     1288     1288     1288     1288     1288     1288     1288 
  [   7]     1424     1424     1424     1424     1424     1424     1424     1424     1424     1424     1424     1424     1424     1424     1424     1424     1424     1424     1424     1424     1424     1424     1424     1424     1424     1424     1424     1424     1424     1424     1424     1424 
  [   8]     1176     1176     1176     1176     1176     1176     1176     1176     1176     1176     1176     1176     1176     1176     1176     1176     1176     1176     1176     1176     1176     1176     1176     1176     1176     1176     1176     1176     1176     1176     1176     1176 
  [   9]     1296     1296     1296     1296     1296     1296     1296     1296     1296     1296     1296     1296     1296     1296     1296     1296     1296     1296     1296     1296     1296     1296     1296     1296     1296     1296     1296     1296     1296     1296     1296     1296 
  [  10]     1288     1288     1288     1288     1288     1288     1288     1288     1288     1288     1288     1288     1288     1288     1288     1288     1288     1288     1288     1288     1288     1288     1288     1288     1288     1288     1288     1288     1288     1288     1288     1288 
  [  11]     1424     1424     1424     1424     1424     1424     1424     1424     1424     1424     1424     1424     1424     1424     1424     1424     1424     1424     1424     1424     1424     1424     1424     1424     1424     1424     1424     1424     1424     1424     1424     1424 
  [  12]     1176     1176     1176     1176     1176     1176     1176     1176     1176     1176     1176     1176     1176     1176     1176     1176     1176     1176     1176     1176     1176     1176     1176     1176     1176     1176     1176     1176     1176     1176     1176     1176 
  [  13]     1296     1296     1296     1296     1296     1296     1296     1296     1296     1296     1296     1296     1296     1296     1296     1296     1296     1296     1296     1296     1296     1296     1296     1296     1296     1296     1296     1296     1296     1296     1296     1296 
  [  14]     1288     1288     1288     1288     1288     1288     1288     1288     1288     1288     1288     1288     1288     1288     1288     1288     1288     1288     1288     1288     1288     1288     1288     1288     1288     1288     1288     1288     1288     1288     1288     1288 
  [  15]     1424     1424     1424     1424     1424     1424     1424     1424     1424     1424     1424     1424     1424     1424     1424     1424     1424     1424     1424     1424     1424     1424     1424     1424     1424     1424     1424     1424     1424     1424     1424     1424 
  [  16]     1176     1176     1176     1176     1176     1176     1176     1176     1176     1176     1176     1176     1176     1176     1176     1176     1176     1176     1176     1176     1176     1176     1176     1176     1176     1176     1176     1176     1176     1176     1176     1176 
  [  17]     1296     1296     1296     1296     1296     1296     1296     1296     1296     1296     1296     1296     1296     1296     1296     1296     1296     1296     1296     1296     1296     1296     1296     1296     1296     1296     1296     1296     1296     1296     1296     1296 
  [  18]     1288     1288     1288     1288     1288     1288     1288     1288     1288     1288     1288     1288     1288     1288     1288     1288     1288     1288     1288     1288     1288     1288     1288     1288     1288     1288     1288     1288     1288     1288     1288     1288 
  [  19]     1424     1424     1424     1424     1424     1424     1424     1424     1424     1424     1424     1424     1424     1424     1424     1424     1424     1424     1424     1424     1424     1424     1424     1424     1424     1424     1424     1424     1424     1424     1424     1424 
  [  20]     1176     1176     1176     1176     1176     1176     1176     1176     1176     1176     1176     1176     1176     1176     1176     1176     1176     1176     1176     1176     1176     1176     1176     1176     1176     1176     1176     1176     1176     1176     1176     1176 
  [  21]     1296     1296     1296     1296     1296     1296     1296     1296     1296     1296     1296     1296     1296     1296     1296     1296     1296     1296     1296     1296     1296     1296     1296     1296     1296     1296     1296     1296     1296     1296     1296     1296 
  [  22]     1288     1288     1288     1288     1288     1288     1288     1288     1288     1288     1288     1288     1288     1288     1288     1288     1288     1288     1288     1288     1288     1288     1288     1288     1288     1288     1288     1288     1288     1288     1288     1288 
  [  23]     1424     1424     1424     1424     1424     1424     1424     1424     1424     1424     1424     1424     1424     1424     1424     1424     1424     1424     1424     1424     1424     1424     1424     1424     1424     1424     1424     1424     1424     1424     1424     1424 
  [  24]     1176     1176     1176     1176     1176     1176     1176     1176     1176     1176     1176     1176     1176     1176     1176     1176     1176     1176     1176     1176     1176     1176     1176     1176     1176     1176     1176     1176     1176     1176     1176     1176 
  [  25]     1296     1296     1296     1296     1296     1296     1296     1296     1296     1296     1296     1296     1296     1296     1296     1296     1296     1296     1296     1296     1296     1296     1296     1296     1296     1296     1296     1296     1296     1296     1296     1296 
  [  26]     1288     1288     1288     1288     1288     1288     1288     1288     1288     1288     1288     1288     1288     1288     1288     1288     1288     1288     1288     1288     1288     1288     1288     1288     1288     1288     1288     1288     1288     1288     1288     1288 
  [  27]     1424     1424     1424     1424     1424     1424     1424     1424     1424     1424     1424     1424     1424     1424     1424     1424     1424     1424     1424     1424     1424     1424     1424     1424     1424     1424     1424     1424     1424     1424     1424     1424 
  [  28]     1176     1176     1176     1176     1176     1176     1176     1176     1176     1176     1176     1176     1176     1176     1176     1176     1176     1176     1176     1176     1176     1176     1176     1176     1176     1176     1176     1176     1176     1176     1176     1176 
  [  29]     1296     1296     1296     1296     1296     1296     1296     1296     1296     1296     1296     1296     1296     1296     1296     1296     1296     1296     1296     1296     1296     1296     1296     1296     1296     1296     1296     1296     1296     1296     1296     1296 
  [  30]     1288     1288     1288     1288     1288     1288     1288     1288     1288     1288     1288     1288     1288     1288     1288     1288     1288     1288     1288     1288     1288     1288     1288     1288     1288     1288     1288     1288     1288     1288     1288     1288 
  [  31]     1424     1424     1424     1424     1424     1424     1424     1424     1424     1424     1424     1424     1424     1424     1424     1424     1424     1424     1424     1424     1424     1424     1424     1424     1424     1424     1424     1424     1424     1424     1424     1424 
  [  32]     1176     1176     1176     1176     1176     1176     1176     1176     1176     1176     1176     1176     1176     1176     1176     1176     1176     1176     1176     1176     1176     1176     1176     1176     1176     1176     1176     1176     1176     1176     1176     1176 
  [  33]     1296     1296     1296     1296     1296     1296     1296     1296     1296     1296     1296     1296     1296     1296     1296     1296     1296     1296     1296     1296     1296     1296     1296     1296     1296     1296     1296     1296     1296     1296     1296     1296 
  [  34]     1288     1288     1288     1288     1288     1288     1288     1288     1288     1288     1288     1288     1288     1288     1288     1288     1288     1288     1288     1288     1288     1288     1288     1288     1288     1288     1288     1288     1288     1288     1288     1288 
  [  35]     1424     1424     1424     1424     1424     1424     1424     1424     1424     1424     1424     1424     1424     1424     1424     1424     1424     1424     1424     1424     1424     1424     1424     1424     1424     1424     1424     1424     1424     1424     1424     1424 
  [  36]     1176     1176     1176     1176     1176     1176     1176     1176     1176     1176     1176     1176     1176     1176     1176     1176     1176     1176     1176     1176     1176     1176     1176     1176     1176     1176     1176     1176     1176     1176     1176     1176 
  [  37]     1296     1296     1296     1296     1296     1296     1296     1296     1296     1296     1296     1296     1296     1296     1296     1296     1296     1296     1296     1296     1296     1296     1296     1296     1296     1296     1296     1296     1296     1296     1296     1296 
  [  38]     1288     1288     1288     1288     1288     1288     1288     1288     1288     1288     1288     1288     1288     1288     1288     1288     1288     1288     1288     1288     1288     1288     1288     1288     1288     1288     1288     1288     1288     1288     1288     1288 
  [  39]     1424     1424     1424     1424     1424     1424     1424     1424     1424     1424     1424     1424     1424     1424     1424     1424     1424     1424     1424     1424     1424     1424     1424     1424     1424     1424     1424     1424     1424     1424     1424     1424 
  [  40]     1176     1176     1176     1176     1176     1176     1176     1176     1176     1176     1176     1176     1176     1176     1176     1176     1176     1176     1176     1176     1176     1176     1176     1176     1176     1176     1176     1176     1176     1176     1176     1176 
  [  41]     1296     1296     1296     1296     1296     1296     1296     1296     1296     1296     1296     1296     1296     1296     1296     1296     1296     1296     1296     1296     1296     1296     1296     1296     1296     1296     1296     1296     1296     1296     1296     1296 
  [  42]     1288     1288     1288     1288     1288     1288     1288     1288     1288     1288     1288     1288     1288     1288     1288     1288     1288     1288     1288     1288     1288     1288     1288     1288     1288     1288     1288     1288     1288     1288     1288     1288 
  [  43]     1424     1424     1424     1424     1424     1424     1424     1424     1424     1424     1424     1424     1424     1424     1424     1424     1424     1424     1424     1424     1424     1424     1424     1424     1424     1424     1424     1424     1424     1424     1424     1424 
  [  44]     1176     1176     1176     1176     1176     1176     1176     1176     1176     1176     1176     1176     1176     1176     1176     1176     1176     1176     1176     1176     1176     1176     1176     1176     1176     1176     1176     1176     1176     1176     1176     1176 
  [  45]     1296     1296     1296     1296     1296     1296     1296     1296     1296     1296     1296     1296     1296     1296     1296     1296     1296     1296     1296     1296     1296     1296     1296     1296     1296     1296     1296     1296     1296     1296     1296     1296 
  [  46]     1288     1288     1288     1288     1288     1288     1288     1288     1288     1288     1288     1288     1288     1288     1288     1288     1288     1288     1288     1288     1288     1288     1288     1288     1288     1288     1288     1288     1288     1288     1288     1288 
  [  47]     1424     1424     1424     1424     1424     1424     1424     1424     1424     1424     1424     1424     1424     1424     1424     1424     1424     1424     1424     1424     1424     1424     1424     1424     1424     1424     1424     1424     1424     1424     1424     1424 
  [  48]     1176     1176     1176     1176     1176     1176     1176     1176     1176     1176     1176     1176     1176     1176     1176     1176     1176     1176     1176     1176     1176     1176     1176     1176     1176     1176     1176     1176     1176     1176     1176     1176 
  [  49]     1296     1296     1296     1296     1296     1296     1296     1296     1296     1296     1296     1296     1296     1296     1296     1296     1296     1296     1296     1296     1296     1296     1296     1296     1296     1296     1296     1296     1296     1296     1296     1296 
  [  50]     1288     1288     1288     1288     1288     1288     1288     1288     1288     1288     1288     1288     1288     1288     1288     1288     1288     1288     1288     1288     1288     1288     1288     1288     1288     1288     1288     1288     1288     1288     1288     1288 
  [  51]     1424     1424     1424     1424     1424     1424     1424     1424     1424     1424     1424     1424     1424     1424     1424     1424     1424     1424     1424     1424     1424     1424     1424     1424     1424     1424     1424     1424     1424     1424     1424     1424 
  [  52]     1176     1176     1176     1176     1176     1176     1176     1176     1176     1176     1176     1176     1176     1176     1176     1176     1176     1176     1176     1176     1176     1176     1176     1176     1176     1176     1176     1176     1176     1176     1176     1176 
  [  53]     1296     1296     1296     1296     1296     1296     1296     1296     1296     1296     1296     1296     1296     1296     1296     1296     1296     1296     1296     1296     1296     1296     1296     1296     1296     1296     1296     1296     1296     1296     1296     1296 
  [  54]     1288     1288     1288     1288     1288     1288     1288     1288     1288     1288     1288     1288     1288     1288     1288     1288     1288     1288     1288     1288     1288     1288     1288     1288     1288     1288     1288     1288     1288     1288     1288     1288 
  [  55]     1424     1424     1424     1424     1424     1424     1424     1424     1424     1424     1424     1424     1424     1424     1424     1424     1424     1424     1424     1424     1424     1424     1424     1424     1424     1424     1424     1424     1424     1424     1424     1424 
  [  56]     1176     1176     1176     1176     1176     1176     1176     1176     1176     1176     1176     1176     1176     1176     1176     1176     1176     1176     1176     1176     1176     1176     1176     1176     1176     1176     1176     1176     1176     1176     1176     1176 
  [  57]     1296     1296     1296     1296     1296     1296     1296     1296     1296     1296     1296     1296     1296     1296     1296     1296     1296     1296     1296     1296     1296     1296     1296     1296     1296     1296     1296     1296     1296     1296     1296     1296 
  [  58]     1288     1288     1288     1288     1288     1288     1288     1288     1288     1288     1288     1288     1288     1288     1288     1288     1288     1288     1288     1288     1288     1288     1288     1288     1288     1288     1288     1288     1288     1288     1288     1288 
  [  59]     1424     1424     1424     1424     1424     1424     1424     1424     1424     1424     1424     1424     1424     1424     1424     1424     1424     1424     1424     1424     1424     1424     1424     1424     1424     1424     1424     1424     1424     1424     1424     1424 
  [  60]     1176     1176     1176     1176     1176     1176     1176     1176     1176     1176     1176     1176     1176     1176     1176     1176     1176     1176     1176     1176     1176     1176     1176     1176     1176     1176     1176     1176     1176     1176     1176     1176 
  [  61]     1296     1296     1296     1296     1296     1296     1296     1296     1296     1296     1296     1296     1296     1296     1296     1296     1296     1296     1296     1296     1296     1296     1296     1296     1296     1296     1296     1296     1296     1296     1296     1296 
  [  62]     1288     1288     1288     1288     1288     1288     1288     1288     1288     1288     1288     1288     1288     1288     1288     1288     1288     1288     1288     1288     1288     1288     1288     1288     1288     1288     1288     1288     1288     1288     1288     1288 
  [  63]     1424     1424     1424     1424     1424     1424     1424     1424     1424     1424     1424     1424     1424     1424     1424     1424     1424     1424     1424     1424     1424     1424     1424     1424     1424     1424     1424     1424     1424     1424     1424     1424 
  [  64]     1176     1176     1176     1176     1176     1176     1176     1176     1176     1176     1176     1176     1176     1176     1176     1176     1176     1176     1176     1176     1176     1176     1176     1176     1176     1176     1176     1176     1176     1176     1176     1176 
  [  65]     1296     1296     1296     1296     1296     1296     1296     1296     1296     1296     1296     1296     1296     1296     1296     1296     1296     1296     1296     1296     1296     1296     1296     1296     1296     1296     1296     1296     1296     1296     1296     1296 
  [  66]     1288     1288     1288     1288     1288     1288     1288     1288     1288     1288     1288     1288     1288     1288     1288     1288     1288     1288     1288     1288     1288     1288     1288     1288     1288     1288     1288     1288     1288     1288     1288     1288 
  [  67]     1424     1424     1424     1424     1424     1424     1424     1424     1424     1424     1424     1424     1424     1424     1424     1424     1424     1424     1424     1424     1424     1424     1424     1424     1424     1424     1424     1424     1424     1424     1424     1424 
  [  68]     1176     1176     1176     1176     1176     1176     1176     1176     1176     1176     1176     1176     1176     1176     1176     1176     1176     1176     1176     1176     1176     1176     1176     1176     1176     1176     1176     1176     1176     1176     1176     1176 
  [  69]     1296     1296     1296     1296     1296     1296     1296     1296     1296     1296     1296     1296     1296     1296     1296     1296     1296     1296     1296     1296     1296     1296     1296     1296     1296     1296     1296     1296     1296     1296     1296     1296 
  [  70]     1288     1288     1288     1288     1288     1288     1288     1288     1288     1288     1288     1288     1288     1288     1288     1288     1288     1288     1288     1288     1288     1288     1288     1288     1288     1288     1288     1288     1288     1288     1288     1288 
  [  71]     1424     1424     1424     1424     1424     1424     1424     1424     1424     1424     1424     1424     1424     1424     1424     1424     1424     1424     1424     1424     1424     1424     1424     1424     1424     1424     1424     1424     1424     1424     1424     1424 
  [  72]     1176     1176     1176     1176     1176     1176     1176     1176     1176     1176     1176     1176     1176     1176     1176     1176     1176     1176     1176     1176     1176     1176     1176     1176     1176     1176     1176     1176     1176     1176     1176     1176 
  [  73]     1296     1296     1296     1296     1296     1296     1296     1296     1296     1296     1296     1296     1296     1296     1296     1296     1296     1296     1296     1296     1296     1296     1296     1296     1296     1296     1296     1296     1296     1296     1296     1296 
  [  74]     1288     1288     1288     1288     1288     1288     1288     1288     1288     1288     1288     1288     1288     1288     1288     1288     1288     1288     1288     1288     1288     1288     1288     1288     1288     1288     1288     1288     1288     1288     1288     1288 
  [  75]     1424     1424     1424     1424     1424     1424     1424     1424     1424     1424     1424     1424     1424     1424     1424     1424     1424     1424     1424     1424     1424     1424     1424     1424     1424     1424     1424     1424     1424     1424     1424     1424 
  [  76]     1176     1176     1176     1176     1176     1176     1176     1176     1176     1176     1176     1176     1176     1176     1176     1176     1176     1176     1176     1176     1176     1176     1176     1176     1176     1176     1176     1176     1176     1176     1176     1176 
  [  77]     1296     1296     1296     1296     1296     1296     1296     1296     1296     1296     1296     1296     1296     1296     1296     1296     1296     1296     1296     1296     1296     1296     1296     1296     1296     1296     1296     1296     1296     1296     1296     1296 
  [  78]     1288     1288     1288     1288     1288     1288     1288     1288     1288     1288     1288     1288     1288     1288     1288     1288     1288     1288     1288     1288     1288     1288     1288     1288     1288     1288     1288     1288     1288     1288     1288     1288 
  [  79]     1424     1424     1424     1424     1424     1424     1424     1424     1424     1424     1424     1424     1424     1424     1424     1424     1424     1424     1424     1424     1424     1424     1424     1424     1424     1424     1424     1424     1424     1424     1424     1424 
  [  80]     1176     1176     1176     1176     1176     1176     1176     1176     1176     1176     1176     1176     1176     1176     1176     1176     1176     1176     1176     1176     1176     1176     1176     1176     1176     1176     1176     1176     1176     1176     1176     1176 
  [  81]     1296     1296     1296     1296     1296     1296     1296     1296     1296     1296     1296     1296     1296     1296     1296     1296     1296     1296     1296     1296     1296     1296     1296     1296     1296     1296     1296     1296     1296     1296     1296     1296 
  [  82]     1288     1288     1288     1288     1288     1288     1288     1288     1288     1288     1288     1288     1288     1288     1288     1288     1288     1288     1288     1288     1288     1288     1288     1288     1288     1288     1288     1288     1288     1288     1288     1288 
  [  83]     1424     1424     1424     1424     1424     1424     1424     1424     1424     1424     1424     1424     1424     1424     1424     1424     1424     1424     1424     1424     1424     1424     1424     1424     1424     1424     1424     1424     1424     1424     1424     1424 
  [  84]     1176     1176     1176     1176     1176     1176     1176     1176     1176     1176     1176     1176     1176     1176     1176     1176     1176     1176     1176     1176     1176     1176     1176     1176     1176     1176     1176     1176     1176     1176     1176     1176 
  [  85]     1296     1296     1296     1296     1296     1296     1296     1296     1296     1296     1296     1296     1296     1296     1296     1296     1296     1296     1296     1296     1296     1296     1296     1296     1296     1296     1296     1296     1296     1296     1296     1296 
  [  86]     1288     1288     1288     1288     1288     1288     1288     1288     1288     1288     1288     1288     1288     1288     1288     1288     1288     1288     1288     1288     1288     1288     1288     1288     1288     1288     1288     1288     1288     1288     1288     1288 
  [  87]     1424     1424     1424     1424     1424     1424     1424     1424     1424     1424     1424     1424     1424     1424     1424     1424     1424     1424     1424     1424     1424     1424     1424     1424     1424     1424     1424     1424     1424     1424     1424     1424 
  [  88]     1176     1176     1176     1176     1176     1176     1176     1176     1176     1176     1176     1176     1176     1176     1176     1176     1176     1176     1176     1176     1176     1176     1176     1176     1176     1176     1176     1176     1176     1176     1176     1176 
  [  89]     1296     1296     1296     1296     1296     1296     1296     1296     1296     1296     1296     1296     1296     1296     1296     1296     1296     1296     1296     1296     1296     1296     1296     1296     1296     1296     1296     1296     1296     1296     1296     1296 
  [  90]     1288     1288     1288     1288     1288     1288     1288     1288     1288     1288     1288     1288     1288     1288     1288     1288     1288     1288     1288     1288     1288     1288     1288     1288     1288     1288     1288     1288     1288     1288     1288     1288 
  [  91]     1424     1424     1424     1424     1424     1424     1424     1424     1424     1424     1424     1424     1424     1424     1424     1424     1424     1424     1424     1424     1424     1424     1424     1424     1424     1424     1424     1424     1424     1424     1424     1424 
  [  92]     1176     1176     1176     1176     1176     1176     1176     1176     1176     1176     1176     1176     1176     1176     1176     1176     1176     1176     1176     1176     1176     1176     1176     1176     1176     1176     1176     1176     1176     1176     1176     1176 
  [  93]     1296     1296     1296     1296     1296     1296     1296     1296     1296     1296     1296     1296     1296     1296     1296     1296     1296     1296     1296     1296     1296     1296     1296     1296     1296     1296     1296     1296     1296     1296     1296     1296 
  [  94]     1288     1288     1288     1288     1288     1288     1288     1288     1288     1288     1288     1288     1288     1288     1288     1288     1288     1288     1288     1288     1288     1288     1288     1288     1288     1288     1288     1288     1288     1288     1288     1288 
  [  95]     1424     1424     1424     1424     1424     1424     1424     1424     1424     1424     1424     1424     1424     1424     1424     1424     1424     1424     1424     1424     1424     1424     1424     1424     1424     1424     1424     1424     1424     1424     1424     1424 
  [  96]     1176     1176     1176     1176     1176     1176     1176     1176     1176     1176     1176     1176     1176     1176     1176     1176     1176     1176     1176     1176     1176     1176     1176     1176     1176     1176     1176     1176     1176     1176     1176     1176 
  [  97]     1296     1296     1296     1296     1296     1296     1296     1296     1296     1296     1296     1296     1296     1296     1296     1296     1296     1296     1296     1296     1296     1296     1296     1296     1296     1296     1296     1296     1296     1296     1296     1296 
  [  98]     1288     1288     1288     1288     1288     1288     1288     1288     1288     1288     1288     1288     1288     1288     1288     1288     1288     1288     1288     1288     1288     1288     1288     1288     1288     1288     1288     1288     1288     1288     1288     1288 
  [  99]     1424     1424     1424     1424     1424     1424     1424     1424     1424     1424     1424     1424     1424     1424     1424     1424     1424     1424     1424     1424     1424     1424     1424     1424     1424     1424     1424     1424     1424     1424     1424     1424 
  [ 100]     1176     1176     1176     1176     1176     1176     1176     1176     1176     1176     1176     1176     1176     1176     1176     1176     1176     1176     1176     1176     1176     1176     1176     1176     1176     1176     1176     1176     1176     1176     1176     1176 
  [ 101]     1296     1296     1296     1296     1296     1296     1296     1296     1296     1296     1296     1296     1296     1296     1296     1296     1296     1296     1296     1296     1296     1296     1296     1296     1296     1296     1296     1296     1296     1296     1296     1296 
  [ 102]     1288     1288     1288     1288     1288     1288     1288     1288     1288     1288     1288     1288     1288     1288     1288     1288     1288     1288     1288     1288     1288     1288     1288     1288     1288     1288     1288     1288     1288     1288     1288     1288 
  [ 103]     1424     1424     1424     1424     1424     1424     1424     1424     1424     1424     1424     1424     1424     1424     1424     1424     1424     1424     1424     1424     1424     1424     1424     1424     1424     1424     1424     1424     1424     1424     1424     1424 
  [ 104]     1176     1176     1176     1176     1176     1176     1176     1176     1176     1176     1176     1176     1176     1176     1176     1176     1176     1176     1176     1176     1176     1176     1176     1176     1176     1176     1176     1176     1176     1176     1176     1176 
  [ 105]     1296     1296     1296     1296     1296     1296     1296     1296     1296     1296     1296     1296     1296     1296     1296     1296     1296     1296     1296     1296     1296     1296     1296     1296     1296     1296     1296     1296     1296     1296     1296     1296 
  [ 106]     1288     1288     1288     1288     1288     1288     1288     1288     1288     1288     1288     1288     1288     1288     1288     1288     1288     1288     1288     1288     1288     1288     1288     1288     1288     1288     1288     1288     1288     1288     1288     1288 
  [ 107]     1424     1424     1424     1424     1424     1424     1424     1424     1424     1424     1424     1424     1424     1424     1424     1424     1424     1424     1424     1424     1424     1424     1424     1424     1424     1424     1424     1424     1424     1424     1424     1424 
  [ 108]     1176     1176     1176     1176     1176     1176     1176     1176     1176     1176     1176     1176     1176     1176     1176     1176     1176     1176     1176     1176     1176     1176     1176     1176     1176     1176     1176     1176     1176     1176     1176     1176 
  [ 109]     1296     1296     1296     1296     1296     1296     1296     1296     1296     1296     1296     1296     1296     1296     1296     1296     1296     1296     1296     1296     1296     1296     1296     1296     1296     1296     1296     1296     1296     1296     1296     1296 
  [ 110]     1288     1288     1288     1288     1288     1288     1288     1288     1288     1288     1288     1288     1288     1288     1288     1288     1288     1288     1288     1288     1288     1288     1288     1288     1288     1288     1288     1288     1288     1288     1288     1288 
  [ 111]     1424     1424     1424     1424     1424     1424     1424     1424     1424     1424     1424     1424     1424     1424     1424     1424     1424     1424     1424     1424     1424     1424     1424     1424     1424     1424     1424     1424     1424     1424     1424     1424 
  [ 112]     1176     1176     1176     1176     1176     1176     1176     1176     1176     1176     1176     1176     1176     1176     1176     1176     1176     1176     1176     1176     1176     1176     1176     1176     1176     1176     1176     1176     1176     1176     1176     1176 
  [ 113]     1296     1296     1296     1296     1296     1296     1296     1296     1296     1296     1296     1296     1296     1296     1296     1296     1296     1296     1296     1296     1296     1296     1296     1296     1296     1296     1296     1296     1296     1296     1296     1296 
  [ 114]     1288     1288     1288     1288     1288     1288     1288     1288     1288     1288     1288     1288     1288     1288     1288     1288     1288     1288     1288     1288     1288     1288     1288     1288     1288     1288     1288     1288     1288     1288     1288     1288 
  [ 115]     1424     1424     1424     1424     1424     1424     1424     1424     1424     1424     1424     1424     1424     1424     1424     1424     1424     1424     1424     1424     1424     1424     1424     1424     1424     1424     1424     1424     1424     1424     1424     1424 
  [ 116]     1176     1176     1176     1176     1176     1176     1176     1176     1176     1176     1176     1176     1176     1176     1176     1176     1176     1176     1176     1176     1176     1176     1176     1176     1176     1176     1176     1176     1176     1176     1176     1176 
  [ 117]     1296     1296     1296     1296     1296     1296     1296     1296     1296     1296     1296     1296     1296     1296     1296     1296     1296     1296     1296     1296     1296     1296     1296     1296     1296     1296     1296     1296     1296     1296     1296     1296 
  [ 118]     1288     1288     1288     1288     1288     1288     1288     1288     1288     1288     1288     1288     1288     1288     1288     1288     1288     1288     1288     1288     1288     1288     1288     1288     1288     1288     1288     1288     1288     1288     1288     1288 
  [ 119]     1424     1424     1424     1424     1424     1424     1424     1424     1424     1424     1424     1424     1424     1424     1424     1424     1424     1424     1424     1424     1424     1424     1424     1424     1424     1424     1424     1424     1424     1424     1424     1424 
  [ 120]     1176     1176     1176     1176     1176     1176     1176     1176     1176     1176     1176     1176     1176     1176     1176     1176     1176     1176     1176     1176     1176     1176     1176     1176     1176     1176     1176     1176     1176     1176     1176     1176 
  [ 121]     1296     1296     1296     1296     1296     1296     1296     1296     1296     1296     1296     1296     1296     1296     1296     1296     1296     1296     1296     1296     1296     1296     1296     1296     1296     1296     1296     1296     1296     1296     1296     1296 
  [ 122]     1288     1288     1288     1288     1288     1288     1288     1288     1288     1288     1288     1288     1288     1288     1288     1288     1288     1288     1288     1288     1288     1288     1288     1288     1288     1288     1288     1288     1288     1288     1288     1288 
  [ 123]     1424     1424     1424     1424     1424     1424     1424     1424     1424     1424     1424     1424     1424     1424     1424     1424     1424     1424     1424     1424     1424     1424     1424     1424     1424     1424     1424     1424     1424     1424     1424     1424 
  [ 124]     1176     1176     1176     1176     1176     1176     1176     1176     1176     1176     1176     1176     1176     1176     1176     1176     1176     1176     1176     1176     1176     1176     1176     1176     1176     1176     1176     1176     1176     1176     1176     1176 
  [ 125]     1296     1296     1296     1296     1296     1296     1296     1296     1296     1296     1296     1296     1296     1296     1296     1296     1296     1296     1296     1296     1296     1296     1296     1296     1296     1296     1296     1296     1296     1296     1296     1296 
  [ 126]     1288     1288     1288     1288     1288     1288     1288     1288     1288     1288     1288     1288     1288     1288     1288     1288     1288     1288     1288     1288     1288     1288     1288     1288     1288     1288     1288     1288     1288     1288     1288     1288 
  [ 127]     1424     1424     1424     1424     1424     1424     1424     1424     1424     1424     1424     1424     1424     1424     1424     1424     1424     1424     1424     1424     1424     1424     1424     1424     1424     1424     1424     1424     1424     1424     1424     1424 

======================================================================
All tc.st.mma.spa tests completed successfully!
======================================================================
