======================================================================
TensorComp tc.st.init ISA Test
======================================================================

Instruction: tc.st.init - Initialize acc_buffer with TReg data
Syntax: tc.st.init rs1, trs1, rs2

Modes:
  - size_left > 0: Horizontal broadcast (Left Data)
  - size_top > 0: Vertical broadcast (Top Data)

--- Loading data into TC registers using t.ld ---
Loading init data (0x40000000) into tr0
[TC] t.ld             PC=0x800004B8  Encoding=0x0009005B
[TC_DEBUG] t.ld: trd=0, imm10=0, rs1v=0x40000000
[TC_DEBUG]   CSR tmask_ld=0x000000FF, twidth_ld=1024
[TC_DEBUG]   base_addr = rs1v + imm10 * twidth_ld = 0x40000000 + 0 * 1024 = 0x40000000
[TC_DEBUG]   toffset_ld[0..7] = {0, 128, 256, 384, 512, 640, 768, 896}
[TC_DEBUG]   Load[0]: addr=0x40000000 -> tr0[0:127]
[TC_DEBUG]   Load[1]: addr=0x40000080 -> tr0[128:255]
[TC_DEBUG]   Load[2]: addr=0x40000100 -> tr0[256:383]
[TC_DEBUG]   Load[3]: addr=0x40000180 -> tr0[384:511]
[TC_DEBUG]   Load[4]: addr=0x40000200 -> tr0[512:639]
[TC_DEBUG]   Load[5]: addr=0x40000280 -> tr0[640:767]
[TC_DEBUG]   Load[6]: addr=0x40000300 -> tr0[768:895]
[TC_DEBUG]   Load[7]: addr=0x40000380 -> tr0[896:1023]
[TC_DEBUG]   tr0 = 
00 00 00 00 01 01 01 01 02 02 02 02 03 03 03 03 04 04 04 04 05 05 05 05 06 06 06 06 07 07 07 07 08 08 08 08 09 09 09 09 0A 0A 0A 0A 0B 0B 0B 0B 0C 0C 0C 0C 0D 0D 0D 0D 0E 0E 0E 0E 0F 0F 0F 0F 10 10 10 10 11 11 11 11 12 12 12 12 13 13 13 13 14 14 14 14 15 15 15 15 16 16 16 16 17 17 17 17 18 18 18 18 19 19 19 19 1A 1A 1A 1A 1B 1B 1B 1B 1C 1C 1C 1C 1D 1D 1D 1D 1E 1E 1E 1E 1F 1F 1F 1F 
20 20 20 20 21 21 21 21 22 22 22 22 23 23 23 23 24 24 24 24 25 25 25 25 26 26 26 26 27 27 27 27 28 28 28 28 29 29 29 29 2A 2A 2A 2A 2B 2B 2B 2B 2C 2C 2C 2C 2D 2D 2D 2D 2E 2E 2E 2E 2F 2F 2F 2F 30 30 30 30 31 31 31 31 32 32 32 32 33 33 33 33 34 34 34 34 35 35 35 35 36 36 36 36 37 37 37 37 38 38 38 38 39 39 39 39 3A 3A 3A 3A 3B 3B 3B 3B 3C 3C 3C 3C 3D 3D 3D 3D 3E 3E 3E 3E 3F 3F 3F 3F 
40 40 40 40 41 41 41 41 42 42 42 42 43 43 43 43 44 44 44 44 45 45 45 45 46 46 46 46 47 47 47 47 48 48 48 48 49 49 49 49 4A 4A 4A 4A 4B 4B 4B 4B 4C 4C 4C 4C 4D 4D 4D 4D 4E 4E 4E 4E 4F 4F 4F 4F 50 50 50 50 51 51 51 51 52 52 52 52 53 53 53 53 54 54 54 54 55 55 55 55 56 56 56 56 57 57 57 57 58 58 58 58 59 59 59 59 5A 5A 5A 5A 5B 5B 5B 5B 5C 5C 5C 5C 5D 5D 5D 5D 5E 5E 5E 5E 5F 5F 5F 5F 
60 60 60 60 61 61 61 61 62 62 62 62 63 63 63 63 64 64 64 64 65 65 65 65 66 66 66 66 67 67 67 67 68 68 68 68 69 69 69 69 6A 6A 6A 6A 6B 6B 6B 6B 6C 6C 6C 6C 6D 6D 6D 6D 6E 6E 6E 6E 6F 6F 6F 6F 70 70 70 70 71 71 71 71 72 72 72 72 73 73 73 73 74 74 74 74 75 75 75 75 76 76 76 76 77 77 77 77 78 78 78 78 79 79 79 79 7A 7A 7A 7A 7B 7B 7B 7B 7C 7C 7C 7C 7D 7D 7D 7D 7E 7E 7E 7E 7F 7F 7F 7F 
00 00 00 00 01 01 01 01 02 02 02 02 03 03 03 03 04 04 04 04 05 05 05 05 06 06 06 06 07 07 07 07 08 08 08 08 09 09 09 09 0A 0A 0A 0A 0B 0B 0B 0B 0C 0C 0C 0C 0D 0D 0D 0D 0E 0E 0E 0E 0F 0F 0F 0F 10 10 10 10 11 11 11 11 12 12 12 12 13 13 13 13 14 14 14 14 15 15 15 15 16 16 16 16 17 17 17 17 18 18 18 18 19 19 19 19 1A 1A 1A 1A 1B 1B 1B 1B 1C 1C 1C 1C 1D 1D 1D 1D 1E 1E 1E 1E 1F 1F 1F 1F 
20 20 20 20 21 21 21 21 22 22 22 22 23 23 23 23 24 24 24 24 25 25 25 25 26 26 26 26 27 27 27 27 28 28 28 28 29 29 29 29 2A 2A 2A 2A 2B 2B 2B 2B 2C 2C 2C 2C 2D 2D 2D 2D 2E 2E 2E 2E 2F 2F 2F 2F 30 30 30 30 31 31 31 31 32 32 32 32 33 33 33 33 34 34 34 34 35 35 35 35 36 36 36 36 37 37 37 37 38 38 38 38 39 39 39 39 3A 3A 3A 3A 3B 3B 3B 3B 3C 3C 3C 3C 3D 3D 3D 3D 3E 3E 3E 3E 3F 3F 3F 3F 
40 40 40 40 41 41 41 41 42 42 42 42 43 43 43 43 44 44 44 44 45 45 45 45 46 46 46 46 47 47 47 47 48 48 48 48 49 49 49 49 4A 4A 4A 4A 4B 4B 4B 4B 4C 4C 4C 4C 4D 4D 4D 4D 4E 4E 4E 4E 4F 4F 4F 4F 50 50 50 50 51 51 51 51 52 52 52 52 53 53 53 53 54 54 54 54 55 55 55 55 56 56 56 56 57 57 57 57 58 58 58 58 59 59 59 59 5A 5A 5A 5A 5B 5B 5B 5B 5C 5C 5C 5C 5D 5D 5D 5D 5E 5E 5E 5E 5F 5F 5F 5F 
60 60 60 60 61 61 61 61 62 62 62 62 63 63 63 63 64 64 64 64 65 65 65 65 66 66 66 66 67 67 67 67 68 68 68 68 69 69 69 69 6A 6A 6A 6A 6B 6B 6B 6B 6C 6C 6C 6C 6D 6D 6D 6D 6E 6E 6E 6E 6F 6F 6F 6F 70 70 70 70 71 71 71 71 72 72 72 72 73 73 73 73 74 74 74 74 75 75 75 75 76 76 76 76 77 77 77 77 78 78 78 78 79 79 79 79 7A 7A 7A 7A 7B 7B 7B 7B 7C 7C 7C 7C 7D 7D 7D 7D 7E 7E 7E 7E 7F 7F 7F 7F 
[TC_DEBUG]   Total bytes loaded: 1024
--- TC registers loaded ---


=== Test 1: tc.st.init 4x1 left (Left Data) ===
Mode: 4x1 (M2=4, N2=1)
rs2_config: 0x00000400
  startpoint_left=0, size_left=4 (horizontal broadcast)
acc_addr: 0x50000000
[TC] tc.st.init       PC=0x80000534  Encoding=0x0A0C3CDB
[TC_DEBUG] tc.st.init: trs1=0, rs1v=0x50000000, rs2v=0x00000400
[TC_DEBUG]   M2=4, M1=32, N2=1, N1=32
[TC_DEBUG]   startpoint_left=0, size_left=4
[TC_DEBUG]   startpoint_top=0, size_top=0
[TC_DEBUG]   LeftData (tr0, 128 int32 elements):
[TC_DEBUG]     [0000] 00000000 01010101 02020202 03030303 04040404 05050505 06060606 07070707 08080808 09090909 0A0A0A0A 0B0B0B0B 0C0C0C0C 0D0D0D0D 0E0E0E0E 0F0F0F0F 10101010 11111111 12121212 13131313 14141414 15151515 16161616 17171717 18181818 19191919 1A1A1A1A 1B1B1B1B 1C1C1C1C 1D1D1D1D 1E1E1E1E 1F1F1F1F 
[TC_DEBUG]     [0032] 20202020 21212121 22222222 23232323 24242424 25252525 26262626 27272727 28282828 29292929 2A2A2A2A 2B2B2B2B 2C2C2C2C 2D2D2D2D 2E2E2E2E 2F2F2F2F 30303030 31313131 32323232 33333333 34343434 35353535 36363636 37373737 38383838 39393939 3A3A3A3A 3B3B3B3B 3C3C3C3C 3D3D3D3D 3E3E3E3E 3F3F3F3F 
[TC_DEBUG]     [0064] 40404040 41414141 42424242 43434343 44444444 45454545 46464646 47474747 48484848 49494949 4A4A4A4A 4B4B4B4B 4C4C4C4C 4D4D4D4D 4E4E4E4E 4F4F4F4F 50505050 51515151 52525252 53535353 54545454 55555555 56565656 57575757 58585858 59595959 5A5A5A5A 5B5B5B5B 5C5C5C5C 5D5D5D5D 5E5E5E5E 5F5F5F5F 
[TC_DEBUG]     [0096] 60606060 61616161 62626262 63636363 64646464 65656565 66666666 67676767 68686868 69696969 6A6A6A6A 6B6B6B6B 6C6C6C6C 6D6D6D6D 6E6E6E6E 6F6F6F6F 70707070 71717171 72727272 73737373 74747474 75757575 76767676 77777777 78787878 79797979 7A7A7A7A 7B7B7B7B 7C7C7C7C 7D7D7D7D 7E7E7E7E 7F7F7F7F 
[TC_DEBUG]   AccBuffer (base=0x50000000, 4096 elements):
[TC_DEBUG]            [   0  ] [   1  ] [   2  ] [   3  ] [   4  ] [   5  ] [   6  ] [   7  ] [   8  ] [   9  ] [  10  ] [  11  ] [  12  ] [  13  ] [  14  ] [  15  ] [  16  ] [  17  ] [  18  ] [  19  ] [  20  ] [  21  ] [  22  ] [  23  ] [  24  ] [  25  ] [  26  ] [  27  ] [  28  ] [  29  ] [  30  ] [  31  ] 
[TC_DEBUG]     [   0] 00000000 00000000 00000000 00000000 00000000 00000000 00000000 00000000 00000000 00000000 00000000 00000000 00000000 00000000 00000000 00000000 00000000 00000000 00000000 00000000 00000000 00000000 00000000 00000000 00000000 00000000 00000000 00000000 00000000 00000000 00000000 00000000 
[TC_DEBUG]     [   1] 01010101 01010101 01010101 01010101 01010101 01010101 01010101 01010101 01010101 01010101 01010101 01010101 01010101 01010101 01010101 01010101 01010101 01010101 01010101 01010101 01010101 01010101 01010101 01010101 01010101 01010101 01010101 01010101 01010101 01010101 01010101 01010101 
[TC_DEBUG]     [   2] 02020202 02020202 02020202 02020202 02020202 02020202 02020202 02020202 02020202 02020202 02020202 02020202 02020202 02020202 02020202 02020202 02020202 02020202 02020202 02020202 02020202 02020202 02020202 02020202 02020202 02020202 02020202 02020202 02020202 02020202 02020202 02020202 
[TC_DEBUG]     [   3] 03030303 03030303 03030303 03030303 03030303 03030303 03030303 03030303 03030303 03030303 03030303 03030303 03030303 03030303 03030303 03030303 03030303 03030303 03030303 03030303 03030303 03030303 03030303 03030303 03030303 03030303 03030303 03030303 03030303 03030303 03030303 03030303 
[TC_DEBUG]     [   4] 04040404 04040404 04040404 04040404 04040404 04040404 04040404 04040404 04040404 04040404 04040404 04040404 04040404 04040404 04040404 04040404 04040404 04040404 04040404 04040404 04040404 04040404 04040404 04040404 04040404 04040404 04040404 04040404 04040404 04040404 04040404 04040404 
[TC_DEBUG]     [   5] 05050505 05050505 05050505 05050505 05050505 05050505 05050505 05050505 05050505 05050505 05050505 05050505 05050505 05050505 05050505 05050505 05050505 05050505 05050505 05050505 05050505 05050505 05050505 05050505 05050505 05050505 05050505 05050505 05050505 05050505 05050505 05050505 
[TC_DEBUG]     [   6] 06060606 06060606 06060606 06060606 06060606 06060606 06060606 06060606 06060606 06060606 06060606 06060606 06060606 06060606 06060606 06060606 06060606 06060606 06060606 06060606 06060606 06060606 06060606 06060606 06060606 06060606 06060606 06060606 06060606 06060606 06060606 06060606 
[TC_DEBUG]     [   7] 07070707 07070707 07070707 07070707 07070707 07070707 07070707 07070707 07070707 07070707 07070707 07070707 07070707 07070707 07070707 07070707 07070707 07070707 07070707 07070707 07070707 07070707 07070707 07070707 07070707 07070707 07070707 07070707 07070707 07070707 07070707 07070707 
[TC_DEBUG]     [   8] 08080808 08080808 08080808 08080808 08080808 08080808 08080808 08080808 08080808 08080808 08080808 08080808 08080808 08080808 08080808 08080808 08080808 08080808 08080808 08080808 08080808 08080808 08080808 08080808 08080808 08080808 08080808 08080808 08080808 08080808 08080808 08080808 
[TC_DEBUG]     [   9] 09090909 09090909 09090909 09090909 09090909 09090909 09090909 09090909 09090909 09090909 09090909 09090909 09090909 09090909 09090909 09090909 09090909 09090909 09090909 09090909 09090909 09090909 09090909 09090909 09090909 09090909 09090909 09090909 09090909 09090909 09090909 09090909 
[TC_DEBUG]     [  10] 0A0A0A0A 0A0A0A0A 0A0A0A0A 0A0A0A0A 0A0A0A0A 0A0A0A0A 0A0A0A0A 0A0A0A0A 0A0A0A0A 0A0A0A0A 0A0A0A0A 0A0A0A0A 0A0A0A0A 0A0A0A0A 0A0A0A0A 0A0A0A0A 0A0A0A0A 0A0A0A0A 0A0A0A0A 0A0A0A0A 0A0A0A0A 0A0A0A0A 0A0A0A0A 0A0A0A0A 0A0A0A0A 0A0A0A0A 0A0A0A0A 0A0A0A0A 0A0A0A0A 0A0A0A0A 0A0A0A0A 0A0A0A0A 
[TC_DEBUG]     [  11] 0B0B0B0B 0B0B0B0B 0B0B0B0B 0B0B0B0B 0B0B0B0B 0B0B0B0B 0B0B0B0B 0B0B0B0B 0B0B0B0B 0B0B0B0B 0B0B0B0B 0B0B0B0B 0B0B0B0B 0B0B0B0B 0B0B0B0B 0B0B0B0B 0B0B0B0B 0B0B0B0B 0B0B0B0B 0B0B0B0B 0B0B0B0B 0B0B0B0B 0B0B0B0B 0B0B0B0B 0B0B0B0B 0B0B0B0B 0B0B0B0B 0B0B0B0B 0B0B0B0B 0B0B0B0B 0B0B0B0B 0B0B0B0B 
[TC_DEBUG]     [  12] 0C0C0C0C 0C0C0C0C 0C0C0C0C 0C0C0C0C 0C0C0C0C 0C0C0C0C 0C0C0C0C 0C0C0C0C 0C0C0C0C 0C0C0C0C 0C0C0C0C 0C0C0C0C 0C0C0C0C 0C0C0C0C 0C0C0C0C 0C0C0C0C 0C0C0C0C 0C0C0C0C 0C0C0C0C 0C0C0C0C 0C0C0C0C 0C0C0C0C 0C0C0C0C 0C0C0C0C 0C0C0C0C 0C0C0C0C 0C0C0C0C 0C0C0C0C 0C0C0C0C 0C0C0C0C 0C0C0C0C 0C0C0C0C 
[TC_DEBUG]     [  13] 0D0D0D0D 0D0D0D0D 0D0D0D0D 0D0D0D0D 0D0D0D0D 0D0D0D0D 0D0D0D0D 0D0D0D0D 0D0D0D0D 0D0D0D0D 0D0D0D0D 0D0D0D0D 0D0D0D0D 0D0D0D0D 0D0D0D0D 0D0D0D0D 0D0D0D0D 0D0D0D0D 0D0D0D0D 0D0D0D0D 0D0D0D0D 0D0D0D0D 0D0D0D0D 0D0D0D0D 0D0D0D0D 0D0D0D0D 0D0D0D0D 0D0D0D0D 0D0D0D0D 0D0D0D0D 0D0D0D0D 0D0D0D0D 
[TC_DEBUG]     [  14] 0E0E0E0E 0E0E0E0E 0E0E0E0E 0E0E0E0E 0E0E0E0E 0E0E0E0E 0E0E0E0E 0E0E0E0E 0E0E0E0E 0E0E0E0E 0E0E0E0E 0E0E0E0E 0E0E0E0E 0E0E0E0E 0E0E0E0E 0E0E0E0E 0E0E0E0E 0E0E0E0E 0E0E0E0E 0E0E0E0E 0E0E0E0E 0E0E0E0E 0E0E0E0E 0E0E0E0E 0E0E0E0E 0E0E0E0E 0E0E0E0E 0E0E0E0E 0E0E0E0E 0E0E0E0E 0E0E0E0E 0E0E0E0E 
[TC_DEBUG]     [  15] 0F0F0F0F 0F0F0F0F 0F0F0F0F 0F0F0F0F 0F0F0F0F 0F0F0F0F 0F0F0F0F 0F0F0F0F 0F0F0F0F 0F0F0F0F 0F0F0F0F 0F0F0F0F 0F0F0F0F 0F0F0F0F 0F0F0F0F 0F0F0F0F 0F0F0F0F 0F0F0F0F 0F0F0F0F 0F0F0F0F 0F0F0F0F 0F0F0F0F 0F0F0F0F 0F0F0F0F 0F0F0F0F 0F0F0F0F 0F0F0F0F 0F0F0F0F 0F0F0F0F 0F0F0F0F 0F0F0F0F 0F0F0F0F 
[TC_DEBUG]     [  16] 10101010 10101010 10101010 10101010 10101010 10101010 10101010 10101010 10101010 10101010 10101010 10101010 10101010 10101010 10101010 10101010 10101010 10101010 10101010 10101010 10101010 10101010 10101010 10101010 10101010 10101010 10101010 10101010 10101010 10101010 10101010 10101010 
[TC_DEBUG]     [  17] 11111111 11111111 11111111 11111111 11111111 11111111 11111111 11111111 11111111 11111111 11111111 11111111 11111111 11111111 11111111 11111111 11111111 11111111 11111111 11111111 11111111 11111111 11111111 11111111 11111111 11111111 11111111 11111111 11111111 11111111 11111111 11111111 
[TC_DEBUG]     [  18] 12121212 12121212 12121212 12121212 12121212 12121212 12121212 12121212 12121212 12121212 12121212 12121212 12121212 12121212 12121212 12121212 12121212 12121212 12121212 12121212 12121212 12121212 12121212 12121212 12121212 12121212 12121212 12121212 12121212 12121212 12121212 12121212 
[TC_DEBUG]     [  19] 13131313 13131313 13131313 13131313 13131313 13131313 13131313 13131313 13131313 13131313 13131313 13131313 13131313 13131313 13131313 13131313 13131313 13131313 13131313 13131313 13131313 13131313 13131313 13131313 13131313 13131313 13131313 13131313 13131313 13131313 13131313 13131313 
[TC_DEBUG]     [  20] 14141414 14141414 14141414 14141414 14141414 14141414 14141414 14141414 14141414 14141414 14141414 14141414 14141414 14141414 14141414 14141414 14141414 14141414 14141414 14141414 14141414 14141414 14141414 14141414 14141414 14141414 14141414 14141414 14141414 14141414 14141414 14141414 
[TC_DEBUG]     [  21] 15151515 15151515 15151515 15151515 15151515 15151515 15151515 15151515 15151515 15151515 15151515 15151515 15151515 15151515 15151515 15151515 15151515 15151515 15151515 15151515 15151515 15151515 15151515 15151515 15151515 15151515 15151515 15151515 15151515 15151515 15151515 15151515 
[TC_DEBUG]     [  22] 16161616 16161616 16161616 16161616 16161616 16161616 16161616 16161616 16161616 16161616 16161616 16161616 16161616 16161616 16161616 16161616 16161616 16161616 16161616 16161616 16161616 16161616 16161616 16161616 16161616 16161616 16161616 16161616 16161616 16161616 16161616 16161616 
[TC_DEBUG]     [  23] 17171717 17171717 17171717 17171717 17171717 17171717 17171717 17171717 17171717 17171717 17171717 17171717 17171717 17171717 17171717 17171717 17171717 17171717 17171717 17171717 17171717 17171717 17171717 17171717 17171717 17171717 17171717 17171717 17171717 17171717 17171717 17171717 
[TC_DEBUG]     [  24] 18181818 18181818 18181818 18181818 18181818 18181818 18181818 18181818 18181818 18181818 18181818 18181818 18181818 18181818 18181818 18181818 18181818 18181818 18181818 18181818 18181818 18181818 18181818 18181818 18181818 18181818 18181818 18181818 18181818 18181818 18181818 18181818 
[TC_DEBUG]     [  25] 19191919 19191919 19191919 19191919 19191919 19191919 19191919 19191919 19191919 19191919 19191919 19191919 19191919 19191919 19191919 19191919 19191919 19191919 19191919 19191919 19191919 19191919 19191919 19191919 19191919 19191919 19191919 19191919 19191919 19191919 19191919 19191919 
[TC_DEBUG]     [  26] 1A1A1A1A 1A1A1A1A 1A1A1A1A 1A1A1A1A 1A1A1A1A 1A1A1A1A 1A1A1A1A 1A1A1A1A 1A1A1A1A 1A1A1A1A 1A1A1A1A 1A1A1A1A 1A1A1A1A 1A1A1A1A 1A1A1A1A 1A1A1A1A 1A1A1A1A 1A1A1A1A 1A1A1A1A 1A1A1A1A 1A1A1A1A 1A1A1A1A 1A1A1A1A 1A1A1A1A 1A1A1A1A 1A1A1A1A 1A1A1A1A 1A1A1A1A 1A1A1A1A 1A1A1A1A 1A1A1A1A 1A1A1A1A 
[TC_DEBUG]     [  27] 1B1B1B1B 1B1B1B1B 1B1B1B1B 1B1B1B1B 1B1B1B1B 1B1B1B1B 1B1B1B1B 1B1B1B1B 1B1B1B1B 1B1B1B1B 1B1B1B1B 1B1B1B1B 1B1B1B1B 1B1B1B1B 1B1B1B1B 1B1B1B1B 1B1B1B1B 1B1B1B1B 1B1B1B1B 1B1B1B1B 1B1B1B1B 1B1B1B1B 1B1B1B1B 1B1B1B1B 1B1B1B1B 1B1B1B1B 1B1B1B1B 1B1B1B1B 1B1B1B1B 1B1B1B1B 1B1B1B1B 1B1B1B1B 
[TC_DEBUG]     [  28] 1C1C1C1C 1C1C1C1C 1C1C1C1C 1C1C1C1C 1C1C1C1C 1C1C1C1C 1C1C1C1C 1C1C1C1C 1C1C1C1C 1C1C1C1C 1C1C1C1C 1C1C1C1C 1C1C1C1C 1C1C1C1C 1C1C1C1C 1C1C1C1C 1C1C1C1C 1C1C1C1C 1C1C1C1C 1C1C1C1C 1C1C1C1C 1C1C1C1C 1C1C1C1C 1C1C1C1C 1C1C1C1C 1C1C1C1C 1C1C1C1C 1C1C1C1C 1C1C1C1C 1C1C1C1C 1C1C1C1C 1C1C1C1C 
[TC_DEBUG]     [  29] 1D1D1D1D 1D1D1D1D 1D1D1D1D 1D1D1D1D 1D1D1D1D 1D1D1D1D 1D1D1D1D 1D1D1D1D 1D1D1D1D 1D1D1D1D 1D1D1D1D 1D1D1D1D 1D1D1D1D 1D1D1D1D 1D1D1D1D 1D1D1D1D 1D1D1D1D 1D1D1D1D 1D1D1D1D 1D1D1D1D 1D1D1D1D 1D1D1D1D 1D1D1D1D 1D1D1D1D 1D1D1D1D 1D1D1D1D 1D1D1D1D 1D1D1D1D 1D1D1D1D 1D1D1D1D 1D1D1D1D 1D1D1D1D 
[TC_DEBUG]     [  30] 1E1E1E1E 1E1E1E1E 1E1E1E1E 1E1E1E1E 1E1E1E1E 1E1E1E1E 1E1E1E1E 1E1E1E1E 1E1E1E1E 1E1E1E1E 1E1E1E1E 1E1E1E1E 1E1E1E1E 1E1E1E1E 1E1E1E1E 1E1E1E1E 1E1E1E1E 1E1E1E1E 1E1E1E1E 1E1E1E1E 1E1E1E1E 1E1E1E1E 1E1E1E1E 1E1E1E1E 1E1E1E1E 1E1E1E1E 1E1E1E1E 1E1E1E1E 1E1E1E1E 1E1E1E1E 1E1E1E1E 1E1E1E1E 
[TC_DEBUG]     [  31] 1F1F1F1F 1F1F1F1F 1F1F1F1F 1F1F1F1F 1F1F1F1F 1F1F1F1F 1F1F1F1F 1F1F1F1F 1F1F1F1F 1F1F1F1F 1F1F1F1F 1F1F1F1F 1F1F1F1F 1F1F1F1F 1F1F1F1F 1F1F1F1F 1F1F1F1F 1F1F1F1F 1F1F1F1F 1F1F1F1F 1F1F1F1F 1F1F1F1F 1F1F1F1F 1F1F1F1F 1F1F1F1F 1F1F1F1F 1F1F1F1F 1F1F1F1F 1F1F1F1F 1F1F1F1F 1F1F1F1F 1F1F1F1F 
[TC_DEBUG]     [  32] 20202020 20202020 20202020 20202020 20202020 20202020 20202020 20202020 20202020 20202020 20202020 20202020 20202020 20202020 20202020 20202020 20202020 20202020 20202020 20202020 20202020 20202020 20202020 20202020 20202020 20202020 20202020 20202020 20202020 20202020 20202020 20202020 
[TC_DEBUG]     [  33] 21212121 21212121 21212121 21212121 21212121 21212121 21212121 21212121 21212121 21212121 21212121 21212121 21212121 21212121 21212121 21212121 21212121 21212121 21212121 21212121 21212121 21212121 21212121 21212121 21212121 21212121 21212121 21212121 21212121 21212121 21212121 21212121 
[TC_DEBUG]     [  34] 22222222 22222222 22222222 22222222 22222222 22222222 22222222 22222222 22222222 22222222 22222222 22222222 22222222 22222222 22222222 22222222 22222222 22222222 22222222 22222222 22222222 22222222 22222222 22222222 22222222 22222222 22222222 22222222 22222222 22222222 22222222 22222222 
[TC_DEBUG]     [  35] 23232323 23232323 23232323 23232323 23232323 23232323 23232323 23232323 23232323 23232323 23232323 23232323 23232323 23232323 23232323 23232323 23232323 23232323 23232323 23232323 23232323 23232323 23232323 23232323 23232323 23232323 23232323 23232323 23232323 23232323 23232323 23232323 
[TC_DEBUG]     [  36] 24242424 24242424 24242424 24242424 24242424 24242424 24242424 24242424 24242424 24242424 24242424 24242424 24242424 24242424 24242424 24242424 24242424 24242424 24242424 24242424 24242424 24242424 24242424 24242424 24242424 24242424 24242424 24242424 24242424 24242424 24242424 24242424 
[TC_DEBUG]     [  37] 25252525 25252525 25252525 25252525 25252525 25252525 25252525 25252525 25252525 25252525 25252525 25252525 25252525 25252525 25252525 25252525 25252525 25252525 25252525 25252525 25252525 25252525 25252525 25252525 25252525 25252525 25252525 25252525 25252525 25252525 25252525 25252525 
[TC_DEBUG]     [  38] 26262626 26262626 26262626 26262626 26262626 26262626 26262626 26262626 26262626 26262626 26262626 26262626 26262626 26262626 26262626 26262626 26262626 26262626 26262626 26262626 26262626 26262626 26262626 26262626 26262626 26262626 26262626 26262626 26262626 26262626 26262626 26262626 
[TC_DEBUG]     [  39] 27272727 27272727 27272727 27272727 27272727 27272727 27272727 27272727 27272727 27272727 27272727 27272727 27272727 27272727 27272727 27272727 27272727 27272727 27272727 27272727 27272727 27272727 27272727 27272727 27272727 27272727 27272727 27272727 27272727 27272727 27272727 27272727 
[TC_DEBUG]     [  40] 28282828 28282828 28282828 28282828 28282828 28282828 28282828 28282828 28282828 28282828 28282828 28282828 28282828 28282828 28282828 28282828 28282828 28282828 28282828 28282828 28282828 28282828 28282828 28282828 28282828 28282828 28282828 28282828 28282828 28282828 28282828 28282828 
[TC_DEBUG]     [  41] 29292929 29292929 29292929 29292929 29292929 29292929 29292929 29292929 29292929 29292929 29292929 29292929 29292929 29292929 29292929 29292929 29292929 29292929 29292929 29292929 29292929 29292929 29292929 29292929 29292929 29292929 29292929 29292929 29292929 29292929 29292929 29292929 
[TC_DEBUG]     [  42] 2A2A2A2A 2A2A2A2A 2A2A2A2A 2A2A2A2A 2A2A2A2A 2A2A2A2A 2A2A2A2A 2A2A2A2A 2A2A2A2A 2A2A2A2A 2A2A2A2A 2A2A2A2A 2A2A2A2A 2A2A2A2A 2A2A2A2A 2A2A2A2A 2A2A2A2A 2A2A2A2A 2A2A2A2A 2A2A2A2A 2A2A2A2A 2A2A2A2A 2A2A2A2A 2A2A2A2A 2A2A2A2A 2A2A2A2A 2A2A2A2A 2A2A2A2A 2A2A2A2A 2A2A2A2A 2A2A2A2A 2A2A2A2A 
[TC_DEBUG]     [  43] 2B2B2B2B 2B2B2B2B 2B2B2B2B 2B2B2B2B 2B2B2B2B 2B2B2B2B 2B2B2B2B 2B2B2B2B 2B2B2B2B 2B2B2B2B 2B2B2B2B 2B2B2B2B 2B2B2B2B 2B2B2B2B 2B2B2B2B 2B2B2B2B 2B2B2B2B 2B2B2B2B 2B2B2B2B 2B2B2B2B 2B2B2B2B 2B2B2B2B 2B2B2B2B 2B2B2B2B 2B2B2B2B 2B2B2B2B 2B2B2B2B 2B2B2B2B 2B2B2B2B 2B2B2B2B 2B2B2B2B 2B2B2B2B 
[TC_DEBUG]     [  44] 2C2C2C2C 2C2C2C2C 2C2C2C2C 2C2C2C2C 2C2C2C2C 2C2C2C2C 2C2C2C2C 2C2C2C2C 2C2C2C2C 2C2C2C2C 2C2C2C2C 2C2C2C2C 2C2C2C2C 2C2C2C2C 2C2C2C2C 2C2C2C2C 2C2C2C2C 2C2C2C2C 2C2C2C2C 2C2C2C2C 2C2C2C2C 2C2C2C2C 2C2C2C2C 2C2C2C2C 2C2C2C2C 2C2C2C2C 2C2C2C2C 2C2C2C2C 2C2C2C2C 2C2C2C2C 2C2C2C2C 2C2C2C2C 
[TC_DEBUG]     [  45] 2D2D2D2D 2D2D2D2D 2D2D2D2D 2D2D2D2D 2D2D2D2D 2D2D2D2D 2D2D2D2D 2D2D2D2D 2D2D2D2D 2D2D2D2D 2D2D2D2D 2D2D2D2D 2D2D2D2D 2D2D2D2D 2D2D2D2D 2D2D2D2D 2D2D2D2D 2D2D2D2D 2D2D2D2D 2D2D2D2D 2D2D2D2D 2D2D2D2D 2D2D2D2D 2D2D2D2D 2D2D2D2D 2D2D2D2D 2D2D2D2D 2D2D2D2D 2D2D2D2D 2D2D2D2D 2D2D2D2D 2D2D2D2D 
[TC_DEBUG]     [  46] 2E2E2E2E 2E2E2E2E 2E2E2E2E 2E2E2E2E 2E2E2E2E 2E2E2E2E 2E2E2E2E 2E2E2E2E 2E2E2E2E 2E2E2E2E 2E2E2E2E 2E2E2E2E 2E2E2E2E 2E2E2E2E 2E2E2E2E 2E2E2E2E 2E2E2E2E 2E2E2E2E 2E2E2E2E 2E2E2E2E 2E2E2E2E 2E2E2E2E 2E2E2E2E 2E2E2E2E 2E2E2E2E 2E2E2E2E 2E2E2E2E 2E2E2E2E 2E2E2E2E 2E2E2E2E 2E2E2E2E 2E2E2E2E 
[TC_DEBUG]     [  47] 2F2F2F2F 2F2F2F2F 2F2F2F2F 2F2F2F2F 2F2F2F2F 2F2F2F2F 2F2F2F2F 2F2F2F2F 2F2F2F2F 2F2F2F2F 2F2F2F2F 2F2F2F2F 2F2F2F2F 2F2F2F2F 2F2F2F2F 2F2F2F2F 2F2F2F2F 2F2F2F2F 2F2F2F2F 2F2F2F2F 2F2F2F2F 2F2F2F2F 2F2F2F2F 2F2F2F2F 2F2F2F2F 2F2F2F2F 2F2F2F2F 2F2F2F2F 2F2F2F2F 2F2F2F2F 2F2F2F2F 2F2F2F2F 
[TC_DEBUG]     [  48] 30303030 30303030 30303030 30303030 30303030 30303030 30303030 30303030 30303030 30303030 30303030 30303030 30303030 30303030 30303030 30303030 30303030 30303030 30303030 30303030 30303030 30303030 30303030 30303030 30303030 30303030 30303030 30303030 30303030 30303030 30303030 30303030 
[TC_DEBUG]     [  49] 31313131 31313131 31313131 31313131 31313131 31313131 31313131 31313131 31313131 31313131 31313131 31313131 31313131 31313131 31313131 31313131 31313131 31313131 31313131 31313131 31313131 31313131 31313131 31313131 31313131 31313131 31313131 31313131 31313131 31313131 31313131 31313131 
[TC_DEBUG]     [  50] 32323232 32323232 32323232 32323232 32323232 32323232 32323232 32323232 32323232 32323232 32323232 32323232 32323232 32323232 32323232 32323232 32323232 32323232 32323232 32323232 32323232 32323232 32323232 32323232 32323232 32323232 32323232 32323232 32323232 32323232 32323232 32323232 
[TC_DEBUG]     [  51] 33333333 33333333 33333333 33333333 33333333 33333333 33333333 33333333 33333333 33333333 33333333 33333333 33333333 33333333 33333333 33333333 33333333 33333333 33333333 33333333 33333333 33333333 33333333 33333333 33333333 33333333 33333333 33333333 33333333 33333333 33333333 33333333 
[TC_DEBUG]     [  52] 34343434 34343434 34343434 34343434 34343434 34343434 34343434 34343434 34343434 34343434 34343434 34343434 34343434 34343434 34343434 34343434 34343434 34343434 34343434 34343434 34343434 34343434 34343434 34343434 34343434 34343434 34343434 34343434 34343434 34343434 34343434 34343434 
[TC_DEBUG]     [  53] 35353535 35353535 35353535 35353535 35353535 35353535 35353535 35353535 35353535 35353535 35353535 35353535 35353535 35353535 35353535 35353535 35353535 35353535 35353535 35353535 35353535 35353535 35353535 35353535 35353535 35353535 35353535 35353535 35353535 35353535 35353535 35353535 
[TC_DEBUG]     [  54] 36363636 36363636 36363636 36363636 36363636 36363636 36363636 36363636 36363636 36363636 36363636 36363636 36363636 36363636 36363636 36363636 36363636 36363636 36363636 36363636 36363636 36363636 36363636 36363636 36363636 36363636 36363636 36363636 36363636 36363636 36363636 36363636 
[TC_DEBUG]     [  55] 37373737 37373737 37373737 37373737 37373737 37373737 37373737 37373737 37373737 37373737 37373737 37373737 37373737 37373737 37373737 37373737 37373737 37373737 37373737 37373737 37373737 37373737 37373737 37373737 37373737 37373737 37373737 37373737 37373737 37373737 37373737 37373737 
[TC_DEBUG]     [  56] 38383838 38383838 38383838 38383838 38383838 38383838 38383838 38383838 38383838 38383838 38383838 38383838 38383838 38383838 38383838 38383838 38383838 38383838 38383838 38383838 38383838 38383838 38383838 38383838 38383838 38383838 38383838 38383838 38383838 38383838 38383838 38383838 
[TC_DEBUG]     [  57] 39393939 39393939 39393939 39393939 39393939 39393939 39393939 39393939 39393939 39393939 39393939 39393939 39393939 39393939 39393939 39393939 39393939 39393939 39393939 39393939 39393939 39393939 39393939 39393939 39393939 39393939 39393939 39393939 39393939 39393939 39393939 39393939 
[TC_DEBUG]     [  58] 3A3A3A3A 3A3A3A3A 3A3A3A3A 3A3A3A3A 3A3A3A3A 3A3A3A3A 3A3A3A3A 3A3A3A3A 3A3A3A3A 3A3A3A3A 3A3A3A3A 3A3A3A3A 3A3A3A3A 3A3A3A3A 3A3A3A3A 3A3A3A3A 3A3A3A3A 3A3A3A3A 3A3A3A3A 3A3A3A3A 3A3A3A3A 3A3A3A3A 3A3A3A3A 3A3A3A3A 3A3A3A3A 3A3A3A3A 3A3A3A3A 3A3A3A3A 3A3A3A3A 3A3A3A3A 3A3A3A3A 3A3A3A3A 
[TC_DEBUG]     [  59] 3B3B3B3B 3B3B3B3B 3B3B3B3B 3B3B3B3B 3B3B3B3B 3B3B3B3B 3B3B3B3B 3B3B3B3B 3B3B3B3B 3B3B3B3B 3B3B3B3B 3B3B3B3B 3B3B3B3B 3B3B3B3B 3B3B3B3B 3B3B3B3B 3B3B3B3B 3B3B3B3B 3B3B3B3B 3B3B3B3B 3B3B3B3B 3B3B3B3B 3B3B3B3B 3B3B3B3B 3B3B3B3B 3B3B3B3B 3B3B3B3B 3B3B3B3B 3B3B3B3B 3B3B3B3B 3B3B3B3B 3B3B3B3B 
[TC_DEBUG]     [  60] 3C3C3C3C 3C3C3C3C 3C3C3C3C 3C3C3C3C 3C3C3C3C 3C3C3C3C 3C3C3C3C 3C3C3C3C 3C3C3C3C 3C3C3C3C 3C3C3C3C 3C3C3C3C 3C3C3C3C 3C3C3C3C 3C3C3C3C 3C3C3C3C 3C3C3C3C 3C3C3C3C 3C3C3C3C 3C3C3C3C 3C3C3C3C 3C3C3C3C 3C3C3C3C 3C3C3C3C 3C3C3C3C 3C3C3C3C 3C3C3C3C 3C3C3C3C 3C3C3C3C 3C3C3C3C 3C3C3C3C 3C3C3C3C 
[TC_DEBUG]     [  61] 3D3D3D3D 3D3D3D3D 3D3D3D3D 3D3D3D3D 3D3D3D3D 3D3D3D3D 3D3D3D3D 3D3D3D3D 3D3D3D3D 3D3D3D3D 3D3D3D3D 3D3D3D3D 3D3D3D3D 3D3D3D3D 3D3D3D3D 3D3D3D3D 3D3D3D3D 3D3D3D3D 3D3D3D3D 3D3D3D3D 3D3D3D3D 3D3D3D3D 3D3D3D3D 3D3D3D3D 3D3D3D3D 3D3D3D3D 3D3D3D3D 3D3D3D3D 3D3D3D3D 3D3D3D3D 3D3D3D3D 3D3D3D3D 
[TC_DEBUG]     [  62] 3E3E3E3E 3E3E3E3E 3E3E3E3E 3E3E3E3E 3E3E3E3E 3E3E3E3E 3E3E3E3E 3E3E3E3E 3E3E3E3E 3E3E3E3E 3E3E3E3E 3E3E3E3E 3E3E3E3E 3E3E3E3E 3E3E3E3E 3E3E3E3E 3E3E3E3E 3E3E3E3E 3E3E3E3E 3E3E3E3E 3E3E3E3E 3E3E3E3E 3E3E3E3E 3E3E3E3E 3E3E3E3E 3E3E3E3E 3E3E3E3E 3E3E3E3E 3E3E3E3E 3E3E3E3E 3E3E3E3E 3E3E3E3E 
[TC_DEBUG]     [  63] 3F3F3F3F 3F3F3F3F 3F3F3F3F 3F3F3F3F 3F3F3F3F 3F3F3F3F 3F3F3F3F 3F3F3F3F 3F3F3F3F 3F3F3F3F 3F3F3F3F 3F3F3F3F 3F3F3F3F 3F3F3F3F 3F3F3F3F 3F3F3F3F 3F3F3F3F 3F3F3F3F 3F3F3F3F 3F3F3F3F 3F3F3F3F 3F3F3F3F 3F3F3F3F 3F3F3F3F 3F3F3F3F 3F3F3F3F 3F3F3F3F 3F3F3F3F 3F3F3F3F 3F3F3F3F 3F3F3F3F 3F3F3F3F 
[TC_DEBUG]     [  64] 40404040 40404040 40404040 40404040 40404040 40404040 40404040 40404040 40404040 40404040 40404040 40404040 40404040 40404040 40404040 40404040 40404040 40404040 40404040 40404040 40404040 40404040 40404040 40404040 40404040 40404040 40404040 40404040 40404040 40404040 40404040 40404040 
[TC_DEBUG]     [  65] 41414141 41414141 41414141 41414141 41414141 41414141 41414141 41414141 41414141 41414141 41414141 41414141 41414141 41414141 41414141 41414141 41414141 41414141 41414141 41414141 41414141 41414141 41414141 41414141 41414141 41414141 41414141 41414141 41414141 41414141 41414141 41414141 
[TC_DEBUG]     [  66] 42424242 42424242 42424242 42424242 42424242 42424242 42424242 42424242 42424242 42424242 42424242 42424242 42424242 42424242 42424242 42424242 42424242 42424242 42424242 42424242 42424242 42424242 42424242 42424242 42424242 42424242 42424242 42424242 42424242 42424242 42424242 42424242 
[TC_DEBUG]     [  67] 43434343 43434343 43434343 43434343 43434343 43434343 43434343 43434343 43434343 43434343 43434343 43434343 43434343 43434343 43434343 43434343 43434343 43434343 43434343 43434343 43434343 43434343 43434343 43434343 43434343 43434343 43434343 43434343 43434343 43434343 43434343 43434343 
[TC_DEBUG]     [  68] 44444444 44444444 44444444 44444444 44444444 44444444 44444444 44444444 44444444 44444444 44444444 44444444 44444444 44444444 44444444 44444444 44444444 44444444 44444444 44444444 44444444 44444444 44444444 44444444 44444444 44444444 44444444 44444444 44444444 44444444 44444444 44444444 
[TC_DEBUG]     [  69] 45454545 45454545 45454545 45454545 45454545 45454545 45454545 45454545 45454545 45454545 45454545 45454545 45454545 45454545 45454545 45454545 45454545 45454545 45454545 45454545 45454545 45454545 45454545 45454545 45454545 45454545 45454545 45454545 45454545 45454545 45454545 45454545 
[TC_DEBUG]     [  70] 46464646 46464646 46464646 46464646 46464646 46464646 46464646 46464646 46464646 46464646 46464646 46464646 46464646 46464646 46464646 46464646 46464646 46464646 46464646 46464646 46464646 46464646 46464646 46464646 46464646 46464646 46464646 46464646 46464646 46464646 46464646 46464646 
[TC_DEBUG]     [  71] 47474747 47474747 47474747 47474747 47474747 47474747 47474747 47474747 47474747 47474747 47474747 47474747 47474747 47474747 47474747 47474747 47474747 47474747 47474747 47474747 47474747 47474747 47474747 47474747 47474747 47474747 47474747 47474747 47474747 47474747 47474747 47474747 
[TC_DEBUG]     [  72] 48484848 48484848 48484848 48484848 48484848 48484848 48484848 48484848 48484848 48484848 48484848 48484848 48484848 48484848 48484848 48484848 48484848 48484848 48484848 48484848 48484848 48484848 48484848 48484848 48484848 48484848 48484848 48484848 48484848 48484848 48484848 48484848 
[TC_DEBUG]     [  73] 49494949 49494949 49494949 49494949 49494949 49494949 49494949 49494949 49494949 49494949 49494949 49494949 49494949 49494949 49494949 49494949 49494949 49494949 49494949 49494949 49494949 49494949 49494949 49494949 49494949 49494949 49494949 49494949 49494949 49494949 49494949 49494949 
[TC_DEBUG]     [  74] 4A4A4A4A 4A4A4A4A 4A4A4A4A 4A4A4A4A 4A4A4A4A 4A4A4A4A 4A4A4A4A 4A4A4A4A 4A4A4A4A 4A4A4A4A 4A4A4A4A 4A4A4A4A 4A4A4A4A 4A4A4A4A 4A4A4A4A 4A4A4A4A 4A4A4A4A 4A4A4A4A 4A4A4A4A 4A4A4A4A 4A4A4A4A 4A4A4A4A 4A4A4A4A 4A4A4A4A 4A4A4A4A 4A4A4A4A 4A4A4A4A 4A4A4A4A 4A4A4A4A 4A4A4A4A 4A4A4A4A 4A4A4A4A 
[TC_DEBUG]     [  75] 4B4B4B4B 4B4B4B4B 4B4B4B4B 4B4B4B4B 4B4B4B4B 4B4B4B4B 4B4B4B4B 4B4B4B4B 4B4B4B4B 4B4B4B4B 4B4B4B4B 4B4B4B4B 4B4B4B4B 4B4B4B4B 4B4B4B4B 4B4B4B4B 4B4B4B4B 4B4B4B4B 4B4B4B4B 4B4B4B4B 4B4B4B4B 4B4B4B4B 4B4B4B4B 4B4B4B4B 4B4B4B4B 4B4B4B4B 4B4B4B4B 4B4B4B4B 4B4B4B4B 4B4B4B4B 4B4B4B4B 4B4B4B4B 
[TC_DEBUG]     [  76] 4C4C4C4C 4C4C4C4C 4C4C4C4C 4C4C4C4C 4C4C4C4C 4C4C4C4C 4C4C4C4C 4C4C4C4C 4C4C4C4C 4C4C4C4C 4C4C4C4C 4C4C4C4C 4C4C4C4C 4C4C4C4C 4C4C4C4C 4C4C4C4C 4C4C4C4C 4C4C4C4C 4C4C4C4C 4C4C4C4C 4C4C4C4C 4C4C4C4C 4C4C4C4C 4C4C4C4C 4C4C4C4C 4C4C4C4C 4C4C4C4C 4C4C4C4C 4C4C4C4C 4C4C4C4C 4C4C4C4C 4C4C4C4C 
[TC_DEBUG]     [  77] 4D4D4D4D 4D4D4D4D 4D4D4D4D 4D4D4D4D 4D4D4D4D 4D4D4D4D 4D4D4D4D 4D4D4D4D 4D4D4D4D 4D4D4D4D 4D4D4D4D 4D4D4D4D 4D4D4D4D 4D4D4D4D 4D4D4D4D 4D4D4D4D 4D4D4D4D 4D4D4D4D 4D4D4D4D 4D4D4D4D 4D4D4D4D 4D4D4D4D 4D4D4D4D 4D4D4D4D 4D4D4D4D 4D4D4D4D 4D4D4D4D 4D4D4D4D 4D4D4D4D 4D4D4D4D 4D4D4D4D 4D4D4D4D 
[TC_DEBUG]     [  78] 4E4E4E4E 4E4E4E4E 4E4E4E4E 4E4E4E4E 4E4E4E4E 4E4E4E4E 4E4E4E4E 4E4E4E4E 4E4E4E4E 4E4E4E4E 4E4E4E4E 4E4E4E4E 4E4E4E4E 4E4E4E4E 4E4E4E4E 4E4E4E4E 4E4E4E4E 4E4E4E4E 4E4E4E4E 4E4E4E4E 4E4E4E4E 4E4E4E4E 4E4E4E4E 4E4E4E4E 4E4E4E4E 4E4E4E4E 4E4E4E4E 4E4E4E4E 4E4E4E4E 4E4E4E4E 4E4E4E4E 4E4E4E4E 
[TC_DEBUG]     [  79] 4F4F4F4F 4F4F4F4F 4F4F4F4F 4F4F4F4F 4F4F4F4F 4F4F4F4F 4F4F4F4F 4F4F4F4F 4F4F4F4F 4F4F4F4F 4F4F4F4F 4F4F4F4F 4F4F4F4F 4F4F4F4F 4F4F4F4F 4F4F4F4F 4F4F4F4F 4F4F4F4F 4F4F4F4F 4F4F4F4F 4F4F4F4F 4F4F4F4F 4F4F4F4F 4F4F4F4F 4F4F4F4F 4F4F4F4F 4F4F4F4F 4F4F4F4F 4F4F4F4F 4F4F4F4F 4F4F4F4F 4F4F4F4F 
[TC_DEBUG]     [  80] 50505050 50505050 50505050 50505050 50505050 50505050 50505050 50505050 50505050 50505050 50505050 50505050 50505050 50505050 50505050 50505050 50505050 50505050 50505050 50505050 50505050 50505050 50505050 50505050 50505050 50505050 50505050 50505050 50505050 50505050 50505050 50505050 
[TC_DEBUG]     [  81] 51515151 51515151 51515151 51515151 51515151 51515151 51515151 51515151 51515151 51515151 51515151 51515151 51515151 51515151 51515151 51515151 51515151 51515151 51515151 51515151 51515151 51515151 51515151 51515151 51515151 51515151 51515151 51515151 51515151 51515151 51515151 51515151 
[TC_DEBUG]     [  82] 52525252 52525252 52525252 52525252 52525252 52525252 52525252 52525252 52525252 52525252 52525252 52525252 52525252 52525252 52525252 52525252 52525252 52525252 52525252 52525252 52525252 52525252 52525252 52525252 52525252 52525252 52525252 52525252 52525252 52525252 52525252 52525252 
[TC_DEBUG]     [  83] 53535353 53535353 53535353 53535353 53535353 53535353 53535353 53535353 53535353 53535353 53535353 53535353 53535353 53535353 53535353 53535353 53535353 53535353 53535353 53535353 53535353 53535353 53535353 53535353 53535353 53535353 53535353 53535353 53535353 53535353 53535353 53535353 
[TC_DEBUG]     [  84] 54545454 54545454 54545454 54545454 54545454 54545454 54545454 54545454 54545454 54545454 54545454 54545454 54545454 54545454 54545454 54545454 54545454 54545454 54545454 54545454 54545454 54545454 54545454 54545454 54545454 54545454 54545454 54545454 54545454 54545454 54545454 54545454 
[TC_DEBUG]     [  85] 55555555 55555555 55555555 55555555 55555555 55555555 55555555 55555555 55555555 55555555 55555555 55555555 55555555 55555555 55555555 55555555 55555555 55555555 55555555 55555555 55555555 55555555 55555555 55555555 55555555 55555555 55555555 55555555 55555555 55555555 55555555 55555555 
[TC_DEBUG]     [  86] 56565656 56565656 56565656 56565656 56565656 56565656 56565656 56565656 56565656 56565656 56565656 56565656 56565656 56565656 56565656 56565656 56565656 56565656 56565656 56565656 56565656 56565656 56565656 56565656 56565656 56565656 56565656 56565656 56565656 56565656 56565656 56565656 
[TC_DEBUG]     [  87] 57575757 57575757 57575757 57575757 57575757 57575757 57575757 57575757 57575757 57575757 57575757 57575757 57575757 57575757 57575757 57575757 57575757 57575757 57575757 57575757 57575757 57575757 57575757 57575757 57575757 57575757 57575757 57575757 57575757 57575757 57575757 57575757 
[TC_DEBUG]     [  88] 58585858 58585858 58585858 58585858 58585858 58585858 58585858 58585858 58585858 58585858 58585858 58585858 58585858 58585858 58585858 58585858 58585858 58585858 58585858 58585858 58585858 58585858 58585858 58585858 58585858 58585858 58585858 58585858 58585858 58585858 58585858 58585858 
[TC_DEBUG]     [  89] 59595959 59595959 59595959 59595959 59595959 59595959 59595959 59595959 59595959 59595959 59595959 59595959 59595959 59595959 59595959 59595959 59595959 59595959 59595959 59595959 59595959 59595959 59595959 59595959 59595959 59595959 59595959 59595959 59595959 59595959 59595959 59595959 
[TC_DEBUG]     [  90] 5A5A5A5A 5A5A5A5A 5A5A5A5A 5A5A5A5A 5A5A5A5A 5A5A5A5A 5A5A5A5A 5A5A5A5A 5A5A5A5A 5A5A5A5A 5A5A5A5A 5A5A5A5A 5A5A5A5A 5A5A5A5A 5A5A5A5A 5A5A5A5A 5A5A5A5A 5A5A5A5A 5A5A5A5A 5A5A5A5A 5A5A5A5A 5A5A5A5A 5A5A5A5A 5A5A5A5A 5A5A5A5A 5A5A5A5A 5A5A5A5A 5A5A5A5A 5A5A5A5A 5A5A5A5A 5A5A5A5A 5A5A5A5A 
[TC_DEBUG]     [  91] 5B5B5B5B 5B5B5B5B 5B5B5B5B 5B5B5B5B 5B5B5B5B 5B5B5B5B 5B5B5B5B 5B5B5B5B 5B5B5B5B 5B5B5B5B 5B5B5B5B 5B5B5B5B 5B5B5B5B 5B5B5B5B 5B5B5B5B 5B5B5B5B 5B5B5B5B 5B5B5B5B 5B5B5B5B 5B5B5B5B 5B5B5B5B 5B5B5B5B 5B5B5B5B 5B5B5B5B 5B5B5B5B 5B5B5B5B 5B5B5B5B 5B5B5B5B 5B5B5B5B 5B5B5B5B 5B5B5B5B 5B5B5B5B 
[TC_DEBUG]     [  92] 5C5C5C5C 5C5C5C5C 5C5C5C5C 5C5C5C5C 5C5C5C5C 5C5C5C5C 5C5C5C5C 5C5C5C5C 5C5C5C5C 5C5C5C5C 5C5C5C5C 5C5C5C5C 5C5C5C5C 5C5C5C5C 5C5C5C5C 5C5C5C5C 5C5C5C5C 5C5C5C5C 5C5C5C5C 5C5C5C5C 5C5C5C5C 5C5C5C5C 5C5C5C5C 5C5C5C5C 5C5C5C5C 5C5C5C5C 5C5C5C5C 5C5C5C5C 5C5C5C5C 5C5C5C5C 5C5C5C5C 5C5C5C5C 
[TC_DEBUG]     [  93] 5D5D5D5D 5D5D5D5D 5D5D5D5D 5D5D5D5D 5D5D5D5D 5D5D5D5D 5D5D5D5D 5D5D5D5D 5D5D5D5D 5D5D5D5D 5D5D5D5D 5D5D5D5D 5D5D5D5D 5D5D5D5D 5D5D5D5D 5D5D5D5D 5D5D5D5D 5D5D5D5D 5D5D5D5D 5D5D5D5D 5D5D5D5D 5D5D5D5D 5D5D5D5D 5D5D5D5D 5D5D5D5D 5D5D5D5D 5D5D5D5D 5D5D5D5D 5D5D5D5D 5D5D5D5D 5D5D5D5D 5D5D5D5D 
[TC_DEBUG]     [  94] 5E5E5E5E 5E5E5E5E 5E5E5E5E 5E5E5E5E 5E5E5E5E 5E5E5E5E 5E5E5E5E 5E5E5E5E 5E5E5E5E 5E5E5E5E 5E5E5E5E 5E5E5E5E 5E5E5E5E 5E5E5E5E 5E5E5E5E 5E5E5E5E 5E5E5E5E 5E5E5E5E 5E5E5E5E 5E5E5E5E 5E5E5E5E 5E5E5E5E 5E5E5E5E 5E5E5E5E 5E5E5E5E 5E5E5E5E 5E5E5E5E 5E5E5E5E 5E5E5E5E 5E5E5E5E 5E5E5E5E 5E5E5E5E 
[TC_DEBUG]     [  95] 5F5F5F5F 5F5F5F5F 5F5F5F5F 5F5F5F5F 5F5F5F5F 5F5F5F5F 5F5F5F5F 5F5F5F5F 5F5F5F5F 5F5F5F5F 5F5F5F5F 5F5F5F5F 5F5F5F5F 5F5F5F5F 5F5F5F5F 5F5F5F5F 5F5F5F5F 5F5F5F5F 5F5F5F5F 5F5F5F5F 5F5F5F5F 5F5F5F5F 5F5F5F5F 5F5F5F5F 5F5F5F5F 5F5F5F5F 5F5F5F5F 5F5F5F5F 5F5F5F5F 5F5F5F5F 5F5F5F5F 5F5F5F5F 
[TC_DEBUG]     [  96] 60606060 60606060 60606060 60606060 60606060 60606060 60606060 60606060 60606060 60606060 60606060 60606060 60606060 60606060 60606060 60606060 60606060 60606060 60606060 60606060 60606060 60606060 60606060 60606060 60606060 60606060 60606060 60606060 60606060 60606060 60606060 60606060 
[TC_DEBUG]     [  97] 61616161 61616161 61616161 61616161 61616161 61616161 61616161 61616161 61616161 61616161 61616161 61616161 61616161 61616161 61616161 61616161 61616161 61616161 61616161 61616161 61616161 61616161 61616161 61616161 61616161 61616161 61616161 61616161 61616161 61616161 61616161 61616161 
[TC_DEBUG]     [  98] 62626262 62626262 62626262 62626262 62626262 62626262 62626262 62626262 62626262 62626262 62626262 62626262 62626262 62626262 62626262 62626262 62626262 62626262 62626262 62626262 62626262 62626262 62626262 62626262 62626262 62626262 62626262 62626262 62626262 62626262 62626262 62626262 
[TC_DEBUG]     [  99] 63636363 63636363 63636363 63636363 63636363 63636363 63636363 63636363 63636363 63636363 63636363 63636363 63636363 63636363 63636363 63636363 63636363 63636363 63636363 63636363 63636363 63636363 63636363 63636363 63636363 63636363 63636363 63636363 63636363 63636363 63636363 63636363 
[TC_DEBUG]     [ 100] 64646464 64646464 64646464 64646464 64646464 64646464 64646464 64646464 64646464 64646464 64646464 64646464 64646464 64646464 64646464 64646464 64646464 64646464 64646464 64646464 64646464 64646464 64646464 64646464 64646464 64646464 64646464 64646464 64646464 64646464 64646464 64646464 
[TC_DEBUG]     [ 101] 65656565 65656565 65656565 65656565 65656565 65656565 65656565 65656565 65656565 65656565 65656565 65656565 65656565 65656565 65656565 65656565 65656565 65656565 65656565 65656565 65656565 65656565 65656565 65656565 65656565 65656565 65656565 65656565 65656565 65656565 65656565 65656565 
[TC_DEBUG]     [ 102] 66666666 66666666 66666666 66666666 66666666 66666666 66666666 66666666 66666666 66666666 66666666 66666666 66666666 66666666 66666666 66666666 66666666 66666666 66666666 66666666 66666666 66666666 66666666 66666666 66666666 66666666 66666666 66666666 66666666 66666666 66666666 66666666 
[TC_DEBUG]     [ 103] 67676767 67676767 67676767 67676767 67676767 67676767 67676767 67676767 67676767 67676767 67676767 67676767 67676767 67676767 67676767 67676767 67676767 67676767 67676767 67676767 67676767 67676767 67676767 67676767 67676767 67676767 67676767 67676767 67676767 67676767 67676767 67676767 
[TC_DEBUG]     [ 104] 68686868 68686868 68686868 68686868 68686868 68686868 68686868 68686868 68686868 68686868 68686868 68686868 68686868 68686868 68686868 68686868 68686868 68686868 68686868 68686868 68686868 68686868 68686868 68686868 68686868 68686868 68686868 68686868 68686868 68686868 68686868 68686868 
[TC_DEBUG]     [ 105] 69696969 69696969 69696969 69696969 69696969 69696969 69696969 69696969 69696969 69696969 69696969 69696969 69696969 69696969 69696969 69696969 69696969 69696969 69696969 69696969 69696969 69696969 69696969 69696969 69696969 69696969 69696969 69696969 69696969 69696969 69696969 69696969 
[TC_DEBUG]     [ 106] 6A6A6A6A 6A6A6A6A 6A6A6A6A 6A6A6A6A 6A6A6A6A 6A6A6A6A 6A6A6A6A 6A6A6A6A 6A6A6A6A 6A6A6A6A 6A6A6A6A 6A6A6A6A 6A6A6A6A 6A6A6A6A 6A6A6A6A 6A6A6A6A 6A6A6A6A 6A6A6A6A 6A6A6A6A 6A6A6A6A 6A6A6A6A 6A6A6A6A 6A6A6A6A 6A6A6A6A 6A6A6A6A 6A6A6A6A 6A6A6A6A 6A6A6A6A 6A6A6A6A 6A6A6A6A 6A6A6A6A 6A6A6A6A 
[TC_DEBUG]     [ 107] 6B6B6B6B 6B6B6B6B 6B6B6B6B 6B6B6B6B 6B6B6B6B 6B6B6B6B 6B6B6B6B 6B6B6B6B 6B6B6B6B 6B6B6B6B 6B6B6B6B 6B6B6B6B 6B6B6B6B 6B6B6B6B 6B6B6B6B 6B6B6B6B 6B6B6B6B 6B6B6B6B 6B6B6B6B 6B6B6B6B 6B6B6B6B 6B6B6B6B 6B6B6B6B 6B6B6B6B 6B6B6B6B 6B6B6B6B 6B6B6B6B 6B6B6B6B 6B6B6B6B 6B6B6B6B 6B6B6B6B 6B6B6B6B 
[TC_DEBUG]     [ 108] 6C6C6C6C 6C6C6C6C 6C6C6C6C 6C6C6C6C 6C6C6C6C 6C6C6C6C 6C6C6C6C 6C6C6C6C 6C6C6C6C 6C6C6C6C 6C6C6C6C 6C6C6C6C 6C6C6C6C 6C6C6C6C 6C6C6C6C 6C6C6C6C 6C6C6C6C 6C6C6C6C 6C6C6C6C 6C6C6C6C 6C6C6C6C 6C6C6C6C 6C6C6C6C 6C6C6C6C 6C6C6C6C 6C6C6C6C 6C6C6C6C 6C6C6C6C 6C6C6C6C 6C6C6C6C 6C6C6C6C 6C6C6C6C 
[TC_DEBUG]     [ 109] 6D6D6D6D 6D6D6D6D 6D6D6D6D 6D6D6D6D 6D6D6D6D 6D6D6D6D 6D6D6D6D 6D6D6D6D 6D6D6D6D 6D6D6D6D 6D6D6D6D 6D6D6D6D 6D6D6D6D 6D6D6D6D 6D6D6D6D 6D6D6D6D 6D6D6D6D 6D6D6D6D 6D6D6D6D 6D6D6D6D 6D6D6D6D 6D6D6D6D 6D6D6D6D 6D6D6D6D 6D6D6D6D 6D6D6D6D 6D6D6D6D 6D6D6D6D 6D6D6D6D 6D6D6D6D 6D6D6D6D 6D6D6D6D 
[TC_DEBUG]     [ 110] 6E6E6E6E 6E6E6E6E 6E6E6E6E 6E6E6E6E 6E6E6E6E 6E6E6E6E 6E6E6E6E 6E6E6E6E 6E6E6E6E 6E6E6E6E 6E6E6E6E 6E6E6E6E 6E6E6E6E 6E6E6E6E 6E6E6E6E 6E6E6E6E 6E6E6E6E 6E6E6E6E 6E6E6E6E 6E6E6E6E 6E6E6E6E 6E6E6E6E 6E6E6E6E 6E6E6E6E 6E6E6E6E 6E6E6E6E 6E6E6E6E 6E6E6E6E 6E6E6E6E 6E6E6E6E 6E6E6E6E 6E6E6E6E 
[TC_DEBUG]     [ 111] 6F6F6F6F 6F6F6F6F 6F6F6F6F 6F6F6F6F 6F6F6F6F 6F6F6F6F 6F6F6F6F 6F6F6F6F 6F6F6F6F 6F6F6F6F 6F6F6F6F 6F6F6F6F 6F6F6F6F 6F6F6F6F 6F6F6F6F 6F6F6F6F 6F6F6F6F 6F6F6F6F 6F6F6F6F 6F6F6F6F 6F6F6F6F 6F6F6F6F 6F6F6F6F 6F6F6F6F 6F6F6F6F 6F6F6F6F 6F6F6F6F 6F6F6F6F 6F6F6F6F 6F6F6F6F 6F6F6F6F 6F6F6F6F 
[TC_DEBUG]     [ 112] 70707070 70707070 70707070 70707070 70707070 70707070 70707070 70707070 70707070 70707070 70707070 70707070 70707070 70707070 70707070 70707070 70707070 70707070 70707070 70707070 70707070 70707070 70707070 70707070 70707070 70707070 70707070 70707070 70707070 70707070 70707070 70707070 
[TC_DEBUG]     [ 113] 71717171 71717171 71717171 71717171 71717171 71717171 71717171 71717171 71717171 71717171 71717171 71717171 71717171 71717171 71717171 71717171 71717171 71717171 71717171 71717171 71717171 71717171 71717171 71717171 71717171 71717171 71717171 71717171 71717171 71717171 71717171 71717171 
[TC_DEBUG]     [ 114] 72727272 72727272 72727272 72727272 72727272 72727272 72727272 72727272 72727272 72727272 72727272 72727272 72727272 72727272 72727272 72727272 72727272 72727272 72727272 72727272 72727272 72727272 72727272 72727272 72727272 72727272 72727272 72727272 72727272 72727272 72727272 72727272 
[TC_DEBUG]     [ 115] 73737373 73737373 73737373 73737373 73737373 73737373 73737373 73737373 73737373 73737373 73737373 73737373 73737373 73737373 73737373 73737373 73737373 73737373 73737373 73737373 73737373 73737373 73737373 73737373 73737373 73737373 73737373 73737373 73737373 73737373 73737373 73737373 
[TC_DEBUG]     [ 116] 74747474 74747474 74747474 74747474 74747474 74747474 74747474 74747474 74747474 74747474 74747474 74747474 74747474 74747474 74747474 74747474 74747474 74747474 74747474 74747474 74747474 74747474 74747474 74747474 74747474 74747474 74747474 74747474 74747474 74747474 74747474 74747474 
[TC_DEBUG]     [ 117] 75757575 75757575 75757575 75757575 75757575 75757575 75757575 75757575 75757575 75757575 75757575 75757575 75757575 75757575 75757575 75757575 75757575 75757575 75757575 75757575 75757575 75757575 75757575 75757575 75757575 75757575 75757575 75757575 75757575 75757575 75757575 75757575 
[TC_DEBUG]     [ 118] 76767676 76767676 76767676 76767676 76767676 76767676 76767676 76767676 76767676 76767676 76767676 76767676 76767676 76767676 76767676 76767676 76767676 76767676 76767676 76767676 76767676 76767676 76767676 76767676 76767676 76767676 76767676 76767676 76767676 76767676 76767676 76767676 
[TC_DEBUG]     [ 119] 77777777 77777777 77777777 77777777 77777777 77777777 77777777 77777777 77777777 77777777 77777777 77777777 77777777 77777777 77777777 77777777 77777777 77777777 77777777 77777777 77777777 77777777 77777777 77777777 77777777 77777777 77777777 77777777 77777777 77777777 77777777 77777777 
[TC_DEBUG]     [ 120] 78787878 78787878 78787878 78787878 78787878 78787878 78787878 78787878 78787878 78787878 78787878 78787878 78787878 78787878 78787878 78787878 78787878 78787878 78787878 78787878 78787878 78787878 78787878 78787878 78787878 78787878 78787878 78787878 78787878 78787878 78787878 78787878 
[TC_DEBUG]     [ 121] 79797979 79797979 79797979 79797979 79797979 79797979 79797979 79797979 79797979 79797979 79797979 79797979 79797979 79797979 79797979 79797979 79797979 79797979 79797979 79797979 79797979 79797979 79797979 79797979 79797979 79797979 79797979 79797979 79797979 79797979 79797979 79797979 
[TC_DEBUG]     [ 122] 7A7A7A7A 7A7A7A7A 7A7A7A7A 7A7A7A7A 7A7A7A7A 7A7A7A7A 7A7A7A7A 7A7A7A7A 7A7A7A7A 7A7A7A7A 7A7A7A7A 7A7A7A7A 7A7A7A7A 7A7A7A7A 7A7A7A7A 7A7A7A7A 7A7A7A7A 7A7A7A7A 7A7A7A7A 7A7A7A7A 7A7A7A7A 7A7A7A7A 7A7A7A7A 7A7A7A7A 7A7A7A7A 7A7A7A7A 7A7A7A7A 7A7A7A7A 7A7A7A7A 7A7A7A7A 7A7A7A7A 7A7A7A7A 
[TC_DEBUG]     [ 123] 7B7B7B7B 7B7B7B7B 7B7B7B7B 7B7B7B7B 7B7B7B7B 7B7B7B7B 7B7B7B7B 7B7B7B7B 7B7B7B7B 7B7B7B7B 7B7B7B7B 7B7B7B7B 7B7B7B7B 7B7B7B7B 7B7B7B7B 7B7B7B7B 7B7B7B7B 7B7B7B7B 7B7B7B7B 7B7B7B7B 7B7B7B7B 7B7B7B7B 7B7B7B7B 7B7B7B7B 7B7B7B7B 7B7B7B7B 7B7B7B7B 7B7B7B7B 7B7B7B7B 7B7B7B7B 7B7B7B7B 7B7B7B7B 
[TC_DEBUG]     [ 124] 7C7C7C7C 7C7C7C7C 7C7C7C7C 7C7C7C7C 7C7C7C7C 7C7C7C7C 7C7C7C7C 7C7C7C7C 7C7C7C7C 7C7C7C7C 7C7C7C7C 7C7C7C7C 7C7C7C7C 7C7C7C7C 7C7C7C7C 7C7C7C7C 7C7C7C7C 7C7C7C7C 7C7C7C7C 7C7C7C7C 7C7C7C7C 7C7C7C7C 7C7C7C7C 7C7C7C7C 7C7C7C7C 7C7C7C7C 7C7C7C7C 7C7C7C7C 7C7C7C7C 7C7C7C7C 7C7C7C7C 7C7C7C7C 
[TC_DEBUG]     [ 125] 7D7D7D7D 7D7D7D7D 7D7D7D7D 7D7D7D7D 7D7D7D7D 7D7D7D7D 7D7D7D7D 7D7D7D7D 7D7D7D7D 7D7D7D7D 7D7D7D7D 7D7D7D7D 7D7D7D7D 7D7D7D7D 7D7D7D7D 7D7D7D7D 7D7D7D7D 7D7D7D7D 7D7D7D7D 7D7D7D7D 7D7D7D7D 7D7D7D7D 7D7D7D7D 7D7D7D7D 7D7D7D7D 7D7D7D7D 7D7D7D7D 7D7D7D7D 7D7D7D7D 7D7D7D7D 7D7D7D7D 7D7D7D7D 
[TC_DEBUG]     [ 126] 7E7E7E7E 7E7E7E7E 7E7E7E7E 7E7E7E7E 7E7E7E7E 7E7E7E7E 7E7E7E7E 7E7E7E7E 7E7E7E7E 7E7E7E7E 7E7E7E7E 7E7E7E7E 7E7E7E7E 7E7E7E7E 7E7E7E7E 7E7E7E7E 7E7E7E7E 7E7E7E7E 7E7E7E7E 7E7E7E7E 7E7E7E7E 7E7E7E7E 7E7E7E7E 7E7E7E7E 7E7E7E7E 7E7E7E7E 7E7E7E7E 7E7E7E7E 7E7E7E7E 7E7E7E7E 7E7E7E7E 7E7E7E7E 
[TC_DEBUG]     [ 127] 7F7F7F7F 7F7F7F7F 7F7F7F7F 7F7F7F7F 7F7F7F7F 7F7F7F7F 7F7F7F7F 7F7F7F7F 7F7F7F7F 7F7F7F7F 7F7F7F7F 7F7F7F7F 7F7F7F7F 7F7F7F7F 7F7F7F7F 7F7F7F7F 7F7F7F7F 7F7F7F7F 7F7F7F7F 7F7F7F7F 7F7F7F7F 7F7F7F7F 7F7F7F7F 7F7F7F7F 7F7F7F7F 7F7F7F7F 7F7F7F7F 7F7F7F7F 7F7F7F7F 7F7F7F7F 7F7F7F7F 7F7F7F7F 
Test 1 completed - acc_buffer initialized with horizontal broadcast

=== Test 2: tc.st.init 4x1 top (Top Data) ===
Mode: 4x1 (M2=4, N2=1)
rs2_config: 0x01000000
  startpoint_left=0, size_left=4 (horizontal broadcast)
acc_addr: 0x50000000
[TC] tc.st.init       PC=0x80000588  Encoding=0x0A0C3A5B
[TC_DEBUG] tc.st.init: trs1=0, rs1v=0x50000000, rs2v=0x01000000
[TC_DEBUG]   M2=4, M1=32, N2=1, N1=32
[TC_DEBUG]   startpoint_left=0, size_left=0
[TC_DEBUG]   startpoint_top=0, size_top=1
[TC_DEBUG]   TopData (tr0, 32 int32 elements):
[TC_DEBUG]     [0000] 00000000 01010101 02020202 03030303 04040404 05050505 06060606 07070707 08080808 09090909 0A0A0A0A 0B0B0B0B 0C0C0C0C 0D0D0D0D 0E0E0E0E 0F0F0F0F 10101010 11111111 12121212 13131313 14141414 15151515 16161616 17171717 18181818 19191919 1A1A1A1A 1B1B1B1B 1C1C1C1C 1D1D1D1D 1E1E1E1E 1F1F1F1F 
[TC_DEBUG]   AccBuffer (base=0x50000000, 4096 elements):
[TC_DEBUG]            [   0  ] [   1  ] [   2  ] [   3  ] [   4  ] [   5  ] [   6  ] [   7  ] [   8  ] [   9  ] [  10  ] [  11  ] [  12  ] [  13  ] [  14  ] [  15  ] [  16  ] [  17  ] [  18  ] [  19  ] [  20  ] [  21  ] [  22  ] [  23  ] [  24  ] [  25  ] [  26  ] [  27  ] [  28  ] [  29  ] [  30  ] [  31  ] 
[TC_DEBUG]     [   0] 00000000 01010101 02020202 03030303 04040404 05050505 06060606 07070707 08080808 09090909 0A0A0A0A 0B0B0B0B 0C0C0C0C 0D0D0D0D 0E0E0E0E 0F0F0F0F 10101010 11111111 12121212 13131313 14141414 15151515 16161616 17171717 18181818 19191919 1A1A1A1A 1B1B1B1B 1C1C1C1C 1D1D1D1D 1E1E1E1E 1F1F1F1F 
[TC_DEBUG]     [   1] 00000000 01010101 02020202 03030303 04040404 05050505 06060606 07070707 08080808 09090909 0A0A0A0A 0B0B0B0B 0C0C0C0C 0D0D0D0D 0E0E0E0E 0F0F0F0F 10101010 11111111 12121212 13131313 14141414 15151515 16161616 17171717 18181818 19191919 1A1A1A1A 1B1B1B1B 1C1C1C1C 1D1D1D1D 1E1E1E1E 1F1F1F1F 
[TC_DEBUG]     [   2] 00000000 01010101 02020202 03030303 04040404 05050505 06060606 07070707 08080808 09090909 0A0A0A0A 0B0B0B0B 0C0C0C0C 0D0D0D0D 0E0E0E0E 0F0F0F0F 10101010 11111111 12121212 13131313 14141414 15151515 16161616 17171717 18181818 19191919 1A1A1A1A 1B1B1B1B 1C1C1C1C 1D1D1D1D 1E1E1E1E 1F1F1F1F 
[TC_DEBUG]     [   3] 00000000 01010101 02020202 03030303 04040404 05050505 06060606 07070707 08080808 09090909 0A0A0A0A 0B0B0B0B 0C0C0C0C 0D0D0D0D 0E0E0E0E 0F0F0F0F 10101010 11111111 12121212 13131313 14141414 15151515 16161616 17171717 18181818 19191919 1A1A1A1A 1B1B1B1B 1C1C1C1C 1D1D1D1D 1E1E1E1E 1F1F1F1F 
[TC_DEBUG]     [   4] 00000000 01010101 02020202 03030303 04040404 05050505 06060606 07070707 08080808 09090909 0A0A0A0A 0B0B0B0B 0C0C0C0C 0D0D0D0D 0E0E0E0E 0F0F0F0F 10101010 11111111 12121212 13131313 14141414 15151515 16161616 17171717 18181818 19191919 1A1A1A1A 1B1B1B1B 1C1C1C1C 1D1D1D1D 1E1E1E1E 1F1F1F1F 
[TC_DEBUG]     [   5] 00000000 01010101 02020202 03030303 04040404 05050505 06060606 07070707 08080808 09090909 0A0A0A0A 0B0B0B0B 0C0C0C0C 0D0D0D0D 0E0E0E0E 0F0F0F0F 10101010 11111111 12121212 13131313 14141414 15151515 16161616 17171717 18181818 19191919 1A1A1A1A 1B1B1B1B 1C1C1C1C 1D1D1D1D 1E1E1E1E 1F1F1F1F 
[TC_DEBUG]     [   6] 00000000 01010101 02020202 03030303 04040404 05050505 06060606 07070707 08080808 09090909 0A0A0A0A 0B0B0B0B 0C0C0C0C 0D0D0D0D 0E0E0E0E 0F0F0F0F 10101010 11111111 12121212 13131313 14141414 15151515 16161616 17171717 18181818 19191919 1A1A1A1A 1B1B1B1B 1C1C1C1C 1D1D1D1D 1E1E1E1E 1F1F1F1F 
[TC_DEBUG]     [   7] 00000000 01010101 02020202 03030303 04040404 05050505 06060606 07070707 08080808 09090909 0A0A0A0A 0B0B0B0B 0C0C0C0C 0D0D0D0D 0E0E0E0E 0F0F0F0F 10101010 11111111 12121212 13131313 14141414 15151515 16161616 17171717 18181818 19191919 1A1A1A1A 1B1B1B1B 1C1C1C1C 1D1D1D1D 1E1E1E1E 1F1F1F1F 
[TC_DEBUG]     [   8] 00000000 01010101 02020202 03030303 04040404 05050505 06060606 07070707 08080808 09090909 0A0A0A0A 0B0B0B0B 0C0C0C0C 0D0D0D0D 0E0E0E0E 0F0F0F0F 10101010 11111111 12121212 13131313 14141414 15151515 16161616 17171717 18181818 19191919 1A1A1A1A 1B1B1B1B 1C1C1C1C 1D1D1D1D 1E1E1E1E 1F1F1F1F 
[TC_DEBUG]     [   9] 00000000 01010101 02020202 03030303 04040404 05050505 06060606 07070707 08080808 09090909 0A0A0A0A 0B0B0B0B 0C0C0C0C 0D0D0D0D 0E0E0E0E 0F0F0F0F 10101010 11111111 12121212 13131313 14141414 15151515 16161616 17171717 18181818 19191919 1A1A1A1A 1B1B1B1B 1C1C1C1C 1D1D1D1D 1E1E1E1E 1F1F1F1F 
[TC_DEBUG]     [  10] 00000000 01010101 02020202 03030303 04040404 05050505 06060606 07070707 08080808 09090909 0A0A0A0A 0B0B0B0B 0C0C0C0C 0D0D0D0D 0E0E0E0E 0F0F0F0F 10101010 11111111 12121212 13131313 14141414 15151515 16161616 17171717 18181818 19191919 1A1A1A1A 1B1B1B1B 1C1C1C1C 1D1D1D1D 1E1E1E1E 1F1F1F1F 
[TC_DEBUG]     [  11] 00000000 01010101 02020202 03030303 04040404 05050505 06060606 07070707 08080808 09090909 0A0A0A0A 0B0B0B0B 0C0C0C0C 0D0D0D0D 0E0E0E0E 0F0F0F0F 10101010 11111111 12121212 13131313 14141414 15151515 16161616 17171717 18181818 19191919 1A1A1A1A 1B1B1B1B 1C1C1C1C 1D1D1D1D 1E1E1E1E 1F1F1F1F 
[TC_DEBUG]     [  12] 00000000 01010101 02020202 03030303 04040404 05050505 06060606 07070707 08080808 09090909 0A0A0A0A 0B0B0B0B 0C0C0C0C 0D0D0D0D 0E0E0E0E 0F0F0F0F 10101010 11111111 12121212 13131313 14141414 15151515 16161616 17171717 18181818 19191919 1A1A1A1A 1B1B1B1B 1C1C1C1C 1D1D1D1D 1E1E1E1E 1F1F1F1F 
[TC_DEBUG]     [  13] 00000000 01010101 02020202 03030303 04040404 05050505 06060606 07070707 08080808 09090909 0A0A0A0A 0B0B0B0B 0C0C0C0C 0D0D0D0D 0E0E0E0E 0F0F0F0F 10101010 11111111 12121212 13131313 14141414 15151515 16161616 17171717 18181818 19191919 1A1A1A1A 1B1B1B1B 1C1C1C1C 1D1D1D1D 1E1E1E1E 1F1F1F1F 
[TC_DEBUG]     [  14] 00000000 01010101 02020202 03030303 04040404 05050505 06060606 07070707 08080808 09090909 0A0A0A0A 0B0B0B0B 0C0C0C0C 0D0D0D0D 0E0E0E0E 0F0F0F0F 10101010 11111111 12121212 13131313 14141414 15151515 16161616 17171717 18181818 19191919 1A1A1A1A 1B1B1B1B 1C1C1C1C 1D1D1D1D 1E1E1E1E 1F1F1F1F 
[TC_DEBUG]     [  15] 00000000 01010101 02020202 03030303 04040404 05050505 06060606 07070707 08080808 09090909 0A0A0A0A 0B0B0B0B 0C0C0C0C 0D0D0D0D 0E0E0E0E 0F0F0F0F 10101010 11111111 12121212 13131313 14141414 15151515 16161616 17171717 18181818 19191919 1A1A1A1A 1B1B1B1B 1C1C1C1C 1D1D1D1D 1E1E1E1E 1F1F1F1F 
[TC_DEBUG]     [  16] 00000000 01010101 02020202 03030303 04040404 05050505 06060606 07070707 08080808 09090909 0A0A0A0A 0B0B0B0B 0C0C0C0C 0D0D0D0D 0E0E0E0E 0F0F0F0F 10101010 11111111 12121212 13131313 14141414 15151515 16161616 17171717 18181818 19191919 1A1A1A1A 1B1B1B1B 1C1C1C1C 1D1D1D1D 1E1E1E1E 1F1F1F1F 
[TC_DEBUG]     [  17] 00000000 01010101 02020202 03030303 04040404 05050505 06060606 07070707 08080808 09090909 0A0A0A0A 0B0B0B0B 0C0C0C0C 0D0D0D0D 0E0E0E0E 0F0F0F0F 10101010 11111111 12121212 13131313 14141414 15151515 16161616 17171717 18181818 19191919 1A1A1A1A 1B1B1B1B 1C1C1C1C 1D1D1D1D 1E1E1E1E 1F1F1F1F 
[TC_DEBUG]     [  18] 00000000 01010101 02020202 03030303 04040404 05050505 06060606 07070707 08080808 09090909 0A0A0A0A 0B0B0B0B 0C0C0C0C 0D0D0D0D 0E0E0E0E 0F0F0F0F 10101010 11111111 12121212 13131313 14141414 15151515 16161616 17171717 18181818 19191919 1A1A1A1A 1B1B1B1B 1C1C1C1C 1D1D1D1D 1E1E1E1E 1F1F1F1F 
[TC_DEBUG]     [  19] 00000000 01010101 02020202 03030303 04040404 05050505 06060606 07070707 08080808 09090909 0A0A0A0A 0B0B0B0B 0C0C0C0C 0D0D0D0D 0E0E0E0E 0F0F0F0F 10101010 11111111 12121212 13131313 14141414 15151515 16161616 17171717 18181818 19191919 1A1A1A1A 1B1B1B1B 1C1C1C1C 1D1D1D1D 1E1E1E1E 1F1F1F1F 
[TC_DEBUG]     [  20] 00000000 01010101 02020202 03030303 04040404 05050505 06060606 07070707 08080808 09090909 0A0A0A0A 0B0B0B0B 0C0C0C0C 0D0D0D0D 0E0E0E0E 0F0F0F0F 10101010 11111111 12121212 13131313 14141414 15151515 16161616 17171717 18181818 19191919 1A1A1A1A 1B1B1B1B 1C1C1C1C 1D1D1D1D 1E1E1E1E 1F1F1F1F 
[TC_DEBUG]     [  21] 00000000 01010101 02020202 03030303 04040404 05050505 06060606 07070707 08080808 09090909 0A0A0A0A 0B0B0B0B 0C0C0C0C 0D0D0D0D 0E0E0E0E 0F0F0F0F 10101010 11111111 12121212 13131313 14141414 15151515 16161616 17171717 18181818 19191919 1A1A1A1A 1B1B1B1B 1C1C1C1C 1D1D1D1D 1E1E1E1E 1F1F1F1F 
[TC_DEBUG]     [  22] 00000000 01010101 02020202 03030303 04040404 05050505 06060606 07070707 08080808 09090909 0A0A0A0A 0B0B0B0B 0C0C0C0C 0D0D0D0D 0E0E0E0E 0F0F0F0F 10101010 11111111 12121212 13131313 14141414 15151515 16161616 17171717 18181818 19191919 1A1A1A1A 1B1B1B1B 1C1C1C1C 1D1D1D1D 1E1E1E1E 1F1F1F1F 
[TC_DEBUG]     [  23] 00000000 01010101 02020202 03030303 04040404 05050505 06060606 07070707 08080808 09090909 0A0A0A0A 0B0B0B0B 0C0C0C0C 0D0D0D0D 0E0E0E0E 0F0F0F0F 10101010 11111111 12121212 13131313 14141414 15151515 16161616 17171717 18181818 19191919 1A1A1A1A 1B1B1B1B 1C1C1C1C 1D1D1D1D 1E1E1E1E 1F1F1F1F 
[TC_DEBUG]     [  24] 00000000 01010101 02020202 03030303 04040404 05050505 06060606 07070707 08080808 09090909 0A0A0A0A 0B0B0B0B 0C0C0C0C 0D0D0D0D 0E0E0E0E 0F0F0F0F 10101010 11111111 12121212 13131313 14141414 15151515 16161616 17171717 18181818 19191919 1A1A1A1A 1B1B1B1B 1C1C1C1C 1D1D1D1D 1E1E1E1E 1F1F1F1F 
[TC_DEBUG]     [  25] 00000000 01010101 02020202 03030303 04040404 05050505 06060606 07070707 08080808 09090909 0A0A0A0A 0B0B0B0B 0C0C0C0C 0D0D0D0D 0E0E0E0E 0F0F0F0F 10101010 11111111 12121212 13131313 14141414 15151515 16161616 17171717 18181818 19191919 1A1A1A1A 1B1B1B1B 1C1C1C1C 1D1D1D1D 1E1E1E1E 1F1F1F1F 
[TC_DEBUG]     [  26] 00000000 01010101 02020202 03030303 04040404 05050505 06060606 07070707 08080808 09090909 0A0A0A0A 0B0B0B0B 0C0C0C0C 0D0D0D0D 0E0E0E0E 0F0F0F0F 10101010 11111111 12121212 13131313 14141414 15151515 16161616 17171717 18181818 19191919 1A1A1A1A 1B1B1B1B 1C1C1C1C 1D1D1D1D 1E1E1E1E 1F1F1F1F 
[TC_DEBUG]     [  27] 00000000 01010101 02020202 03030303 04040404 05050505 06060606 07070707 08080808 09090909 0A0A0A0A 0B0B0B0B 0C0C0C0C 0D0D0D0D 0E0E0E0E 0F0F0F0F 10101010 11111111 12121212 13131313 14141414 15151515 16161616 17171717 18181818 19191919 1A1A1A1A 1B1B1B1B 1C1C1C1C 1D1D1D1D 1E1E1E1E 1F1F1F1F 
[TC_DEBUG]     [  28] 00000000 01010101 02020202 03030303 04040404 05050505 06060606 07070707 08080808 09090909 0A0A0A0A 0B0B0B0B 0C0C0C0C 0D0D0D0D 0E0E0E0E 0F0F0F0F 10101010 11111111 12121212 13131313 14141414 15151515 16161616 17171717 18181818 19191919 1A1A1A1A 1B1B1B1B 1C1C1C1C 1D1D1D1D 1E1E1E1E 1F1F1F1F 
[TC_DEBUG]     [  29] 00000000 01010101 02020202 03030303 04040404 05050505 06060606 07070707 08080808 09090909 0A0A0A0A 0B0B0B0B 0C0C0C0C 0D0D0D0D 0E0E0E0E 0F0F0F0F 10101010 11111111 12121212 13131313 14141414 15151515 16161616 17171717 18181818 19191919 1A1A1A1A 1B1B1B1B 1C1C1C1C 1D1D1D1D 1E1E1E1E 1F1F1F1F 
[TC_DEBUG]     [  30] 00000000 01010101 02020202 03030303 04040404 05050505 06060606 07070707 08080808 09090909 0A0A0A0A 0B0B0B0B 0C0C0C0C 0D0D0D0D 0E0E0E0E 0F0F0F0F 10101010 11111111 12121212 13131313 14141414 15151515 16161616 17171717 18181818 19191919 1A1A1A1A 1B1B1B1B 1C1C1C1C 1D1D1D1D 1E1E1E1E 1F1F1F1F 
[TC_DEBUG]     [  31] 00000000 01010101 02020202 03030303 04040404 05050505 06060606 07070707 08080808 09090909 0A0A0A0A 0B0B0B0B 0C0C0C0C 0D0D0D0D 0E0E0E0E 0F0F0F0F 10101010 11111111 12121212 13131313 14141414 15151515 16161616 17171717 18181818 19191919 1A1A1A1A 1B1B1B1B 1C1C1C1C 1D1D1D1D 1E1E1E1E 1F1F1F1F 
[TC_DEBUG]     [  32] 00000000 01010101 02020202 03030303 04040404 05050505 06060606 07070707 08080808 09090909 0A0A0A0A 0B0B0B0B 0C0C0C0C 0D0D0D0D 0E0E0E0E 0F0F0F0F 10101010 11111111 12121212 13131313 14141414 15151515 16161616 17171717 18181818 19191919 1A1A1A1A 1B1B1B1B 1C1C1C1C 1D1D1D1D 1E1E1E1E 1F1F1F1F 
[TC_DEBUG]     [  33] 00000000 01010101 02020202 03030303 04040404 05050505 06060606 07070707 08080808 09090909 0A0A0A0A 0B0B0B0B 0C0C0C0C 0D0D0D0D 0E0E0E0E 0F0F0F0F 10101010 11111111 12121212 13131313 14141414 15151515 16161616 17171717 18181818 19191919 1A1A1A1A 1B1B1B1B 1C1C1C1C 1D1D1D1D 1E1E1E1E 1F1F1F1F 
[TC_DEBUG]     [  34] 00000000 01010101 02020202 03030303 04040404 05050505 06060606 07070707 08080808 09090909 0A0A0A0A 0B0B0B0B 0C0C0C0C 0D0D0D0D 0E0E0E0E 0F0F0F0F 10101010 11111111 12121212 13131313 14141414 15151515 16161616 17171717 18181818 19191919 1A1A1A1A 1B1B1B1B 1C1C1C1C 1D1D1D1D 1E1E1E1E 1F1F1F1F 
[TC_DEBUG]     [  35] 00000000 01010101 02020202 03030303 04040404 05050505 06060606 07070707 08080808 09090909 0A0A0A0A 0B0B0B0B 0C0C0C0C 0D0D0D0D 0E0E0E0E 0F0F0F0F 10101010 11111111 12121212 13131313 14141414 15151515 16161616 17171717 18181818 19191919 1A1A1A1A 1B1B1B1B 1C1C1C1C 1D1D1D1D 1E1E1E1E 1F1F1F1F 
[TC_DEBUG]     [  36] 00000000 01010101 02020202 03030303 04040404 05050505 06060606 07070707 08080808 09090909 0A0A0A0A 0B0B0B0B 0C0C0C0C 0D0D0D0D 0E0E0E0E 0F0F0F0F 10101010 11111111 12121212 13131313 14141414 15151515 16161616 17171717 18181818 19191919 1A1A1A1A 1B1B1B1B 1C1C1C1C 1D1D1D1D 1E1E1E1E 1F1F1F1F 
[TC_DEBUG]     [  37] 00000000 01010101 02020202 03030303 04040404 05050505 06060606 07070707 08080808 09090909 0A0A0A0A 0B0B0B0B 0C0C0C0C 0D0D0D0D 0E0E0E0E 0F0F0F0F 10101010 11111111 12121212 13131313 14141414 15151515 16161616 17171717 18181818 19191919 1A1A1A1A 1B1B1B1B 1C1C1C1C 1D1D1D1D 1E1E1E1E 1F1F1F1F 
[TC_DEBUG]     [  38] 00000000 01010101 02020202 03030303 04040404 05050505 06060606 07070707 08080808 09090909 0A0A0A0A 0B0B0B0B 0C0C0C0C 0D0D0D0D 0E0E0E0E 0F0F0F0F 10101010 11111111 12121212 13131313 14141414 15151515 16161616 17171717 18181818 19191919 1A1A1A1A 1B1B1B1B 1C1C1C1C 1D1D1D1D 1E1E1E1E 1F1F1F1F 
[TC_DEBUG]     [  39] 00000000 01010101 02020202 03030303 04040404 05050505 06060606 07070707 08080808 09090909 0A0A0A0A 0B0B0B0B 0C0C0C0C 0D0D0D0D 0E0E0E0E 0F0F0F0F 10101010 11111111 12121212 13131313 14141414 15151515 16161616 17171717 18181818 19191919 1A1A1A1A 1B1B1B1B 1C1C1C1C 1D1D1D1D 1E1E1E1E 1F1F1F1F 
[TC_DEBUG]     [  40] 00000000 01010101 02020202 03030303 04040404 05050505 06060606 07070707 08080808 09090909 0A0A0A0A 0B0B0B0B 0C0C0C0C 0D0D0D0D 0E0E0E0E 0F0F0F0F 10101010 11111111 12121212 13131313 14141414 15151515 16161616 17171717 18181818 19191919 1A1A1A1A 1B1B1B1B 1C1C1C1C 1D1D1D1D 1E1E1E1E 1F1F1F1F 
[TC_DEBUG]     [  41] 00000000 01010101 02020202 03030303 04040404 05050505 06060606 07070707 08080808 09090909 0A0A0A0A 0B0B0B0B 0C0C0C0C 0D0D0D0D 0E0E0E0E 0F0F0F0F 10101010 11111111 12121212 13131313 14141414 15151515 16161616 17171717 18181818 19191919 1A1A1A1A 1B1B1B1B 1C1C1C1C 1D1D1D1D 1E1E1E1E 1F1F1F1F 
[TC_DEBUG]     [  42] 00000000 01010101 02020202 03030303 04040404 05050505 06060606 07070707 08080808 09090909 0A0A0A0A 0B0B0B0B 0C0C0C0C 0D0D0D0D 0E0E0E0E 0F0F0F0F 10101010 11111111 12121212 13131313 14141414 15151515 16161616 17171717 18181818 19191919 1A1A1A1A 1B1B1B1B 1C1C1C1C 1D1D1D1D 1E1E1E1E 1F1F1F1F 
[TC_DEBUG]     [  43] 00000000 01010101 02020202 03030303 04040404 05050505 06060606 07070707 08080808 09090909 0A0A0A0A 0B0B0B0B 0C0C0C0C 0D0D0D0D 0E0E0E0E 0F0F0F0F 10101010 11111111 12121212 13131313 14141414 15151515 16161616 17171717 18181818 19191919 1A1A1A1A 1B1B1B1B 1C1C1C1C 1D1D1D1D 1E1E1E1E 1F1F1F1F 
[TC_DEBUG]     [  44] 00000000 01010101 02020202 03030303 04040404 05050505 06060606 07070707 08080808 09090909 0A0A0A0A 0B0B0B0B 0C0C0C0C 0D0D0D0D 0E0E0E0E 0F0F0F0F 10101010 11111111 12121212 13131313 14141414 15151515 16161616 17171717 18181818 19191919 1A1A1A1A 1B1B1B1B 1C1C1C1C 1D1D1D1D 1E1E1E1E 1F1F1F1F 
[TC_DEBUG]     [  45] 00000000 01010101 02020202 03030303 04040404 05050505 06060606 07070707 08080808 09090909 0A0A0A0A 0B0B0B0B 0C0C0C0C 0D0D0D0D 0E0E0E0E 0F0F0F0F 10101010 11111111 12121212 13131313 14141414 15151515 16161616 17171717 18181818 19191919 1A1A1A1A 1B1B1B1B 1C1C1C1C 1D1D1D1D 1E1E1E1E 1F1F1F1F 
[TC_DEBUG]     [  46] 00000000 01010101 02020202 03030303 04040404 05050505 06060606 07070707 08080808 09090909 0A0A0A0A 0B0B0B0B 0C0C0C0C 0D0D0D0D 0E0E0E0E 0F0F0F0F 10101010 11111111 12121212 13131313 14141414 15151515 16161616 17171717 18181818 19191919 1A1A1A1A 1B1B1B1B 1C1C1C1C 1D1D1D1D 1E1E1E1E 1F1F1F1F 
[TC_DEBUG]     [  47] 00000000 01010101 02020202 03030303 04040404 05050505 06060606 07070707 08080808 09090909 0A0A0A0A 0B0B0B0B 0C0C0C0C 0D0D0D0D 0E0E0E0E 0F0F0F0F 10101010 11111111 12121212 13131313 14141414 15151515 16161616 17171717 18181818 19191919 1A1A1A1A 1B1B1B1B 1C1C1C1C 1D1D1D1D 1E1E1E1E 1F1F1F1F 
[TC_DEBUG]     [  48] 00000000 01010101 02020202 03030303 04040404 05050505 06060606 07070707 08080808 09090909 0A0A0A0A 0B0B0B0B 0C0C0C0C 0D0D0D0D 0E0E0E0E 0F0F0F0F 10101010 11111111 12121212 13131313 14141414 15151515 16161616 17171717 18181818 19191919 1A1A1A1A 1B1B1B1B 1C1C1C1C 1D1D1D1D 1E1E1E1E 1F1F1F1F 
[TC_DEBUG]     [  49] 00000000 01010101 02020202 03030303 04040404 05050505 06060606 07070707 08080808 09090909 0A0A0A0A 0B0B0B0B 0C0C0C0C 0D0D0D0D 0E0E0E0E 0F0F0F0F 10101010 11111111 12121212 13131313 14141414 15151515 16161616 17171717 18181818 19191919 1A1A1A1A 1B1B1B1B 1C1C1C1C 1D1D1D1D 1E1E1E1E 1F1F1F1F 
[TC_DEBUG]     [  50] 00000000 01010101 02020202 03030303 04040404 05050505 06060606 07070707 08080808 09090909 0A0A0A0A 0B0B0B0B 0C0C0C0C 0D0D0D0D 0E0E0E0E 0F0F0F0F 10101010 11111111 12121212 13131313 14141414 15151515 16161616 17171717 18181818 19191919 1A1A1A1A 1B1B1B1B 1C1C1C1C 1D1D1D1D 1E1E1E1E 1F1F1F1F 
[TC_DEBUG]     [  51] 00000000 01010101 02020202 03030303 04040404 05050505 06060606 07070707 08080808 09090909 0A0A0A0A 0B0B0B0B 0C0C0C0C 0D0D0D0D 0E0E0E0E 0F0F0F0F 10101010 11111111 12121212 13131313 14141414 15151515 16161616 17171717 18181818 19191919 1A1A1A1A 1B1B1B1B 1C1C1C1C 1D1D1D1D 1E1E1E1E 1F1F1F1F 
[TC_DEBUG]     [  52] 00000000 01010101 02020202 03030303 04040404 05050505 06060606 07070707 08080808 09090909 0A0A0A0A 0B0B0B0B 0C0C0C0C 0D0D0D0D 0E0E0E0E 0F0F0F0F 10101010 11111111 12121212 13131313 14141414 15151515 16161616 17171717 18181818 19191919 1A1A1A1A 1B1B1B1B 1C1C1C1C 1D1D1D1D 1E1E1E1E 1F1F1F1F 
[TC_DEBUG]     [  53] 00000000 01010101 02020202 03030303 04040404 05050505 06060606 07070707 08080808 09090909 0A0A0A0A 0B0B0B0B 0C0C0C0C 0D0D0D0D 0E0E0E0E 0F0F0F0F 10101010 11111111 12121212 13131313 14141414 15151515 16161616 17171717 18181818 19191919 1A1A1A1A 1B1B1B1B 1C1C1C1C 1D1D1D1D 1E1E1E1E 1F1F1F1F 
[TC_DEBUG]     [  54] 00000000 01010101 02020202 03030303 04040404 05050505 06060606 07070707 08080808 09090909 0A0A0A0A 0B0B0B0B 0C0C0C0C 0D0D0D0D 0E0E0E0E 0F0F0F0F 10101010 11111111 12121212 13131313 14141414 15151515 16161616 17171717 18181818 19191919 1A1A1A1A 1B1B1B1B 1C1C1C1C 1D1D1D1D 1E1E1E1E 1F1F1F1F 
[TC_DEBUG]     [  55] 00000000 01010101 02020202 03030303 04040404 05050505 06060606 07070707 08080808 09090909 0A0A0A0A 0B0B0B0B 0C0C0C0C 0D0D0D0D 0E0E0E0E 0F0F0F0F 10101010 11111111 12121212 13131313 14141414 15151515 16161616 17171717 18181818 19191919 1A1A1A1A 1B1B1B1B 1C1C1C1C 1D1D1D1D 1E1E1E1E 1F1F1F1F 
[TC_DEBUG]     [  56] 00000000 01010101 02020202 03030303 04040404 05050505 06060606 07070707 08080808 09090909 0A0A0A0A 0B0B0B0B 0C0C0C0C 0D0D0D0D 0E0E0E0E 0F0F0F0F 10101010 11111111 12121212 13131313 14141414 15151515 16161616 17171717 18181818 19191919 1A1A1A1A 1B1B1B1B 1C1C1C1C 1D1D1D1D 1E1E1E1E 1F1F1F1F 
[TC_DEBUG]     [  57] 00000000 01010101 02020202 03030303 04040404 05050505 06060606 07070707 08080808 09090909 0A0A0A0A 0B0B0B0B 0C0C0C0C 0D0D0D0D 0E0E0E0E 0F0F0F0F 10101010 11111111 12121212 13131313 14141414 15151515 16161616 17171717 18181818 19191919 1A1A1A1A 1B1B1B1B 1C1C1C1C 1D1D1D1D 1E1E1E1E 1F1F1F1F 
[TC_DEBUG]     [  58] 00000000 01010101 02020202 03030303 04040404 05050505 06060606 07070707 08080808 09090909 0A0A0A0A 0B0B0B0B 0C0C0C0C 0D0D0D0D 0E0E0E0E 0F0F0F0F 10101010 11111111 12121212 13131313 14141414 15151515 16161616 17171717 18181818 19191919 1A1A1A1A 1B1B1B1B 1C1C1C1C 1D1D1D1D 1E1E1E1E 1F1F1F1F 
[TC_DEBUG]     [  59] 00000000 01010101 02020202 03030303 04040404 05050505 06060606 07070707 08080808 09090909 0A0A0A0A 0B0B0B0B 0C0C0C0C 0D0D0D0D 0E0E0E0E 0F0F0F0F 10101010 11111111 12121212 13131313 14141414 15151515 16161616 17171717 18181818 19191919 1A1A1A1A 1B1B1B1B 1C1C1C1C 1D1D1D1D 1E1E1E1E 1F1F1F1F 
[TC_DEBUG]     [  60] 00000000 01010101 02020202 03030303 04040404 05050505 06060606 07070707 08080808 09090909 0A0A0A0A 0B0B0B0B 0C0C0C0C 0D0D0D0D 0E0E0E0E 0F0F0F0F 10101010 11111111 12121212 13131313 14141414 15151515 16161616 17171717 18181818 19191919 1A1A1A1A 1B1B1B1B 1C1C1C1C 1D1D1D1D 1E1E1E1E 1F1F1F1F 
[TC_DEBUG]     [  61] 00000000 01010101 02020202 03030303 04040404 05050505 06060606 07070707 08080808 09090909 0A0A0A0A 0B0B0B0B 0C0C0C0C 0D0D0D0D 0E0E0E0E 0F0F0F0F 10101010 11111111 12121212 13131313 14141414 15151515 16161616 17171717 18181818 19191919 1A1A1A1A 1B1B1B1B 1C1C1C1C 1D1D1D1D 1E1E1E1E 1F1F1F1F 
[TC_DEBUG]     [  62] 00000000 01010101 02020202 03030303 04040404 05050505 06060606 07070707 08080808 09090909 0A0A0A0A 0B0B0B0B 0C0C0C0C 0D0D0D0D 0E0E0E0E 0F0F0F0F 10101010 11111111 12121212 13131313 14141414 15151515 16161616 17171717 18181818 19191919 1A1A1A1A 1B1B1B1B 1C1C1C1C 1D1D1D1D 1E1E1E1E 1F1F1F1F 
[TC_DEBUG]     [  63] 00000000 01010101 02020202 03030303 04040404 05050505 06060606 07070707 08080808 09090909 0A0A0A0A 0B0B0B0B 0C0C0C0C 0D0D0D0D 0E0E0E0E 0F0F0F0F 10101010 11111111 12121212 13131313 14141414 15151515 16161616 17171717 18181818 19191919 1A1A1A1A 1B1B1B1B 1C1C1C1C 1D1D1D1D 1E1E1E1E 1F1F1F1F 
[TC_DEBUG]     [  64] 00000000 01010101 02020202 03030303 04040404 05050505 06060606 07070707 08080808 09090909 0A0A0A0A 0B0B0B0B 0C0C0C0C 0D0D0D0D 0E0E0E0E 0F0F0F0F 10101010 11111111 12121212 13131313 14141414 15151515 16161616 17171717 18181818 19191919 1A1A1A1A 1B1B1B1B 1C1C1C1C 1D1D1D1D 1E1E1E1E 1F1F1F1F 
[TC_DEBUG]     [  65] 00000000 01010101 02020202 03030303 04040404 05050505 06060606 07070707 08080808 09090909 0A0A0A0A 0B0B0B0B 0C0C0C0C 0D0D0D0D 0E0E0E0E 0F0F0F0F 10101010 11111111 12121212 13131313 14141414 15151515 16161616 17171717 18181818 19191919 1A1A1A1A 1B1B1B1B 1C1C1C1C 1D1D1D1D 1E1E1E1E 1F1F1F1F 
[TC_DEBUG]     [  66] 00000000 01010101 02020202 03030303 04040404 05050505 06060606 07070707 08080808 09090909 0A0A0A0A 0B0B0B0B 0C0C0C0C 0D0D0D0D 0E0E0E0E 0F0F0F0F 10101010 11111111 12121212 13131313 14141414 15151515 16161616 17171717 18181818 19191919 1A1A1A1A 1B1B1B1B 1C1C1C1C 1D1D1D1D 1E1E1E1E 1F1F1F1F 
[TC_DEBUG]     [  67] 00000000 01010101 02020202 03030303 04040404 05050505 06060606 07070707 08080808 09090909 0A0A0A0A 0B0B0B0B 0C0C0C0C 0D0D0D0D 0E0E0E0E 0F0F0F0F 10101010 11111111 12121212 13131313 14141414 15151515 16161616 17171717 18181818 19191919 1A1A1A1A 1B1B1B1B 1C1C1C1C 1D1D1D1D 1E1E1E1E 1F1F1F1F 
[TC_DEBUG]     [  68] 00000000 01010101 02020202 03030303 04040404 05050505 06060606 07070707 08080808 09090909 0A0A0A0A 0B0B0B0B 0C0C0C0C 0D0D0D0D 0E0E0E0E 0F0F0F0F 10101010 11111111 12121212 13131313 14141414 15151515 16161616 17171717 18181818 19191919 1A1A1A1A 1B1B1B1B 1C1C1C1C 1D1D1D1D 1E1E1E1E 1F1F1F1F 
[TC_DEBUG]     [  69] 00000000 01010101 02020202 03030303 04040404 05050505 06060606 07070707 08080808 09090909 0A0A0A0A 0B0B0B0B 0C0C0C0C 0D0D0D0D 0E0E0E0E 0F0F0F0F 10101010 11111111 12121212 13131313 14141414 15151515 16161616 17171717 18181818 19191919 1A1A1A1A 1B1B1B1B 1C1C1C1C 1D1D1D1D 1E1E1E1E 1F1F1F1F 
[TC_DEBUG]     [  70] 00000000 01010101 02020202 03030303 04040404 05050505 06060606 07070707 08080808 09090909 0A0A0A0A 0B0B0B0B 0C0C0C0C 0D0D0D0D 0E0E0E0E 0F0F0F0F 10101010 11111111 12121212 13131313 14141414 15151515 16161616 17171717 18181818 19191919 1A1A1A1A 1B1B1B1B 1C1C1C1C 1D1D1D1D 1E1E1E1E 1F1F1F1F 
[TC_DEBUG]     [  71] 00000000 01010101 02020202 03030303 04040404 05050505 06060606 07070707 08080808 09090909 0A0A0A0A 0B0B0B0B 0C0C0C0C 0D0D0D0D 0E0E0E0E 0F0F0F0F 10101010 11111111 12121212 13131313 14141414 15151515 16161616 17171717 18181818 19191919 1A1A1A1A 1B1B1B1B 1C1C1C1C 1D1D1D1D 1E1E1E1E 1F1F1F1F 
[TC_DEBUG]     [  72] 00000000 01010101 02020202 03030303 04040404 05050505 06060606 07070707 08080808 09090909 0A0A0A0A 0B0B0B0B 0C0C0C0C 0D0D0D0D 0E0E0E0E 0F0F0F0F 10101010 11111111 12121212 13131313 14141414 15151515 16161616 17171717 18181818 19191919 1A1A1A1A 1B1B1B1B 1C1C1C1C 1D1D1D1D 1E1E1E1E 1F1F1F1F 
[TC_DEBUG]     [  73] 00000000 01010101 02020202 03030303 04040404 05050505 06060606 07070707 08080808 09090909 0A0A0A0A 0B0B0B0B 0C0C0C0C 0D0D0D0D 0E0E0E0E 0F0F0F0F 10101010 11111111 12121212 13131313 14141414 15151515 16161616 17171717 18181818 19191919 1A1A1A1A 1B1B1B1B 1C1C1C1C 1D1D1D1D 1E1E1E1E 1F1F1F1F 
[TC_DEBUG]     [  74] 00000000 01010101 02020202 03030303 04040404 05050505 06060606 07070707 08080808 09090909 0A0A0A0A 0B0B0B0B 0C0C0C0C 0D0D0D0D 0E0E0E0E 0F0F0F0F 10101010 11111111 12121212 13131313 14141414 15151515 16161616 17171717 18181818 19191919 1A1A1A1A 1B1B1B1B 1C1C1C1C 1D1D1D1D 1E1E1E1E 1F1F1F1F 
[TC_DEBUG]     [  75] 00000000 01010101 02020202 03030303 04040404 05050505 06060606 07070707 08080808 09090909 0A0A0A0A 0B0B0B0B 0C0C0C0C 0D0D0D0D 0E0E0E0E 0F0F0F0F 10101010 11111111 12121212 13131313 14141414 15151515 16161616 17171717 18181818 19191919 1A1A1A1A 1B1B1B1B 1C1C1C1C 1D1D1D1D 1E1E1E1E 1F1F1F1F 
[TC_DEBUG]     [  76] 00000000 01010101 02020202 03030303 04040404 05050505 06060606 07070707 08080808 09090909 0A0A0A0A 0B0B0B0B 0C0C0C0C 0D0D0D0D 0E0E0E0E 0F0F0F0F 10101010 11111111 12121212 13131313 14141414 15151515 16161616 17171717 18181818 19191919 1A1A1A1A 1B1B1B1B 1C1C1C1C 1D1D1D1D 1E1E1E1E 1F1F1F1F 
[TC_DEBUG]     [  77] 00000000 01010101 02020202 03030303 04040404 05050505 06060606 07070707 08080808 09090909 0A0A0A0A 0B0B0B0B 0C0C0C0C 0D0D0D0D 0E0E0E0E 0F0F0F0F 10101010 11111111 12121212 13131313 14141414 15151515 16161616 17171717 18181818 19191919 1A1A1A1A 1B1B1B1B 1C1C1C1C 1D1D1D1D 1E1E1E1E 1F1F1F1F 
[TC_DEBUG]     [  78] 00000000 01010101 02020202 03030303 04040404 05050505 06060606 07070707 08080808 09090909 0A0A0A0A 0B0B0B0B 0C0C0C0C 0D0D0D0D 0E0E0E0E 0F0F0F0F 10101010 11111111 12121212 13131313 14141414 15151515 16161616 17171717 18181818 19191919 1A1A1A1A 1B1B1B1B 1C1C1C1C 1D1D1D1D 1E1E1E1E 1F1F1F1F 
[TC_DEBUG]     [  79] 00000000 01010101 02020202 03030303 04040404 05050505 06060606 07070707 08080808 09090909 0A0A0A0A 0B0B0B0B 0C0C0C0C 0D0D0D0D 0E0E0E0E 0F0F0F0F 10101010 11111111 12121212 13131313 14141414 15151515 16161616 17171717 18181818 19191919 1A1A1A1A 1B1B1B1B 1C1C1C1C 1D1D1D1D 1E1E1E1E 1F1F1F1F 
[TC_DEBUG]     [  80] 00000000 01010101 02020202 03030303 04040404 05050505 06060606 07070707 08080808 09090909 0A0A0A0A 0B0B0B0B 0C0C0C0C 0D0D0D0D 0E0E0E0E 0F0F0F0F 10101010 11111111 12121212 13131313 14141414 15151515 16161616 17171717 18181818 19191919 1A1A1A1A 1B1B1B1B 1C1C1C1C 1D1D1D1D 1E1E1E1E 1F1F1F1F 
[TC_DEBUG]     [  81] 00000000 01010101 02020202 03030303 04040404 05050505 06060606 07070707 08080808 09090909 0A0A0A0A 0B0B0B0B 0C0C0C0C 0D0D0D0D 0E0E0E0E 0F0F0F0F 10101010 11111111 12121212 13131313 14141414 15151515 16161616 17171717 18181818 19191919 1A1A1A1A 1B1B1B1B 1C1C1C1C 1D1D1D1D 1E1E1E1E 1F1F1F1F 
[TC_DEBUG]     [  82] 00000000 01010101 02020202 03030303 04040404 05050505 06060606 07070707 08080808 09090909 0A0A0A0A 0B0B0B0B 0C0C0C0C 0D0D0D0D 0E0E0E0E 0F0F0F0F 10101010 11111111 12121212 13131313 14141414 15151515 16161616 17171717 18181818 19191919 1A1A1A1A 1B1B1B1B 1C1C1C1C 1D1D1D1D 1E1E1E1E 1F1F1F1F 
[TC_DEBUG]     [  83] 00000000 01010101 02020202 03030303 04040404 05050505 06060606 07070707 08080808 09090909 0A0A0A0A 0B0B0B0B 0C0C0C0C 0D0D0D0D 0E0E0E0E 0F0F0F0F 10101010 11111111 12121212 13131313 14141414 15151515 16161616 17171717 18181818 19191919 1A1A1A1A 1B1B1B1B 1C1C1C1C 1D1D1D1D 1E1E1E1E 1F1F1F1F 
[TC_DEBUG]     [  84] 00000000 01010101 02020202 03030303 04040404 05050505 06060606 07070707 08080808 09090909 0A0A0A0A 0B0B0B0B 0C0C0C0C 0D0D0D0D 0E0E0E0E 0F0F0F0F 10101010 11111111 12121212 13131313 14141414 15151515 16161616 17171717 18181818 19191919 1A1A1A1A 1B1B1B1B 1C1C1C1C 1D1D1D1D 1E1E1E1E 1F1F1F1F 
[TC_DEBUG]     [  85] 00000000 01010101 02020202 03030303 04040404 05050505 06060606 07070707 08080808 09090909 0A0A0A0A 0B0B0B0B 0C0C0C0C 0D0D0D0D 0E0E0E0E 0F0F0F0F 10101010 11111111 12121212 13131313 14141414 15151515 16161616 17171717 18181818 19191919 1A1A1A1A 1B1B1B1B 1C1C1C1C 1D1D1D1D 1E1E1E1E 1F1F1F1F 
[TC_DEBUG]     [  86] 00000000 01010101 02020202 03030303 04040404 05050505 06060606 07070707 08080808 09090909 0A0A0A0A 0B0B0B0B 0C0C0C0C 0D0D0D0D 0E0E0E0E 0F0F0F0F 10101010 11111111 12121212 13131313 14141414 15151515 16161616 17171717 18181818 19191919 1A1A1A1A 1B1B1B1B 1C1C1C1C 1D1D1D1D 1E1E1E1E 1F1F1F1F 
[TC_DEBUG]     [  87] 00000000 01010101 02020202 03030303 04040404 05050505 06060606 07070707 08080808 09090909 0A0A0A0A 0B0B0B0B 0C0C0C0C 0D0D0D0D 0E0E0E0E 0F0F0F0F 10101010 11111111 12121212 13131313 14141414 15151515 16161616 17171717 18181818 19191919 1A1A1A1A 1B1B1B1B 1C1C1C1C 1D1D1D1D 1E1E1E1E 1F1F1F1F 
[TC_DEBUG]     [  88] 00000000 01010101 02020202 03030303 04040404 05050505 06060606 07070707 08080808 09090909 0A0A0A0A 0B0B0B0B 0C0C0C0C 0D0D0D0D 0E0E0E0E 0F0F0F0F 10101010 11111111 12121212 13131313 14141414 15151515 16161616 17171717 18181818 19191919 1A1A1A1A 1B1B1B1B 1C1C1C1C 1D1D1D1D 1E1E1E1E 1F1F1F1F 
[TC_DEBUG]     [  89] 00000000 01010101 02020202 03030303 04040404 05050505 06060606 07070707 08080808 09090909 0A0A0A0A 0B0B0B0B 0C0C0C0C 0D0D0D0D 0E0E0E0E 0F0F0F0F 10101010 11111111 12121212 13131313 14141414 15151515 16161616 17171717 18181818 19191919 1A1A1A1A 1B1B1B1B 1C1C1C1C 1D1D1D1D 1E1E1E1E 1F1F1F1F 
[TC_DEBUG]     [  90] 00000000 01010101 02020202 03030303 04040404 05050505 06060606 07070707 08080808 09090909 0A0A0A0A 0B0B0B0B 0C0C0C0C 0D0D0D0D 0E0E0E0E 0F0F0F0F 10101010 11111111 12121212 13131313 14141414 15151515 16161616 17171717 18181818 19191919 1A1A1A1A 1B1B1B1B 1C1C1C1C 1D1D1D1D 1E1E1E1E 1F1F1F1F 
[TC_DEBUG]     [  91] 00000000 01010101 02020202 03030303 04040404 05050505 06060606 07070707 08080808 09090909 0A0A0A0A 0B0B0B0B 0C0C0C0C 0D0D0D0D 0E0E0E0E 0F0F0F0F 10101010 11111111 12121212 13131313 14141414 15151515 16161616 17171717 18181818 19191919 1A1A1A1A 1B1B1B1B 1C1C1C1C 1D1D1D1D 1E1E1E1E 1F1F1F1F 
[TC_DEBUG]     [  92] 00000000 01010101 02020202 03030303 04040404 05050505 06060606 07070707 08080808 09090909 0A0A0A0A 0B0B0B0B 0C0C0C0C 0D0D0D0D 0E0E0E0E 0F0F0F0F 10101010 11111111 12121212 13131313 14141414 15151515 16161616 17171717 18181818 19191919 1A1A1A1A 1B1B1B1B 1C1C1C1C 1D1D1D1D 1E1E1E1E 1F1F1F1F 
[TC_DEBUG]     [  93] 00000000 01010101 02020202 03030303 04040404 05050505 06060606 07070707 08080808 09090909 0A0A0A0A 0B0B0B0B 0C0C0C0C 0D0D0D0D 0E0E0E0E 0F0F0F0F 10101010 11111111 12121212 13131313 14141414 15151515 16161616 17171717 18181818 19191919 1A1A1A1A 1B1B1B1B 1C1C1C1C 1D1D1D1D 1E1E1E1E 1F1F1F1F 
[TC_DEBUG]     [  94] 00000000 01010101 02020202 03030303 04040404 05050505 06060606 07070707 08080808 09090909 0A0A0A0A 0B0B0B0B 0C0C0C0C 0D0D0D0D 0E0E0E0E 0F0F0F0F 10101010 11111111 12121212 13131313 14141414 15151515 16161616 17171717 18181818 19191919 1A1A1A1A 1B1B1B1B 1C1C1C1C 1D1D1D1D 1E1E1E1E 1F1F1F1F 
[TC_DEBUG]     [  95] 00000000 01010101 02020202 03030303 04040404 05050505 06060606 07070707 08080808 09090909 0A0A0A0A 0B0B0B0B 0C0C0C0C 0D0D0D0D 0E0E0E0E 0F0F0F0F 10101010 11111111 12121212 13131313 14141414 15151515 16161616 17171717 18181818 19191919 1A1A1A1A 1B1B1B1B 1C1C1C1C 1D1D1D1D 1E1E1E1E 1F1F1F1F 
[TC_DEBUG]     [  96] 00000000 01010101 02020202 03030303 04040404 05050505 06060606 07070707 08080808 09090909 0A0A0A0A 0B0B0B0B 0C0C0C0C 0D0D0D0D 0E0E0E0E 0F0F0F0F 10101010 11111111 12121212 13131313 14141414 15151515 16161616 17171717 18181818 19191919 1A1A1A1A 1B1B1B1B 1C1C1C1C 1D1D1D1D 1E1E1E1E 1F1F1F1F 
[TC_DEBUG]     [  97] 00000000 01010101 02020202 03030303 04040404 05050505 06060606 07070707 08080808 09090909 0A0A0A0A 0B0B0B0B 0C0C0C0C 0D0D0D0D 0E0E0E0E 0F0F0F0F 10101010 11111111 12121212 13131313 14141414 15151515 16161616 17171717 18181818 19191919 1A1A1A1A 1B1B1B1B 1C1C1C1C 1D1D1D1D 1E1E1E1E 1F1F1F1F 
[TC_DEBUG]     [  98] 00000000 01010101 02020202 03030303 04040404 05050505 06060606 07070707 08080808 09090909 0A0A0A0A 0B0B0B0B 0C0C0C0C 0D0D0D0D 0E0E0E0E 0F0F0F0F 10101010 11111111 12121212 13131313 14141414 15151515 16161616 17171717 18181818 19191919 1A1A1A1A 1B1B1B1B 1C1C1C1C 1D1D1D1D 1E1E1E1E 1F1F1F1F 
[TC_DEBUG]     [  99] 00000000 01010101 02020202 03030303 04040404 05050505 06060606 07070707 08080808 09090909 0A0A0A0A 0B0B0B0B 0C0C0C0C 0D0D0D0D 0E0E0E0E 0F0F0F0F 10101010 11111111 12121212 13131313 14141414 15151515 16161616 17171717 18181818 19191919 1A1A1A1A 1B1B1B1B 1C1C1C1C 1D1D1D1D 1E1E1E1E 1F1F1F1F 
[TC_DEBUG]     [ 100] 00000000 01010101 02020202 03030303 04040404 05050505 06060606 07070707 08080808 09090909 0A0A0A0A 0B0B0B0B 0C0C0C0C 0D0D0D0D 0E0E0E0E 0F0F0F0F 10101010 11111111 12121212 13131313 14141414 15151515 16161616 17171717 18181818 19191919 1A1A1A1A 1B1B1B1B 1C1C1C1C 1D1D1D1D 1E1E1E1E 1F1F1F1F 
[TC_DEBUG]     [ 101] 00000000 01010101 02020202 03030303 04040404 05050505 06060606 07070707 08080808 09090909 0A0A0A0A 0B0B0B0B 0C0C0C0C 0D0D0D0D 0E0E0E0E 0F0F0F0F 10101010 11111111 12121212 13131313 14141414 15151515 16161616 17171717 18181818 19191919 1A1A1A1A 1B1B1B1B 1C1C1C1C 1D1D1D1D 1E1E1E1E 1F1F1F1F 
[TC_DEBUG]     [ 102] 00000000 01010101 02020202 03030303 04040404 05050505 06060606 07070707 08080808 09090909 0A0A0A0A 0B0B0B0B 0C0C0C0C 0D0D0D0D 0E0E0E0E 0F0F0F0F 10101010 11111111 12121212 13131313 14141414 15151515 16161616 17171717 18181818 19191919 1A1A1A1A 1B1B1B1B 1C1C1C1C 1D1D1D1D 1E1E1E1E 1F1F1F1F 
[TC_DEBUG]     [ 103] 00000000 01010101 02020202 03030303 04040404 05050505 06060606 07070707 08080808 09090909 0A0A0A0A 0B0B0B0B 0C0C0C0C 0D0D0D0D 0E0E0E0E 0F0F0F0F 10101010 11111111 12121212 13131313 14141414 15151515 16161616 17171717 18181818 19191919 1A1A1A1A 1B1B1B1B 1C1C1C1C 1D1D1D1D 1E1E1E1E 1F1F1F1F 
[TC_DEBUG]     [ 104] 00000000 01010101 02020202 03030303 04040404 05050505 06060606 07070707 08080808 09090909 0A0A0A0A 0B0B0B0B 0C0C0C0C 0D0D0D0D 0E0E0E0E 0F0F0F0F 10101010 11111111 12121212 13131313 14141414 15151515 16161616 17171717 18181818 19191919 1A1A1A1A 1B1B1B1B 1C1C1C1C 1D1D1D1D 1E1E1E1E 1F1F1F1F 
[TC_DEBUG]     [ 105] 00000000 01010101 02020202 03030303 04040404 05050505 06060606 07070707 08080808 09090909 0A0A0A0A 0B0B0B0B 0C0C0C0C 0D0D0D0D 0E0E0E0E 0F0F0F0F 10101010 11111111 12121212 13131313 14141414 15151515 16161616 17171717 18181818 19191919 1A1A1A1A 1B1B1B1B 1C1C1C1C 1D1D1D1D 1E1E1E1E 1F1F1F1F 
[TC_DEBUG]     [ 106] 00000000 01010101 02020202 03030303 04040404 05050505 06060606 07070707 08080808 09090909 0A0A0A0A 0B0B0B0B 0C0C0C0C 0D0D0D0D 0E0E0E0E 0F0F0F0F 10101010 11111111 12121212 13131313 14141414 15151515 16161616 17171717 18181818 19191919 1A1A1A1A 1B1B1B1B 1C1C1C1C 1D1D1D1D 1E1E1E1E 1F1F1F1F 
[TC_DEBUG]     [ 107] 00000000 01010101 02020202 03030303 04040404 05050505 06060606 07070707 08080808 09090909 0A0A0A0A 0B0B0B0B 0C0C0C0C 0D0D0D0D 0E0E0E0E 0F0F0F0F 10101010 11111111 12121212 13131313 14141414 15151515 16161616 17171717 18181818 19191919 1A1A1A1A 1B1B1B1B 1C1C1C1C 1D1D1D1D 1E1E1E1E 1F1F1F1F 
[TC_DEBUG]     [ 108] 00000000 01010101 02020202 03030303 04040404 05050505 06060606 07070707 08080808 09090909 0A0A0A0A 0B0B0B0B 0C0C0C0C 0D0D0D0D 0E0E0E0E 0F0F0F0F 10101010 11111111 12121212 13131313 14141414 15151515 16161616 17171717 18181818 19191919 1A1A1A1A 1B1B1B1B 1C1C1C1C 1D1D1D1D 1E1E1E1E 1F1F1F1F 
[TC_DEBUG]     [ 109] 00000000 01010101 02020202 03030303 04040404 05050505 06060606 07070707 08080808 09090909 0A0A0A0A 0B0B0B0B 0C0C0C0C 0D0D0D0D 0E0E0E0E 0F0F0F0F 10101010 11111111 12121212 13131313 14141414 15151515 16161616 17171717 18181818 19191919 1A1A1A1A 1B1B1B1B 1C1C1C1C 1D1D1D1D 1E1E1E1E 1F1F1F1F 
[TC_DEBUG]     [ 110] 00000000 01010101 02020202 03030303 04040404 05050505 06060606 07070707 08080808 09090909 0A0A0A0A 0B0B0B0B 0C0C0C0C 0D0D0D0D 0E0E0E0E 0F0F0F0F 10101010 11111111 12121212 13131313 14141414 15151515 16161616 17171717 18181818 19191919 1A1A1A1A 1B1B1B1B 1C1C1C1C 1D1D1D1D 1E1E1E1E 1F1F1F1F 
[TC_DEBUG]     [ 111] 00000000 01010101 02020202 03030303 04040404 05050505 06060606 07070707 08080808 09090909 0A0A0A0A 0B0B0B0B 0C0C0C0C 0D0D0D0D 0E0E0E0E 0F0F0F0F 10101010 11111111 12121212 13131313 14141414 15151515 16161616 17171717 18181818 19191919 1A1A1A1A 1B1B1B1B 1C1C1C1C 1D1D1D1D 1E1E1E1E 1F1F1F1F 
[TC_DEBUG]     [ 112] 00000000 01010101 02020202 03030303 04040404 05050505 06060606 07070707 08080808 09090909 0A0A0A0A 0B0B0B0B 0C0C0C0C 0D0D0D0D 0E0E0E0E 0F0F0F0F 10101010 11111111 12121212 13131313 14141414 15151515 16161616 17171717 18181818 19191919 1A1A1A1A 1B1B1B1B 1C1C1C1C 1D1D1D1D 1E1E1E1E 1F1F1F1F 
[TC_DEBUG]     [ 113] 00000000 01010101 02020202 03030303 04040404 05050505 06060606 07070707 08080808 09090909 0A0A0A0A 0B0B0B0B 0C0C0C0C 0D0D0D0D 0E0E0E0E 0F0F0F0F 10101010 11111111 12121212 13131313 14141414 15151515 16161616 17171717 18181818 19191919 1A1A1A1A 1B1B1B1B 1C1C1C1C 1D1D1D1D 1E1E1E1E 1F1F1F1F 
[TC_DEBUG]     [ 114] 00000000 01010101 02020202 03030303 04040404 05050505 06060606 07070707 08080808 09090909 0A0A0A0A 0B0B0B0B 0C0C0C0C 0D0D0D0D 0E0E0E0E 0F0F0F0F 10101010 11111111 12121212 13131313 14141414 15151515 16161616 17171717 18181818 19191919 1A1A1A1A 1B1B1B1B 1C1C1C1C 1D1D1D1D 1E1E1E1E 1F1F1F1F 
[TC_DEBUG]     [ 115] 00000000 01010101 02020202 03030303 04040404 05050505 06060606 07070707 08080808 09090909 0A0A0A0A 0B0B0B0B 0C0C0C0C 0D0D0D0D 0E0E0E0E 0F0F0F0F 10101010 11111111 12121212 13131313 14141414 15151515 16161616 17171717 18181818 19191919 1A1A1A1A 1B1B1B1B 1C1C1C1C 1D1D1D1D 1E1E1E1E 1F1F1F1F 
[TC_DEBUG]     [ 116] 00000000 01010101 02020202 03030303 04040404 05050505 06060606 07070707 08080808 09090909 0A0A0A0A 0B0B0B0B 0C0C0C0C 0D0D0D0D 0E0E0E0E 0F0F0F0F 10101010 11111111 12121212 13131313 14141414 15151515 16161616 17171717 18181818 19191919 1A1A1A1A 1B1B1B1B 1C1C1C1C 1D1D1D1D 1E1E1E1E 1F1F1F1F 
[TC_DEBUG]     [ 117] 00000000 01010101 02020202 03030303 04040404 05050505 06060606 07070707 08080808 09090909 0A0A0A0A 0B0B0B0B 0C0C0C0C 0D0D0D0D 0E0E0E0E 0F0F0F0F 10101010 11111111 12121212 13131313 14141414 15151515 16161616 17171717 18181818 19191919 1A1A1A1A 1B1B1B1B 1C1C1C1C 1D1D1D1D 1E1E1E1E 1F1F1F1F 
[TC_DEBUG]     [ 118] 00000000 01010101 02020202 03030303 04040404 05050505 06060606 07070707 08080808 09090909 0A0A0A0A 0B0B0B0B 0C0C0C0C 0D0D0D0D 0E0E0E0E 0F0F0F0F 10101010 11111111 12121212 13131313 14141414 15151515 16161616 17171717 18181818 19191919 1A1A1A1A 1B1B1B1B 1C1C1C1C 1D1D1D1D 1E1E1E1E 1F1F1F1F 
[TC_DEBUG]     [ 119] 00000000 01010101 02020202 03030303 04040404 05050505 06060606 07070707 08080808 09090909 0A0A0A0A 0B0B0B0B 0C0C0C0C 0D0D0D0D 0E0E0E0E 0F0F0F0F 10101010 11111111 12121212 13131313 14141414 15151515 16161616 17171717 18181818 19191919 1A1A1A1A 1B1B1B1B 1C1C1C1C 1D1D1D1D 1E1E1E1E 1F1F1F1F 
[TC_DEBUG]     [ 120] 00000000 01010101 02020202 03030303 04040404 05050505 06060606 07070707 08080808 09090909 0A0A0A0A 0B0B0B0B 0C0C0C0C 0D0D0D0D 0E0E0E0E 0F0F0F0F 10101010 11111111 12121212 13131313 14141414 15151515 16161616 17171717 18181818 19191919 1A1A1A1A 1B1B1B1B 1C1C1C1C 1D1D1D1D 1E1E1E1E 1F1F1F1F 
[TC_DEBUG]     [ 121] 00000000 01010101 02020202 03030303 04040404 05050505 06060606 07070707 08080808 09090909 0A0A0A0A 0B0B0B0B 0C0C0C0C 0D0D0D0D 0E0E0E0E 0F0F0F0F 10101010 11111111 12121212 13131313 14141414 15151515 16161616 17171717 18181818 19191919 1A1A1A1A 1B1B1B1B 1C1C1C1C 1D1D1D1D 1E1E1E1E 1F1F1F1F 
[TC_DEBUG]     [ 122] 00000000 01010101 02020202 03030303 04040404 05050505 06060606 07070707 08080808 09090909 0A0A0A0A 0B0B0B0B 0C0C0C0C 0D0D0D0D 0E0E0E0E 0F0F0F0F 10101010 11111111 12121212 13131313 14141414 15151515 16161616 17171717 18181818 19191919 1A1A1A1A 1B1B1B1B 1C1C1C1C 1D1D1D1D 1E1E1E1E 1F1F1F1F 
[TC_DEBUG]     [ 123] 00000000 01010101 02020202 03030303 04040404 05050505 06060606 07070707 08080808 09090909 0A0A0A0A 0B0B0B0B 0C0C0C0C 0D0D0D0D 0E0E0E0E 0F0F0F0F 10101010 11111111 12121212 13131313 14141414 15151515 16161616 17171717 18181818 19191919 1A1A1A1A 1B1B1B1B 1C1C1C1C 1D1D1D1D 1E1E1E1E 1F1F1F1F 
[TC_DEBUG]     [ 124] 00000000 01010101 02020202 03030303 04040404 05050505 06060606 07070707 08080808 09090909 0A0A0A0A 0B0B0B0B 0C0C0C0C 0D0D0D0D 0E0E0E0E 0F0F0F0F 10101010 11111111 12121212 13131313 14141414 15151515 16161616 17171717 18181818 19191919 1A1A1A1A 1B1B1B1B 1C1C1C1C 1D1D1D1D 1E1E1E1E 1F1F1F1F 
[TC_DEBUG]     [ 125] 00000000 01010101 02020202 03030303 04040404 05050505 06060606 07070707 08080808 09090909 0A0A0A0A 0B0B0B0B 0C0C0C0C 0D0D0D0D 0E0E0E0E 0F0F0F0F 10101010 11111111 12121212 13131313 14141414 15151515 16161616 17171717 18181818 19191919 1A1A1A1A 1B1B1B1B 1C1C1C1C 1D1D1D1D 1E1E1E1E 1F1F1F1F 
[TC_DEBUG]     [ 126] 00000000 01010101 02020202 03030303 04040404 05050505 06060606 07070707 08080808 09090909 0A0A0A0A 0B0B0B0B 0C0C0C0C 0D0D0D0D 0E0E0E0E 0F0F0F0F 10101010 11111111 12121212 13131313 14141414 15151515 16161616 17171717 18181818 19191919 1A1A1A1A 1B1B1B1B 1C1C1C1C 1D1D1D1D 1E1E1E1E 1F1F1F1F 
[TC_DEBUG]     [ 127] 00000000 01010101 02020202 03030303 04040404 05050505 06060606 07070707 08080808 09090909 0A0A0A0A 0B0B0B0B 0C0C0C0C 0D0D0D0D 0E0E0E0E 0F0F0F0F 10101010 11111111 12121212 13131313 14141414 15151515 16161616 17171717 18181818 19191919 1A1A1A1A 1B1B1B1B 1C1C1C1C 1D1D1D1D 1E1E1E1E 1F1F1F1F 
Test 2 completed - acc_buffer initialized with horizontal broadcast

=== Test 3: tc.st.init 2x2 left (Left Data) ===
Mode: 2x2 (M2=2, N2=2)
rs2_config: 0x00000200
  startpoint_top=0, size_top=2 (vertical broadcast)
acc_addr: 0x50000000
[TC] tc.st.init       PC=0x800005F0  Encoding=0x0A0C3B5B
[TC_DEBUG] tc.st.init: trs1=0, rs1v=0x50000000, rs2v=0x00000200
[TC_DEBUG]   M2=2, M1=32, N2=2, N1=32
[TC_DEBUG]   startpoint_left=0, size_left=2
[TC_DEBUG]   startpoint_top=0, size_top=0
[TC_DEBUG]   LeftData (tr0, 64 int32 elements):
[TC_DEBUG]     [0000] 00000000 01010101 02020202 03030303 04040404 05050505 06060606 07070707 08080808 09090909 0A0A0A0A 0B0B0B0B 0C0C0C0C 0D0D0D0D 0E0E0E0E 0F0F0F0F 10101010 11111111 12121212 13131313 14141414 15151515 16161616 17171717 18181818 19191919 1A1A1A1A 1B1B1B1B 1C1C1C1C 1D1D1D1D 1E1E1E1E 1F1F1F1F 
[TC_DEBUG]     [0032] 20202020 21212121 22222222 23232323 24242424 25252525 26262626 27272727 28282828 29292929 2A2A2A2A 2B2B2B2B 2C2C2C2C 2D2D2D2D 2E2E2E2E 2F2F2F2F 30303030 31313131 32323232 33333333 34343434 35353535 36363636 37373737 38383838 39393939 3A3A3A3A 3B3B3B3B 3C3C3C3C 3D3D3D3D 3E3E3E3E 3F3F3F3F 
[TC_DEBUG]   AccBuffer (base=0x50000000, 4096 elements):
[TC_DEBUG]            [   0  ] [   1  ] [   2  ] [   3  ] [   4  ] [   5  ] [   6  ] [   7  ] [   8  ] [   9  ] [  10  ] [  11  ] [  12  ] [  13  ] [  14  ] [  15  ] [  16  ] [  17  ] [  18  ] [  19  ] [  20  ] [  21  ] [  22  ] [  23  ] [  24  ] [  25  ] [  26  ] [  27  ] [  28  ] [  29  ] [  30  ] [  31  ] 
[TC_DEBUG]     [   0] 00000000 00000000 00000000 00000000 00000000 00000000 00000000 00000000 00000000 00000000 00000000 00000000 00000000 00000000 00000000 00000000 00000000 00000000 00000000 00000000 00000000 00000000 00000000 00000000 00000000 00000000 00000000 00000000 00000000 00000000 00000000 00000000 
[TC_DEBUG]     [   1] 00000000 00000000 00000000 00000000 00000000 00000000 00000000 00000000 00000000 00000000 00000000 00000000 00000000 00000000 00000000 00000000 00000000 00000000 00000000 00000000 00000000 00000000 00000000 00000000 00000000 00000000 00000000 00000000 00000000 00000000 00000000 00000000 
[TC_DEBUG]     [   2] 01010101 01010101 01010101 01010101 01010101 01010101 01010101 01010101 01010101 01010101 01010101 01010101 01010101 01010101 01010101 01010101 01010101 01010101 01010101 01010101 01010101 01010101 01010101 01010101 01010101 01010101 01010101 01010101 01010101 01010101 01010101 01010101 
[TC_DEBUG]     [   3] 01010101 01010101 01010101 01010101 01010101 01010101 01010101 01010101 01010101 01010101 01010101 01010101 01010101 01010101 01010101 01010101 01010101 01010101 01010101 01010101 01010101 01010101 01010101 01010101 01010101 01010101 01010101 01010101 01010101 01010101 01010101 01010101 
[TC_DEBUG]     [   4] 02020202 02020202 02020202 02020202 02020202 02020202 02020202 02020202 02020202 02020202 02020202 02020202 02020202 02020202 02020202 02020202 02020202 02020202 02020202 02020202 02020202 02020202 02020202 02020202 02020202 02020202 02020202 02020202 02020202 02020202 02020202 02020202 
[TC_DEBUG]     [   5] 02020202 02020202 02020202 02020202 02020202 02020202 02020202 02020202 02020202 02020202 02020202 02020202 02020202 02020202 02020202 02020202 02020202 02020202 02020202 02020202 02020202 02020202 02020202 02020202 02020202 02020202 02020202 02020202 02020202 02020202 02020202 02020202 
[TC_DEBUG]     [   6] 03030303 03030303 03030303 03030303 03030303 03030303 03030303 03030303 03030303 03030303 03030303 03030303 03030303 03030303 03030303 03030303 03030303 03030303 03030303 03030303 03030303 03030303 03030303 03030303 03030303 03030303 03030303 03030303 03030303 03030303 03030303 03030303 
[TC_DEBUG]     [   7] 03030303 03030303 03030303 03030303 03030303 03030303 03030303 03030303 03030303 03030303 03030303 03030303 03030303 03030303 03030303 03030303 03030303 03030303 03030303 03030303 03030303 03030303 03030303 03030303 03030303 03030303 03030303 03030303 03030303 03030303 03030303 03030303 
[TC_DEBUG]     [   8] 04040404 04040404 04040404 04040404 04040404 04040404 04040404 04040404 04040404 04040404 04040404 04040404 04040404 04040404 04040404 04040404 04040404 04040404 04040404 04040404 04040404 04040404 04040404 04040404 04040404 04040404 04040404 04040404 04040404 04040404 04040404 04040404 
[TC_DEBUG]     [   9] 04040404 04040404 04040404 04040404 04040404 04040404 04040404 04040404 04040404 04040404 04040404 04040404 04040404 04040404 04040404 04040404 04040404 04040404 04040404 04040404 04040404 04040404 04040404 04040404 04040404 04040404 04040404 04040404 04040404 04040404 04040404 04040404 
[TC_DEBUG]     [  10] 05050505 05050505 05050505 05050505 05050505 05050505 05050505 05050505 05050505 05050505 05050505 05050505 05050505 05050505 05050505 05050505 05050505 05050505 05050505 05050505 05050505 05050505 05050505 05050505 05050505 05050505 05050505 05050505 05050505 05050505 05050505 05050505 
[TC_DEBUG]     [  11] 05050505 05050505 05050505 05050505 05050505 05050505 05050505 05050505 05050505 05050505 05050505 05050505 05050505 05050505 05050505 05050505 05050505 05050505 05050505 05050505 05050505 05050505 05050505 05050505 05050505 05050505 05050505 05050505 05050505 05050505 05050505 05050505 
[TC_DEBUG]     [  12] 06060606 06060606 06060606 06060606 06060606 06060606 06060606 06060606 06060606 06060606 06060606 06060606 06060606 06060606 06060606 06060606 06060606 06060606 06060606 06060606 06060606 06060606 06060606 06060606 06060606 06060606 06060606 06060606 06060606 06060606 06060606 06060606 
[TC_DEBUG]     [  13] 06060606 06060606 06060606 06060606 06060606 06060606 06060606 06060606 06060606 06060606 06060606 06060606 06060606 06060606 06060606 06060606 06060606 06060606 06060606 06060606 06060606 06060606 06060606 06060606 06060606 06060606 06060606 06060606 06060606 06060606 06060606 06060606 
[TC_DEBUG]     [  14] 07070707 07070707 07070707 07070707 07070707 07070707 07070707 07070707 07070707 07070707 07070707 07070707 07070707 07070707 07070707 07070707 07070707 07070707 07070707 07070707 07070707 07070707 07070707 07070707 07070707 07070707 07070707 07070707 07070707 07070707 07070707 07070707 
[TC_DEBUG]     [  15] 07070707 07070707 07070707 07070707 07070707 07070707 07070707 07070707 07070707 07070707 07070707 07070707 07070707 07070707 07070707 07070707 07070707 07070707 07070707 07070707 07070707 07070707 07070707 07070707 07070707 07070707 07070707 07070707 07070707 07070707 07070707 07070707 
[TC_DEBUG]     [  16] 08080808 08080808 08080808 08080808 08080808 08080808 08080808 08080808 08080808 08080808 08080808 08080808 08080808 08080808 08080808 08080808 08080808 08080808 08080808 08080808 08080808 08080808 08080808 08080808 08080808 08080808 08080808 08080808 08080808 08080808 08080808 08080808 
[TC_DEBUG]     [  17] 08080808 08080808 08080808 08080808 08080808 08080808 08080808 08080808 08080808 08080808 08080808 08080808 08080808 08080808 08080808 08080808 08080808 08080808 08080808 08080808 08080808 08080808 08080808 08080808 08080808 08080808 08080808 08080808 08080808 08080808 08080808 08080808 
[TC_DEBUG]     [  18] 09090909 09090909 09090909 09090909 09090909 09090909 09090909 09090909 09090909 09090909 09090909 09090909 09090909 09090909 09090909 09090909 09090909 09090909 09090909 09090909 09090909 09090909 09090909 09090909 09090909 09090909 09090909 09090909 09090909 09090909 09090909 09090909 
[TC_DEBUG]     [  19] 09090909 09090909 09090909 09090909 09090909 09090909 09090909 09090909 09090909 09090909 09090909 09090909 09090909 09090909 09090909 09090909 09090909 09090909 09090909 09090909 09090909 09090909 09090909 09090909 09090909 09090909 09090909 09090909 09090909 09090909 09090909 09090909 
[TC_DEBUG]     [  20] 0A0A0A0A 0A0A0A0A 0A0A0A0A 0A0A0A0A 0A0A0A0A 0A0A0A0A 0A0A0A0A 0A0A0A0A 0A0A0A0A 0A0A0A0A 0A0A0A0A 0A0A0A0A 0A0A0A0A 0A0A0A0A 0A0A0A0A 0A0A0A0A 0A0A0A0A 0A0A0A0A 0A0A0A0A 0A0A0A0A 0A0A0A0A 0A0A0A0A 0A0A0A0A 0A0A0A0A 0A0A0A0A 0A0A0A0A 0A0A0A0A 0A0A0A0A 0A0A0A0A 0A0A0A0A 0A0A0A0A 0A0A0A0A 
[TC_DEBUG]     [  21] 0A0A0A0A 0A0A0A0A 0A0A0A0A 0A0A0A0A 0A0A0A0A 0A0A0A0A 0A0A0A0A 0A0A0A0A 0A0A0A0A 0A0A0A0A 0A0A0A0A 0A0A0A0A 0A0A0A0A 0A0A0A0A 0A0A0A0A 0A0A0A0A 0A0A0A0A 0A0A0A0A 0A0A0A0A 0A0A0A0A 0A0A0A0A 0A0A0A0A 0A0A0A0A 0A0A0A0A 0A0A0A0A 0A0A0A0A 0A0A0A0A 0A0A0A0A 0A0A0A0A 0A0A0A0A 0A0A0A0A 0A0A0A0A 
[TC_DEBUG]     [  22] 0B0B0B0B 0B0B0B0B 0B0B0B0B 0B0B0B0B 0B0B0B0B 0B0B0B0B 0B0B0B0B 0B0B0B0B 0B0B0B0B 0B0B0B0B 0B0B0B0B 0B0B0B0B 0B0B0B0B 0B0B0B0B 0B0B0B0B 0B0B0B0B 0B0B0B0B 0B0B0B0B 0B0B0B0B 0B0B0B0B 0B0B0B0B 0B0B0B0B 0B0B0B0B 0B0B0B0B 0B0B0B0B 0B0B0B0B 0B0B0B0B 0B0B0B0B 0B0B0B0B 0B0B0B0B 0B0B0B0B 0B0B0B0B 
[TC_DEBUG]     [  23] 0B0B0B0B 0B0B0B0B 0B0B0B0B 0B0B0B0B 0B0B0B0B 0B0B0B0B 0B0B0B0B 0B0B0B0B 0B0B0B0B 0B0B0B0B 0B0B0B0B 0B0B0B0B 0B0B0B0B 0B0B0B0B 0B0B0B0B 0B0B0B0B 0B0B0B0B 0B0B0B0B 0B0B0B0B 0B0B0B0B 0B0B0B0B 0B0B0B0B 0B0B0B0B 0B0B0B0B 0B0B0B0B 0B0B0B0B 0B0B0B0B 0B0B0B0B 0B0B0B0B 0B0B0B0B 0B0B0B0B 0B0B0B0B 
[TC_DEBUG]     [  24] 0C0C0C0C 0C0C0C0C 0C0C0C0C 0C0C0C0C 0C0C0C0C 0C0C0C0C 0C0C0C0C 0C0C0C0C 0C0C0C0C 0C0C0C0C 0C0C0C0C 0C0C0C0C 0C0C0C0C 0C0C0C0C 0C0C0C0C 0C0C0C0C 0C0C0C0C 0C0C0C0C 0C0C0C0C 0C0C0C0C 0C0C0C0C 0C0C0C0C 0C0C0C0C 0C0C0C0C 0C0C0C0C 0C0C0C0C 0C0C0C0C 0C0C0C0C 0C0C0C0C 0C0C0C0C 0C0C0C0C 0C0C0C0C 
[TC_DEBUG]     [  25] 0C0C0C0C 0C0C0C0C 0C0C0C0C 0C0C0C0C 0C0C0C0C 0C0C0C0C 0C0C0C0C 0C0C0C0C 0C0C0C0C 0C0C0C0C 0C0C0C0C 0C0C0C0C 0C0C0C0C 0C0C0C0C 0C0C0C0C 0C0C0C0C 0C0C0C0C 0C0C0C0C 0C0C0C0C 0C0C0C0C 0C0C0C0C 0C0C0C0C 0C0C0C0C 0C0C0C0C 0C0C0C0C 0C0C0C0C 0C0C0C0C 0C0C0C0C 0C0C0C0C 0C0C0C0C 0C0C0C0C 0C0C0C0C 
[TC_DEBUG]     [  26] 0D0D0D0D 0D0D0D0D 0D0D0D0D 0D0D0D0D 0D0D0D0D 0D0D0D0D 0D0D0D0D 0D0D0D0D 0D0D0D0D 0D0D0D0D 0D0D0D0D 0D0D0D0D 0D0D0D0D 0D0D0D0D 0D0D0D0D 0D0D0D0D 0D0D0D0D 0D0D0D0D 0D0D0D0D 0D0D0D0D 0D0D0D0D 0D0D0D0D 0D0D0D0D 0D0D0D0D 0D0D0D0D 0D0D0D0D 0D0D0D0D 0D0D0D0D 0D0D0D0D 0D0D0D0D 0D0D0D0D 0D0D0D0D 
[TC_DEBUG]     [  27] 0D0D0D0D 0D0D0D0D 0D0D0D0D 0D0D0D0D 0D0D0D0D 0D0D0D0D 0D0D0D0D 0D0D0D0D 0D0D0D0D 0D0D0D0D 0D0D0D0D 0D0D0D0D 0D0D0D0D 0D0D0D0D 0D0D0D0D 0D0D0D0D 0D0D0D0D 0D0D0D0D 0D0D0D0D 0D0D0D0D 0D0D0D0D 0D0D0D0D 0D0D0D0D 0D0D0D0D 0D0D0D0D 0D0D0D0D 0D0D0D0D 0D0D0D0D 0D0D0D0D 0D0D0D0D 0D0D0D0D 0D0D0D0D 
[TC_DEBUG]     [  28] 0E0E0E0E 0E0E0E0E 0E0E0E0E 0E0E0E0E 0E0E0E0E 0E0E0E0E 0E0E0E0E 0E0E0E0E 0E0E0E0E 0E0E0E0E 0E0E0E0E 0E0E0E0E 0E0E0E0E 0E0E0E0E 0E0E0E0E 0E0E0E0E 0E0E0E0E 0E0E0E0E 0E0E0E0E 0E0E0E0E 0E0E0E0E 0E0E0E0E 0E0E0E0E 0E0E0E0E 0E0E0E0E 0E0E0E0E 0E0E0E0E 0E0E0E0E 0E0E0E0E 0E0E0E0E 0E0E0E0E 0E0E0E0E 
[TC_DEBUG]     [  29] 0E0E0E0E 0E0E0E0E 0E0E0E0E 0E0E0E0E 0E0E0E0E 0E0E0E0E 0E0E0E0E 0E0E0E0E 0E0E0E0E 0E0E0E0E 0E0E0E0E 0E0E0E0E 0E0E0E0E 0E0E0E0E 0E0E0E0E 0E0E0E0E 0E0E0E0E 0E0E0E0E 0E0E0E0E 0E0E0E0E 0E0E0E0E 0E0E0E0E 0E0E0E0E 0E0E0E0E 0E0E0E0E 0E0E0E0E 0E0E0E0E 0E0E0E0E 0E0E0E0E 0E0E0E0E 0E0E0E0E 0E0E0E0E 
[TC_DEBUG]     [  30] 0F0F0F0F 0F0F0F0F 0F0F0F0F 0F0F0F0F 0F0F0F0F 0F0F0F0F 0F0F0F0F 0F0F0F0F 0F0F0F0F 0F0F0F0F 0F0F0F0F 0F0F0F0F 0F0F0F0F 0F0F0F0F 0F0F0F0F 0F0F0F0F 0F0F0F0F 0F0F0F0F 0F0F0F0F 0F0F0F0F 0F0F0F0F 0F0F0F0F 0F0F0F0F 0F0F0F0F 0F0F0F0F 0F0F0F0F 0F0F0F0F 0F0F0F0F 0F0F0F0F 0F0F0F0F 0F0F0F0F 0F0F0F0F 
[TC_DEBUG]     [  31] 0F0F0F0F 0F0F0F0F 0F0F0F0F 0F0F0F0F 0F0F0F0F 0F0F0F0F 0F0F0F0F 0F0F0F0F 0F0F0F0F 0F0F0F0F 0F0F0F0F 0F0F0F0F 0F0F0F0F 0F0F0F0F 0F0F0F0F 0F0F0F0F 0F0F0F0F 0F0F0F0F 0F0F0F0F 0F0F0F0F 0F0F0F0F 0F0F0F0F 0F0F0F0F 0F0F0F0F 0F0F0F0F 0F0F0F0F 0F0F0F0F 0F0F0F0F 0F0F0F0F 0F0F0F0F 0F0F0F0F 0F0F0F0F 
[TC_DEBUG]     [  32] 10101010 10101010 10101010 10101010 10101010 10101010 10101010 10101010 10101010 10101010 10101010 10101010 10101010 10101010 10101010 10101010 10101010 10101010 10101010 10101010 10101010 10101010 10101010 10101010 10101010 10101010 10101010 10101010 10101010 10101010 10101010 10101010 
[TC_DEBUG]     [  33] 10101010 10101010 10101010 10101010 10101010 10101010 10101010 10101010 10101010 10101010 10101010 10101010 10101010 10101010 10101010 10101010 10101010 10101010 10101010 10101010 10101010 10101010 10101010 10101010 10101010 10101010 10101010 10101010 10101010 10101010 10101010 10101010 
[TC_DEBUG]     [  34] 11111111 11111111 11111111 11111111 11111111 11111111 11111111 11111111 11111111 11111111 11111111 11111111 11111111 11111111 11111111 11111111 11111111 11111111 11111111 11111111 11111111 11111111 11111111 11111111 11111111 11111111 11111111 11111111 11111111 11111111 11111111 11111111 
[TC_DEBUG]     [  35] 11111111 11111111 11111111 11111111 11111111 11111111 11111111 11111111 11111111 11111111 11111111 11111111 11111111 11111111 11111111 11111111 11111111 11111111 11111111 11111111 11111111 11111111 11111111 11111111 11111111 11111111 11111111 11111111 11111111 11111111 11111111 11111111 
[TC_DEBUG]     [  36] 12121212 12121212 12121212 12121212 12121212 12121212 12121212 12121212 12121212 12121212 12121212 12121212 12121212 12121212 12121212 12121212 12121212 12121212 12121212 12121212 12121212 12121212 12121212 12121212 12121212 12121212 12121212 12121212 12121212 12121212 12121212 12121212 
[TC_DEBUG]     [  37] 12121212 12121212 12121212 12121212 12121212 12121212 12121212 12121212 12121212 12121212 12121212 12121212 12121212 12121212 12121212 12121212 12121212 12121212 12121212 12121212 12121212 12121212 12121212 12121212 12121212 12121212 12121212 12121212 12121212 12121212 12121212 12121212 
[TC_DEBUG]     [  38] 13131313 13131313 13131313 13131313 13131313 13131313 13131313 13131313 13131313 13131313 13131313 13131313 13131313 13131313 13131313 13131313 13131313 13131313 13131313 13131313 13131313 13131313 13131313 13131313 13131313 13131313 13131313 13131313 13131313 13131313 13131313 13131313 
[TC_DEBUG]     [  39] 13131313 13131313 13131313 13131313 13131313 13131313 13131313 13131313 13131313 13131313 13131313 13131313 13131313 13131313 13131313 13131313 13131313 13131313 13131313 13131313 13131313 13131313 13131313 13131313 13131313 13131313 13131313 13131313 13131313 13131313 13131313 13131313 
[TC_DEBUG]     [  40] 14141414 14141414 14141414 14141414 14141414 14141414 14141414 14141414 14141414 14141414 14141414 14141414 14141414 14141414 14141414 14141414 14141414 14141414 14141414 14141414 14141414 14141414 14141414 14141414 14141414 14141414 14141414 14141414 14141414 14141414 14141414 14141414 
[TC_DEBUG]     [  41] 14141414 14141414 14141414 14141414 14141414 14141414 14141414 14141414 14141414 14141414 14141414 14141414 14141414 14141414 14141414 14141414 14141414 14141414 14141414 14141414 14141414 14141414 14141414 14141414 14141414 14141414 14141414 14141414 14141414 14141414 14141414 14141414 
[TC_DEBUG]     [  42] 15151515 15151515 15151515 15151515 15151515 15151515 15151515 15151515 15151515 15151515 15151515 15151515 15151515 15151515 15151515 15151515 15151515 15151515 15151515 15151515 15151515 15151515 15151515 15151515 15151515 15151515 15151515 15151515 15151515 15151515 15151515 15151515 
[TC_DEBUG]     [  43] 15151515 15151515 15151515 15151515 15151515 15151515 15151515 15151515 15151515 15151515 15151515 15151515 15151515 15151515 15151515 15151515 15151515 15151515 15151515 15151515 15151515 15151515 15151515 15151515 15151515 15151515 15151515 15151515 15151515 15151515 15151515 15151515 
[TC_DEBUG]     [  44] 16161616 16161616 16161616 16161616 16161616 16161616 16161616 16161616 16161616 16161616 16161616 16161616 16161616 16161616 16161616 16161616 16161616 16161616 16161616 16161616 16161616 16161616 16161616 16161616 16161616 16161616 16161616 16161616 16161616 16161616 16161616 16161616 
[TC_DEBUG]     [  45] 16161616 16161616 16161616 16161616 16161616 16161616 16161616 16161616 16161616 16161616 16161616 16161616 16161616 16161616 16161616 16161616 16161616 16161616 16161616 16161616 16161616 16161616 16161616 16161616 16161616 16161616 16161616 16161616 16161616 16161616 16161616 16161616 
[TC_DEBUG]     [  46] 17171717 17171717 17171717 17171717 17171717 17171717 17171717 17171717 17171717 17171717 17171717 17171717 17171717 17171717 17171717 17171717 17171717 17171717 17171717 17171717 17171717 17171717 17171717 17171717 17171717 17171717 17171717 17171717 17171717 17171717 17171717 17171717 
[TC_DEBUG]     [  47] 17171717 17171717 17171717 17171717 17171717 17171717 17171717 17171717 17171717 17171717 17171717 17171717 17171717 17171717 17171717 17171717 17171717 17171717 17171717 17171717 17171717 17171717 17171717 17171717 17171717 17171717 17171717 17171717 17171717 17171717 17171717 17171717 
[TC_DEBUG]     [  48] 18181818 18181818 18181818 18181818 18181818 18181818 18181818 18181818 18181818 18181818 18181818 18181818 18181818 18181818 18181818 18181818 18181818 18181818 18181818 18181818 18181818 18181818 18181818 18181818 18181818 18181818 18181818 18181818 18181818 18181818 18181818 18181818 
[TC_DEBUG]     [  49] 18181818 18181818 18181818 18181818 18181818 18181818 18181818 18181818 18181818 18181818 18181818 18181818 18181818 18181818 18181818 18181818 18181818 18181818 18181818 18181818 18181818 18181818 18181818 18181818 18181818 18181818 18181818 18181818 18181818 18181818 18181818 18181818 
[TC_DEBUG]     [  50] 19191919 19191919 19191919 19191919 19191919 19191919 19191919 19191919 19191919 19191919 19191919 19191919 19191919 19191919 19191919 19191919 19191919 19191919 19191919 19191919 19191919 19191919 19191919 19191919 19191919 19191919 19191919 19191919 19191919 19191919 19191919 19191919 
[TC_DEBUG]     [  51] 19191919 19191919 19191919 19191919 19191919 19191919 19191919 19191919 19191919 19191919 19191919 19191919 19191919 19191919 19191919 19191919 19191919 19191919 19191919 19191919 19191919 19191919 19191919 19191919 19191919 19191919 19191919 19191919 19191919 19191919 19191919 19191919 
[TC_DEBUG]     [  52] 1A1A1A1A 1A1A1A1A 1A1A1A1A 1A1A1A1A 1A1A1A1A 1A1A1A1A 1A1A1A1A 1A1A1A1A 1A1A1A1A 1A1A1A1A 1A1A1A1A 1A1A1A1A 1A1A1A1A 1A1A1A1A 1A1A1A1A 1A1A1A1A 1A1A1A1A 1A1A1A1A 1A1A1A1A 1A1A1A1A 1A1A1A1A 1A1A1A1A 1A1A1A1A 1A1A1A1A 1A1A1A1A 1A1A1A1A 1A1A1A1A 1A1A1A1A 1A1A1A1A 1A1A1A1A 1A1A1A1A 1A1A1A1A 
[TC_DEBUG]     [  53] 1A1A1A1A 1A1A1A1A 1A1A1A1A 1A1A1A1A 1A1A1A1A 1A1A1A1A 1A1A1A1A 1A1A1A1A 1A1A1A1A 1A1A1A1A 1A1A1A1A 1A1A1A1A 1A1A1A1A 1A1A1A1A 1A1A1A1A 1A1A1A1A 1A1A1A1A 1A1A1A1A 1A1A1A1A 1A1A1A1A 1A1A1A1A 1A1A1A1A 1A1A1A1A 1A1A1A1A 1A1A1A1A 1A1A1A1A 1A1A1A1A 1A1A1A1A 1A1A1A1A 1A1A1A1A 1A1A1A1A 1A1A1A1A 
[TC_DEBUG]     [  54] 1B1B1B1B 1B1B1B1B 1B1B1B1B 1B1B1B1B 1B1B1B1B 1B1B1B1B 1B1B1B1B 1B1B1B1B 1B1B1B1B 1B1B1B1B 1B1B1B1B 1B1B1B1B 1B1B1B1B 1B1B1B1B 1B1B1B1B 1B1B1B1B 1B1B1B1B 1B1B1B1B 1B1B1B1B 1B1B1B1B 1B1B1B1B 1B1B1B1B 1B1B1B1B 1B1B1B1B 1B1B1B1B 1B1B1B1B 1B1B1B1B 1B1B1B1B 1B1B1B1B 1B1B1B1B 1B1B1B1B 1B1B1B1B 
[TC_DEBUG]     [  55] 1B1B1B1B 1B1B1B1B 1B1B1B1B 1B1B1B1B 1B1B1B1B 1B1B1B1B 1B1B1B1B 1B1B1B1B 1B1B1B1B 1B1B1B1B 1B1B1B1B 1B1B1B1B 1B1B1B1B 1B1B1B1B 1B1B1B1B 1B1B1B1B 1B1B1B1B 1B1B1B1B 1B1B1B1B 1B1B1B1B 1B1B1B1B 1B1B1B1B 1B1B1B1B 1B1B1B1B 1B1B1B1B 1B1B1B1B 1B1B1B1B 1B1B1B1B 1B1B1B1B 1B1B1B1B 1B1B1B1B 1B1B1B1B 
[TC_DEBUG]     [  56] 1C1C1C1C 1C1C1C1C 1C1C1C1C 1C1C1C1C 1C1C1C1C 1C1C1C1C 1C1C1C1C 1C1C1C1C 1C1C1C1C 1C1C1C1C 1C1C1C1C 1C1C1C1C 1C1C1C1C 1C1C1C1C 1C1C1C1C 1C1C1C1C 1C1C1C1C 1C1C1C1C 1C1C1C1C 1C1C1C1C 1C1C1C1C 1C1C1C1C 1C1C1C1C 1C1C1C1C 1C1C1C1C 1C1C1C1C 1C1C1C1C 1C1C1C1C 1C1C1C1C 1C1C1C1C 1C1C1C1C 1C1C1C1C 
[TC_DEBUG]     [  57] 1C1C1C1C 1C1C1C1C 1C1C1C1C 1C1C1C1C 1C1C1C1C 1C1C1C1C 1C1C1C1C 1C1C1C1C 1C1C1C1C 1C1C1C1C 1C1C1C1C 1C1C1C1C 1C1C1C1C 1C1C1C1C 1C1C1C1C 1C1C1C1C 1C1C1C1C 1C1C1C1C 1C1C1C1C 1C1C1C1C 1C1C1C1C 1C1C1C1C 1C1C1C1C 1C1C1C1C 1C1C1C1C 1C1C1C1C 1C1C1C1C 1C1C1C1C 1C1C1C1C 1C1C1C1C 1C1C1C1C 1C1C1C1C 
[TC_DEBUG]     [  58] 1D1D1D1D 1D1D1D1D 1D1D1D1D 1D1D1D1D 1D1D1D1D 1D1D1D1D 1D1D1D1D 1D1D1D1D 1D1D1D1D 1D1D1D1D 1D1D1D1D 1D1D1D1D 1D1D1D1D 1D1D1D1D 1D1D1D1D 1D1D1D1D 1D1D1D1D 1D1D1D1D 1D1D1D1D 1D1D1D1D 1D1D1D1D 1D1D1D1D 1D1D1D1D 1D1D1D1D 1D1D1D1D 1D1D1D1D 1D1D1D1D 1D1D1D1D 1D1D1D1D 1D1D1D1D 1D1D1D1D 1D1D1D1D 
[TC_DEBUG]     [  59] 1D1D1D1D 1D1D1D1D 1D1D1D1D 1D1D1D1D 1D1D1D1D 1D1D1D1D 1D1D1D1D 1D1D1D1D 1D1D1D1D 1D1D1D1D 1D1D1D1D 1D1D1D1D 1D1D1D1D 1D1D1D1D 1D1D1D1D 1D1D1D1D 1D1D1D1D 1D1D1D1D 1D1D1D1D 1D1D1D1D 1D1D1D1D 1D1D1D1D 1D1D1D1D 1D1D1D1D 1D1D1D1D 1D1D1D1D 1D1D1D1D 1D1D1D1D 1D1D1D1D 1D1D1D1D 1D1D1D1D 1D1D1D1D 
[TC_DEBUG]     [  60] 1E1E1E1E 1E1E1E1E 1E1E1E1E 1E1E1E1E 1E1E1E1E 1E1E1E1E 1E1E1E1E 1E1E1E1E 1E1E1E1E 1E1E1E1E 1E1E1E1E 1E1E1E1E 1E1E1E1E 1E1E1E1E 1E1E1E1E 1E1E1E1E 1E1E1E1E 1E1E1E1E 1E1E1E1E 1E1E1E1E 1E1E1E1E 1E1E1E1E 1E1E1E1E 1E1E1E1E 1E1E1E1E 1E1E1E1E 1E1E1E1E 1E1E1E1E 1E1E1E1E 1E1E1E1E 1E1E1E1E 1E1E1E1E 
[TC_DEBUG]     [  61] 1E1E1E1E 1E1E1E1E 1E1E1E1E 1E1E1E1E 1E1E1E1E 1E1E1E1E 1E1E1E1E 1E1E1E1E 1E1E1E1E 1E1E1E1E 1E1E1E1E 1E1E1E1E 1E1E1E1E 1E1E1E1E 1E1E1E1E 1E1E1E1E 1E1E1E1E 1E1E1E1E 1E1E1E1E 1E1E1E1E 1E1E1E1E 1E1E1E1E 1E1E1E1E 1E1E1E1E 1E1E1E1E 1E1E1E1E 1E1E1E1E 1E1E1E1E 1E1E1E1E 1E1E1E1E 1E1E1E1E 1E1E1E1E 
[TC_DEBUG]     [  62] 1F1F1F1F 1F1F1F1F 1F1F1F1F 1F1F1F1F 1F1F1F1F 1F1F1F1F 1F1F1F1F 1F1F1F1F 1F1F1F1F 1F1F1F1F 1F1F1F1F 1F1F1F1F 1F1F1F1F 1F1F1F1F 1F1F1F1F 1F1F1F1F 1F1F1F1F 1F1F1F1F 1F1F1F1F 1F1F1F1F 1F1F1F1F 1F1F1F1F 1F1F1F1F 1F1F1F1F 1F1F1F1F 1F1F1F1F 1F1F1F1F 1F1F1F1F 1F1F1F1F 1F1F1F1F 1F1F1F1F 1F1F1F1F 
[TC_DEBUG]     [  63] 1F1F1F1F 1F1F1F1F 1F1F1F1F 1F1F1F1F 1F1F1F1F 1F1F1F1F 1F1F1F1F 1F1F1F1F 1F1F1F1F 1F1F1F1F 1F1F1F1F 1F1F1F1F 1F1F1F1F 1F1F1F1F 1F1F1F1F 1F1F1F1F 1F1F1F1F 1F1F1F1F 1F1F1F1F 1F1F1F1F 1F1F1F1F 1F1F1F1F 1F1F1F1F 1F1F1F1F 1F1F1F1F 1F1F1F1F 1F1F1F1F 1F1F1F1F 1F1F1F1F 1F1F1F1F 1F1F1F1F 1F1F1F1F 
[TC_DEBUG]     [  64] 20202020 20202020 20202020 20202020 20202020 20202020 20202020 20202020 20202020 20202020 20202020 20202020 20202020 20202020 20202020 20202020 20202020 20202020 20202020 20202020 20202020 20202020 20202020 20202020 20202020 20202020 20202020 20202020 20202020 20202020 20202020 20202020 
[TC_DEBUG]     [  65] 20202020 20202020 20202020 20202020 20202020 20202020 20202020 20202020 20202020 20202020 20202020 20202020 20202020 20202020 20202020 20202020 20202020 20202020 20202020 20202020 20202020 20202020 20202020 20202020 20202020 20202020 20202020 20202020 20202020 20202020 20202020 20202020 
[TC_DEBUG]     [  66] 21212121 21212121 21212121 21212121 21212121 21212121 21212121 21212121 21212121 21212121 21212121 21212121 21212121 21212121 21212121 21212121 21212121 21212121 21212121 21212121 21212121 21212121 21212121 21212121 21212121 21212121 21212121 21212121 21212121 21212121 21212121 21212121 
[TC_DEBUG]     [  67] 21212121 21212121 21212121 21212121 21212121 21212121 21212121 21212121 21212121 21212121 21212121 21212121 21212121 21212121 21212121 21212121 21212121 21212121 21212121 21212121 21212121 21212121 21212121 21212121 21212121 21212121 21212121 21212121 21212121 21212121 21212121 21212121 
[TC_DEBUG]     [  68] 22222222 22222222 22222222 22222222 22222222 22222222 22222222 22222222 22222222 22222222 22222222 22222222 22222222 22222222 22222222 22222222 22222222 22222222 22222222 22222222 22222222 22222222 22222222 22222222 22222222 22222222 22222222 22222222 22222222 22222222 22222222 22222222 
[TC_DEBUG]     [  69] 22222222 22222222 22222222 22222222 22222222 22222222 22222222 22222222 22222222 22222222 22222222 22222222 22222222 22222222 22222222 22222222 22222222 22222222 22222222 22222222 22222222 22222222 22222222 22222222 22222222 22222222 22222222 22222222 22222222 22222222 22222222 22222222 
[TC_DEBUG]     [  70] 23232323 23232323 23232323 23232323 23232323 23232323 23232323 23232323 23232323 23232323 23232323 23232323 23232323 23232323 23232323 23232323 23232323 23232323 23232323 23232323 23232323 23232323 23232323 23232323 23232323 23232323 23232323 23232323 23232323 23232323 23232323 23232323 
[TC_DEBUG]     [  71] 23232323 23232323 23232323 23232323 23232323 23232323 23232323 23232323 23232323 23232323 23232323 23232323 23232323 23232323 23232323 23232323 23232323 23232323 23232323 23232323 23232323 23232323 23232323 23232323 23232323 23232323 23232323 23232323 23232323 23232323 23232323 23232323 
[TC_DEBUG]     [  72] 24242424 24242424 24242424 24242424 24242424 24242424 24242424 24242424 24242424 24242424 24242424 24242424 24242424 24242424 24242424 24242424 24242424 24242424 24242424 24242424 24242424 24242424 24242424 24242424 24242424 24242424 24242424 24242424 24242424 24242424 24242424 24242424 
[TC_DEBUG]     [  73] 24242424 24242424 24242424 24242424 24242424 24242424 24242424 24242424 24242424 24242424 24242424 24242424 24242424 24242424 24242424 24242424 24242424 24242424 24242424 24242424 24242424 24242424 24242424 24242424 24242424 24242424 24242424 24242424 24242424 24242424 24242424 24242424 
[TC_DEBUG]     [  74] 25252525 25252525 25252525 25252525 25252525 25252525 25252525 25252525 25252525 25252525 25252525 25252525 25252525 25252525 25252525 25252525 25252525 25252525 25252525 25252525 25252525 25252525 25252525 25252525 25252525 25252525 25252525 25252525 25252525 25252525 25252525 25252525 
[TC_DEBUG]     [  75] 25252525 25252525 25252525 25252525 25252525 25252525 25252525 25252525 25252525 25252525 25252525 25252525 25252525 25252525 25252525 25252525 25252525 25252525 25252525 25252525 25252525 25252525 25252525 25252525 25252525 25252525 25252525 25252525 25252525 25252525 25252525 25252525 
[TC_DEBUG]     [  76] 26262626 26262626 26262626 26262626 26262626 26262626 26262626 26262626 26262626 26262626 26262626 26262626 26262626 26262626 26262626 26262626 26262626 26262626 26262626 26262626 26262626 26262626 26262626 26262626 26262626 26262626 26262626 26262626 26262626 26262626 26262626 26262626 
[TC_DEBUG]     [  77] 26262626 26262626 26262626 26262626 26262626 26262626 26262626 26262626 26262626 26262626 26262626 26262626 26262626 26262626 26262626 26262626 26262626 26262626 26262626 26262626 26262626 26262626 26262626 26262626 26262626 26262626 26262626 26262626 26262626 26262626 26262626 26262626 
[TC_DEBUG]     [  78] 27272727 27272727 27272727 27272727 27272727 27272727 27272727 27272727 27272727 27272727 27272727 27272727 27272727 27272727 27272727 27272727 27272727 27272727 27272727 27272727 27272727 27272727 27272727 27272727 27272727 27272727 27272727 27272727 27272727 27272727 27272727 27272727 
[TC_DEBUG]     [  79] 27272727 27272727 27272727 27272727 27272727 27272727 27272727 27272727 27272727 27272727 27272727 27272727 27272727 27272727 27272727 27272727 27272727 27272727 27272727 27272727 27272727 27272727 27272727 27272727 27272727 27272727 27272727 27272727 27272727 27272727 27272727 27272727 
[TC_DEBUG]     [  80] 28282828 28282828 28282828 28282828 28282828 28282828 28282828 28282828 28282828 28282828 28282828 28282828 28282828 28282828 28282828 28282828 28282828 28282828 28282828 28282828 28282828 28282828 28282828 28282828 28282828 28282828 28282828 28282828 28282828 28282828 28282828 28282828 
[TC_DEBUG]     [  81] 28282828 28282828 28282828 28282828 28282828 28282828 28282828 28282828 28282828 28282828 28282828 28282828 28282828 28282828 28282828 28282828 28282828 28282828 28282828 28282828 28282828 28282828 28282828 28282828 28282828 28282828 28282828 28282828 28282828 28282828 28282828 28282828 
[TC_DEBUG]     [  82] 29292929 29292929 29292929 29292929 29292929 29292929 29292929 29292929 29292929 29292929 29292929 29292929 29292929 29292929 29292929 29292929 29292929 29292929 29292929 29292929 29292929 29292929 29292929 29292929 29292929 29292929 29292929 29292929 29292929 29292929 29292929 29292929 
[TC_DEBUG]     [  83] 29292929 29292929 29292929 29292929 29292929 29292929 29292929 29292929 29292929 29292929 29292929 29292929 29292929 29292929 29292929 29292929 29292929 29292929 29292929 29292929 29292929 29292929 29292929 29292929 29292929 29292929 29292929 29292929 29292929 29292929 29292929 29292929 
[TC_DEBUG]     [  84] 2A2A2A2A 2A2A2A2A 2A2A2A2A 2A2A2A2A 2A2A2A2A 2A2A2A2A 2A2A2A2A 2A2A2A2A 2A2A2A2A 2A2A2A2A 2A2A2A2A 2A2A2A2A 2A2A2A2A 2A2A2A2A 2A2A2A2A 2A2A2A2A 2A2A2A2A 2A2A2A2A 2A2A2A2A 2A2A2A2A 2A2A2A2A 2A2A2A2A 2A2A2A2A 2A2A2A2A 2A2A2A2A 2A2A2A2A 2A2A2A2A 2A2A2A2A 2A2A2A2A 2A2A2A2A 2A2A2A2A 2A2A2A2A 
[TC_DEBUG]     [  85] 2A2A2A2A 2A2A2A2A 2A2A2A2A 2A2A2A2A 2A2A2A2A 2A2A2A2A 2A2A2A2A 2A2A2A2A 2A2A2A2A 2A2A2A2A 2A2A2A2A 2A2A2A2A 2A2A2A2A 2A2A2A2A 2A2A2A2A 2A2A2A2A 2A2A2A2A 2A2A2A2A 2A2A2A2A 2A2A2A2A 2A2A2A2A 2A2A2A2A 2A2A2A2A 2A2A2A2A 2A2A2A2A 2A2A2A2A 2A2A2A2A 2A2A2A2A 2A2A2A2A 2A2A2A2A 2A2A2A2A 2A2A2A2A 
[TC_DEBUG]     [  86] 2B2B2B2B 2B2B2B2B 2B2B2B2B 2B2B2B2B 2B2B2B2B 2B2B2B2B 2B2B2B2B 2B2B2B2B 2B2B2B2B 2B2B2B2B 2B2B2B2B 2B2B2B2B 2B2B2B2B 2B2B2B2B 2B2B2B2B 2B2B2B2B 2B2B2B2B 2B2B2B2B 2B2B2B2B 2B2B2B2B 2B2B2B2B 2B2B2B2B 2B2B2B2B 2B2B2B2B 2B2B2B2B 2B2B2B2B 2B2B2B2B 2B2B2B2B 2B2B2B2B 2B2B2B2B 2B2B2B2B 2B2B2B2B 
[TC_DEBUG]     [  87] 2B2B2B2B 2B2B2B2B 2B2B2B2B 2B2B2B2B 2B2B2B2B 2B2B2B2B 2B2B2B2B 2B2B2B2B 2B2B2B2B 2B2B2B2B 2B2B2B2B 2B2B2B2B 2B2B2B2B 2B2B2B2B 2B2B2B2B 2B2B2B2B 2B2B2B2B 2B2B2B2B 2B2B2B2B 2B2B2B2B 2B2B2B2B 2B2B2B2B 2B2B2B2B 2B2B2B2B 2B2B2B2B 2B2B2B2B 2B2B2B2B 2B2B2B2B 2B2B2B2B 2B2B2B2B 2B2B2B2B 2B2B2B2B 
[TC_DEBUG]     [  88] 2C2C2C2C 2C2C2C2C 2C2C2C2C 2C2C2C2C 2C2C2C2C 2C2C2C2C 2C2C2C2C 2C2C2C2C 2C2C2C2C 2C2C2C2C 2C2C2C2C 2C2C2C2C 2C2C2C2C 2C2C2C2C 2C2C2C2C 2C2C2C2C 2C2C2C2C 2C2C2C2C 2C2C2C2C 2C2C2C2C 2C2C2C2C 2C2C2C2C 2C2C2C2C 2C2C2C2C 2C2C2C2C 2C2C2C2C 2C2C2C2C 2C2C2C2C 2C2C2C2C 2C2C2C2C 2C2C2C2C 2C2C2C2C 
[TC_DEBUG]     [  89] 2C2C2C2C 2C2C2C2C 2C2C2C2C 2C2C2C2C 2C2C2C2C 2C2C2C2C 2C2C2C2C 2C2C2C2C 2C2C2C2C 2C2C2C2C 2C2C2C2C 2C2C2C2C 2C2C2C2C 2C2C2C2C 2C2C2C2C 2C2C2C2C 2C2C2C2C 2C2C2C2C 2C2C2C2C 2C2C2C2C 2C2C2C2C 2C2C2C2C 2C2C2C2C 2C2C2C2C 2C2C2C2C 2C2C2C2C 2C2C2C2C 2C2C2C2C 2C2C2C2C 2C2C2C2C 2C2C2C2C 2C2C2C2C 
[TC_DEBUG]     [  90] 2D2D2D2D 2D2D2D2D 2D2D2D2D 2D2D2D2D 2D2D2D2D 2D2D2D2D 2D2D2D2D 2D2D2D2D 2D2D2D2D 2D2D2D2D 2D2D2D2D 2D2D2D2D 2D2D2D2D 2D2D2D2D 2D2D2D2D 2D2D2D2D 2D2D2D2D 2D2D2D2D 2D2D2D2D 2D2D2D2D 2D2D2D2D 2D2D2D2D 2D2D2D2D 2D2D2D2D 2D2D2D2D 2D2D2D2D 2D2D2D2D 2D2D2D2D 2D2D2D2D 2D2D2D2D 2D2D2D2D 2D2D2D2D 
[TC_DEBUG]     [  91] 2D2D2D2D 2D2D2D2D 2D2D2D2D 2D2D2D2D 2D2D2D2D 2D2D2D2D 2D2D2D2D 2D2D2D2D 2D2D2D2D 2D2D2D2D 2D2D2D2D 2D2D2D2D 2D2D2D2D 2D2D2D2D 2D2D2D2D 2D2D2D2D 2D2D2D2D 2D2D2D2D 2D2D2D2D 2D2D2D2D 2D2D2D2D 2D2D2D2D 2D2D2D2D 2D2D2D2D 2D2D2D2D 2D2D2D2D 2D2D2D2D 2D2D2D2D 2D2D2D2D 2D2D2D2D 2D2D2D2D 2D2D2D2D 
[TC_DEBUG]     [  92] 2E2E2E2E 2E2E2E2E 2E2E2E2E 2E2E2E2E 2E2E2E2E 2E2E2E2E 2E2E2E2E 2E2E2E2E 2E2E2E2E 2E2E2E2E 2E2E2E2E 2E2E2E2E 2E2E2E2E 2E2E2E2E 2E2E2E2E 2E2E2E2E 2E2E2E2E 2E2E2E2E 2E2E2E2E 2E2E2E2E 2E2E2E2E 2E2E2E2E 2E2E2E2E 2E2E2E2E 2E2E2E2E 2E2E2E2E 2E2E2E2E 2E2E2E2E 2E2E2E2E 2E2E2E2E 2E2E2E2E 2E2E2E2E 
[TC_DEBUG]     [  93] 2E2E2E2E 2E2E2E2E 2E2E2E2E 2E2E2E2E 2E2E2E2E 2E2E2E2E 2E2E2E2E 2E2E2E2E 2E2E2E2E 2E2E2E2E 2E2E2E2E 2E2E2E2E 2E2E2E2E 2E2E2E2E 2E2E2E2E 2E2E2E2E 2E2E2E2E 2E2E2E2E 2E2E2E2E 2E2E2E2E 2E2E2E2E 2E2E2E2E 2E2E2E2E 2E2E2E2E 2E2E2E2E 2E2E2E2E 2E2E2E2E 2E2E2E2E 2E2E2E2E 2E2E2E2E 2E2E2E2E 2E2E2E2E 
[TC_DEBUG]     [  94] 2F2F2F2F 2F2F2F2F 2F2F2F2F 2F2F2F2F 2F2F2F2F 2F2F2F2F 2F2F2F2F 2F2F2F2F 2F2F2F2F 2F2F2F2F 2F2F2F2F 2F2F2F2F 2F2F2F2F 2F2F2F2F 2F2F2F2F 2F2F2F2F 2F2F2F2F 2F2F2F2F 2F2F2F2F 2F2F2F2F 2F2F2F2F 2F2F2F2F 2F2F2F2F 2F2F2F2F 2F2F2F2F 2F2F2F2F 2F2F2F2F 2F2F2F2F 2F2F2F2F 2F2F2F2F 2F2F2F2F 2F2F2F2F 
[TC_DEBUG]     [  95] 2F2F2F2F 2F2F2F2F 2F2F2F2F 2F2F2F2F 2F2F2F2F 2F2F2F2F 2F2F2F2F 2F2F2F2F 2F2F2F2F 2F2F2F2F 2F2F2F2F 2F2F2F2F 2F2F2F2F 2F2F2F2F 2F2F2F2F 2F2F2F2F 2F2F2F2F 2F2F2F2F 2F2F2F2F 2F2F2F2F 2F2F2F2F 2F2F2F2F 2F2F2F2F 2F2F2F2F 2F2F2F2F 2F2F2F2F 2F2F2F2F 2F2F2F2F 2F2F2F2F 2F2F2F2F 2F2F2F2F 2F2F2F2F 
[TC_DEBUG]     [  96] 30303030 30303030 30303030 30303030 30303030 30303030 30303030 30303030 30303030 30303030 30303030 30303030 30303030 30303030 30303030 30303030 30303030 30303030 30303030 30303030 30303030 30303030 30303030 30303030 30303030 30303030 30303030 30303030 30303030 30303030 30303030 30303030 
[TC_DEBUG]     [  97] 30303030 30303030 30303030 30303030 30303030 30303030 30303030 30303030 30303030 30303030 30303030 30303030 30303030 30303030 30303030 30303030 30303030 30303030 30303030 30303030 30303030 30303030 30303030 30303030 30303030 30303030 30303030 30303030 30303030 30303030 30303030 30303030 
[TC_DEBUG]     [  98] 31313131 31313131 31313131 31313131 31313131 31313131 31313131 31313131 31313131 31313131 31313131 31313131 31313131 31313131 31313131 31313131 31313131 31313131 31313131 31313131 31313131 31313131 31313131 31313131 31313131 31313131 31313131 31313131 31313131 31313131 31313131 31313131 
[TC_DEBUG]     [  99] 31313131 31313131 31313131 31313131 31313131 31313131 31313131 31313131 31313131 31313131 31313131 31313131 31313131 31313131 31313131 31313131 31313131 31313131 31313131 31313131 31313131 31313131 31313131 31313131 31313131 31313131 31313131 31313131 31313131 31313131 31313131 31313131 
[TC_DEBUG]     [ 100] 32323232 32323232 32323232 32323232 32323232 32323232 32323232 32323232 32323232 32323232 32323232 32323232 32323232 32323232 32323232 32323232 32323232 32323232 32323232 32323232 32323232 32323232 32323232 32323232 32323232 32323232 32323232 32323232 32323232 32323232 32323232 32323232 
[TC_DEBUG]     [ 101] 32323232 32323232 32323232 32323232 32323232 32323232 32323232 32323232 32323232 32323232 32323232 32323232 32323232 32323232 32323232 32323232 32323232 32323232 32323232 32323232 32323232 32323232 32323232 32323232 32323232 32323232 32323232 32323232 32323232 32323232 32323232 32323232 
[TC_DEBUG]     [ 102] 33333333 33333333 33333333 33333333 33333333 33333333 33333333 33333333 33333333 33333333 33333333 33333333 33333333 33333333 33333333 33333333 33333333 33333333 33333333 33333333 33333333 33333333 33333333 33333333 33333333 33333333 33333333 33333333 33333333 33333333 33333333 33333333 
[TC_DEBUG]     [ 103] 33333333 33333333 33333333 33333333 33333333 33333333 33333333 33333333 33333333 33333333 33333333 33333333 33333333 33333333 33333333 33333333 33333333 33333333 33333333 33333333 33333333 33333333 33333333 33333333 33333333 33333333 33333333 33333333 33333333 33333333 33333333 33333333 
[TC_DEBUG]     [ 104] 34343434 34343434 34343434 34343434 34343434 34343434 34343434 34343434 34343434 34343434 34343434 34343434 34343434 34343434 34343434 34343434 34343434 34343434 34343434 34343434 34343434 34343434 34343434 34343434 34343434 34343434 34343434 34343434 34343434 34343434 34343434 34343434 
[TC_DEBUG]     [ 105] 34343434 34343434 34343434 34343434 34343434 34343434 34343434 34343434 34343434 34343434 34343434 34343434 34343434 34343434 34343434 34343434 34343434 34343434 34343434 34343434 34343434 34343434 34343434 34343434 34343434 34343434 34343434 34343434 34343434 34343434 34343434 34343434 
[TC_DEBUG]     [ 106] 35353535 35353535 35353535 35353535 35353535 35353535 35353535 35353535 35353535 35353535 35353535 35353535 35353535 35353535 35353535 35353535 35353535 35353535 35353535 35353535 35353535 35353535 35353535 35353535 35353535 35353535 35353535 35353535 35353535 35353535 35353535 35353535 
[TC_DEBUG]     [ 107] 35353535 35353535 35353535 35353535 35353535 35353535 35353535 35353535 35353535 35353535 35353535 35353535 35353535 35353535 35353535 35353535 35353535 35353535 35353535 35353535 35353535 35353535 35353535 35353535 35353535 35353535 35353535 35353535 35353535 35353535 35353535 35353535 
[TC_DEBUG]     [ 108] 36363636 36363636 36363636 36363636 36363636 36363636 36363636 36363636 36363636 36363636 36363636 36363636 36363636 36363636 36363636 36363636 36363636 36363636 36363636 36363636 36363636 36363636 36363636 36363636 36363636 36363636 36363636 36363636 36363636 36363636 36363636 36363636 
[TC_DEBUG]     [ 109] 36363636 36363636 36363636 36363636 36363636 36363636 36363636 36363636 36363636 36363636 36363636 36363636 36363636 36363636 36363636 36363636 36363636 36363636 36363636 36363636 36363636 36363636 36363636 36363636 36363636 36363636 36363636 36363636 36363636 36363636 36363636 36363636 
[TC_DEBUG]     [ 110] 37373737 37373737 37373737 37373737 37373737 37373737 37373737 37373737 37373737 37373737 37373737 37373737 37373737 37373737 37373737 37373737 37373737 37373737 37373737 37373737 37373737 37373737 37373737 37373737 37373737 37373737 37373737 37373737 37373737 37373737 37373737 37373737 
[TC_DEBUG]     [ 111] 37373737 37373737 37373737 37373737 37373737 37373737 37373737 37373737 37373737 37373737 37373737 37373737 37373737 37373737 37373737 37373737 37373737 37373737 37373737 37373737 37373737 37373737 37373737 37373737 37373737 37373737 37373737 37373737 37373737 37373737 37373737 37373737 
[TC_DEBUG]     [ 112] 38383838 38383838 38383838 38383838 38383838 38383838 38383838 38383838 38383838 38383838 38383838 38383838 38383838 38383838 38383838 38383838 38383838 38383838 38383838 38383838 38383838 38383838 38383838 38383838 38383838 38383838 38383838 38383838 38383838 38383838 38383838 38383838 
[TC_DEBUG]     [ 113] 38383838 38383838 38383838 38383838 38383838 38383838 38383838 38383838 38383838 38383838 38383838 38383838 38383838 38383838 38383838 38383838 38383838 38383838 38383838 38383838 38383838 38383838 38383838 38383838 38383838 38383838 38383838 38383838 38383838 38383838 38383838 38383838 
[TC_DEBUG]     [ 114] 39393939 39393939 39393939 39393939 39393939 39393939 39393939 39393939 39393939 39393939 39393939 39393939 39393939 39393939 39393939 39393939 39393939 39393939 39393939 39393939 39393939 39393939 39393939 39393939 39393939 39393939 39393939 39393939 39393939 39393939 39393939 39393939 
[TC_DEBUG]     [ 115] 39393939 39393939 39393939 39393939 39393939 39393939 39393939 39393939 39393939 39393939 39393939 39393939 39393939 39393939 39393939 39393939 39393939 39393939 39393939 39393939 39393939 39393939 39393939 39393939 39393939 39393939 39393939 39393939 39393939 39393939 39393939 39393939 
[TC_DEBUG]     [ 116] 3A3A3A3A 3A3A3A3A 3A3A3A3A 3A3A3A3A 3A3A3A3A 3A3A3A3A 3A3A3A3A 3A3A3A3A 3A3A3A3A 3A3A3A3A 3A3A3A3A 3A3A3A3A 3A3A3A3A 3A3A3A3A 3A3A3A3A 3A3A3A3A 3A3A3A3A 3A3A3A3A 3A3A3A3A 3A3A3A3A 3A3A3A3A 3A3A3A3A 3A3A3A3A 3A3A3A3A 3A3A3A3A 3A3A3A3A 3A3A3A3A 3A3A3A3A 3A3A3A3A 3A3A3A3A 3A3A3A3A 3A3A3A3A 
[TC_DEBUG]     [ 117] 3A3A3A3A 3A3A3A3A 3A3A3A3A 3A3A3A3A 3A3A3A3A 3A3A3A3A 3A3A3A3A 3A3A3A3A 3A3A3A3A 3A3A3A3A 3A3A3A3A 3A3A3A3A 3A3A3A3A 3A3A3A3A 3A3A3A3A 3A3A3A3A 3A3A3A3A 3A3A3A3A 3A3A3A3A 3A3A3A3A 3A3A3A3A 3A3A3A3A 3A3A3A3A 3A3A3A3A 3A3A3A3A 3A3A3A3A 3A3A3A3A 3A3A3A3A 3A3A3A3A 3A3A3A3A 3A3A3A3A 3A3A3A3A 
[TC_DEBUG]     [ 118] 3B3B3B3B 3B3B3B3B 3B3B3B3B 3B3B3B3B 3B3B3B3B 3B3B3B3B 3B3B3B3B 3B3B3B3B 3B3B3B3B 3B3B3B3B 3B3B3B3B 3B3B3B3B 3B3B3B3B 3B3B3B3B 3B3B3B3B 3B3B3B3B 3B3B3B3B 3B3B3B3B 3B3B3B3B 3B3B3B3B 3B3B3B3B 3B3B3B3B 3B3B3B3B 3B3B3B3B 3B3B3B3B 3B3B3B3B 3B3B3B3B 3B3B3B3B 3B3B3B3B 3B3B3B3B 3B3B3B3B 3B3B3B3B 
[TC_DEBUG]     [ 119] 3B3B3B3B 3B3B3B3B 3B3B3B3B 3B3B3B3B 3B3B3B3B 3B3B3B3B 3B3B3B3B 3B3B3B3B 3B3B3B3B 3B3B3B3B 3B3B3B3B 3B3B3B3B 3B3B3B3B 3B3B3B3B 3B3B3B3B 3B3B3B3B 3B3B3B3B 3B3B3B3B 3B3B3B3B 3B3B3B3B 3B3B3B3B 3B3B3B3B 3B3B3B3B 3B3B3B3B 3B3B3B3B 3B3B3B3B 3B3B3B3B 3B3B3B3B 3B3B3B3B 3B3B3B3B 3B3B3B3B 3B3B3B3B 
[TC_DEBUG]     [ 120] 3C3C3C3C 3C3C3C3C 3C3C3C3C 3C3C3C3C 3C3C3C3C 3C3C3C3C 3C3C3C3C 3C3C3C3C 3C3C3C3C 3C3C3C3C 3C3C3C3C 3C3C3C3C 3C3C3C3C 3C3C3C3C 3C3C3C3C 3C3C3C3C 3C3C3C3C 3C3C3C3C 3C3C3C3C 3C3C3C3C 3C3C3C3C 3C3C3C3C 3C3C3C3C 3C3C3C3C 3C3C3C3C 3C3C3C3C 3C3C3C3C 3C3C3C3C 3C3C3C3C 3C3C3C3C 3C3C3C3C 3C3C3C3C 
[TC_DEBUG]     [ 121] 3C3C3C3C 3C3C3C3C 3C3C3C3C 3C3C3C3C 3C3C3C3C 3C3C3C3C 3C3C3C3C 3C3C3C3C 3C3C3C3C 3C3C3C3C 3C3C3C3C 3C3C3C3C 3C3C3C3C 3C3C3C3C 3C3C3C3C 3C3C3C3C 3C3C3C3C 3C3C3C3C 3C3C3C3C 3C3C3C3C 3C3C3C3C 3C3C3C3C 3C3C3C3C 3C3C3C3C 3C3C3C3C 3C3C3C3C 3C3C3C3C 3C3C3C3C 3C3C3C3C 3C3C3C3C 3C3C3C3C 3C3C3C3C 
[TC_DEBUG]     [ 122] 3D3D3D3D 3D3D3D3D 3D3D3D3D 3D3D3D3D 3D3D3D3D 3D3D3D3D 3D3D3D3D 3D3D3D3D 3D3D3D3D 3D3D3D3D 3D3D3D3D 3D3D3D3D 3D3D3D3D 3D3D3D3D 3D3D3D3D 3D3D3D3D 3D3D3D3D 3D3D3D3D 3D3D3D3D 3D3D3D3D 3D3D3D3D 3D3D3D3D 3D3D3D3D 3D3D3D3D 3D3D3D3D 3D3D3D3D 3D3D3D3D 3D3D3D3D 3D3D3D3D 3D3D3D3D 3D3D3D3D 3D3D3D3D 
[TC_DEBUG]     [ 123] 3D3D3D3D 3D3D3D3D 3D3D3D3D 3D3D3D3D 3D3D3D3D 3D3D3D3D 3D3D3D3D 3D3D3D3D 3D3D3D3D 3D3D3D3D 3D3D3D3D 3D3D3D3D 3D3D3D3D 3D3D3D3D 3D3D3D3D 3D3D3D3D 3D3D3D3D 3D3D3D3D 3D3D3D3D 3D3D3D3D 3D3D3D3D 3D3D3D3D 3D3D3D3D 3D3D3D3D 3D3D3D3D 3D3D3D3D 3D3D3D3D 3D3D3D3D 3D3D3D3D 3D3D3D3D 3D3D3D3D 3D3D3D3D 
[TC_DEBUG]     [ 124] 3E3E3E3E 3E3E3E3E 3E3E3E3E 3E3E3E3E 3E3E3E3E 3E3E3E3E 3E3E3E3E 3E3E3E3E 3E3E3E3E 3E3E3E3E 3E3E3E3E 3E3E3E3E 3E3E3E3E 3E3E3E3E 3E3E3E3E 3E3E3E3E 3E3E3E3E 3E3E3E3E 3E3E3E3E 3E3E3E3E 3E3E3E3E 3E3E3E3E 3E3E3E3E 3E3E3E3E 3E3E3E3E 3E3E3E3E 3E3E3E3E 3E3E3E3E 3E3E3E3E 3E3E3E3E 3E3E3E3E 3E3E3E3E 
[TC_DEBUG]     [ 125] 3E3E3E3E 3E3E3E3E 3E3E3E3E 3E3E3E3E 3E3E3E3E 3E3E3E3E 3E3E3E3E 3E3E3E3E 3E3E3E3E 3E3E3E3E 3E3E3E3E 3E3E3E3E 3E3E3E3E 3E3E3E3E 3E3E3E3E 3E3E3E3E 3E3E3E3E 3E3E3E3E 3E3E3E3E 3E3E3E3E 3E3E3E3E 3E3E3E3E 3E3E3E3E 3E3E3E3E 3E3E3E3E 3E3E3E3E 3E3E3E3E 3E3E3E3E 3E3E3E3E 3E3E3E3E 3E3E3E3E 3E3E3E3E 
[TC_DEBUG]     [ 126] 3F3F3F3F 3F3F3F3F 3F3F3F3F 3F3F3F3F 3F3F3F3F 3F3F3F3F 3F3F3F3F 3F3F3F3F 3F3F3F3F 3F3F3F3F 3F3F3F3F 3F3F3F3F 3F3F3F3F 3F3F3F3F 3F3F3F3F 3F3F3F3F 3F3F3F3F 3F3F3F3F 3F3F3F3F 3F3F3F3F 3F3F3F3F 3F3F3F3F 3F3F3F3F 3F3F3F3F 3F3F3F3F 3F3F3F3F 3F3F3F3F 3F3F3F3F 3F3F3F3F 3F3F3F3F 3F3F3F3F 3F3F3F3F 
[TC_DEBUG]     [ 127] 3F3F3F3F 3F3F3F3F 3F3F3F3F 3F3F3F3F 3F3F3F3F 3F3F3F3F 3F3F3F3F 3F3F3F3F 3F3F3F3F 3F3F3F3F 3F3F3F3F 3F3F3F3F 3F3F3F3F 3F3F3F3F 3F3F3F3F 3F3F3F3F 3F3F3F3F 3F3F3F3F 3F3F3F3F 3F3F3F3F 3F3F3F3F 3F3F3F3F 3F3F3F3F 3F3F3F3F 3F3F3F3F 3F3F3F3F 3F3F3F3F 3F3F3F3F 3F3F3F3F 3F3F3F3F 3F3F3F3F 3F3F3F3F 
Test 3 completed - acc_buffer initialized with vertical broadcast

=== Test 4: tc.st.init 2x2 top (Top Data) ===
Mode: 2x2 (M2=2, N2=2)
rs2_config: 0x02000000
  startpoint_top=0, size_top=2 (vertical broadcast)
acc_addr: 0x50000000
[TC] tc.st.init       PC=0x80000648  Encoding=0x0A0C3A5B
[TC_DEBUG] tc.st.init: trs1=0, rs1v=0x50000000, rs2v=0x02000000
[TC_DEBUG]   M2=2, M1=32, N2=2, N1=32
[TC_DEBUG]   startpoint_left=0, size_left=0
[TC_DEBUG]   startpoint_top=0, size_top=2
[TC_DEBUG]   TopData (tr0, 64 int32 elements):
[TC_DEBUG]     [0000] 00000000 01010101 02020202 03030303 04040404 05050505 06060606 07070707 08080808 09090909 0A0A0A0A 0B0B0B0B 0C0C0C0C 0D0D0D0D 0E0E0E0E 0F0F0F0F 10101010 11111111 12121212 13131313 14141414 15151515 16161616 17171717 18181818 19191919 1A1A1A1A 1B1B1B1B 1C1C1C1C 1D1D1D1D 1E1E1E1E 1F1F1F1F 
[TC_DEBUG]     [0032] 20202020 21212121 22222222 23232323 24242424 25252525 26262626 27272727 28282828 29292929 2A2A2A2A 2B2B2B2B 2C2C2C2C 2D2D2D2D 2E2E2E2E 2F2F2F2F 30303030 31313131 32323232 33333333 34343434 35353535 36363636 37373737 38383838 39393939 3A3A3A3A 3B3B3B3B 3C3C3C3C 3D3D3D3D 3E3E3E3E 3F3F3F3F 
[TC_DEBUG]   AccBuffer (base=0x50000000, 4096 elements):
[TC_DEBUG]            [   0  ] [   1  ] [   2  ] [   3  ] [   4  ] [   5  ] [   6  ] [   7  ] [   8  ] [   9  ] [  10  ] [  11  ] [  12  ] [  13  ] [  14  ] [  15  ] [  16  ] [  17  ] [  18  ] [  19  ] [  20  ] [  21  ] [  22  ] [  23  ] [  24  ] [  25  ] [  26  ] [  27  ] [  28  ] [  29  ] [  30  ] [  31  ] 
[TC_DEBUG]     [   0] 00000000 01010101 02020202 03030303 04040404 05050505 06060606 07070707 08080808 09090909 0A0A0A0A 0B0B0B0B 0C0C0C0C 0D0D0D0D 0E0E0E0E 0F0F0F0F 10101010 11111111 12121212 13131313 14141414 15151515 16161616 17171717 18181818 19191919 1A1A1A1A 1B1B1B1B 1C1C1C1C 1D1D1D1D 1E1E1E1E 1F1F1F1F 
[TC_DEBUG]     [   1] 20202020 21212121 22222222 23232323 24242424 25252525 26262626 27272727 28282828 29292929 2A2A2A2A 2B2B2B2B 2C2C2C2C 2D2D2D2D 2E2E2E2E 2F2F2F2F 30303030 31313131 32323232 33333333 34343434 35353535 36363636 37373737 38383838 39393939 3A3A3A3A 3B3B3B3B 3C3C3C3C 3D3D3D3D 3E3E3E3E 3F3F3F3F 
[TC_DEBUG]     [   2] 00000000 01010101 02020202 03030303 04040404 05050505 06060606 07070707 08080808 09090909 0A0A0A0A 0B0B0B0B 0C0C0C0C 0D0D0D0D 0E0E0E0E 0F0F0F0F 10101010 11111111 12121212 13131313 14141414 15151515 16161616 17171717 18181818 19191919 1A1A1A1A 1B1B1B1B 1C1C1C1C 1D1D1D1D 1E1E1E1E 1F1F1F1F 
[TC_DEBUG]     [   3] 20202020 21212121 22222222 23232323 24242424 25252525 26262626 27272727 28282828 29292929 2A2A2A2A 2B2B2B2B 2C2C2C2C 2D2D2D2D 2E2E2E2E 2F2F2F2F 30303030 31313131 32323232 33333333 34343434 35353535 36363636 37373737 38383838 39393939 3A3A3A3A 3B3B3B3B 3C3C3C3C 3D3D3D3D 3E3E3E3E 3F3F3F3F 
[TC_DEBUG]     [   4] 00000000 01010101 02020202 03030303 04040404 05050505 06060606 07070707 08080808 09090909 0A0A0A0A 0B0B0B0B 0C0C0C0C 0D0D0D0D 0E0E0E0E 0F0F0F0F 10101010 11111111 12121212 13131313 14141414 15151515 16161616 17171717 18181818 19191919 1A1A1A1A 1B1B1B1B 1C1C1C1C 1D1D1D1D 1E1E1E1E 1F1F1F1F 
[TC_DEBUG]     [   5] 20202020 21212121 22222222 23232323 24242424 25252525 26262626 27272727 28282828 29292929 2A2A2A2A 2B2B2B2B 2C2C2C2C 2D2D2D2D 2E2E2E2E 2F2F2F2F 30303030 31313131 32323232 33333333 34343434 35353535 36363636 37373737 38383838 39393939 3A3A3A3A 3B3B3B3B 3C3C3C3C 3D3D3D3D 3E3E3E3E 3F3F3F3F 
[TC_DEBUG]     [   6] 00000000 01010101 02020202 03030303 04040404 05050505 06060606 07070707 08080808 09090909 0A0A0A0A 0B0B0B0B 0C0C0C0C 0D0D0D0D 0E0E0E0E 0F0F0F0F 10101010 11111111 12121212 13131313 14141414 15151515 16161616 17171717 18181818 19191919 1A1A1A1A 1B1B1B1B 1C1C1C1C 1D1D1D1D 1E1E1E1E 1F1F1F1F 
[TC_DEBUG]     [   7] 20202020 21212121 22222222 23232323 24242424 25252525 26262626 27272727 28282828 29292929 2A2A2A2A 2B2B2B2B 2C2C2C2C 2D2D2D2D 2E2E2E2E 2F2F2F2F 30303030 31313131 32323232 33333333 34343434 35353535 36363636 37373737 38383838 39393939 3A3A3A3A 3B3B3B3B 3C3C3C3C 3D3D3D3D 3E3E3E3E 3F3F3F3F 
[TC_DEBUG]     [   8] 00000000 01010101 02020202 03030303 04040404 05050505 06060606 07070707 08080808 09090909 0A0A0A0A 0B0B0B0B 0C0C0C0C 0D0D0D0D 0E0E0E0E 0F0F0F0F 10101010 11111111 12121212 13131313 14141414 15151515 16161616 17171717 18181818 19191919 1A1A1A1A 1B1B1B1B 1C1C1C1C 1D1D1D1D 1E1E1E1E 1F1F1F1F 
[TC_DEBUG]     [   9] 20202020 21212121 22222222 23232323 24242424 25252525 26262626 27272727 28282828 29292929 2A2A2A2A 2B2B2B2B 2C2C2C2C 2D2D2D2D 2E2E2E2E 2F2F2F2F 30303030 31313131 32323232 33333333 34343434 35353535 36363636 37373737 38383838 39393939 3A3A3A3A 3B3B3B3B 3C3C3C3C 3D3D3D3D 3E3E3E3E 3F3F3F3F 
[TC_DEBUG]     [  10] 00000000 01010101 02020202 03030303 04040404 05050505 06060606 07070707 08080808 09090909 0A0A0A0A 0B0B0B0B 0C0C0C0C 0D0D0D0D 0E0E0E0E 0F0F0F0F 10101010 11111111 12121212 13131313 14141414 15151515 16161616 17171717 18181818 19191919 1A1A1A1A 1B1B1B1B 1C1C1C1C 1D1D1D1D 1E1E1E1E 1F1F1F1F 
[TC_DEBUG]     [  11] 20202020 21212121 22222222 23232323 24242424 25252525 26262626 27272727 28282828 29292929 2A2A2A2A 2B2B2B2B 2C2C2C2C 2D2D2D2D 2E2E2E2E 2F2F2F2F 30303030 31313131 32323232 33333333 34343434 35353535 36363636 37373737 38383838 39393939 3A3A3A3A 3B3B3B3B 3C3C3C3C 3D3D3D3D 3E3E3E3E 3F3F3F3F 
[TC_DEBUG]     [  12] 00000000 01010101 02020202 03030303 04040404 05050505 06060606 07070707 08080808 09090909 0A0A0A0A 0B0B0B0B 0C0C0C0C 0D0D0D0D 0E0E0E0E 0F0F0F0F 10101010 11111111 12121212 13131313 14141414 15151515 16161616 17171717 18181818 19191919 1A1A1A1A 1B1B1B1B 1C1C1C1C 1D1D1D1D 1E1E1E1E 1F1F1F1F 
[TC_DEBUG]     [  13] 20202020 21212121 22222222 23232323 24242424 25252525 26262626 27272727 28282828 29292929 2A2A2A2A 2B2B2B2B 2C2C2C2C 2D2D2D2D 2E2E2E2E 2F2F2F2F 30303030 31313131 32323232 33333333 34343434 35353535 36363636 37373737 38383838 39393939 3A3A3A3A 3B3B3B3B 3C3C3C3C 3D3D3D3D 3E3E3E3E 3F3F3F3F 
[TC_DEBUG]     [  14] 00000000 01010101 02020202 03030303 04040404 05050505 06060606 07070707 08080808 09090909 0A0A0A0A 0B0B0B0B 0C0C0C0C 0D0D0D0D 0E0E0E0E 0F0F0F0F 10101010 11111111 12121212 13131313 14141414 15151515 16161616 17171717 18181818 19191919 1A1A1A1A 1B1B1B1B 1C1C1C1C 1D1D1D1D 1E1E1E1E 1F1F1F1F 
[TC_DEBUG]     [  15] 20202020 21212121 22222222 23232323 24242424 25252525 26262626 27272727 28282828 29292929 2A2A2A2A 2B2B2B2B 2C2C2C2C 2D2D2D2D 2E2E2E2E 2F2F2F2F 30303030 31313131 32323232 33333333 34343434 35353535 36363636 37373737 38383838 39393939 3A3A3A3A 3B3B3B3B 3C3C3C3C 3D3D3D3D 3E3E3E3E 3F3F3F3F 
[TC_DEBUG]     [  16] 00000000 01010101 02020202 03030303 04040404 05050505 06060606 07070707 08080808 09090909 0A0A0A0A 0B0B0B0B 0C0C0C0C 0D0D0D0D 0E0E0E0E 0F0F0F0F 10101010 11111111 12121212 13131313 14141414 15151515 16161616 17171717 18181818 19191919 1A1A1A1A 1B1B1B1B 1C1C1C1C 1D1D1D1D 1E1E1E1E 1F1F1F1F 
[TC_DEBUG]     [  17] 20202020 21212121 22222222 23232323 24242424 25252525 26262626 27272727 28282828 29292929 2A2A2A2A 2B2B2B2B 2C2C2C2C 2D2D2D2D 2E2E2E2E 2F2F2F2F 30303030 31313131 32323232 33333333 34343434 35353535 36363636 37373737 38383838 39393939 3A3A3A3A 3B3B3B3B 3C3C3C3C 3D3D3D3D 3E3E3E3E 3F3F3F3F 
[TC_DEBUG]     [  18] 00000000 01010101 02020202 03030303 04040404 05050505 06060606 07070707 08080808 09090909 0A0A0A0A 0B0B0B0B 0C0C0C0C 0D0D0D0D 0E0E0E0E 0F0F0F0F 10101010 11111111 12121212 13131313 14141414 15151515 16161616 17171717 18181818 19191919 1A1A1A1A 1B1B1B1B 1C1C1C1C 1D1D1D1D 1E1E1E1E 1F1F1F1F 
[TC_DEBUG]     [  19] 20202020 21212121 22222222 23232323 24242424 25252525 26262626 27272727 28282828 29292929 2A2A2A2A 2B2B2B2B 2C2C2C2C 2D2D2D2D 2E2E2E2E 2F2F2F2F 30303030 31313131 32323232 33333333 34343434 35353535 36363636 37373737 38383838 39393939 3A3A3A3A 3B3B3B3B 3C3C3C3C 3D3D3D3D 3E3E3E3E 3F3F3F3F 
[TC_DEBUG]     [  20] 00000000 01010101 02020202 03030303 04040404 05050505 06060606 07070707 08080808 09090909 0A0A0A0A 0B0B0B0B 0C0C0C0C 0D0D0D0D 0E0E0E0E 0F0F0F0F 10101010 11111111 12121212 13131313 14141414 15151515 16161616 17171717 18181818 19191919 1A1A1A1A 1B1B1B1B 1C1C1C1C 1D1D1D1D 1E1E1E1E 1F1F1F1F 
[TC_DEBUG]     [  21] 20202020 21212121 22222222 23232323 24242424 25252525 26262626 27272727 28282828 29292929 2A2A2A2A 2B2B2B2B 2C2C2C2C 2D2D2D2D 2E2E2E2E 2F2F2F2F 30303030 31313131 32323232 33333333 34343434 35353535 36363636 37373737 38383838 39393939 3A3A3A3A 3B3B3B3B 3C3C3C3C 3D3D3D3D 3E3E3E3E 3F3F3F3F 
[TC_DEBUG]     [  22] 00000000 01010101 02020202 03030303 04040404 05050505 06060606 07070707 08080808 09090909 0A0A0A0A 0B0B0B0B 0C0C0C0C 0D0D0D0D 0E0E0E0E 0F0F0F0F 10101010 11111111 12121212 13131313 14141414 15151515 16161616 17171717 18181818 19191919 1A1A1A1A 1B1B1B1B 1C1C1C1C 1D1D1D1D 1E1E1E1E 1F1F1F1F 
[TC_DEBUG]     [  23] 20202020 21212121 22222222 23232323 24242424 25252525 26262626 27272727 28282828 29292929 2A2A2A2A 2B2B2B2B 2C2C2C2C 2D2D2D2D 2E2E2E2E 2F2F2F2F 30303030 31313131 32323232 33333333 34343434 35353535 36363636 37373737 38383838 39393939 3A3A3A3A 3B3B3B3B 3C3C3C3C 3D3D3D3D 3E3E3E3E 3F3F3F3F 
[TC_DEBUG]     [  24] 00000000 01010101 02020202 03030303 04040404 05050505 06060606 07070707 08080808 09090909 0A0A0A0A 0B0B0B0B 0C0C0C0C 0D0D0D0D 0E0E0E0E 0F0F0F0F 10101010 11111111 12121212 13131313 14141414 15151515 16161616 17171717 18181818 19191919 1A1A1A1A 1B1B1B1B 1C1C1C1C 1D1D1D1D 1E1E1E1E 1F1F1F1F 
[TC_DEBUG]     [  25] 20202020 21212121 22222222 23232323 24242424 25252525 26262626 27272727 28282828 29292929 2A2A2A2A 2B2B2B2B 2C2C2C2C 2D2D2D2D 2E2E2E2E 2F2F2F2F 30303030 31313131 32323232 33333333 34343434 35353535 36363636 37373737 38383838 39393939 3A3A3A3A 3B3B3B3B 3C3C3C3C 3D3D3D3D 3E3E3E3E 3F3F3F3F 
[TC_DEBUG]     [  26] 00000000 01010101 02020202 03030303 04040404 05050505 06060606 07070707 08080808 09090909 0A0A0A0A 0B0B0B0B 0C0C0C0C 0D0D0D0D 0E0E0E0E 0F0F0F0F 10101010 11111111 12121212 13131313 14141414 15151515 16161616 17171717 18181818 19191919 1A1A1A1A 1B1B1B1B 1C1C1C1C 1D1D1D1D 1E1E1E1E 1F1F1F1F 
[TC_DEBUG]     [  27] 20202020 21212121 22222222 23232323 24242424 25252525 26262626 27272727 28282828 29292929 2A2A2A2A 2B2B2B2B 2C2C2C2C 2D2D2D2D 2E2E2E2E 2F2F2F2F 30303030 31313131 32323232 33333333 34343434 35353535 36363636 37373737 38383838 39393939 3A3A3A3A 3B3B3B3B 3C3C3C3C 3D3D3D3D 3E3E3E3E 3F3F3F3F 
[TC_DEBUG]     [  28] 00000000 01010101 02020202 03030303 04040404 05050505 06060606 07070707 08080808 09090909 0A0A0A0A 0B0B0B0B 0C0C0C0C 0D0D0D0D 0E0E0E0E 0F0F0F0F 10101010 11111111 12121212 13131313 14141414 15151515 16161616 17171717 18181818 19191919 1A1A1A1A 1B1B1B1B 1C1C1C1C 1D1D1D1D 1E1E1E1E 1F1F1F1F 
[TC_DEBUG]     [  29] 20202020 21212121 22222222 23232323 24242424 25252525 26262626 27272727 28282828 29292929 2A2A2A2A 2B2B2B2B 2C2C2C2C 2D2D2D2D 2E2E2E2E 2F2F2F2F 30303030 31313131 32323232 33333333 34343434 35353535 36363636 37373737 38383838 39393939 3A3A3A3A 3B3B3B3B 3C3C3C3C 3D3D3D3D 3E3E3E3E 3F3F3F3F 
[TC_DEBUG]     [  30] 00000000 01010101 02020202 03030303 04040404 05050505 06060606 07070707 08080808 09090909 0A0A0A0A 0B0B0B0B 0C0C0C0C 0D0D0D0D 0E0E0E0E 0F0F0F0F 10101010 11111111 12121212 13131313 14141414 15151515 16161616 17171717 18181818 19191919 1A1A1A1A 1B1B1B1B 1C1C1C1C 1D1D1D1D 1E1E1E1E 1F1F1F1F 
[TC_DEBUG]     [  31] 20202020 21212121 22222222 23232323 24242424 25252525 26262626 27272727 28282828 29292929 2A2A2A2A 2B2B2B2B 2C2C2C2C 2D2D2D2D 2E2E2E2E 2F2F2F2F 30303030 31313131 32323232 33333333 34343434 35353535 36363636 37373737 38383838 39393939 3A3A3A3A 3B3B3B3B 3C3C3C3C 3D3D3D3D 3E3E3E3E 3F3F3F3F 
[TC_DEBUG]     [  32] 00000000 01010101 02020202 03030303 04040404 05050505 06060606 07070707 08080808 09090909 0A0A0A0A 0B0B0B0B 0C0C0C0C 0D0D0D0D 0E0E0E0E 0F0F0F0F 10101010 11111111 12121212 13131313 14141414 15151515 16161616 17171717 18181818 19191919 1A1A1A1A 1B1B1B1B 1C1C1C1C 1D1D1D1D 1E1E1E1E 1F1F1F1F 
[TC_DEBUG]     [  33] 20202020 21212121 22222222 23232323 24242424 25252525 26262626 27272727 28282828 29292929 2A2A2A2A 2B2B2B2B 2C2C2C2C 2D2D2D2D 2E2E2E2E 2F2F2F2F 30303030 31313131 32323232 33333333 34343434 35353535 36363636 37373737 38383838 39393939 3A3A3A3A 3B3B3B3B 3C3C3C3C 3D3D3D3D 3E3E3E3E 3F3F3F3F 
[TC_DEBUG]     [  34] 00000000 01010101 02020202 03030303 04040404 05050505 06060606 07070707 08080808 09090909 0A0A0A0A 0B0B0B0B 0C0C0C0C 0D0D0D0D 0E0E0E0E 0F0F0F0F 10101010 11111111 12121212 13131313 14141414 15151515 16161616 17171717 18181818 19191919 1A1A1A1A 1B1B1B1B 1C1C1C1C 1D1D1D1D 1E1E1E1E 1F1F1F1F 
[TC_DEBUG]     [  35] 20202020 21212121 22222222 23232323 24242424 25252525 26262626 27272727 28282828 29292929 2A2A2A2A 2B2B2B2B 2C2C2C2C 2D2D2D2D 2E2E2E2E 2F2F2F2F 30303030 31313131 32323232 33333333 34343434 35353535 36363636 37373737 38383838 39393939 3A3A3A3A 3B3B3B3B 3C3C3C3C 3D3D3D3D 3E3E3E3E 3F3F3F3F 
[TC_DEBUG]     [  36] 00000000 01010101 02020202 03030303 04040404 05050505 06060606 07070707 08080808 09090909 0A0A0A0A 0B0B0B0B 0C0C0C0C 0D0D0D0D 0E0E0E0E 0F0F0F0F 10101010 11111111 12121212 13131313 14141414 15151515 16161616 17171717 18181818 19191919 1A1A1A1A 1B1B1B1B 1C1C1C1C 1D1D1D1D 1E1E1E1E 1F1F1F1F 
[TC_DEBUG]     [  37] 20202020 21212121 22222222 23232323 24242424 25252525 26262626 27272727 28282828 29292929 2A2A2A2A 2B2B2B2B 2C2C2C2C 2D2D2D2D 2E2E2E2E 2F2F2F2F 30303030 31313131 32323232 33333333 34343434 35353535 36363636 37373737 38383838 39393939 3A3A3A3A 3B3B3B3B 3C3C3C3C 3D3D3D3D 3E3E3E3E 3F3F3F3F 
[TC_DEBUG]     [  38] 00000000 01010101 02020202 03030303 04040404 05050505 06060606 07070707 08080808 09090909 0A0A0A0A 0B0B0B0B 0C0C0C0C 0D0D0D0D 0E0E0E0E 0F0F0F0F 10101010 11111111 12121212 13131313 14141414 15151515 16161616 17171717 18181818 19191919 1A1A1A1A 1B1B1B1B 1C1C1C1C 1D1D1D1D 1E1E1E1E 1F1F1F1F 
[TC_DEBUG]     [  39] 20202020 21212121 22222222 23232323 24242424 25252525 26262626 27272727 28282828 29292929 2A2A2A2A 2B2B2B2B 2C2C2C2C 2D2D2D2D 2E2E2E2E 2F2F2F2F 30303030 31313131 32323232 33333333 34343434 35353535 36363636 37373737 38383838 39393939 3A3A3A3A 3B3B3B3B 3C3C3C3C 3D3D3D3D 3E3E3E3E 3F3F3F3F 
[TC_DEBUG]     [  40] 00000000 01010101 02020202 03030303 04040404 05050505 06060606 07070707 08080808 09090909 0A0A0A0A 0B0B0B0B 0C0C0C0C 0D0D0D0D 0E0E0E0E 0F0F0F0F 10101010 11111111 12121212 13131313 14141414 15151515 16161616 17171717 18181818 19191919 1A1A1A1A 1B1B1B1B 1C1C1C1C 1D1D1D1D 1E1E1E1E 1F1F1F1F 
[TC_DEBUG]     [  41] 20202020 21212121 22222222 23232323 24242424 25252525 26262626 27272727 28282828 29292929 2A2A2A2A 2B2B2B2B 2C2C2C2C 2D2D2D2D 2E2E2E2E 2F2F2F2F 30303030 31313131 32323232 33333333 34343434 35353535 36363636 37373737 38383838 39393939 3A3A3A3A 3B3B3B3B 3C3C3C3C 3D3D3D3D 3E3E3E3E 3F3F3F3F 
[TC_DEBUG]     [  42] 00000000 01010101 02020202 03030303 04040404 05050505 06060606 07070707 08080808 09090909 0A0A0A0A 0B0B0B0B 0C0C0C0C 0D0D0D0D 0E0E0E0E 0F0F0F0F 10101010 11111111 12121212 13131313 14141414 15151515 16161616 17171717 18181818 19191919 1A1A1A1A 1B1B1B1B 1C1C1C1C 1D1D1D1D 1E1E1E1E 1F1F1F1F 
[TC_DEBUG]     [  43] 20202020 21212121 22222222 23232323 24242424 25252525 26262626 27272727 28282828 29292929 2A2A2A2A 2B2B2B2B 2C2C2C2C 2D2D2D2D 2E2E2E2E 2F2F2F2F 30303030 31313131 32323232 33333333 34343434 35353535 36363636 37373737 38383838 39393939 3A3A3A3A 3B3B3B3B 3C3C3C3C 3D3D3D3D 3E3E3E3E 3F3F3F3F 
[TC_DEBUG]     [  44] 00000000 01010101 02020202 03030303 04040404 05050505 06060606 07070707 08080808 09090909 0A0A0A0A 0B0B0B0B 0C0C0C0C 0D0D0D0D 0E0E0E0E 0F0F0F0F 10101010 11111111 12121212 13131313 14141414 15151515 16161616 17171717 18181818 19191919 1A1A1A1A 1B1B1B1B 1C1C1C1C 1D1D1D1D 1E1E1E1E 1F1F1F1F 
[TC_DEBUG]     [  45] 20202020 21212121 22222222 23232323 24242424 25252525 26262626 27272727 28282828 29292929 2A2A2A2A 2B2B2B2B 2C2C2C2C 2D2D2D2D 2E2E2E2E 2F2F2F2F 30303030 31313131 32323232 33333333 34343434 35353535 36363636 37373737 38383838 39393939 3A3A3A3A 3B3B3B3B 3C3C3C3C 3D3D3D3D 3E3E3E3E 3F3F3F3F 
[TC_DEBUG]     [  46] 00000000 01010101 02020202 03030303 04040404 05050505 06060606 07070707 08080808 09090909 0A0A0A0A 0B0B0B0B 0C0C0C0C 0D0D0D0D 0E0E0E0E 0F0F0F0F 10101010 11111111 12121212 13131313 14141414 15151515 16161616 17171717 18181818 19191919 1A1A1A1A 1B1B1B1B 1C1C1C1C 1D1D1D1D 1E1E1E1E 1F1F1F1F 
[TC_DEBUG]     [  47] 20202020 21212121 22222222 23232323 24242424 25252525 26262626 27272727 28282828 29292929 2A2A2A2A 2B2B2B2B 2C2C2C2C 2D2D2D2D 2E2E2E2E 2F2F2F2F 30303030 31313131 32323232 33333333 34343434 35353535 36363636 37373737 38383838 39393939 3A3A3A3A 3B3B3B3B 3C3C3C3C 3D3D3D3D 3E3E3E3E 3F3F3F3F 
[TC_DEBUG]     [  48] 00000000 01010101 02020202 03030303 04040404 05050505 06060606 07070707 08080808 09090909 0A0A0A0A 0B0B0B0B 0C0C0C0C 0D0D0D0D 0E0E0E0E 0F0F0F0F 10101010 11111111 12121212 13131313 14141414 15151515 16161616 17171717 18181818 19191919 1A1A1A1A 1B1B1B1B 1C1C1C1C 1D1D1D1D 1E1E1E1E 1F1F1F1F 
[TC_DEBUG]     [  49] 20202020 21212121 22222222 23232323 24242424 25252525 26262626 27272727 28282828 29292929 2A2A2A2A 2B2B2B2B 2C2C2C2C 2D2D2D2D 2E2E2E2E 2F2F2F2F 30303030 31313131 32323232 33333333 34343434 35353535 36363636 37373737 38383838 39393939 3A3A3A3A 3B3B3B3B 3C3C3C3C 3D3D3D3D 3E3E3E3E 3F3F3F3F 
[TC_DEBUG]     [  50] 00000000 01010101 02020202 03030303 04040404 05050505 06060606 07070707 08080808 09090909 0A0A0A0A 0B0B0B0B 0C0C0C0C 0D0D0D0D 0E0E0E0E 0F0F0F0F 10101010 11111111 12121212 13131313 14141414 15151515 16161616 17171717 18181818 19191919 1A1A1A1A 1B1B1B1B 1C1C1C1C 1D1D1D1D 1E1E1E1E 1F1F1F1F 
[TC_DEBUG]     [  51] 20202020 21212121 22222222 23232323 24242424 25252525 26262626 27272727 28282828 29292929 2A2A2A2A 2B2B2B2B 2C2C2C2C 2D2D2D2D 2E2E2E2E 2F2F2F2F 30303030 31313131 32323232 33333333 34343434 35353535 36363636 37373737 38383838 39393939 3A3A3A3A 3B3B3B3B 3C3C3C3C 3D3D3D3D 3E3E3E3E 3F3F3F3F 
[TC_DEBUG]     [  52] 00000000 01010101 02020202 03030303 04040404 05050505 06060606 07070707 08080808 09090909 0A0A0A0A 0B0B0B0B 0C0C0C0C 0D0D0D0D 0E0E0E0E 0F0F0F0F 10101010 11111111 12121212 13131313 14141414 15151515 16161616 17171717 18181818 19191919 1A1A1A1A 1B1B1B1B 1C1C1C1C 1D1D1D1D 1E1E1E1E 1F1F1F1F 
[TC_DEBUG]     [  53] 20202020 21212121 22222222 23232323 24242424 25252525 26262626 27272727 28282828 29292929 2A2A2A2A 2B2B2B2B 2C2C2C2C 2D2D2D2D 2E2E2E2E 2F2F2F2F 30303030 31313131 32323232 33333333 34343434 35353535 36363636 37373737 38383838 39393939 3A3A3A3A 3B3B3B3B 3C3C3C3C 3D3D3D3D 3E3E3E3E 3F3F3F3F 
[TC_DEBUG]     [  54] 00000000 01010101 02020202 03030303 04040404 05050505 06060606 07070707 08080808 09090909 0A0A0A0A 0B0B0B0B 0C0C0C0C 0D0D0D0D 0E0E0E0E 0F0F0F0F 10101010 11111111 12121212 13131313 14141414 15151515 16161616 17171717 18181818 19191919 1A1A1A1A 1B1B1B1B 1C1C1C1C 1D1D1D1D 1E1E1E1E 1F1F1F1F 
[TC_DEBUG]     [  55] 20202020 21212121 22222222 23232323 24242424 25252525 26262626 27272727 28282828 29292929 2A2A2A2A 2B2B2B2B 2C2C2C2C 2D2D2D2D 2E2E2E2E 2F2F2F2F 30303030 31313131 32323232 33333333 34343434 35353535 36363636 37373737 38383838 39393939 3A3A3A3A 3B3B3B3B 3C3C3C3C 3D3D3D3D 3E3E3E3E 3F3F3F3F 
[TC_DEBUG]     [  56] 00000000 01010101 02020202 03030303 04040404 05050505 06060606 07070707 08080808 09090909 0A0A0A0A 0B0B0B0B 0C0C0C0C 0D0D0D0D 0E0E0E0E 0F0F0F0F 10101010 11111111 12121212 13131313 14141414 15151515 16161616 17171717 18181818 19191919 1A1A1A1A 1B1B1B1B 1C1C1C1C 1D1D1D1D 1E1E1E1E 1F1F1F1F 
[TC_DEBUG]     [  57] 20202020 21212121 22222222 23232323 24242424 25252525 26262626 27272727 28282828 29292929 2A2A2A2A 2B2B2B2B 2C2C2C2C 2D2D2D2D 2E2E2E2E 2F2F2F2F 30303030 31313131 32323232 33333333 34343434 35353535 36363636 37373737 38383838 39393939 3A3A3A3A 3B3B3B3B 3C3C3C3C 3D3D3D3D 3E3E3E3E 3F3F3F3F 
[TC_DEBUG]     [  58] 00000000 01010101 02020202 03030303 04040404 05050505 06060606 07070707 08080808 09090909 0A0A0A0A 0B0B0B0B 0C0C0C0C 0D0D0D0D 0E0E0E0E 0F0F0F0F 10101010 11111111 12121212 13131313 14141414 15151515 16161616 17171717 18181818 19191919 1A1A1A1A 1B1B1B1B 1C1C1C1C 1D1D1D1D 1E1E1E1E 1F1F1F1F 
[TC_DEBUG]     [  59] 20202020 21212121 22222222 23232323 24242424 25252525 26262626 27272727 28282828 29292929 2A2A2A2A 2B2B2B2B 2C2C2C2C 2D2D2D2D 2E2E2E2E 2F2F2F2F 30303030 31313131 32323232 33333333 34343434 35353535 36363636 37373737 38383838 39393939 3A3A3A3A 3B3B3B3B 3C3C3C3C 3D3D3D3D 3E3E3E3E 3F3F3F3F 
[TC_DEBUG]     [  60] 00000000 01010101 02020202 03030303 04040404 05050505 06060606 07070707 08080808 09090909 0A0A0A0A 0B0B0B0B 0C0C0C0C 0D0D0D0D 0E0E0E0E 0F0F0F0F 10101010 11111111 12121212 13131313 14141414 15151515 16161616 17171717 18181818 19191919 1A1A1A1A 1B1B1B1B 1C1C1C1C 1D1D1D1D 1E1E1E1E 1F1F1F1F 
[TC_DEBUG]     [  61] 20202020 21212121 22222222 23232323 24242424 25252525 26262626 27272727 28282828 29292929 2A2A2A2A 2B2B2B2B 2C2C2C2C 2D2D2D2D 2E2E2E2E 2F2F2F2F 30303030 31313131 32323232 33333333 34343434 35353535 36363636 37373737 38383838 39393939 3A3A3A3A 3B3B3B3B 3C3C3C3C 3D3D3D3D 3E3E3E3E 3F3F3F3F 
[TC_DEBUG]     [  62] 00000000 01010101 02020202 03030303 04040404 05050505 06060606 07070707 08080808 09090909 0A0A0A0A 0B0B0B0B 0C0C0C0C 0D0D0D0D 0E0E0E0E 0F0F0F0F 10101010 11111111 12121212 13131313 14141414 15151515 16161616 17171717 18181818 19191919 1A1A1A1A 1B1B1B1B 1C1C1C1C 1D1D1D1D 1E1E1E1E 1F1F1F1F 
[TC_DEBUG]     [  63] 20202020 21212121 22222222 23232323 24242424 25252525 26262626 27272727 28282828 29292929 2A2A2A2A 2B2B2B2B 2C2C2C2C 2D2D2D2D 2E2E2E2E 2F2F2F2F 30303030 31313131 32323232 33333333 34343434 35353535 36363636 37373737 38383838 39393939 3A3A3A3A 3B3B3B3B 3C3C3C3C 3D3D3D3D 3E3E3E3E 3F3F3F3F 
[TC_DEBUG]     [  64] 00000000 01010101 02020202 03030303 04040404 05050505 06060606 07070707 08080808 09090909 0A0A0A0A 0B0B0B0B 0C0C0C0C 0D0D0D0D 0E0E0E0E 0F0F0F0F 10101010 11111111 12121212 13131313 14141414 15151515 16161616 17171717 18181818 19191919 1A1A1A1A 1B1B1B1B 1C1C1C1C 1D1D1D1D 1E1E1E1E 1F1F1F1F 
[TC_DEBUG]     [  65] 20202020 21212121 22222222 23232323 24242424 25252525 26262626 27272727 28282828 29292929 2A2A2A2A 2B2B2B2B 2C2C2C2C 2D2D2D2D 2E2E2E2E 2F2F2F2F 30303030 31313131 32323232 33333333 34343434 35353535 36363636 37373737 38383838 39393939 3A3A3A3A 3B3B3B3B 3C3C3C3C 3D3D3D3D 3E3E3E3E 3F3F3F3F 
[TC_DEBUG]     [  66] 00000000 01010101 02020202 03030303 04040404 05050505 06060606 07070707 08080808 09090909 0A0A0A0A 0B0B0B0B 0C0C0C0C 0D0D0D0D 0E0E0E0E 0F0F0F0F 10101010 11111111 12121212 13131313 14141414 15151515 16161616 17171717 18181818 19191919 1A1A1A1A 1B1B1B1B 1C1C1C1C 1D1D1D1D 1E1E1E1E 1F1F1F1F 
[TC_DEBUG]     [  67] 20202020 21212121 22222222 23232323 24242424 25252525 26262626 27272727 28282828 29292929 2A2A2A2A 2B2B2B2B 2C2C2C2C 2D2D2D2D 2E2E2E2E 2F2F2F2F 30303030 31313131 32323232 33333333 34343434 35353535 36363636 37373737 38383838 39393939 3A3A3A3A 3B3B3B3B 3C3C3C3C 3D3D3D3D 3E3E3E3E 3F3F3F3F 
[TC_DEBUG]     [  68] 00000000 01010101 02020202 03030303 04040404 05050505 06060606 07070707 08080808 09090909 0A0A0A0A 0B0B0B0B 0C0C0C0C 0D0D0D0D 0E0E0E0E 0F0F0F0F 10101010 11111111 12121212 13131313 14141414 15151515 16161616 17171717 18181818 19191919 1A1A1A1A 1B1B1B1B 1C1C1C1C 1D1D1D1D 1E1E1E1E 1F1F1F1F 
[TC_DEBUG]     [  69] 20202020 21212121 22222222 23232323 24242424 25252525 26262626 27272727 28282828 29292929 2A2A2A2A 2B2B2B2B 2C2C2C2C 2D2D2D2D 2E2E2E2E 2F2F2F2F 30303030 31313131 32323232 33333333 34343434 35353535 36363636 37373737 38383838 39393939 3A3A3A3A 3B3B3B3B 3C3C3C3C 3D3D3D3D 3E3E3E3E 3F3F3F3F 
[TC_DEBUG]     [  70] 00000000 01010101 02020202 03030303 04040404 05050505 06060606 07070707 08080808 09090909 0A0A0A0A 0B0B0B0B 0C0C0C0C 0D0D0D0D 0E0E0E0E 0F0F0F0F 10101010 11111111 12121212 13131313 14141414 15151515 16161616 17171717 18181818 19191919 1A1A1A1A 1B1B1B1B 1C1C1C1C 1D1D1D1D 1E1E1E1E 1F1F1F1F 
[TC_DEBUG]     [  71] 20202020 21212121 22222222 23232323 24242424 25252525 26262626 27272727 28282828 29292929 2A2A2A2A 2B2B2B2B 2C2C2C2C 2D2D2D2D 2E2E2E2E 2F2F2F2F 30303030 31313131 32323232 33333333 34343434 35353535 36363636 37373737 38383838 39393939 3A3A3A3A 3B3B3B3B 3C3C3C3C 3D3D3D3D 3E3E3E3E 3F3F3F3F 
[TC_DEBUG]     [  72] 00000000 01010101 02020202 03030303 04040404 05050505 06060606 07070707 08080808 09090909 0A0A0A0A 0B0B0B0B 0C0C0C0C 0D0D0D0D 0E0E0E0E 0F0F0F0F 10101010 11111111 12121212 13131313 14141414 15151515 16161616 17171717 18181818 19191919 1A1A1A1A 1B1B1B1B 1C1C1C1C 1D1D1D1D 1E1E1E1E 1F1F1F1F 
[TC_DEBUG]     [  73] 20202020 21212121 22222222 23232323 24242424 25252525 26262626 27272727 28282828 29292929 2A2A2A2A 2B2B2B2B 2C2C2C2C 2D2D2D2D 2E2E2E2E 2F2F2F2F 30303030 31313131 32323232 33333333 34343434 35353535 36363636 37373737 38383838 39393939 3A3A3A3A 3B3B3B3B 3C3C3C3C 3D3D3D3D 3E3E3E3E 3F3F3F3F 
[TC_DEBUG]     [  74] 00000000 01010101 02020202 03030303 04040404 05050505 06060606 07070707 08080808 09090909 0A0A0A0A 0B0B0B0B 0C0C0C0C 0D0D0D0D 0E0E0E0E 0F0F0F0F 10101010 11111111 12121212 13131313 14141414 15151515 16161616 17171717 18181818 19191919 1A1A1A1A 1B1B1B1B 1C1C1C1C 1D1D1D1D 1E1E1E1E 1F1F1F1F 
[TC_DEBUG]     [  75] 20202020 21212121 22222222 23232323 24242424 25252525 26262626 27272727 28282828 29292929 2A2A2A2A 2B2B2B2B 2C2C2C2C 2D2D2D2D 2E2E2E2E 2F2F2F2F 30303030 31313131 32323232 33333333 34343434 35353535 36363636 37373737 38383838 39393939 3A3A3A3A 3B3B3B3B 3C3C3C3C 3D3D3D3D 3E3E3E3E 3F3F3F3F 
[TC_DEBUG]     [  76] 00000000 01010101 02020202 03030303 04040404 05050505 06060606 07070707 08080808 09090909 0A0A0A0A 0B0B0B0B 0C0C0C0C 0D0D0D0D 0E0E0E0E 0F0F0F0F 10101010 11111111 12121212 13131313 14141414 15151515 16161616 17171717 18181818 19191919 1A1A1A1A 1B1B1B1B 1C1C1C1C 1D1D1D1D 1E1E1E1E 1F1F1F1F 
[TC_DEBUG]     [  77] 20202020 21212121 22222222 23232323 24242424 25252525 26262626 27272727 28282828 29292929 2A2A2A2A 2B2B2B2B 2C2C2C2C 2D2D2D2D 2E2E2E2E 2F2F2F2F 30303030 31313131 32323232 33333333 34343434 35353535 36363636 37373737 38383838 39393939 3A3A3A3A 3B3B3B3B 3C3C3C3C 3D3D3D3D 3E3E3E3E 3F3F3F3F 
[TC_DEBUG]     [  78] 00000000 01010101 02020202 03030303 04040404 05050505 06060606 07070707 08080808 09090909 0A0A0A0A 0B0B0B0B 0C0C0C0C 0D0D0D0D 0E0E0E0E 0F0F0F0F 10101010 11111111 12121212 13131313 14141414 15151515 16161616 17171717 18181818 19191919 1A1A1A1A 1B1B1B1B 1C1C1C1C 1D1D1D1D 1E1E1E1E 1F1F1F1F 
[TC_DEBUG]     [  79] 20202020 21212121 22222222 23232323 24242424 25252525 26262626 27272727 28282828 29292929 2A2A2A2A 2B2B2B2B 2C2C2C2C 2D2D2D2D 2E2E2E2E 2F2F2F2F 30303030 31313131 32323232 33333333 34343434 35353535 36363636 37373737 38383838 39393939 3A3A3A3A 3B3B3B3B 3C3C3C3C 3D3D3D3D 3E3E3E3E 3F3F3F3F 
[TC_DEBUG]     [  80] 00000000 01010101 02020202 03030303 04040404 05050505 06060606 07070707 08080808 09090909 0A0A0A0A 0B0B0B0B 0C0C0C0C 0D0D0D0D 0E0E0E0E 0F0F0F0F 10101010 11111111 12121212 13131313 14141414 15151515 16161616 17171717 18181818 19191919 1A1A1A1A 1B1B1B1B 1C1C1C1C 1D1D1D1D 1E1E1E1E 1F1F1F1F 
[TC_DEBUG]     [  81] 20202020 21212121 22222222 23232323 24242424 25252525 26262626 27272727 28282828 29292929 2A2A2A2A 2B2B2B2B 2C2C2C2C 2D2D2D2D 2E2E2E2E 2F2F2F2F 30303030 31313131 32323232 33333333 34343434 35353535 36363636 37373737 38383838 39393939 3A3A3A3A 3B3B3B3B 3C3C3C3C 3D3D3D3D 3E3E3E3E 3F3F3F3F 
[TC_DEBUG]     [  82] 00000000 01010101 02020202 03030303 04040404 05050505 06060606 07070707 08080808 09090909 0A0A0A0A 0B0B0B0B 0C0C0C0C 0D0D0D0D 0E0E0E0E 0F0F0F0F 10101010 11111111 12121212 13131313 14141414 15151515 16161616 17171717 18181818 19191919 1A1A1A1A 1B1B1B1B 1C1C1C1C 1D1D1D1D 1E1E1E1E 1F1F1F1F 
[TC_DEBUG]     [  83] 20202020 21212121 22222222 23232323 24242424 25252525 26262626 27272727 28282828 29292929 2A2A2A2A 2B2B2B2B 2C2C2C2C 2D2D2D2D 2E2E2E2E 2F2F2F2F 30303030 31313131 32323232 33333333 34343434 35353535 36363636 37373737 38383838 39393939 3A3A3A3A 3B3B3B3B 3C3C3C3C 3D3D3D3D 3E3E3E3E 3F3F3F3F 
[TC_DEBUG]     [  84] 00000000 01010101 02020202 03030303 04040404 05050505 06060606 07070707 08080808 09090909 0A0A0A0A 0B0B0B0B 0C0C0C0C 0D0D0D0D 0E0E0E0E 0F0F0F0F 10101010 11111111 12121212 13131313 14141414 15151515 16161616 17171717 18181818 19191919 1A1A1A1A 1B1B1B1B 1C1C1C1C 1D1D1D1D 1E1E1E1E 1F1F1F1F 
[TC_DEBUG]     [  85] 20202020 21212121 22222222 23232323 24242424 25252525 26262626 27272727 28282828 29292929 2A2A2A2A 2B2B2B2B 2C2C2C2C 2D2D2D2D 2E2E2E2E 2F2F2F2F 30303030 31313131 32323232 33333333 34343434 35353535 36363636 37373737 38383838 39393939 3A3A3A3A 3B3B3B3B 3C3C3C3C 3D3D3D3D 3E3E3E3E 3F3F3F3F 
[TC_DEBUG]     [  86] 00000000 01010101 02020202 03030303 04040404 05050505 06060606 07070707 08080808 09090909 0A0A0A0A 0B0B0B0B 0C0C0C0C 0D0D0D0D 0E0E0E0E 0F0F0F0F 10101010 11111111 12121212 13131313 14141414 15151515 16161616 17171717 18181818 19191919 1A1A1A1A 1B1B1B1B 1C1C1C1C 1D1D1D1D 1E1E1E1E 1F1F1F1F 
[TC_DEBUG]     [  87] 20202020 21212121 22222222 23232323 24242424 25252525 26262626 27272727 28282828 29292929 2A2A2A2A 2B2B2B2B 2C2C2C2C 2D2D2D2D 2E2E2E2E 2F2F2F2F 30303030 31313131 32323232 33333333 34343434 35353535 36363636 37373737 38383838 39393939 3A3A3A3A 3B3B3B3B 3C3C3C3C 3D3D3D3D 3E3E3E3E 3F3F3F3F 
[TC_DEBUG]     [  88] 00000000 01010101 02020202 03030303 04040404 05050505 06060606 07070707 08080808 09090909 0A0A0A0A 0B0B0B0B 0C0C0C0C 0D0D0D0D 0E0E0E0E 0F0F0F0F 10101010 11111111 12121212 13131313 14141414 15151515 16161616 17171717 18181818 19191919 1A1A1A1A 1B1B1B1B 1C1C1C1C 1D1D1D1D 1E1E1E1E 1F1F1F1F 
[TC_DEBUG]     [  89] 20202020 21212121 22222222 23232323 24242424 25252525 26262626 27272727 28282828 29292929 2A2A2A2A 2B2B2B2B 2C2C2C2C 2D2D2D2D 2E2E2E2E 2F2F2F2F 30303030 31313131 32323232 33333333 34343434 35353535 36363636 37373737 38383838 39393939 3A3A3A3A 3B3B3B3B 3C3C3C3C 3D3D3D3D 3E3E3E3E 3F3F3F3F 
[TC_DEBUG]     [  90] 00000000 01010101 02020202 03030303 04040404 05050505 06060606 07070707 08080808 09090909 0A0A0A0A 0B0B0B0B 0C0C0C0C 0D0D0D0D 0E0E0E0E 0F0F0F0F 10101010 11111111 12121212 13131313 14141414 15151515 16161616 17171717 18181818 19191919 1A1A1A1A 1B1B1B1B 1C1C1C1C 1D1D1D1D 1E1E1E1E 1F1F1F1F 
[TC_DEBUG]     [  91] 20202020 21212121 22222222 23232323 24242424 25252525 26262626 27272727 28282828 29292929 2A2A2A2A 2B2B2B2B 2C2C2C2C 2D2D2D2D 2E2E2E2E 2F2F2F2F 30303030 31313131 32323232 33333333 34343434 35353535 36363636 37373737 38383838 39393939 3A3A3A3A 3B3B3B3B 3C3C3C3C 3D3D3D3D 3E3E3E3E 3F3F3F3F 
[TC_DEBUG]     [  92] 00000000 01010101 02020202 03030303 04040404 05050505 06060606 07070707 08080808 09090909 0A0A0A0A 0B0B0B0B 0C0C0C0C 0D0D0D0D 0E0E0E0E 0F0F0F0F 10101010 11111111 12121212 13131313 14141414 15151515 16161616 17171717 18181818 19191919 1A1A1A1A 1B1B1B1B 1C1C1C1C 1D1D1D1D 1E1E1E1E 1F1F1F1F 
[TC_DEBUG]     [  93] 20202020 21212121 22222222 23232323 24242424 25252525 26262626 27272727 28282828 29292929 2A2A2A2A 2B2B2B2B 2C2C2C2C 2D2D2D2D 2E2E2E2E 2F2F2F2F 30303030 31313131 32323232 33333333 34343434 35353535 36363636 37373737 38383838 39393939 3A3A3A3A 3B3B3B3B 3C3C3C3C 3D3D3D3D 3E3E3E3E 3F3F3F3F 
[TC_DEBUG]     [  94] 00000000 01010101 02020202 03030303 04040404 05050505 06060606 07070707 08080808 09090909 0A0A0A0A 0B0B0B0B 0C0C0C0C 0D0D0D0D 0E0E0E0E 0F0F0F0F 10101010 11111111 12121212 13131313 14141414 15151515 16161616 17171717 18181818 19191919 1A1A1A1A 1B1B1B1B 1C1C1C1C 1D1D1D1D 1E1E1E1E 1F1F1F1F 
[TC_DEBUG]     [  95] 20202020 21212121 22222222 23232323 24242424 25252525 26262626 27272727 28282828 29292929 2A2A2A2A 2B2B2B2B 2C2C2C2C 2D2D2D2D 2E2E2E2E 2F2F2F2F 30303030 31313131 32323232 33333333 34343434 35353535 36363636 37373737 38383838 39393939 3A3A3A3A 3B3B3B3B 3C3C3C3C 3D3D3D3D 3E3E3E3E 3F3F3F3F 
[TC_DEBUG]     [  96] 00000000 01010101 02020202 03030303 04040404 05050505 06060606 07070707 08080808 09090909 0A0A0A0A 0B0B0B0B 0C0C0C0C 0D0D0D0D 0E0E0E0E 0F0F0F0F 10101010 11111111 12121212 13131313 14141414 15151515 16161616 17171717 18181818 19191919 1A1A1A1A 1B1B1B1B 1C1C1C1C 1D1D1D1D 1E1E1E1E 1F1F1F1F 
[TC_DEBUG]     [  97] 20202020 21212121 22222222 23232323 24242424 25252525 26262626 27272727 28282828 29292929 2A2A2A2A 2B2B2B2B 2C2C2C2C 2D2D2D2D 2E2E2E2E 2F2F2F2F 30303030 31313131 32323232 33333333 34343434 35353535 36363636 37373737 38383838 39393939 3A3A3A3A 3B3B3B3B 3C3C3C3C 3D3D3D3D 3E3E3E3E 3F3F3F3F 
[TC_DEBUG]     [  98] 00000000 01010101 02020202 03030303 04040404 05050505 06060606 07070707 08080808 09090909 0A0A0A0A 0B0B0B0B 0C0C0C0C 0D0D0D0D 0E0E0E0E 0F0F0F0F 10101010 11111111 12121212 13131313 14141414 15151515 16161616 17171717 18181818 19191919 1A1A1A1A 1B1B1B1B 1C1C1C1C 1D1D1D1D 1E1E1E1E 1F1F1F1F 
[TC_DEBUG]     [  99] 20202020 21212121 22222222 23232323 24242424 25252525 26262626 27272727 28282828 29292929 2A2A2A2A 2B2B2B2B 2C2C2C2C 2D2D2D2D 2E2E2E2E 2F2F2F2F 30303030 31313131 32323232 33333333 34343434 35353535 36363636 37373737 38383838 39393939 3A3A3A3A 3B3B3B3B 3C3C3C3C 3D3D3D3D 3E3E3E3E 3F3F3F3F 
[TC_DEBUG]     [ 100] 00000000 01010101 02020202 03030303 04040404 05050505 06060606 07070707 08080808 09090909 0A0A0A0A 0B0B0B0B 0C0C0C0C 0D0D0D0D 0E0E0E0E 0F0F0F0F 10101010 11111111 12121212 13131313 14141414 15151515 16161616 17171717 18181818 19191919 1A1A1A1A 1B1B1B1B 1C1C1C1C 1D1D1D1D 1E1E1E1E 1F1F1F1F 
[TC_DEBUG]     [ 101] 20202020 21212121 22222222 23232323 24242424 25252525 26262626 27272727 28282828 29292929 2A2A2A2A 2B2B2B2B 2C2C2C2C 2D2D2D2D 2E2E2E2E 2F2F2F2F 30303030 31313131 32323232 33333333 34343434 35353535 36363636 37373737 38383838 39393939 3A3A3A3A 3B3B3B3B 3C3C3C3C 3D3D3D3D 3E3E3E3E 3F3F3F3F 
[TC_DEBUG]     [ 102] 00000000 01010101 02020202 03030303 04040404 05050505 06060606 07070707 08080808 09090909 0A0A0A0A 0B0B0B0B 0C0C0C0C 0D0D0D0D 0E0E0E0E 0F0F0F0F 10101010 11111111 12121212 13131313 14141414 15151515 16161616 17171717 18181818 19191919 1A1A1A1A 1B1B1B1B 1C1C1C1C 1D1D1D1D 1E1E1E1E 1F1F1F1F 
[TC_DEBUG]     [ 103] 20202020 21212121 22222222 23232323 24242424 25252525 26262626 27272727 28282828 29292929 2A2A2A2A 2B2B2B2B 2C2C2C2C 2D2D2D2D 2E2E2E2E 2F2F2F2F 30303030 31313131 32323232 33333333 34343434 35353535 36363636 37373737 38383838 39393939 3A3A3A3A 3B3B3B3B 3C3C3C3C 3D3D3D3D 3E3E3E3E 3F3F3F3F 
[TC_DEBUG]     [ 104] 00000000 01010101 02020202 03030303 04040404 05050505 06060606 07070707 08080808 09090909 0A0A0A0A 0B0B0B0B 0C0C0C0C 0D0D0D0D 0E0E0E0E 0F0F0F0F 10101010 11111111 12121212 13131313 14141414 15151515 16161616 17171717 18181818 19191919 1A1A1A1A 1B1B1B1B 1C1C1C1C 1D1D1D1D 1E1E1E1E 1F1F1F1F 
[TC_DEBUG]     [ 105] 20202020 21212121 22222222 23232323 24242424 25252525 26262626 27272727 28282828 29292929 2A2A2A2A 2B2B2B2B 2C2C2C2C 2D2D2D2D 2E2E2E2E 2F2F2F2F 30303030 31313131 32323232 33333333 34343434 35353535 36363636 37373737 38383838 39393939 3A3A3A3A 3B3B3B3B 3C3C3C3C 3D3D3D3D 3E3E3E3E 3F3F3F3F 
[TC_DEBUG]     [ 106] 00000000 01010101 02020202 03030303 04040404 05050505 06060606 07070707 08080808 09090909 0A0A0A0A 0B0B0B0B 0C0C0C0C 0D0D0D0D 0E0E0E0E 0F0F0F0F 10101010 11111111 12121212 13131313 14141414 15151515 16161616 17171717 18181818 19191919 1A1A1A1A 1B1B1B1B 1C1C1C1C 1D1D1D1D 1E1E1E1E 1F1F1F1F 
[TC_DEBUG]     [ 107] 20202020 21212121 22222222 23232323 24242424 25252525 26262626 27272727 28282828 29292929 2A2A2A2A 2B2B2B2B 2C2C2C2C 2D2D2D2D 2E2E2E2E 2F2F2F2F 30303030 31313131 32323232 33333333 34343434 35353535 36363636 37373737 38383838 39393939 3A3A3A3A 3B3B3B3B 3C3C3C3C 3D3D3D3D 3E3E3E3E 3F3F3F3F 
[TC_DEBUG]     [ 108] 00000000 01010101 02020202 03030303 04040404 05050505 06060606 07070707 08080808 09090909 0A0A0A0A 0B0B0B0B 0C0C0C0C 0D0D0D0D 0E0E0E0E 0F0F0F0F 10101010 11111111 12121212 13131313 14141414 15151515 16161616 17171717 18181818 19191919 1A1A1A1A 1B1B1B1B 1C1C1C1C 1D1D1D1D 1E1E1E1E 1F1F1F1F 
[TC_DEBUG]     [ 109] 20202020 21212121 22222222 23232323 24242424 25252525 26262626 27272727 28282828 29292929 2A2A2A2A 2B2B2B2B 2C2C2C2C 2D2D2D2D 2E2E2E2E 2F2F2F2F 30303030 31313131 32323232 33333333 34343434 35353535 36363636 37373737 38383838 39393939 3A3A3A3A 3B3B3B3B 3C3C3C3C 3D3D3D3D 3E3E3E3E 3F3F3F3F 
[TC_DEBUG]     [ 110] 00000000 01010101 02020202 03030303 04040404 05050505 06060606 07070707 08080808 09090909 0A0A0A0A 0B0B0B0B 0C0C0C0C 0D0D0D0D 0E0E0E0E 0F0F0F0F 10101010 11111111 12121212 13131313 14141414 15151515 16161616 17171717 18181818 19191919 1A1A1A1A 1B1B1B1B 1C1C1C1C 1D1D1D1D 1E1E1E1E 1F1F1F1F 
[TC_DEBUG]     [ 111] 20202020 21212121 22222222 23232323 24242424 25252525 26262626 27272727 28282828 29292929 2A2A2A2A 2B2B2B2B 2C2C2C2C 2D2D2D2D 2E2E2E2E 2F2F2F2F 30303030 31313131 32323232 33333333 34343434 35353535 36363636 37373737 38383838 39393939 3A3A3A3A 3B3B3B3B 3C3C3C3C 3D3D3D3D 3E3E3E3E 3F3F3F3F 
[TC_DEBUG]     [ 112] 00000000 01010101 02020202 03030303 04040404 05050505 06060606 07070707 08080808 09090909 0A0A0A0A 0B0B0B0B 0C0C0C0C 0D0D0D0D 0E0E0E0E 0F0F0F0F 10101010 11111111 12121212 13131313 14141414 15151515 16161616 17171717 18181818 19191919 1A1A1A1A 1B1B1B1B 1C1C1C1C 1D1D1D1D 1E1E1E1E 1F1F1F1F 
[TC_DEBUG]     [ 113] 20202020 21212121 22222222 23232323 24242424 25252525 26262626 27272727 28282828 29292929 2A2A2A2A 2B2B2B2B 2C2C2C2C 2D2D2D2D 2E2E2E2E 2F2F2F2F 30303030 31313131 32323232 33333333 34343434 35353535 36363636 37373737 38383838 39393939 3A3A3A3A 3B3B3B3B 3C3C3C3C 3D3D3D3D 3E3E3E3E 3F3F3F3F 
[TC_DEBUG]     [ 114] 00000000 01010101 02020202 03030303 04040404 05050505 06060606 07070707 08080808 09090909 0A0A0A0A 0B0B0B0B 0C0C0C0C 0D0D0D0D 0E0E0E0E 0F0F0F0F 10101010 11111111 12121212 13131313 14141414 15151515 16161616 17171717 18181818 19191919 1A1A1A1A 1B1B1B1B 1C1C1C1C 1D1D1D1D 1E1E1E1E 1F1F1F1F 
[TC_DEBUG]     [ 115] 20202020 21212121 22222222 23232323 24242424 25252525 26262626 27272727 28282828 29292929 2A2A2A2A 2B2B2B2B 2C2C2C2C 2D2D2D2D 2E2E2E2E 2F2F2F2F 30303030 31313131 32323232 33333333 34343434 35353535 36363636 37373737 38383838 39393939 3A3A3A3A 3B3B3B3B 3C3C3C3C 3D3D3D3D 3E3E3E3E 3F3F3F3F 
[TC_DEBUG]     [ 116] 00000000 01010101 02020202 03030303 04040404 05050505 06060606 07070707 08080808 09090909 0A0A0A0A 0B0B0B0B 0C0C0C0C 0D0D0D0D 0E0E0E0E 0F0F0F0F 10101010 11111111 12121212 13131313 14141414 15151515 16161616 17171717 18181818 19191919 1A1A1A1A 1B1B1B1B 1C1C1C1C 1D1D1D1D 1E1E1E1E 1F1F1F1F 
[TC_DEBUG]     [ 117] 20202020 21212121 22222222 23232323 24242424 25252525 26262626 27272727 28282828 29292929 2A2A2A2A 2B2B2B2B 2C2C2C2C 2D2D2D2D 2E2E2E2E 2F2F2F2F 30303030 31313131 32323232 33333333 34343434 35353535 36363636 37373737 38383838 39393939 3A3A3A3A 3B3B3B3B 3C3C3C3C 3D3D3D3D 3E3E3E3E 3F3F3F3F 
[TC_DEBUG]     [ 118] 00000000 01010101 02020202 03030303 04040404 05050505 06060606 07070707 08080808 09090909 0A0A0A0A 0B0B0B0B 0C0C0C0C 0D0D0D0D 0E0E0E0E 0F0F0F0F 10101010 11111111 12121212 13131313 14141414 15151515 16161616 17171717 18181818 19191919 1A1A1A1A 1B1B1B1B 1C1C1C1C 1D1D1D1D 1E1E1E1E 1F1F1F1F 
[TC_DEBUG]     [ 119] 20202020 21212121 22222222 23232323 24242424 25252525 26262626 27272727 28282828 29292929 2A2A2A2A 2B2B2B2B 2C2C2C2C 2D2D2D2D 2E2E2E2E 2F2F2F2F 30303030 31313131 32323232 33333333 34343434 35353535 36363636 37373737 38383838 39393939 3A3A3A3A 3B3B3B3B 3C3C3C3C 3D3D3D3D 3E3E3E3E 3F3F3F3F 
[TC_DEBUG]     [ 120] 00000000 01010101 02020202 03030303 04040404 05050505 06060606 07070707 08080808 09090909 0A0A0A0A 0B0B0B0B 0C0C0C0C 0D0D0D0D 0E0E0E0E 0F0F0F0F 10101010 11111111 12121212 13131313 14141414 15151515 16161616 17171717 18181818 19191919 1A1A1A1A 1B1B1B1B 1C1C1C1C 1D1D1D1D 1E1E1E1E 1F1F1F1F 
[TC_DEBUG]     [ 121] 20202020 21212121 22222222 23232323 24242424 25252525 26262626 27272727 28282828 29292929 2A2A2A2A 2B2B2B2B 2C2C2C2C 2D2D2D2D 2E2E2E2E 2F2F2F2F 30303030 31313131 32323232 33333333 34343434 35353535 36363636 37373737 38383838 39393939 3A3A3A3A 3B3B3B3B 3C3C3C3C 3D3D3D3D 3E3E3E3E 3F3F3F3F 
[TC_DEBUG]     [ 122] 00000000 01010101 02020202 03030303 04040404 05050505 06060606 07070707 08080808 09090909 0A0A0A0A 0B0B0B0B 0C0C0C0C 0D0D0D0D 0E0E0E0E 0F0F0F0F 10101010 11111111 12121212 13131313 14141414 15151515 16161616 17171717 18181818 19191919 1A1A1A1A 1B1B1B1B 1C1C1C1C 1D1D1D1D 1E1E1E1E 1F1F1F1F 
[TC_DEBUG]     [ 123] 20202020 21212121 22222222 23232323 24242424 25252525 26262626 27272727 28282828 29292929 2A2A2A2A 2B2B2B2B 2C2C2C2C 2D2D2D2D 2E2E2E2E 2F2F2F2F 30303030 31313131 32323232 33333333 34343434 35353535 36363636 37373737 38383838 39393939 3A3A3A3A 3B3B3B3B 3C3C3C3C 3D3D3D3D 3E3E3E3E 3F3F3F3F 
[TC_DEBUG]     [ 124] 00000000 01010101 02020202 03030303 04040404 05050505 06060606 07070707 08080808 09090909 0A0A0A0A 0B0B0B0B 0C0C0C0C 0D0D0D0D 0E0E0E0E 0F0F0F0F 10101010 11111111 12121212 13131313 14141414 15151515 16161616 17171717 18181818 19191919 1A1A1A1A 1B1B1B1B 1C1C1C1C 1D1D1D1D 1E1E1E1E 1F1F1F1F 
[TC_DEBUG]     [ 125] 20202020 21212121 22222222 23232323 24242424 25252525 26262626 27272727 28282828 29292929 2A2A2A2A 2B2B2B2B 2C2C2C2C 2D2D2D2D 2E2E2E2E 2F2F2F2F 30303030 31313131 32323232 33333333 34343434 35353535 36363636 37373737 38383838 39393939 3A3A3A3A 3B3B3B3B 3C3C3C3C 3D3D3D3D 3E3E3E3E 3F3F3F3F 
[TC_DEBUG]     [ 126] 00000000 01010101 02020202 03030303 04040404 05050505 06060606 07070707 08080808 09090909 0A0A0A0A 0B0B0B0B 0C0C0C0C 0D0D0D0D 0E0E0E0E 0F0F0F0F 10101010 11111111 12121212 13131313 14141414 15151515 16161616 17171717 18181818 19191919 1A1A1A1A 1B1B1B1B 1C1C1C1C 1D1D1D1D 1E1E1E1E 1F1F1F1F 
[TC_DEBUG]     [ 127] 20202020 21212121 22222222 23232323 24242424 25252525 26262626 27272727 28282828 29292929 2A2A2A2A 2B2B2B2B 2C2C2C2C 2D2D2D2D 2E2E2E2E 2F2F2F2F 30303030 31313131 32323232 33333333 34343434 35353535 36363636 37373737 38383838 39393939 3A3A3A3A 3B3B3B3B 3C3C3C3C 3D3D3D3D 3E3E3E3E 3F3F3F3F 
Test 3 completed - acc_buffer initialized with vertical broadcast

======================================================================
All tc.st.init tests completed!
======================================================================
