======================================================================
TensorComp tc.st.mma.pack.acc ISA Test
======================================================================

Instruction: tc.st.mma.pack.acc - Packed Matrix Multiply-Accumulate
Syntax: tc.st.mma.pack.acc rs1, trs1, trs2, rs2

Computation: acc += sum_k((Left[k] * Top[k]) << (k*8))
Use case: Quantization, mixed precision
Initialize acc_buffer
Initialize acc_buffer
[TC_DEBUG] t.imm.broadcast: tr0 = (imm8=0x00)
00 00 00 00 00 00 00 00 00 00 00 00 00 00 00 00 00 00 00 00 00 00 00 00 00 00 00 00 00 00 00 00 00 00 00 00 00 00 00 00 00 00 00 00 00 00 00 00 00 00 00 00 00 00 00 00 00 00 00 00 00 00 00 00 00 00 00 00 00 00 00 00 00 00 00 00 00 00 00 00 00 00 00 00 00 00 00 00 00 00 00 00 00 00 00 00 00 00 00 00 00 00 00 00 00 00 00 00 00 00 00 00 00 00 00 00 00 00 00 00 00 00 00 00 00 00 00 00 
00 00 00 00 00 00 00 00 00 00 00 00 00 00 00 00 00 00 00 00 00 00 00 00 00 00 00 00 00 00 00 00 00 00 00 00 00 00 00 00 00 00 00 00 00 00 00 00 00 00 00 00 00 00 00 00 00 00 00 00 00 00 00 00 00 00 00 00 00 00 00 00 00 00 00 00 00 00 00 00 00 00 00 00 00 00 00 00 00 00 00 00 00 00 00 00 00 00 00 00 00 00 00 00 00 00 00 00 00 00 00 00 00 00 00 00 00 00 00 00 00 00 00 00 00 00 00 00 
00 00 00 00 00 00 00 00 00 00 00 00 00 00 00 00 00 00 00 00 00 00 00 00 00 00 00 00 00 00 00 00 00 00 00 00 00 00 00 00 00 00 00 00 00 00 00 00 00 00 00 00 00 00 00 00 00 00 00 00 00 00 00 00 00 00 00 00 00 00 00 00 00 00 00 00 00 00 00 00 00 00 00 00 00 00 00 00 00 00 00 00 00 00 00 00 00 00 00 00 00 00 00 00 00 00 00 00 00 00 00 00 00 00 00 00 00 00 00 00 00 00 00 00 00 00 00 00 
00 00 00 00 00 00 00 00 00 00 00 00 00 00 00 00 00 00 00 00 00 00 00 00 00 00 00 00 00 00 00 00 00 00 00 00 00 00 00 00 00 00 00 00 00 00 00 00 00 00 00 00 00 00 00 00 00 00 00 00 00 00 00 00 00 00 00 00 00 00 00 00 00 00 00 00 00 00 00 00 00 00 00 00 00 00 00 00 00 00 00 00 00 00 00 00 00 00 00 00 00 00 00 00 00 00 00 00 00 00 00 00 00 00 00 00 00 00 00 00 00 00 00 00 00 00 00 00 
00 00 00 00 00 00 00 00 00 00 00 00 00 00 00 00 00 00 00 00 00 00 00 00 00 00 00 00 00 00 00 00 00 00 00 00 00 00 00 00 00 00 00 00 00 00 00 00 00 00 00 00 00 00 00 00 00 00 00 00 00 00 00 00 00 00 00 00 00 00 00 00 00 00 00 00 00 00 00 00 00 00 00 00 00 00 00 00 00 00 00 00 00 00 00 00 00 00 00 00 00 00 00 00 00 00 00 00 00 00 00 00 00 00 00 00 00 00 00 00 00 00 00 00 00 00 00 00 
00 00 00 00 00 00 00 00 00 00 00 00 00 00 00 00 00 00 00 00 00 00 00 00 00 00 00 00 00 00 00 00 00 00 00 00 00 00 00 00 00 00 00 00 00 00 00 00 00 00 00 00 00 00 00 00 00 00 00 00 00 00 00 00 00 00 00 00 00 00 00 00 00 00 00 00 00 00 00 00 00 00 00 00 00 00 00 00 00 00 00 00 00 00 00 00 00 00 00 00 00 00 00 00 00 00 00 00 00 00 00 00 00 00 00 00 00 00 00 00 00 00 00 00 00 00 00 00 
00 00 00 00 00 00 00 00 00 00 00 00 00 00 00 00 00 00 00 00 00 00 00 00 00 00 00 00 00 00 00 00 00 00 00 00 00 00 00 00 00 00 00 00 00 00 00 00 00 00 00 00 00 00 00 00 00 00 00 00 00 00 00 00 00 00 00 00 00 00 00 00 00 00 00 00 00 00 00 00 00 00 00 00 00 00 00 00 00 00 00 00 00 00 00 00 00 00 00 00 00 00 00 00 00 00 00 00 00 00 00 00 00 00 00 00 00 00 00 00 00 00 00 00 00 00 00 00 
00 00 00 00 00 00 00 00 00 00 00 00 00 00 00 00 00 00 00 00 00 00 00 00 00 00 00 00 00 00 00 00 00 00 00 00 00 00 00 00 00 00 00 00 00 00 00 00 00 00 00 00 00 00 00 00 00 00 00 00 00 00 00 00 00 00 00 00 00 00 00 00 00 00 00 00 00 00 00 00 00 00 00 00 00 00 00 00 00 00 00 00 00 00 00 00 00 00 00 00 00 00 00 00 00 00 00 00 00 00 00 00 00 00 00 00 00 00 00 00 00 00 00 00 00 00 00 00 
[TC_DEBUG] t.imm.broadcast: tr1 = (imm8=0x00)
00 00 00 00 00 00 00 00 00 00 00 00 00 00 00 00 00 00 00 00 00 00 00 00 00 00 00 00 00 00 00 00 00 00 00 00 00 00 00 00 00 00 00 00 00 00 00 00 00 00 00 00 00 00 00 00 00 00 00 00 00 00 00 00 00 00 00 00 00 00 00 00 00 00 00 00 00 00 00 00 00 00 00 00 00 00 00 00 00 00 00 00 00 00 00 00 00 00 00 00 00 00 00 00 00 00 00 00 00 00 00 00 00 00 00 00 00 00 00 00 00 00 00 00 00 00 00 00 
00 00 00 00 00 00 00 00 00 00 00 00 00 00 00 00 00 00 00 00 00 00 00 00 00 00 00 00 00 00 00 00 00 00 00 00 00 00 00 00 00 00 00 00 00 00 00 00 00 00 00 00 00 00 00 00 00 00 00 00 00 00 00 00 00 00 00 00 00 00 00 00 00 00 00 00 00 00 00 00 00 00 00 00 00 00 00 00 00 00 00 00 00 00 00 00 00 00 00 00 00 00 00 00 00 00 00 00 00 00 00 00 00 00 00 00 00 00 00 00 00 00 00 00 00 00 00 00 
00 00 00 00 00 00 00 00 00 00 00 00 00 00 00 00 00 00 00 00 00 00 00 00 00 00 00 00 00 00 00 00 00 00 00 00 00 00 00 00 00 00 00 00 00 00 00 00 00 00 00 00 00 00 00 00 00 00 00 00 00 00 00 00 00 00 00 00 00 00 00 00 00 00 00 00 00 00 00 00 00 00 00 00 00 00 00 00 00 00 00 00 00 00 00 00 00 00 00 00 00 00 00 00 00 00 00 00 00 00 00 00 00 00 00 00 00 00 00 00 00 00 00 00 00 00 00 00 
00 00 00 00 00 00 00 00 00 00 00 00 00 00 00 00 00 00 00 00 00 00 00 00 00 00 00 00 00 00 00 00 00 00 00 00 00 00 00 00 00 00 00 00 00 00 00 00 00 00 00 00 00 00 00 00 00 00 00 00 00 00 00 00 00 00 00 00 00 00 00 00 00 00 00 00 00 00 00 00 00 00 00 00 00 00 00 00 00 00 00 00 00 00 00 00 00 00 00 00 00 00 00 00 00 00 00 00 00 00 00 00 00 00 00 00 00 00 00 00 00 00 00 00 00 00 00 00 
00 00 00 00 00 00 00 00 00 00 00 00 00 00 00 00 00 00 00 00 00 00 00 00 00 00 00 00 00 00 00 00 00 00 00 00 00 00 00 00 00 00 00 00 00 00 00 00 00 00 00 00 00 00 00 00 00 00 00 00 00 00 00 00 00 00 00 00 00 00 00 00 00 00 00 00 00 00 00 00 00 00 00 00 00 00 00 00 00 00 00 00 00 00 00 00 00 00 00 00 00 00 00 00 00 00 00 00 00 00 00 00 00 00 00 00 00 00 00 00 00 00 00 00 00 00 00 00 
00 00 00 00 00 00 00 00 00 00 00 00 00 00 00 00 00 00 00 00 00 00 00 00 00 00 00 00 00 00 00 00 00 00 00 00 00 00 00 00 00 00 00 00 00 00 00 00 00 00 00 00 00 00 00 00 00 00 00 00 00 00 00 00 00 00 00 00 00 00 00 00 00 00 00 00 00 00 00 00 00 00 00 00 00 00 00 00 00 00 00 00 00 00 00 00 00 00 00 00 00 00 00 00 00 00 00 00 00 00 00 00 00 00 00 00 00 00 00 00 00 00 00 00 00 00 00 00 
00 00 00 00 00 00 00 00 00 00 00 00 00 00 00 00 00 00 00 00 00 00 00 00 00 00 00 00 00 00 00 00 00 00 00 00 00 00 00 00 00 00 00 00 00 00 00 00 00 00 00 00 00 00 00 00 00 00 00 00 00 00 00 00 00 00 00 00 00 00 00 00 00 00 00 00 00 00 00 00 00 00 00 00 00 00 00 00 00 00 00 00 00 00 00 00 00 00 00 00 00 00 00 00 00 00 00 00 00 00 00 00 00 00 00 00 00 00 00 00 00 00 00 00 00 00 00 00 
00 00 00 00 00 00 00 00 00 00 00 00 00 00 00 00 00 00 00 00 00 00 00 00 00 00 00 00 00 00 00 00 00 00 00 00 00 00 00 00 00 00 00 00 00 00 00 00 00 00 00 00 00 00 00 00 00 00 00 00 00 00 00 00 00 00 00 00 00 00 00 00 00 00 00 00 00 00 00 00 00 00 00 00 00 00 00 00 00 00 00 00 00 00 00 00 00 00 00 00 00 00 00 00 00 00 00 00 00 00 00 00 00 00 00 00 00 00 00 00 00 00 00 00 00 00 00 00 
[TC_DEBUG] tc.st.add: trs1=0, trs2=1, rs1v=0x50000000, rs2v=0x00000000
[TC_DEBUG]   M2=1, M1=32, N2=1, N1=32
[TC_DEBUG]   startpoint_left=0, startpoint_top=0
[TC_DEBUG]   left_data_len=0, top_data_len=0
[TC_DEBUG]   LeftData (tr0, 32 int32 elements):
[TC_DEBUG]     [0000] 00000000 00000000 00000000 00000000 00000000 00000000 00000000 00000000 00000000 00000000 00000000 00000000 00000000 00000000 00000000 00000000 00000000 00000000 00000000 00000000 00000000 00000000 00000000 00000000 00000000 00000000 00000000 00000000 00000000 00000000 00000000 00000000 
[TC_DEBUG]   TopData (tr1, 32 int32 elements):
[TC_DEBUG]     [0000] 00000000 00000000 00000000 00000000 00000000 00000000 00000000 00000000 00000000 00000000 00000000 00000000 00000000 00000000 00000000 00000000 00000000 00000000 00000000 00000000 00000000 00000000 00000000 00000000 00000000 00000000 00000000 00000000 00000000 00000000 00000000 00000000 
[TC_DEBUG]   AccBuffer (base=0x50000000, 1024 elements):
[TC_DEBUG]     [0000] 00000000 00000000 00000000 00000000 00000000 00000000 00000000 00000000 00000000 00000000 00000000 00000000 00000000 00000000 00000000 00000000 00000000 00000000 00000000 00000000 00000000 00000000 00000000 00000000 00000000 00000000 00000000 00000000 00000000 00000000 00000000 00000000 
[TC_DEBUG]     [0032] 00000000 00000000 00000000 00000000 00000000 00000000 00000000 00000000 00000000 00000000 00000000 00000000 00000000 00000000 00000000 00000000 00000000 00000000 00000000 00000000 00000000 00000000 00000000 00000000 00000000 00000000 00000000 00000000 00000000 00000000 00000000 00000000 
[TC_DEBUG]     [0064] 00000000 00000000 00000000 00000000 00000000 00000000 00000000 00000000 00000000 00000000 00000000 00000000 00000000 00000000 00000000 00000000 00000000 00000000 00000000 00000000 00000000 00000000 00000000 00000000 00000000 00000000 00000000 00000000 00000000 00000000 00000000 00000000 
[TC_DEBUG]     [0096] 00000000 00000000 00000000 00000000 00000000 00000000 00000000 00000000 00000000 00000000 00000000 00000000 00000000 00000000 00000000 00000000 00000000 00000000 00000000 00000000 00000000 00000000 00000000 00000000 00000000 00000000 00000000 00000000 00000000 00000000 00000000 00000000 
[TC_DEBUG]     [0128] 00000000 00000000 00000000 00000000 00000000 00000000 00000000 00000000 00000000 00000000 00000000 00000000 00000000 00000000 00000000 00000000 00000000 00000000 00000000 00000000 00000000 00000000 00000000 00000000 00000000 00000000 00000000 00000000 00000000 00000000 00000000 00000000 
[TC_DEBUG]     [0160] 00000000 00000000 00000000 00000000 00000000 00000000 00000000 00000000 00000000 00000000 00000000 00000000 00000000 00000000 00000000 00000000 00000000 00000000 00000000 00000000 00000000 00000000 00000000 00000000 00000000 00000000 00000000 00000000 00000000 00000000 00000000 00000000 
[TC_DEBUG]     [0192] 00000000 00000000 00000000 00000000 00000000 00000000 00000000 00000000 00000000 00000000 00000000 00000000 00000000 00000000 00000000 00000000 00000000 00000000 00000000 00000000 00000000 00000000 00000000 00000000 00000000 00000000 00000000 00000000 00000000 00000000 00000000 00000000 
[TC_DEBUG]     [0224] 00000000 00000000 00000000 00000000 00000000 00000000 00000000 00000000 00000000 00000000 00000000 00000000 00000000 00000000 00000000 00000000 00000000 00000000 00000000 00000000 00000000 00000000 00000000 00000000 00000000 00000000 00000000 00000000 00000000 00000000 00000000 00000000 
[TC_DEBUG]     [0256] 00000000 00000000 00000000 00000000 00000000 00000000 00000000 00000000 00000000 00000000 00000000 00000000 00000000 00000000 00000000 00000000 00000000 00000000 00000000 00000000 00000000 00000000 00000000 00000000 00000000 00000000 00000000 00000000 00000000 00000000 00000000 00000000 
[TC_DEBUG]     [0288] 00000000 00000000 00000000 00000000 00000000 00000000 00000000 00000000 00000000 00000000 00000000 00000000 00000000 00000000 00000000 00000000 00000000 00000000 00000000 00000000 00000000 00000000 00000000 00000000 00000000 00000000 00000000 00000000 00000000 00000000 00000000 00000000 
[TC_DEBUG]     [0320] 00000000 00000000 00000000 00000000 00000000 00000000 00000000 00000000 00000000 00000000 00000000 00000000 00000000 00000000 00000000 00000000 00000000 00000000 00000000 00000000 00000000 00000000 00000000 00000000 00000000 00000000 00000000 00000000 00000000 00000000 00000000 00000000 
[TC_DEBUG]     [0352] 00000000 00000000 00000000 00000000 00000000 00000000 00000000 00000000 00000000 00000000 00000000 00000000 00000000 00000000 00000000 00000000 00000000 00000000 00000000 00000000 00000000 00000000 00000000 00000000 00000000 00000000 00000000 00000000 00000000 00000000 00000000 00000000 
[TC_DEBUG]     [0384] 00000000 00000000 00000000 00000000 00000000 00000000 00000000 00000000 00000000 00000000 00000000 00000000 00000000 00000000 00000000 00000000 00000000 00000000 00000000 00000000 00000000 00000000 00000000 00000000 00000000 00000000 00000000 00000000 00000000 00000000 00000000 00000000 
[TC_DEBUG]     [0416] 00000000 00000000 00000000 00000000 00000000 00000000 00000000 00000000 00000000 00000000 00000000 00000000 00000000 00000000 00000000 00000000 00000000 00000000 00000000 00000000 00000000 00000000 00000000 00000000 00000000 00000000 00000000 00000000 00000000 00000000 00000000 00000000 
[TC_DEBUG]     [0448] 00000000 00000000 00000000 00000000 00000000 00000000 00000000 00000000 00000000 00000000 00000000 00000000 00000000 00000000 00000000 00000000 00000000 00000000 00000000 00000000 00000000 00000000 00000000 00000000 00000000 00000000 00000000 00000000 00000000 00000000 00000000 00000000 
[TC_DEBUG]     [0480] 00000000 00000000 00000000 00000000 00000000 00000000 00000000 00000000 00000000 00000000 00000000 00000000 00000000 00000000 00000000 00000000 00000000 00000000 00000000 00000000 00000000 00000000 00000000 00000000 00000000 00000000 00000000 00000000 00000000 00000000 00000000 00000000 
[TC_DEBUG]     [0512] 00000000 00000000 00000000 00000000 00000000 00000000 00000000 00000000 00000000 00000000 00000000 00000000 00000000 00000000 00000000 00000000 00000000 00000000 00000000 00000000 00000000 00000000 00000000 00000000 00000000 00000000 00000000 00000000 00000000 00000000 00000000 00000000 
[TC_DEBUG]     [0544] 00000000 00000000 00000000 00000000 00000000 00000000 00000000 00000000 00000000 00000000 00000000 00000000 00000000 00000000 00000000 00000000 00000000 00000000 00000000 00000000 00000000 00000000 00000000 00000000 00000000 00000000 00000000 00000000 00000000 00000000 00000000 00000000 
[TC_DEBUG]     [0576] 00000000 00000000 00000000 00000000 00000000 00000000 00000000 00000000 00000000 00000000 00000000 00000000 00000000 00000000 00000000 00000000 00000000 00000000 00000000 00000000 00000000 00000000 00000000 00000000 00000000 00000000 00000000 00000000 00000000 00000000 00000000 00000000 
[TC_DEBUG]     [0608] 00000000 00000000 00000000 00000000 00000000 00000000 00000000 00000000 00000000 00000000 00000000 00000000 00000000 00000000 00000000 00000000 00000000 00000000 00000000 00000000 00000000 00000000 00000000 00000000 00000000 00000000 00000000 00000000 00000000 00000000 00000000 00000000 
[TC_DEBUG]     [0640] 00000000 00000000 00000000 00000000 00000000 00000000 00000000 00000000 00000000 00000000 00000000 00000000 00000000 00000000 00000000 00000000 00000000 00000000 00000000 00000000 00000000 00000000 00000000 00000000 00000000 00000000 00000000 00000000 00000000 00000000 00000000 00000000 
[TC_DEBUG]     [0672] 00000000 00000000 00000000 00000000 00000000 00000000 00000000 00000000 00000000 00000000 00000000 00000000 00000000 00000000 00000000 00000000 00000000 00000000 00000000 00000000 00000000 00000000 00000000 00000000 00000000 00000000 00000000 00000000 00000000 00000000 00000000 00000000 
[TC_DEBUG]     [0704] 00000000 00000000 00000000 00000000 00000000 00000000 00000000 00000000 00000000 00000000 00000000 00000000 00000000 00000000 00000000 00000000 00000000 00000000 00000000 00000000 00000000 00000000 00000000 00000000 00000000 00000000 00000000 00000000 00000000 00000000 00000000 00000000 
[TC_DEBUG]     [0736] 00000000 00000000 00000000 00000000 00000000 00000000 00000000 00000000 00000000 00000000 00000000 00000000 00000000 00000000 00000000 00000000 00000000 00000000 00000000 00000000 00000000 00000000 00000000 00000000 00000000 00000000 00000000 00000000 00000000 00000000 00000000 00000000 
[TC_DEBUG]     [0768] 00000000 00000000 00000000 00000000 00000000 00000000 00000000 00000000 00000000 00000000 00000000 00000000 00000000 00000000 00000000 00000000 00000000 00000000 00000000 00000000 00000000 00000000 00000000 00000000 00000000 00000000 00000000 00000000 00000000 00000000 00000000 00000000 
[TC_DEBUG]     [0800] 00000000 00000000 00000000 00000000 00000000 00000000 00000000 00000000 00000000 00000000 00000000 00000000 00000000 00000000 00000000 00000000 00000000 00000000 00000000 00000000 00000000 00000000 00000000 00000000 00000000 00000000 00000000 00000000 00000000 00000000 00000000 00000000 
[TC_DEBUG]     [0832] 00000000 00000000 00000000 00000000 00000000 00000000 00000000 00000000 00000000 00000000 00000000 00000000 00000000 00000000 00000000 00000000 00000000 00000000 00000000 00000000 00000000 00000000 00000000 00000000 00000000 00000000 00000000 00000000 00000000 00000000 00000000 00000000 
[TC_DEBUG]     [0864] 00000000 00000000 00000000 00000000 00000000 00000000 00000000 00000000 00000000 00000000 00000000 00000000 00000000 00000000 00000000 00000000 00000000 00000000 00000000 00000000 00000000 00000000 00000000 00000000 00000000 00000000 00000000 00000000 00000000 00000000 00000000 00000000 
[TC_DEBUG]     [0896] 00000000 00000000 00000000 00000000 00000000 00000000 00000000 00000000 00000000 00000000 00000000 00000000 00000000 00000000 00000000 00000000 00000000 00000000 00000000 00000000 00000000 00000000 00000000 00000000 00000000 00000000 00000000 00000000 00000000 00000000 00000000 00000000 
[TC_DEBUG]     [0928] 00000000 00000000 00000000 00000000 00000000 00000000 00000000 00000000 00000000 00000000 00000000 00000000 00000000 00000000 00000000 00000000 00000000 00000000 00000000 00000000 00000000 00000000 00000000 00000000 00000000 00000000 00000000 00000000 00000000 00000000 00000000 00000000 
[TC_DEBUG]     [0960] 00000000 00000000 00000000 00000000 00000000 00000000 00000000 00000000 00000000 00000000 00000000 00000000 00000000 00000000 00000000 00000000 00000000 00000000 00000000 00000000 00000000 00000000 00000000 00000000 00000000 00000000 00000000 00000000 00000000 00000000 00000000 00000000 
[TC_DEBUG]     [0992] 00000000 00000000 00000000 00000000 00000000 00000000 00000000 00000000 00000000 00000000 00000000 00000000 00000000 00000000 00000000 00000000 00000000 00000000 00000000 00000000 00000000 00000000 00000000 00000000 00000000 00000000 00000000 00000000 00000000 00000000 00000000 00000000 

--- Loading data into TC registers using t.ld ---
Loading Left Data 4x (0x40000000) into tr0
[TC_DEBUG] t.ld: trd=0, imm10=0, rs1v=0x40000000
[TC_DEBUG]   CSR tmask_ld=0x000000FF, twidth_ld=1024
[TC_DEBUG]   base_addr = rs1v + imm10 * twidth_ld = 0x40000000 + 0 * 1024 = 0x40000000
[TC_DEBUG]   toffset_ld[0..7] = {0, 128, 256, 384, 512, 640, 768, 896}
[TC_DEBUG]   Load[0]: addr=0x40000000 -> tr0[0:127]
[TC_DEBUG]   Load[1]: addr=0x40000080 -> tr0[128:255]
[TC_DEBUG]   Load[2]: addr=0x40000100 -> tr0[256:383]
[TC_DEBUG]   Load[3]: addr=0x40000180 -> tr0[384:511]
[TC_DEBUG]   Load[4]: addr=0x40000200 -> tr0[512:639]
[TC_DEBUG]   Load[5]: addr=0x40000280 -> tr0[640:767]
[TC_DEBUG]   Load[6]: addr=0x40000300 -> tr0[768:895]
[TC_DEBUG]   Load[7]: addr=0x40000380 -> tr0[896:1023]
[TC_DEBUG]   tr0 = 
00 00 00 00 04 04 04 04 08 08 08 08 0C 0C 0C 0C 10 10 10 10 14 14 14 14 18 18 18 18 1C 1C 1C 1C 20 20 20 20 24 24 24 24 28 28 28 28 2C 2C 2C 2C 30 30 30 30 34 34 34 34 38 38 38 38 3C 3C 3C 3C 40 40 40 40 44 44 44 44 48 48 48 48 4C 4C 4C 4C 50 50 50 50 54 54 54 54 58 58 58 58 5C 5C 5C 5C 60 60 60 60 64 64 64 64 68 68 68 68 6C 6C 6C 6C 70 70 70 70 74 74 74 74 78 78 78 78 7C 7C 7C 7C 
01 01 01 01 05 05 05 05 09 09 09 09 0D 0D 0D 0D 11 11 11 11 15 15 15 15 19 19 19 19 1D 1D 1D 1D 21 21 21 21 25 25 25 25 29 29 29 29 2D 2D 2D 2D 31 31 31 31 35 35 35 35 39 39 39 39 3D 3D 3D 3D 41 41 41 41 45 45 45 45 49 49 49 49 4D 4D 4D 4D 51 51 51 51 55 55 55 55 59 59 59 59 5D 5D 5D 5D 61 61 61 61 65 65 65 65 69 69 69 69 6D 6D 6D 6D 71 71 71 71 75 75 75 75 79 79 79 79 7D 7D 7D 7D 
02 02 02 02 06 06 06 06 0A 0A 0A 0A 0E 0E 0E 0E 12 12 12 12 16 16 16 16 1A 1A 1A 1A 1E 1E 1E 1E 22 22 22 22 26 26 26 26 2A 2A 2A 2A 2E 2E 2E 2E 32 32 32 32 36 36 36 36 3A 3A 3A 3A 3E 3E 3E 3E 42 42 42 42 46 46 46 46 4A 4A 4A 4A 4E 4E 4E 4E 52 52 52 52 56 56 56 56 5A 5A 5A 5A 5E 5E 5E 5E 62 62 62 62 66 66 66 66 6A 6A 6A 6A 6E 6E 6E 6E 72 72 72 72 76 76 76 76 7A 7A 7A 7A 7E 7E 7E 7E 
03 03 03 03 07 07 07 07 0B 0B 0B 0B 0F 0F 0F 0F 13 13 13 13 17 17 17 17 1B 1B 1B 1B 1F 1F 1F 1F 23 23 23 23 27 27 27 27 2B 2B 2B 2B 2F 2F 2F 2F 33 33 33 33 37 37 37 37 3B 3B 3B 3B 3F 3F 3F 3F 43 43 43 43 47 47 47 47 4B 4B 4B 4B 4F 4F 4F 4F 53 53 53 53 57 57 57 57 5B 5B 5B 5B 5F 5F 5F 5F 63 63 63 63 67 67 67 67 6B 6B 6B 6B 6F 6F 6F 6F 73 73 73 73 77 77 77 77 7B 7B 7B 7B 7F 7F 7F 7F 
00 00 00 00 04 04 04 04 08 08 08 08 0C 0C 0C 0C 10 10 10 10 14 14 14 14 18 18 18 18 1C 1C 1C 1C 20 20 20 20 24 24 24 24 28 28 28 28 2C 2C 2C 2C 30 30 30 30 34 34 34 34 38 38 38 38 3C 3C 3C 3C 40 40 40 40 44 44 44 44 48 48 48 48 4C 4C 4C 4C 50 50 50 50 54 54 54 54 58 58 58 58 5C 5C 5C 5C 60 60 60 60 64 64 64 64 68 68 68 68 6C 6C 6C 6C 70 70 70 70 74 74 74 74 78 78 78 78 7C 7C 7C 7C 
01 01 01 01 05 05 05 05 09 09 09 09 0D 0D 0D 0D 11 11 11 11 15 15 15 15 19 19 19 19 1D 1D 1D 1D 21 21 21 21 25 25 25 25 29 29 29 29 2D 2D 2D 2D 31 31 31 31 35 35 35 35 39 39 39 39 3D 3D 3D 3D 41 41 41 41 45 45 45 45 49 49 49 49 4D 4D 4D 4D 51 51 51 51 55 55 55 55 59 59 59 59 5D 5D 5D 5D 61 61 61 61 65 65 65 65 69 69 69 69 6D 6D 6D 6D 71 71 71 71 75 75 75 75 79 79 79 79 7D 7D 7D 7D 
02 02 02 02 06 06 06 06 0A 0A 0A 0A 0E 0E 0E 0E 12 12 12 12 16 16 16 16 1A 1A 1A 1A 1E 1E 1E 1E 22 22 22 22 26 26 26 26 2A 2A 2A 2A 2E 2E 2E 2E 32 32 32 32 36 36 36 36 3A 3A 3A 3A 3E 3E 3E 3E 42 42 42 42 46 46 46 46 4A 4A 4A 4A 4E 4E 4E 4E 52 52 52 52 56 56 56 56 5A 5A 5A 5A 5E 5E 5E 5E 62 62 62 62 66 66 66 66 6A 6A 6A 6A 6E 6E 6E 6E 72 72 72 72 76 76 76 76 7A 7A 7A 7A 7E 7E 7E 7E 
03 03 03 03 07 07 07 07 0B 0B 0B 0B 0F 0F 0F 0F 13 13 13 13 17 17 17 17 1B 1B 1B 1B 1F 1F 1F 1F 23 23 23 23 27 27 27 27 2B 2B 2B 2B 2F 2F 2F 2F 33 33 33 33 37 37 37 37 3B 3B 3B 3B 3F 3F 3F 3F 43 43 43 43 47 47 47 47 4B 4B 4B 4B 4F 4F 4F 4F 53 53 53 53 57 57 57 57 5B 5B 5B 5B 5F 5F 5F 5F 63 63 63 63 67 67 67 67 6B 6B 6B 6B 6F 6F 6F 6F 73 73 73 73 77 77 77 77 7B 7B 7B 7B 7F 7F 7F 7F 
[TC_DEBUG]   Total bytes loaded: 1024
Loading Top Data (0x40000C00) into tr1
[TC_DEBUG] t.ld: trd=1, imm10=0, rs1v=0x40000C00
[TC_DEBUG]   CSR tmask_ld=0x000000FF, twidth_ld=1024
[TC_DEBUG]   base_addr = rs1v + imm10 * twidth_ld = 0x40000C00 + 0 * 1024 = 0x40000C00
[TC_DEBUG]   toffset_ld[0..7] = {0, 128, 256, 384, 512, 640, 768, 896}
[TC_DEBUG]   Load[0]: addr=0x40000C00 -> tr1[0:127]
[TC_DEBUG]   Load[1]: addr=0x40000C80 -> tr1[128:255]
[TC_DEBUG]   Load[2]: addr=0x40000D00 -> tr1[256:383]
[TC_DEBUG]   Load[3]: addr=0x40000D80 -> tr1[384:511]
[TC_DEBUG]   Load[4]: addr=0x40000E00 -> tr1[512:639]
[TC_DEBUG]   Load[5]: addr=0x40000E80 -> tr1[640:767]
[TC_DEBUG]   Load[6]: addr=0x40000F00 -> tr1[768:895]
[TC_DEBUG]   Load[7]: addr=0x40000F80 -> tr1[896:1023]
[TC_DEBUG]   tr1 = 
00 01 02 03 04 05 06 07 08 09 0A 0B 0C 0D 0E 0F 10 11 12 13 14 15 16 17 18 19 1A 1B 1C 1D 1E 1F 20 21 22 23 24 25 26 27 28 29 2A 2B 2C 2D 2E 2F 30 31 32 33 34 35 36 37 38 39 3A 3B 3C 3D 3E 3F 40 41 42 43 44 45 46 47 48 49 4A 4B 4C 4D 4E 4F 50 51 52 53 54 55 56 57 58 59 5A 5B 5C 5D 5E 5F 60 61 62 63 64 65 66 67 68 69 6A 6B 6C 6D 6E 6F 70 71 72 73 74 75 76 77 78 79 7A 7B 7C 7D 7E 7F 
00 01 02 03 04 05 06 07 08 09 0A 0B 0C 0D 0E 0F 10 11 12 13 14 15 16 17 18 19 1A 1B 1C 1D 1E 1F 20 21 22 23 24 25 26 27 28 29 2A 2B 2C 2D 2E 2F 30 31 32 33 34 35 36 37 38 39 3A 3B 3C 3D 3E 3F 40 41 42 43 44 45 46 47 48 49 4A 4B 4C 4D 4E 4F 50 51 52 53 54 55 56 57 58 59 5A 5B 5C 5D 5E 5F 60 61 62 63 64 65 66 67 68 69 6A 6B 6C 6D 6E 6F 70 71 72 73 74 75 76 77 78 79 7A 7B 7C 7D 7E 7F 
00 01 02 03 04 05 06 07 08 09 0A 0B 0C 0D 0E 0F 10 11 12 13 14 15 16 17 18 19 1A 1B 1C 1D 1E 1F 20 21 22 23 24 25 26 27 28 29 2A 2B 2C 2D 2E 2F 30 31 32 33 34 35 36 37 38 39 3A 3B 3C 3D 3E 3F 40 41 42 43 44 45 46 47 48 49 4A 4B 4C 4D 4E 4F 50 51 52 53 54 55 56 57 58 59 5A 5B 5C 5D 5E 5F 60 61 62 63 64 65 66 67 68 69 6A 6B 6C 6D 6E 6F 70 71 72 73 74 75 76 77 78 79 7A 7B 7C 7D 7E 7F 
00 01 02 03 04 05 06 07 08 09 0A 0B 0C 0D 0E 0F 10 11 12 13 14 15 16 17 18 19 1A 1B 1C 1D 1E 1F 20 21 22 23 24 25 26 27 28 29 2A 2B 2C 2D 2E 2F 30 31 32 33 34 35 36 37 38 39 3A 3B 3C 3D 3E 3F 40 41 42 43 44 45 46 47 48 49 4A 4B 4C 4D 4E 4F 50 51 52 53 54 55 56 57 58 59 5A 5B 5C 5D 5E 5F 60 61 62 63 64 65 66 67 68 69 6A 6B 6C 6D 6E 6F 70 71 72 73 74 75 76 77 78 79 7A 7B 7C 7D 7E 7F 
00 01 02 03 04 05 06 07 08 09 0A 0B 0C 0D 0E 0F 10 11 12 13 14 15 16 17 18 19 1A 1B 1C 1D 1E 1F 20 21 22 23 24 25 26 27 28 29 2A 2B 2C 2D 2E 2F 30 31 32 33 34 35 36 37 38 39 3A 3B 3C 3D 3E 3F 40 41 42 43 44 45 46 47 48 49 4A 4B 4C 4D 4E 4F 50 51 52 53 54 55 56 57 58 59 5A 5B 5C 5D 5E 5F 60 61 62 63 64 65 66 67 68 69 6A 6B 6C 6D 6E 6F 70 71 72 73 74 75 76 77 78 79 7A 7B 7C 7D 7E 7F 
00 01 02 03 04 05 06 07 08 09 0A 0B 0C 0D 0E 0F 10 11 12 13 14 15 16 17 18 19 1A 1B 1C 1D 1E 1F 20 21 22 23 24 25 26 27 28 29 2A 2B 2C 2D 2E 2F 30 31 32 33 34 35 36 37 38 39 3A 3B 3C 3D 3E 3F 40 41 42 43 44 45 46 47 48 49 4A 4B 4C 4D 4E 4F 50 51 52 53 54 55 56 57 58 59 5A 5B 5C 5D 5E 5F 60 61 62 63 64 65 66 67 68 69 6A 6B 6C 6D 6E 6F 70 71 72 73 74 75 76 77 78 79 7A 7B 7C 7D 7E 7F 
00 01 02 03 04 05 06 07 08 09 0A 0B 0C 0D 0E 0F 10 11 12 13 14 15 16 17 18 19 1A 1B 1C 1D 1E 1F 20 21 22 23 24 25 26 27 28 29 2A 2B 2C 2D 2E 2F 30 31 32 33 34 35 36 37 38 39 3A 3B 3C 3D 3E 3F 40 41 42 43 44 45 46 47 48 49 4A 4B 4C 4D 4E 4F 50 51 52 53 54 55 56 57 58 59 5A 5B 5C 5D 5E 5F 60 61 62 63 64 65 66 67 68 69 6A 6B 6C 6D 6E 6F 70 71 72 73 74 75 76 77 78 79 7A 7B 7C 7D 7E 7F 
00 01 02 03 04 05 06 07 08 09 0A 0B 0C 0D 0E 0F 10 11 12 13 14 15 16 17 18 19 1A 1B 1C 1D 1E 1F 20 21 22 23 24 25 26 27 28 29 2A 2B 2C 2D 2E 2F 30 31 32 33 34 35 36 37 38 39 3A 3B 3C 3D 3E 3F 40 41 42 43 44 45 46 47 48 49 4A 4B 4C 4D 4E 4F 50 51 52 53 54 55 56 57 58 59 5A 5B 5C 5D 5E 5F 60 61 62 63 64 65 66 67 68 69 6A 6B 6C 6D 6E 6F 70 71 72 73 74 75 76 77 78 79 7A 7B 7C 7D 7E 7F 
[TC_DEBUG]   Total bytes loaded: 1024
--- TC registers loaded ---


=== Test 1: tc.st.mma.pack.acc (M2=4, N2=1) ===
tensor_core_mode: 0x00000020
Computing: acc += sum_k((Left[k] * Top[k]) << (k*8))
[TC_DEBUG] tc.st.mma.pack.acc: trs1=0, trs2=1, rs1v=0x50000000, rs2v=0x00000000
[TC_DEBUG]   M2=4, M1=32, N2=1, N1=32, K=4
[TC_DEBUG]   startpoint_left=0, startpoint_top=0
[TC_DEBUG]   left_data_len=4, top_data_len=1
[TC_DEBUG]   LeftData (tr0, 512 bytes, little-endian):
[TC_DEBUG]     [0000] 00 00 00 00 04 04 04 04 08 08 08 08 0C 0C 0C 0C 10 10 10 10 14 14 14 14 18 18 18 18 1C 1C 1C 1C 20 20 20 20 24 24 24 24 28 28 28 28 2C 2C 2C 2C 30 30 30 30 34 34 34 34 38 38 38 38 3C 3C 3C 3C 40 40 40 40 44 44 44 44 48 48 48 48 4C 4C 4C 4C 50 50 50 50 54 54 54 54 58 58 58 58 5C 5C 5C 5C 60 60 60 60 64 64 64 64 68 68 68 68 6C 6C 6C 6C 70 70 70 70 74 74 74 74 78 78 78 78 7C 7C 7C 7C 
[TC_DEBUG]     [0128] 01 01 01 01 05 05 05 05 09 09 09 09 0D 0D 0D 0D 11 11 11 11 15 15 15 15 19 19 19 19 1D 1D 1D 1D 21 21 21 21 25 25 25 25 29 29 29 29 2D 2D 2D 2D 31 31 31 31 35 35 35 35 39 39 39 39 3D 3D 3D 3D 41 41 41 41 45 45 45 45 49 49 49 49 4D 4D 4D 4D 51 51 51 51 55 55 55 55 59 59 59 59 5D 5D 5D 5D 61 61 61 61 65 65 65 65 69 69 69 69 6D 6D 6D 6D 71 71 71 71 75 75 75 75 79 79 79 79 7D 7D 7D 7D 
[TC_DEBUG]     [0256] 02 02 02 02 06 06 06 06 0A 0A 0A 0A 0E 0E 0E 0E 12 12 12 12 16 16 16 16 1A 1A 1A 1A 1E 1E 1E 1E 22 22 22 22 26 26 26 26 2A 2A 2A 2A 2E 2E 2E 2E 32 32 32 32 36 36 36 36 3A 3A 3A 3A 3E 3E 3E 3E 42 42 42 42 46 46 46 46 4A 4A 4A 4A 4E 4E 4E 4E 52 52 52 52 56 56 56 56 5A 5A 5A 5A 5E 5E 5E 5E 62 62 62 62 66 66 66 66 6A 6A 6A 6A 6E 6E 6E 6E 72 72 72 72 76 76 76 76 7A 7A 7A 7A 7E 7E 7E 7E 
[TC_DEBUG]     [0384] 03 03 03 03 07 07 07 07 0B 0B 0B 0B 0F 0F 0F 0F 13 13 13 13 17 17 17 17 1B 1B 1B 1B 1F 1F 1F 1F 23 23 23 23 27 27 27 27 2B 2B 2B 2B 2F 2F 2F 2F 33 33 33 33 37 37 37 37 3B 3B 3B 3B 3F 3F 3F 3F 43 43 43 43 47 47 47 47 4B 4B 4B 4B 4F 4F 4F 4F 53 53 53 53 57 57 57 57 5B 5B 5B 5B 5F 5F 5F 5F 63 63 63 63 67 67 67 67 6B 6B 6B 6B 6F 6F 6F 6F 73 73 73 73 77 77 77 77 7B 7B 7B 7B 7F 7F 7F 7F 
[TC_DEBUG]   TopData (tr1, 128 bytes, little-endian):
[TC_DEBUG]     [0000] 00 01 02 03 04 05 06 07 08 09 0A 0B 0C 0D 0E 0F 10 11 12 13 14 15 16 17 18 19 1A 1B 1C 1D 1E 1F 20 21 22 23 24 25 26 27 28 29 2A 2B 2C 2D 2E 2F 30 31 32 33 34 35 36 37 38 39 3A 3B 3C 3D 3E 3F 40 41 42 43 44 45 46 47 48 49 4A 4B 4C 4D 4E 4F 50 51 52 53 54 55 56 57 58 59 5A 5B 5C 5D 5E 5F 60 61 62 63 64 65 66 67 68 69 6A 6B 6C 6D 6E 6F 70 71 72 73 74 75 76 77 78 79 7A 7B 7C 7D 7E 7F 
[TC_DEBUG]   AccBuffer (base=0x50000000, 4096 elements):
[TC_DEBUG]     [0000] 00000000 00000000 00000000 00000000 00000000 00000000 00000000 00000000 00000000 00000000 00000000 00000000 00000000 00000000 00000000 00000000 00000000 00000000 00000000 00000000 00000000 00000000 00000000 00000000 00000000 00000000 00000000 00000000 00000000 00000000 00000000 00000000 
[TC_DEBUG]     [0032] 03020100 07060504 0B0A0908 0F0E0D0C 13121110 17161514 1B1A1918 1F1E1D1C 23222120 27262524 2B2A2928 2F2E2D2C 33323130 37363534 3B3A3938 3F3E3D3C 43424140 47464544 4B4A4948 4F4E4D4C 53525150 57565554 5B5A5958 5F5E5D5C 63626160 67666564 6B6A6968 6F6E6D6C 73727170 77767574 7B7A7978 7F7E7D7C 
[TC_DEBUG]     [0064] 06040200 0E0C0A08 16141210 1E1C1A18 26242220 2E2C2A28 36343230 3E3C3A38 46444240 4E4C4A48 56545250 5E5C5A58 66646260 6E6C6A68 76747270 7E7C7A78 86848280 8E8C8A88 96949290 9E9C9A98 A6A4A2A0 AEACAAA8 B6B4B2B0 BEBCBAB8 C6C4C2C0 CECCCAC8 D6D4D2D0 DEDCDAD8 E6E4E2E0 EEECEAE8 F6F4F2F0 FEFCFAF8 
[TC_DEBUG]     [0096] 09060300 15120F0C 211E1B18 2D2A2724 39363330 45423F3C 514E4B48 5D5A5754 69666360 75726F6C 817E7B78 8D8A8784 99969390 A5A29F9C B1AEABA8 BDBAB7B4 C9C6C3C0 D5D2CFCC E1DEDBD8 EDEAE7E4 F9F6F3F0 0602FFFC 120F0C08 1E1B1814 2A272420 3633302C 423F3C38 4E4B4844 5A575450 6663605C 726F6C68 7E7B7874 
[TC_DEBUG]     [0128] 0C080400 1C181410 2C282420 3C383430 4C484440 5C585450 6C686460 7C787470 8C888480 9C989490 ACA8A4A0 BCB8B4B0 CCC8C4C0 DCD8D4D0 ECE8E4E0 FCF8F4F0 0D090500 1D191510 2D292520 3D393530 4D494540 5D595550 6D696560 7D797570 8D898580 9D999590 ADA9A5A0 BDB9B5B0 CDC9C5C0 DDD9D5D0 EDE9E5E0 FDF9F5F0 
[TC_DEBUG]     [0160] 0F0A0500 231E1914 37322D28 4B46413C 5F5A5550 736E6964 87827D78 9B96918C AFAAA5A0 C3BEB9B4 D7D2CDC8 EBE6E1DC FFFAF5F0 140F0A04 28231E18 3C37322C 504B4640 645F5A54 78736E68 8C87827C A09B9690 B4AFAAA4 C8C3BEB8 DCD7D2CC F0EBE6E0 04FFFAF4 19140F08 2D28231C 413C3730 55504B44 69645F58 7D78736C 
[TC_DEBUG]     [0192] 120C0600 2A241E18 423C3630 5A544E48 726C6660 8A847E78 A29C9690 BAB4AEA8 D2CCC6C0 EAE4DED8 02FCF6F0 1B150F08 332D2720 4B453F38 635D5750 7B756F68 938D8780 ABA59F98 C3BDB7B0 DBD5CFC8 F3EDE7E0 0C05FFF8 241E1810 3C363028 544E4840 6C666058 847E7870 9C969088 B4AEA8A0 CCC6C0B8 E4DED8D0 FCF6F0E8 
[TC_DEBUG]     [0224] 150E0700 312A231C 4D463F38 69625B54 857E7770 A19A938C BDB6AFA8 D9D2CBC4 F5EEE7E0 120B03FC 2E272018 4A433C34 665F5850 827B746C 9E979088 BAB3ACA4 D6CFC8C0 F2EBE4DC 0F0800F8 2B241D14 47403930 635C554C 7F787168 9B948D84 B7B0A9A0 D3CCC5BC EFE8E1D8 0C04FDF4 28211A10 443D362C 60595248 7C756E64 
[TC_DEBUG]     [0256] 18100800 38302820 58504840 78706860 98908880 B8B0A8A0 D8D0C8C0 F8F0E8E0 19110900 39312920 59514940 79716960 99918980 B9B1A9A0 D9D1C9C0 F9F1E9E0 1A120A00 3A322A20 5A524A40 7A726A60 9A928A80 BAB2AAA0 DAD2CAC0 FAF2EAE0 1B130B00 3B332B20 5B534B40 7B736B60 9B938B80 BBB3ABA0 DBD3CBC0 FBF3EBE0 
[TC_DEBUG]     [0288] 1B120900 3F362D24 635A5148 877E756C ABA29990 CFC6BDB4 F3EAE1D8 180F05FC 3C332A20 60574E44 847B7268 A89F968C CCC3BAB0 F0E7DED4 150C02F8 3930271C 5D544B40 81786F64 A59C9388 C9C0B7AC EDE4DBD0 1208FFF4 362D2418 5A51483C 7E756C60 A2999084 C6BDB4A8 EAE1D8CC 0F05FCF0 332A2114 574E4538 7B72695C 
[TC_DEBUG]     [0320] 1E140A00 463C3228 6E645A50 968C8278 BEB4AAA0 E6DCD2C8 0F04FAF0 372D2318 5F554B40 877D7368 AFA59B90 D7CDC3B8 FFF5EBE0 281E1408 50463C30 786E6458 A0968C80 C8BEB4A8 F0E6DCD0 190F04F8 41372D20 695F5548 91877D70 B9AFA598 E1D7CDC0 09FFF5E8 32281E10 5A504638 82786E60 AAA09688 D2C8BEB0 FAF0E6D8 
[TC_DEBUG]     [0352] 21160B00 4D42372C 796E6358 A59A8F84 D1C6BBB0 FDF2E7DC 2A1F1408 564B4034 82776C60 AEA3988C DACFC4B8 06FBF0E4 33281D10 5F54493C 8B807568 B7ACA194 E3D8CDC0 1004F9EC 3C312618 685D5244 94897E70 C0B5AA9C ECE1D6C8 190E02F4 453A2F20 71665B4C 9D928778 C9BEB3A4 F5EADFD0 22170BFC 4E433828 7A6F6454 
[TC_DEBUG]     [0384] 24180C00 54483C30 84786C60 B4A89C90 E4D8CCC0 1508FCF0 45392D20 75695D50 A5998D80 D5C9BDB0 05F9EDE0 362A1E10 665A4E40 968A7E70 C6BAAEA0 F6EADED0 271B0F00 574B3F30 877B6F60 B7AB9F90 E7DBCFC0 180BFFF0 483C3020 786C6050 A89C9080 D8CCC0B0 08FCF0E0 392D2110 695D5140 998D8170 C9BDB1A0 F9EDE1D0 
[TC_DEBUG]     [0416] 271A0D00 5B4E4134 8F827568 C3B6A99C F7EADDD0 2C1F1204 60534638 94877A6C C8BBAEA0 FCEFE2D4 31241708 65584B3C 998C7F70 CDC0B3A4 01F4E7D8 36291C0C 6A5D5040 9E918474 D2C5B8A8 06F9ECDC 3B2E2110 6F625544 A3968978 D7CABDAC 0BFEF1E0 40332614 74675A48 A89B8E7C DCCFC2B0 1103F6E4 45382B18 796C5F4C 
[TC_DEBUG]     [0448] 2A1C0E00 62544638 9A8C7E70 D2C4B6A8 0AFCEEE0 43352718 7B6D5F50 B3A59788 EBDDCFC0 241607F8 5C4E4030 94867868 CCBEB0A0 04F6E8D8 3D2F2110 75675948 AD9F9180 E5D7C9B8 1E1001F0 56483A28 8E807260 C6B8AA98 FEF0E2D0 37291B08 6F615340 A7998B78 DFD1C3B0 1809FBE8 50423420 887A6C58 C0B2A490 F8EADCC8 
[TC_DEBUG]     [0480] 2D1E0F00 695A4B3C A5968778 E1D2C3B4 1E0EFFF0 5A4B3C2C 96877868 D2C3B4A4 0EFFF0E0 4B3C2D1C 87786958 C3B4A594 FFF0E1D0 3C2D1E0C 78695A48 B4A59684 F0E1D2C0 2D1E0EFC 695A4B38 A5968774 E1D2C3B0 1E0EFFEC 5A4B3C28 96877864 D2C3B4A0 0EFFF0DC 4B3C2D18 87786954 C3B4A590 FFF0E1CC 3C2D1E08 78695A44 
[TC_DEBUG]     [0512] 30201000 70605040 B0A09080 F0E0D0C0 31211100 71615140 B1A19180 F1E1D1C0 32221200 72625240 B2A29280 F2E2D2C0 33231300 73635340 B3A39380 F3E3D3C0 34241400 74645440 B4A49480 F4E4D4C0 35251500 75655540 B5A59580 F5E5D5C0 36261600 76665640 B6A69680 F6E6D6C0 37271700 77675740 B7A79780 F7E7D7C0 
[TC_DEBUG]     [0544] 33221100 77665544 BBAA9988 FFEEDDCC 44332210 88776654 CCBBAA98 10FFEEDC 55443320 99887764 DDCCBBA8 2210FFEC 66554430 AA998874 EEDDCCB8 332210FC 77665540 BBAA9984 FFEEDDC8 4433220C 88776650 CCBBAA94 10FFEED8 5544331C 99887760 DDCCBBA4 2210FFE8 6655442C AA998870 EEDDCCB4 332210F8 7766553C 
[TC_DEBUG]     [0576] 36241200 7E6C5A48 C6B4A290 0EFCEAD8 57453320 9F8D7B68 E7D5C3B0 301E0BF8 78665440 C0AE9C88 08F6E4D0 513F2D18 99877560 E1CFBDA8 2A1805F0 72604E38 BAA89680 02F0DEC8 4B392710 93816F58 DBC9B7A0 2411FFE8 6C5A4830 B4A29078 FCEAD8C0 45332108 8D7B6950 D5C3B198 1E0BF9E0 66544228 AE9C8A70 F6E4D2B8 
[TC_DEBUG]     [0608] 39261300 85725F4C D1BEAB98 1E0AF7E4 6A574430 B6A3907C 02EFDCC8 4F3C2914 9B887560 E7D4C1AC 34210DF8 806D5A44 CCB9A690 1905F2DC 65523F28 B19E8B74 FDEAD7C0 4A37240C 96837058 E2CFBCA4 2F1C08F0 7B68553C C7B4A188 1400EDD4 604D3A20 AC99866C F8E5D2B8 45321F04 917E6B50 DDCAB79C 2A1703E8 76635034 
[TC_DEBUG]     [0640] 3C281400 8C786450 DCC8B4A0 2D1904F0 7D695540 CDB9A590 1E09F5E0 6E5A4630 BEAA9680 0EFAE6D0 5F4B3720 AF9B8770 FFEBD7C0 503C2810 A08C7860 F0DCC8B0 412D1900 917D6950 E1CDB9A0 321E09F0 826E5A40 D2BEAA90 230EFAE0 735F4B30 C3AF9B80 13FFEBD0 64503C20 B4A08C70 04F0DCC0 55412D10 A5917D60 F5E1CDB0 
[TC_DEBUG]     [0672] 3F2A1500 937E6954 E7D2BDA8 3C2711FC 907B6650 E4CFBAA4 39240EF8 8D78634C E1CCB7A0 36210BF4 8A756048 DEC9B49C 331E08F0 87725D44 DBC6B198 301B05EC 846F5A40 D8C3AE94 2D1802E8 816C573C D5C0AB90 2A14FFE4 7E695438 D2BDA88C 2711FCE0 7B665134 CFBAA588 240EF9DC 78634E30 CCB7A284 210BF6D8 75604B2C 
[TC_DEBUG]     [0704] 422C1600 9A846E58 F2DCC6B0 4B351F08 A38D7760 FBE5CFB8 543E2810 AC968068 04EED8C0 5D473118 B59F8970 0DF7E1C8 66503A20 BEA89278 1700EAD0 6F594328 C7B19B80 2009F3D8 78624C30 D0BAA488 2912FCE0 816B5538 D9C3AD90 321C05E8 8A745E40 E2CCB698 3B250EF0 937D6748 EBD5BFA0 442E17F8 9C867050 F4DEC8A8 
[TC_DEBUG]     [0736] 452E1700 A18A735C FDE6CFB8 5A432C14 B69F8870 12FBE4CC 6F584128 CBB49D84 2810F9E0 846D563C E0C9B298 3D260EF4 99826B50 F5DEC7AC 523B2408 AE978064 0AF3DCC0 6750391C C3AC9578 2008F1D4 7C654E30 D8C1AA8C 351E06E8 917A6344 EDD6BFA0 4A331BFC A68F7858 02EBD4B4 5F483110 BBA48D6C 1800E9C8 745D4624 
[TC_DEBUG]     [0768] 48301800 A8907860 08F0D8C0 69513920 C9B19980 2A11F9E0 8A725A40 EAD2BAA0 4B331B00 AB937B60 0BF3DBC0 6C543C20 CCB49C80 2D14FCE0 8D755D40 EDD5BDA0 4E361E00 AE967E60 0EF6DEC0 6F573F20 CFB79F80 3017FFE0 90786040 F0D8C0A0 51392100 B1998160 11F9E1C0 725A4220 D2BAA280 331B02E0 937B6340 F3DBC3A0 
[TC_DEBUG]     [0800] 4B321900 AF967D64 13FAE1C8 785F462C DCC3AA90 41280EF4 A58C7358 09F0D7BC 6E553C20 D2B9A084 371E04E8 9B82694C FFE6CDB0 644B3214 C8AF9678 2D13FADC 91785F40 F5DCC3A4 5A412808 BEA58C6C 2309F0D0 876E5534 EBD2B998 50371DFC B49B8260 18FFE6C4 7D644B28 E1C8AF8C 462D13F0 AA917854 0EF5DCB8 735A411C 
[TC_DEBUG]     [0832] 4E341A00 B69C8268 1F04EAD0 876D5338 EFD5BBA0 583E2408 C0A68C70 290EF4D8 91775D40 F9DFC5A8 62482E10 CAB09678 3318FEE0 9B816748 03E9CFB0 6C523818 D4BAA080 3D2308E8 A58B7150 0DF3D9B8 765C4220 DEC4AA88 472D12F0 AF957B58 17FDE3C0 80664C28 E8CEB490 51371CF8 B99F8560 2207EDC8 8A705630 F2D8BE98 
[TC_DEBUG]     [0864] 51361B00 BDA2876C 2A0EF3D8 967B6044 02E7CCB0 6F54391C DBC0A588 482D11F4 B4997E60 2105EACC 8D725738 F9DEC3A4 664B3010 D2B79C7C 3F2408E8 AB907554 17FCE1C0 84694E2C F0D5BA98 5D422704 C9AE9370 361AFFDC A2876C48 0EF3D8B4 7B604520 E7CCB18C 54391DF8 C0A58A64 2D11F6D0 997E633C 05EACFA8 72573C14 
[TC_DEBUG]     [0896] 54381C00 C4A88C70 3518FCE0 A5896D50 15F9DDC0 866A4E30 F6DABEA0 674B2F10 D7BB9F80 482C0FF0 B89C8060 290CF0D0 997D6140 09EDD1B0 7A5E4220 EACEB290 5B3F2300 CBAF9370 3C2003E0 AC907450 1D00E4C0 8D715530 FDE1C5A0 6E523610 DEC2A680 4F3316F0 BFA38760 3013F7D0 A0846840 10F4D8B0 81654920 F1D5B990 
[TC_DEBUG]     [0928] 573A1D00 CBAE9174 402305E8 B4977A5C 290BEED0 9D806344 11F4D7B8 86694C2C FADDC0A0 6F523514 E3C6A988 583B1DFC CCAF9270 412406E4 B5987B58 2A0CEFCC 9E816440 12F5D8B4 876A4D28 FBDEC19C 70533610 E4C7AA84 593C1EF8 CDB0936C 422507E0 B6997C54 2B0DF0C8 9F82653C 13F6D9B0 886B4E24 FCDFC298 7154370C 
[TC_DEBUG]     [0960] 5A3C1E00 D2B49678 4B2D0EF0 C3A58768 3C1DFFE0 B4967858 2D0EF0D0 A5876948 1DFFE1C0 96785A38 0EF0D2B0 87694B28 FFE1C3A0 785A3C18 F0D2B490 694B2D08 E1C3A580 5A3C1DF8 D2B49670 4B2D0EE8 C3A58760 3C1DFFD8 B4967850 2D0EF0C8 A5876940 1DFFE1B8 96785A30 0EF0D2A8 87694B20 FFE1C398 785A3C10 F0D2B488 
[TC_DEBUG]     [0992] 5D3E1F00 D9BA9B7C 563717F8 D2B39474 4F3010F0 CBAC8D6C 482909E8 C4A58664 412202E0 BD9E7F5C 3A1AFBD8 B6977854 3313F4D0 AF90714C 2C0CEDC8 A8896A44 2505E6C0 A182633C 1DFEDFB8 9A7B5C34 16F7D8B0 9374552C 0FF0D1A8 8C6D4E24 08E9CAA0 8566471C 01E2C398 7E5F4014 FADBBC90 7758390C F3D4B588 70513204 
[TC_DEBUG]     [1024] 60402000 E0C0A080 61412100 E1C1A180 62422200 E2C2A280 63432300 E3C3A380 64442400 E4C4A480 65452500 E5C5A580 66462600 E6C6A680 67472700 E7C7A780 68482800 E8C8A880 69492900 E9C9A980 6A4A2A00 EACAAA80 6B4B2B00 EBCBAB80 6C4C2C00 ECCCAC80 6D4D2D00 EDCDAD80 6E4E2E00 EECEAE80 6F4F2F00 EFCFAF80 
[TC_DEBUG]     [1056] 63422100 E7C6A584 6C4B2A08 F0CFAE8C 75543310 F9D8B794 7E5D3C18 02E1C09C 87664520 0BEAC9A4 906F4E28 14F3D2AC 99785730 1DFCDBB4 A2816038 2705E4BC AB8A6940 300EEDC4 B4937248 3917F6CC BD9C7B50 4220FFD4 C6A58458 4B2A08DC CFAE8D60 543311E4 D8B79668 5D3C1AEC E1C09F70 664523F4 EAC9A878 6F4E2CFC 
[TC_DEBUG]     [1088] 66442200 EECCAA88 77553310 FFDDBB98 88664420 10EECCA8 99775530 21FFDDB8 AA886640 3310EEC8 BB997750 4421FFD8 CCAA8860 553310E8 DDBB9970 664421F8 EECCAA80 77553308 FFDDBB90 88664418 10EECCA0 99775528 21FFDDB0 AA886638 3310EEC0 BB997748 4421FFD0 CCAA8858 553310E0 DDBB9968 664421F0 EECCAA78 
[TC_DEBUG]     [1120] 69462300 F5D2AF8C 825F3C18 0EEBC8A4 9B785530 2804E1BC B4916E48 411DFAD4 CDAA8760 5A3713EC E6C3A078 73502D04 FFDCB990 8C69461C 18F5D2A8 A5825F34 320EEBC0 BE9B784C 4B2804D8 D7B49164 64411DF0 F0CDAA7C 7D5A3708 09E6C394 96735020 22FFDCAC AF8C6938 3C18F5C4 C8A58250 55320EDC E1BE9B68 6E4B27F4 
[TC_DEBUG]     [1152] 6C482400 FCD8B490 8D694520 1DF9D5B0 AE8A6640 3F1AF6D0 CFAB8760 603C17F0 F0CCA880 815D3910 11EDC9A0 A27E5A30 330EEAC0 C39F7B50 54300BE0 E4C09C70 75512D00 05E1BD90 96724E20 2702DEB0 B7936F40 4823FFD0 D8B49060 694520F0 F9D5B180 8A664210 1AF6D2A0 AB876330 3C17F3C0 CCA88450 5D3914E0 EDC9A570 
[TC_DEBUG]     [1184] 6F4A2500 03DEB994 98734E28 2D07E2BC C19C7750 56310BE4 EAC5A078 7F5A350C 13EEC9A0 A8835E34 3D17F2C8 D1AC875C 66411BF0 FAD5B084 8F6A4518 23FED9AC B8936E40 4D2802D4 E1BC9768 76512BFC 0AE5C090 9F7A5524 340EE9B8 C8A37E4C 5D3812E0 F1CCA774 86613C08 1AF5D09C AF8A6530 441EF9C4 D8B38E58 6D4822EC 
[TC_DEBUG]     [1216] 724C2600 0AE4BE98 A37D5730 3C15EFC8 D4AE8860 6D4720F8 05DFB990 9E785228 3710EAC0 CFA98358 68421BF0 00DAB488 99734D20 320BE5B8 CAA47E50 633D16E8 FBD5AF80 946E4818 2D06E0B0 C59F7948 5E3811E0 F6D0AA78 8F694310 2801DBA8 C09A7440 59330CD8 F1CBA570 8A643E08 22FCD6A0 BB956F38 542E07D0 ECC6A068 
[TC_DEBUG]     [1248] 754E2700 11EAC39C AE876038 4B23FCD4 E7C09970 845D360C 20F9D2A8 BD966F44 5A330BE0 F6CFA87C 936C4518 3008E1B4 CCA57E50 69421AEC 05DEB788 A27B5424 3F17F0C0 DBB48D5C 785129F8 14EDC694 B18A6330 4E26FFCC EAC39C68 87603904 23FCD5A0 C099723C 5D360ED8 F9D2AB74 966F4810 330BE4AC CFA88148 6C451DE4 
[TC_DEBUG]     [1280] 78502800 18F0C8A0 B9916940 5A3209E0 FAD2AA80 9B734B20 3C13EBC0 DCB48C60 7D552D00 1DF5CDA0 BE966E40 5F370EE0 FFD7AF80 A0785020 4118F0C0 E1B99160 825A3200 22FAD2A0 C39B7340 643C13E0 04DCB480 A57D5520 461DF5C0 E6BE9660 875F3700 27FFD7A0 C8A07840 694118E0 09E1B980 AA825A20 4B22FAC0 EBC39B60 
[TC_DEBUG]     [1312] 7B522900 1FF6CDA4 C49B7248 694016EC 0DE4BB90 B2896034 572E04D8 FBD2A97C A0774E20 451BF2C4 E9C09768 8E653C0C 3309E0B0 D7AE8554 7C5329F8 20F7CE9C C59C7340 6A4117E4 0EE5BC88 B38A612C 582F05D0 FCD3AA74 A1784F18 461CF3BC EAC19860 8F663D04 340AE1A8 D8AF864C 7D542AF0 21F8CF94 C69D7438 6B4218DC 
[TC_DEBUG]     [1344] 7E542A00 26FCD2A8 CFA57B50 784E23F8 20F6CCA0 C99F7548 72481DF0 1AF0C698 C3996F40 6C4217E8 14EAC090 BD936938 663C11E0 0EE4BA88 B78D6330 60360BD8 08DEB480 B1875D28 5A3005D0 02D8AE78 AB815720 5429FFC8 FCD2A870 A57B5118 4E23F9C0 F6CCA268 9F754B10 481DF3B8 F0C69C60 996F4508 4217EDB0 EAC09658 
[TC_DEBUG]     [1376] 81562B00 2E02D7AC DAAF8458 875C3104 3408DDB0 E0B58A5C 8D623708 3A0EE3B4 E6BB9060 93683D0C 4014E9B8 ECC19664 996E4310 461AEFBC F2C79C68 9F744914 4C20F5C0 F8CDA26C A57A4F18 5226FBC4 FED3A870 AB80551C 582D01C8 04D9AE74 B1865B20 5E3307CC 0ADFB478 B78C6124 64390DD0 10E5BA7C BD926728 6A3F13D4 
[TC_DEBUG]     [1408] 84582C00 3508DCB0 E5B98D60 966A3E10 471AEEC0 F7CB9F70 A87C5020 592D00D0 09DDB180 BA8E6230 6B3F12E0 1BEFC390 CCA07440 7D5124F0 2E01D5A0 DEB28650 8F633700 4013E7B0 F0C49860 A1754910 5225F9C0 02D6AA70 B3875B20 64380BD0 14E8BC80 C5996D30 764A1DE0 26FACE90 D7AB7F40 885C2FF0 390CE0A0 E9BD9150 
[TC_DEBUG]     [1440] 875A2D00 3C0EE1B4 F0C39668 A5784B1C 5A2CFFD0 0EE1B484 C3966938 784B1DEC 2CFFD2A0 E1B48754 96693C08 4B1DF0BC FFD2A570 B4875A24 693C0ED8 1DF0C38C D2A57840 875A2CF4 3C0EE1A8 F0C3965C A5784B10 5A2CFFC4 0EE1B478 C396692C 784B1DE0 2CFFD294 E1B48748 96693BFC 4B1DF0B0 FFD2A564 B4875A18 693C0ECC 
[TC_DEBUG]     [1472] 8A5C2E00 4314E6B8 FBCD9F70 B4865828 6D3F10E0 25F7C998 DEB08250 97693B08 5021F3C0 08DAAC78 C1936530 7A4C1DE8 3304D6A0 EBBD8F58 A4764810 5D2F00C8 15E7B980 CEA07238 87592AF0 4011E3A8 F8CA9C60 B1835518 6A3C0DD0 22F4C688 DBAD7F40 946637F8 4D1EF0B0 05D7A968 BE906220 77491AD8 3001D390 E8BA8C48 
[TC_DEBUG]     [1504] 8D5E2F00 4A1AEBBC 06D7A878 C3946534 805121F0 3D0DDEAC F9CA9B68 B6875824 734414E0 3000D19C ECBD8E58 A97A4B14 663707D0 22F3C48C DFB08148 9C6D3E04 5929FAC0 15E6B77C D2A37438 8F6030F4 4C1CEDB0 08D9AA6C C5966728 825323E4 3F0FE0A0 FBCC9D5C B8895A18 754616D4 3202D390 EEBF904C AB7C4D08 683909C4 
[TC_DEBUG]     [1536] 90603000 5120F0C0 11E1B180 D2A27240 93633300 5423F3C0 14E4B480 D5A57540 96663600 5726F6C0 17E7B780 D8A87840 99693900 5A29F9C0 1AEABA80 DBAB7B40 9C6C3C00 5D2CFCC0 1DEDBD80 DEAE7E40 9F6F3F00 602FFFC0 20F0C080 E1B18140 A2724200 633302C0 23F3C380 E4B48440 A5754500 663605C0 26F6C680 E7B78740 
[TC_DEBUG]     [1568] 93623100 5826F5C4 1CEBBA88 E1B07F4C A6754410 6B3A08D4 2FFECD98 F4C3925C B9885720 7E4D1BE4 4311E0A8 07D6A56C CC9B6A30 91602EF4 5624F3B8 1AE9B87C DFAE7D40 A4734204 693806C8 2DFCCB8C F2C19050 B7865514 7C4B19D8 410FDE9C 05D4A360 CA996824 8F5E2CE8 5422F1AC 18E7B670 DDAC7B34 A2713FF8 673604BC 
[TC_DEBUG]     [1600] 96643200 5F2CFAC8 27F5C390 F0BE8C58 B9875520 82501DE8 4B18E6B0 13E1AF78 DCAA7840 A5734108 6E3C09D0 3704D298 FFCD9B60 C8966428 915F2CF0 5A27F5B8 22F0BE80 EBB98748 B4825010 7D4B18D8 4613E1A0 0EDCAA68 D7A57330 A06E3BF8 693704C0 31FFCD88 FAC89650 C3915F18 8C5A27E0 5522F0A8 1DEBB970 E6B48238 
[TC_DEBUG]     [1632] 99663300 6632FFCC 32FFCC98 FFCC9964 CC996630 996632FC 6632FFC8 32FFCC94 FFCC9960 CC99662C 996632F8 6632FFC4 32FFCC90 FFCC995C CC996628 996632F4 6632FFC0 32FFCC8C FFCC9958 CC996624 996632F0 6632FFBC 32FFCC88 FFCC9954 CC996620 996632EC 6632FFB8 32FFCC84 FFCC9950 CC99661C 996632E8 6632FFB4 
[TC_DEBUG]     [1664] 9C683400 6D3904D0 3E09D5A0 0EDAA670 DFAB7740 B07C4810 814D18E0 521DE9B0 22EEBA80 F3BF8B50 C4905C20 95612CF0 6631FDC0 3702CE90 07D39F60 D8A47030 A9754100 7A4611D0 4B16E2A0 1BE7B370 ECB88440 BD895510 8E5A25E0 5F2AF6B0 2FFBC780 00CC9850 D19D6920 A26E39F0 733F0AC0 440FDB90 14E0AC60 E5B17D30 
[TC_DEBUG]     [1696] 9F6A3500 743F09D4 4913DEA8 1DE8B37C F2BD8850 C7925D24 9C6731F8 713C06CC 4610DBA0 1AE5B074 EFBA8548 C48F5A1C 99642EF0 6E3903C4 430DD898 17E2AD6C ECB78240 C18C5714 96612BE8 6B3600BC 400AD590 14DFAA64 E9B47F38 BE89540C 935E28E0 6832FDB4 3D07D288 11DCA75C E6B17C30 BB865104 905B25D8 652FFAAC 
[TC_DEBUG]     [1728] A26C3600 7B450ED8 541DE7B0 2CF6C088 05CF9960 DEA87238 B7814B10 905A23E8 6932FCC0 420BD598 1AE4AE70 F3BD8748 CC966020 A56F38F8 7E4811D0 5720EAA8 2FF9C380 08D29C58 E1AB7530 BA844E08 935D26E0 6C35FFB8 450ED890 1DE7B168 F6C08A40 CF996318 A8723BF0 814B14C8 5A23EDA0 32FCC678 0BD59F50 E4AE7828 
[TC_DEBUG]     [1760] A56E3700 824B13DC 5F27F0B8 3C04CD94 18E1AA70 F5BE874C D29B6428 AF784104 8C551DE0 6931FABC 460ED798 22EBB474 FFC89150 DCA56E2C B9824B08 965F27E4 733C04C0 5018E19C 2CF5BE78 09D29B54 E6AF7830 C38C550C A06931E8 7D460EC4 5A22EBA0 36FFC87C 13DCA558 F0B98234 CD965F10 AA733BEC 875018C8 642CF5A4 
[TC_DEBUG]     [1792] A8703800 895118E0 6A31F9C0 4B12DAA0 2BF3BB80 0CD49C60 EDB57D40 CE965E20 AF773F00 90581FE0 713900C0 5219E1A0 32FAC280 13DBA360 F4BC8440 D59D6520 B67E4600 975F26E0 784007C0 5920E8A0 3A01C980 1AE2AA60 FBC38B40 DCA46C20 BD854D00 9E662DE0 7F470EC0 6027EFA0 4108D080 21E9B160 02CA9240 E3AB7320 
[TC_DEBUG]     [1824] AB723900 90571DE4 753C02C8 5A20E7AC 3F05CC90 23EAB174 08CF9658 EDB47B3C D2996020 B77E4504 9C6329E8 81480ECC 662CF3B0 4B11D894 2FF6BD78 14DBA25C F9C08740 DEA56C24 C38A5108 A86F35EC 8D541AD0 7238FFB4 571DE498 3C02C97C 20E7AE60 05CC9344 EAB17828 CF965D0C B47B41F0 996026D4 7E450BB8 6329F09C 
[TC_DEBUG]     [1856] AE743A00 975D22E8 80460BD0 692EF4B8 5217DDA0 3B00C688 23E9AF70 0CD29858 F5BB8140 DEA46A28 C78D5310 B0763BF8 995F24E0 82480DC8 6B30F6B0 5419DF98 3D02C880 25EBB168 0ED49A50 F7BD8338 E0A66C20 C98F5508 B2783DF0 9B6126D8 844A0FC0 6D32F8A8 561BE190 3F04CA78 27EDB360 10D69C48 F9BF8530 E2A86E18 
[TC_DEBUG]     [1888] B1763B00 9E6327EC 8B5014D8 783D01C4 6529EEB0 5216DB9C 3F03C888 2BF0B574 18DDA260 05CA8F4C F2B77C38 DFA46924 CC915610 B97E42FC A66B2FE8 93581CD4 804509C0 6D31F6AC 5A1EE398 470BD084 33F8BD70 20E5AA5C 0DD29748 FABF8434 E7AC7120 D4995E0C C1864AF8 AE7337E4 9B6024D0 884D11BC 7539FEA8 6226EB94 
[TC_DEBUG]     [1920] B4783C00 A5692CF0 965A1DE0 874B0ED0 783BFFC0 692CF0B0 5A1DE1A0 4B0ED290 3BFFC380 2CF0B470 1DE1A560 0ED29650 FFC38740 F0B47830 E1A56920 D2965A10 C3874B00 B4783BF0 A5692CE0 965A1DD0 874B0EC0 783BFFB0 692CF0A0 5A1DE190 4B0ED280 3BFFC370 2CF0B460 1DE1A550 0ED29640 FFC38730 F0B47820 E1A56910 
[TC_DEBUG]     [1952] B77A3D00 AC6F31F4 A16426E8 96591BDC 8B4E10D0 804305C4 7537FAB8 6A2CEFAC 5F21E4A0 5416D994 490BCE88 3E00C37C 32F5B870 27EAAD64 1CDFA258 11D4974C 06C98C40 FBBE8134 F0B37628 E5A86B1C DA9D6010 CF925504 C48749F8 B97C3EEC AE7133E0 A36628D4 985B1DC8 8D5012BC 824507B0 7739FCA4 6C2EF198 6123E68C 
[TC_DEBUG]     [1984] BA7C3E00 B37536F8 AC6E2FF0 A56728E8 9E6021E0 97591AD8 905213D0 894B0CC8 824405C0 7B3CFEB8 7435F7B0 6D2EF0A8 6627E9A0 5F20E298 5819DB90 5112D488 4A0BCD80 4304C678 3BFDBF70 34F6B868 2DEFB160 26E8AA58 1FE1A350 18DA9C48 11D39540 0ACC8E38 03C58730 FCBE8028 F5B77920 EEB07218 E7A96B10 E0A26408 
[TC_DEBUG]     [2016] BD7E3F00 BA7B3BFC B77838F8 B47535F4 B17232F0 AE6F2FEC AB6C2CE8 A86929E4 A56626E0 A26323DC 9F6020D8 9C5D1DD4 995A1AD0 965717CC 935414C8 905111C4 8D4E0EC0 8A4B0BBC 874808B8 844505B4 814202B0 7E3EFFAC 7B3BFCA8 7838F9A4 7535F6A0 7232F39C 6F2FF098 6C2CED94 6929EA90 6626E78C 6323E488 6020E184 
[TC_DEBUG]     [2048] C0804000 C1814100 C2824200 C3834300 C4844400 C5854500 C6864600 C7874700 C8884800 C9894900 CA8A4A00 CB8B4B00 CC8C4C00 CD8D4D00 CE8E4E00 CF8F4F00 D0905000 D1915100 D2925200 D3935300 D4945400 D5955500 D6965600 D7975700 D8985800 D9995900 DA9A5A00 DB9B5B00 DC9C5C00 DD9D5D00 DE9E5E00 DF9F5F00 
[TC_DEBUG]     [2080] C3824100 C8874604 CD8C4B08 D291500C D7965510 DC9B5A14 E1A05F18 E6A5641C EBAA6920 F0AF6E24 F5B47328 FAB9782C FFBE7D30 04C38234 09C88738 0ECD8C3C 13D29140 18D79644 1DDC9B48 22E1A04C 27E6A550 2CEBAA54 31F0AF58 36F5B45C 3BFAB960 40FFBE64 4604C368 4B09C86C 500ECD70 5513D274 5A18D778 5F1DDC7C 
[TC_DEBUG]     [2112] C6844200 CF8D4B08 D8965410 E19F5D18 EAA86620 F3B16F28 FCBA7830 05C38138 0ECC8A40 17D59348 20DE9C50 29E7A558 32F0AE60 3BF9B768 4502C070 4E0BC978 5714D280 601DDB88 6926E490 722FED98 7B38F6A0 8441FFA8 8D4B08B0 965411B8 9F5D1AC0 A86623C8 B16F2CD0 BA7835D8 C3813EE0 CC8A47E8 D59350F0 DE9C59F8 
[TC_DEBUG]     [2144] C9864300 D693500C E3A05D18 F0AD6A24 FDBA7730 0AC7843C 17D49148 24E19E54 31EEAB60 3EFBB86C 4C08C578 5915D284 6622DF90 732FEC9C 803CF9A8 8D4A06B4 9A5713C0 A76420CC B4712DD8 C17E3AE4 CE8B47F0 DB9854FC E8A56208 F5B26F14 02BF7C20 0FCC892C 1CD99638 29E6A344 36F3B050 4400BD5C 510DCA68 5E1AD774 
[TC_DEBUG]     [2176] CC884400 DD995510 EEAA6620 FFBB7730 10CC8840 21DD9950 32EEAA60 43FFBB70 5510CC80 6621DD90 7732EEA0 8843FFB0 995510C0 AA6621D0 BB7732E0 CC8843F0 DD995500 EEAA6610 FFBB7720 10CC8830 21DD9940 32EEAA50 43FFBB60 5510CC70 6621DD80 7732EE90 8843FFA0 995510B0 AA6621C0 BB7732D0 CC8843E0 DD9954F0 
[TC_DEBUG]     [2208] CF8A4500 E49F5A14 F9B46F28 0EC9843C 23DE9950 38F3AE64 4E08C378 631DD88C 7832EDA0 8D4802B4 A25D17C8 B7722CDC CC8741F0 E19C5704 F6B16C18 0BC6812C 20DB9640 35F0AB54 4B05C068 601AD57C 752FEA90 8A44FFA4 9F5A14B8 B46F29CC C9843EE0 DE9953F4 F3AE6908 08C37E1C 1DD89330 32EDA844 4802BD58 5D17D26C 
[TC_DEBUG]     [2240] D28C4600 EBA55F18 04BE7830 1DD79148 36F0AA60 5009C378 6922DC90 823BF5A8 9B550EC0 B46E27D8 CD8740F0 E6A05A08 FFB97320 18D28C38 31EBA550 4B04BE68 641DD780 7D36F098 965009B0 AF6922C8 C8823BE0 E19B54F8 FAB46E10 13CD8728 2CE6A040 45FFB958 5F18D270 7831EB88 914B04A0 AA641DB8 C37D36D0 DC964FE8 
[TC_DEBUG]     [2272] D58E4700 F2AB641C 0FC88138 2CE59E54 4A02BB70 671FD88C 843CF5A8 A15A12C4 BE772FE0 DB944CFC F8B16A18 15CE8734 32EBA450 5008C16C 6D25DE88 8A42FBA4 A76018C0 C47D35DC E19A52F8 FEB77014 1BD48D30 38F1AA4C 560EC768 732BE484 904901A0 AD661EBC CA833BD8 E7A058F4 04BD7610 21DA932C 3EF7B048 5C14CD64 
[TC_DEBUG]     [2304] D8904800 F9B16920 1AD28A40 3BF3AB60 5D14CC80 7E35EDA0 9F570EC0 C0782FE0 E1995100 02BA7220 23DB9340 44FCB460 661DD580 873EF6A0 A86017C0 C98138E0 EAA25A00 0BC37B20 2CE49C40 4E05BD60 6F26DE80 9047FFA0 B16920C0 D28A41E0 F3AB6300 14CC8420 35EDA540 570EC660 782FE780 995108A0 BA7229C0 DB934AE0 
[TC_DEBUG]     [2336] DB924900 00B76E24 25DC9348 4B01B86C 7026DD90 954C02B4 BA7127D8 DF964CFC 04BB7220 29E09744 4F05BC68 742AE18C 995006B0 BE752BD4 E39A50F8 08BF761C 2DE49B40 5309C064 782EE588 9D540AAC C2792FD0 E79E54F4 0CC37A18 31E89F3C 570DC460 7C32E984 A1580EA8 C67D33CC EBA258F0 10C77E14 35ECA338 5B11C85C 
[TC_DEBUG]     [2368] DE944A00 07BD7328 30E69C50 5A0FC578 8338EEA0 AC6217C8 D58B40F0 FEB46A18 27DD9340 5106BC68 7A2FE590 A3590EB8 CC8237E0 F5AB6108 1ED48A30 47FDB358 7126DC80 9A5005A8 C3792ED0 ECA257F8 15CB8120 3EF4AA48 681DD370 9146FC98 BA7025C0 E3994EE8 0CC27810 35EBA138 5F14CA60 883DF388 B1671CB0 DA9045D8 
[TC_DEBUG]     [2400] E1964B00 0EC3782C 3BF0A558 691DD284 964AFFB0 C3782CDC F0A55A08 1DD28734 4AFFB460 782CE18C A55A0EB8 D2873BE4 FFB46910 2CE1963C 5A0EC368 873BF094 B4691DC0 E1964AEC 0EC37818 3BF0A544 691DD270 964AFF9C C3782CC8 F0A559F4 1DD28720 4AFFB44C 782CE178 A55A0EA4 D2873BD0 FFB468FC 2CE19628 5A0EC354 
[TC_DEBUG]     [2432] E4984C00 15C97D30 46FAAE60 782BDF90 A95D10C0 DA8E41F0 0BBF7320 3CF0A450 6E21D580 9F5306B0 D08437E0 01B56910 32E69A40 6417CB70 9548FCA0 C67A2DD0 F7AB5F00 28DC9030 5A0DC160 8B3EF290 BC7023C0 EDA154F0 1ED28620 5003B750 8134E880 B26619B0 E3974AE0 14C87C10 45F9AD40 772ADE70 A85C0FA0 D98D40D0 
[TC_DEBUG]     [2464] E79A4D00 1CCF8234 5204B768 8739EC9C BC6F21D0 F1A45704 26D98C38 5C0EC16C 9143F6A0 C6792BD4 FBAE6108 30E3963C 6618CB70 9B4E00A4 D08335D8 05B86B0C 3AEDA040 7022D574 A5580AA8 DA8D3FDC 0FC27510 44F7AA44 7A2CDF78 AF6214AC E49749E0 19CC7F14 4F01B448 8436E97C B96C1EB0 EEA153E4 23D68918 590BBE4C 
[TC_DEBUG]     [2496] EA9C4E00 23D58738 5D0EC070 9647F9A8 CF8132E0 08BA6C18 41F3A550 7B2CDE88 B46617C0 ED9F50F8 26D88A30 6011C368 994AFCA0 D28435D8 0BBD6F10 44F6A848 7E2FE180 B7691AB8 F0A253F0 29DB8D28 6314C660 9C4DFF98 D58738D0 0EC07208 47F9AB40 8132E478 BA6C1DB0 F3A556E8 2CDE9020 6617C958 9F510290 D88A3BC8 
[TC_DEBUG]     [2528] ED9E4F00 2ADB8C3C 6818C978 A55606B4 E29343F0 1FD0812C 5D0DBE68 9A4AFBA4 D78838E0 14C5761C 5202B358 8F3FF094 CC7D2DD0 09BA6B0C 46F7A848 8434E584 C17222C0 FEAF5FFC 3BEC9D38 7929DA74 B66717B0 F3A454EC 30E19228 6E1ECF64 AB5C0CA0 E89949DC 25D68718 6313C454 A0510190 DD8E3ECC 1ACB7C08 5808B944 
[TC_DEBUG]     [2560] F0A05000 31E19140 7322D280 B46413C0 F5A55500 36E69640 7827D780 B96918C0 FAAA5A00 3BEB9B40 7D2CDC80 BE6E1DC0 FFAF5F00 40F0A040 8231E180 C37322C0 04B46400 45F5A540 8736E680 C87827C0 09B96900 4AFAAA40 8C3BEB80 CD7D2CC0 0EBE6E00 4FFFAF40 9140F080 D28231C0 13C37300 5504B440 9645F580 D78736C0 
[TC_DEBUG]     [2592] F3A25100 38E79644 7E2CDB88 C37220CC 08B76610 4DFCAB54 9341F098 D88735DC 1DCC7B20 6311C064 A85705A8 ED9C4AEC 32E19030 7826D574 BD6C1AB8 02B15FFC 47F6A540 8D3BEA84 D2812FC8 17C6750C 5D0BBA50 A250FF94 E79644D8 2CDB8A1C 7220CF60 B76614A4 FCAB59E8 41F09F2C 8735E470 CC7B29B4 11C06EF8 5705B43C 
[TC_DEBUG]     [2624] F6A45200 3FED9B48 8936E490 D2802DD8 1BC97720 6512C068 AE5C09B0 F7A552F8 40EE9C40 8A37E588 D3812ED0 1CCA7818 6613C160 AF5D0AA8 F8A653F0 41EF9D38 8B38E680 D4822FC8 1DCB7910 6714C258 B05E0BA0 F9A754E8 42F09E30 8C39E778 D58330C0 1ECC7A08 6815C350 B15F0C98 FAA855E0 43F19F28 8D3AE870 D68431B8 
[TC_DEBUG]     [2656] F9A65300 46F3A04C 9440ED98 E18E3AE4 2EDB8830 7C28D57C C97622C8 16C37014 6410BD60 B15E0AAC FEAB57F8 4BF8A544 9945F290 E6933FDC 33E08D28 812DDA74 CE7B27C0 1BC8750C 6915C258 B6630FA4 03B05CF0 50FDAA3C 9E4AF788 EB9844D4 38E59220 8632DF6C D3802CB8 20CD7A04 6E1AC750 BB68149C 08B561E8 5602AF34 
[TC_DEBUG]     [2688] FCA85400 4DF9A550 9F4AF6A0 F09C47F0 41ED9940 933EEA90 E4903BE0 35E18D30 8732DE80 D8842FD0 29D58120 7B26D270 CC7823C0 1DC97510 6F1AC660 C06C17B0 11BD6900 630EBA50 B4600BA0 05B15CF0 5702AE40 A853FF90 F9A550E0 4AF6A230 9C47F380 ED9944D0 3EEA9620 903BE770 E18D38C0 32DE8A10 842FDB60 D5812CB0 
[TC_DEBUG]     [2720] FFAA5500 54FFAA54 AA54FFA8 FFAA54FC 54FFAA50 AA54FFA4 FFAA54F8 54FFAA4C AA54FFA0 FFAA54F4 54FFAA48 AA54FF9C FFAA54F0 54FFAA44 AA54FF98 FFAA54EC 54FFAA40 AA54FF94 FFAA54E8 54FFAA3C AA54FF90 FFAA54E4 54FFAA38 AA54FF8C FFAA54E0 54FFAA34 AA54FF88 FFAA54DC 54FFAA30 AA54FF84 FFAA54D8 54FFAA2C 
[TC_DEBUG]     [2752] 02AC5600 5C05AF58 B55F08B0 0EB86208 6811BB60 C16B14B8 1AC46E10 741DC768 CD7720C0 26D07A18 8029D370 D9832CC8 32DC8620 8C35DF78 E58F38D0 3EE89228 9841EB80 F19B44D8 4AF49E30 A44DF788 FDA750E0 5700AA38 B05A0390 09B35CE8 630CB640 BC660F98 15BF68F0 6F18C248 C8721BA0 21CB74F8 7B24CE50 D47E27A8 
[TC_DEBUG]     [2784] 05AE5700 630BB45C C06911B8 1DC66F14 7B23CC70 D88129CC 35DE8728 933BE484 F09941E0 4DF69F3C AB53FC98 08B159F4 660EB750 C36C14AC 20C97208 7E26CF64 DB842CC0 38E18A1C 963EE778 F39C44D4 50F9A230 AE56FF8C 0BB45CE8 6911BA44 C66F17A0 23CC74FC 8129D258 DE872FB4 3BE48D10 9941EA6C F69F47C8 53FCA524 
[TC_DEBUG]     [2816] 08B05800 6A11B960 CB731AC0 2CD47C20 8E35DD80 EF973EE0 50F8A040 B25A01A0 13BB6300 751CC460 D67E25C0 37DF8720 9940E880 FAA249E0 5C03AB40 BD650CA0 1EC66E00 8027CF60 E18930C0 42EA9220 A44BF380 05AD54E0 670EB640 C87017A0 29D17900 8B32DA60 EC943BC0 4DF59D20 AF56FE80 10B85FE0 7219C140 D37B22A0 
[TC_DEBUG]     [2848] 0BB25900 7117BE64 D67D23C8 3BE2892C A147EE90 06AD53F4 6C12B958 D1781EBC 36DD8420 9C42E984 01A84EE8 670DB44C CC7319B0 31D87F14 973DE478 FCA349DC 6208AF40 C76E14A4 2CD37A08 9238DF6C F79E44D0 5D03AA34 C2690F98 27CE74FC 8D33DA60 F2993FC4 57FEA528 BD640A8C 22C96FF0 882ED554 ED943AB8 52F9A01C 
[TC_DEBUG]     [2880] 0EB45A00 781DC368 E1872CD0 4AF09638 B459FFA0 1DC36908 872CD270 F0963BD8 59FFA540 C3690EA8 2CD27810 963BE178 FFA54AE0 690EB448 D2781DB0 3BE18718 A54AF080 0EB459E8 781DC350 E1872CB8 4AF09620 B459FF88 1DC368F0 872CD258 F0963BC0 59FFA528 C3690E90 2CD277F8 963BE160 FFA54AC8 690EB430 D2781D98 
[TC_DEBUG]     [2912] 11B65B00 7F23C86C EC9135D8 59FEA344 C76C10B0 34D97E1C A246EB88 0FB458F4 7D21C660 EA8F33CC 57FCA138 C56A0EA4 32D77C10 A044E97C 0DB256E8 7B1FC454 E88D31C0 55FA9F2C C3680C98 30D57A04 9E42E770 0BB054DC 791DC248 E68B2FB4 53F89D20 C1660A8C 2ED377F8 9C40E564 09AE52D0 771BC03C E4892DA8 51F69B14 
[TC_DEBUG]     [2944] 14B85C00 8629CD70 F79B3EE0 690CB050 DA7E21C0 4BEF9330 BD6104A0 2ED27610 A043E780 11B558F0 8326CA60 F4983BD0 6609AD40 D77B1EB0 48EC9020 BA5E0190 2BCF7300 9D40E470 0EB255E0 8023C750 F19538C0 6306AA30 D4781BA0 45E98D10 B75AFE80 28CC6FF0 9A3DE160 0BAF52D0 7D20C440 EE9235B0 6003A720 D1751890 
[TC_DEBUG]     [2976] 17BA5D00 8D2FD274 02A547E8 781ABD5C ED9032D0 6305A844 D87B1DB8 4DF0932C C36608A0 38DB7E14 AE50F388 23C668FC 993BDE70 0EB153E4 8426C958 F99C3ECC 6F11B440 E48729B4 59FC9F28 CF72149C 44E78A10 BA5CFF84 2FD274F8 A547EA6C 1ABD5FE0 9032D554 05A84AC8 7B1DC03C F09335B0 6608AB24 DB7E2098 50F3960C 
[TC_DEBUG]     [3008] 1ABC5E00 9435D778 0DAF50F0 8728CA68 00A243E0 7A1BBD58 F39536D0 6D0EB048 E68829C0 6001A338 D97B1CB0 52F49628 CC6E0FA0 45E78918 BF610290 38DA7C08 B253F580 2BCD6EF8 A546E870 1EC061E8 9839DB60 11B354D8 8B2CCE50 04A647C8 7E1FC140 F7993AB8 7112B430 EA8C2DA8 6405A720 DD7F2098 56F89A10 D0721388 
[TC_DEBUG]     [3040] 1DBE5F00 9B3BDC7C 18B959F8 9636D774 13B454F0 9131D26C 0EAF4FE8 8C2CCD64 09AA4AE0 8727C85C 04A545D8 8222C354 FFA040D0 7D1DBE4C FA9B3BC8 7818B944 F59636C0 7313B43C F09131B8 6E0EAF34 EB8C2CB0 6909AA2C E68727A8 6404A524 E18222A0 5EFFA01C DC7D1D98 59FA9B14 D7781890 54F5960C D2731388 4FF09104 
[TC_DEBUG]     [3072] 20C06000 A241E180 23C36300 A544E480 26C66600 A847E780 29C96900 AB4AEA80 2CCC6C00 AE4DED80 2FCF6F00 B150F080 32D27200 B453F380 35D57500 B756F680 38D87800 BA59F980 3BDB7B00 BD5CFC80 3EDE7E00 C05FFF80 41E18100 C3630280 44E48400 C6660580 47E78700 C9690880 4AEA8A00 CC6C0B80 4DED8D00 CF6F0E80 
[TC_DEBUG]     [3104] 23C26100 A947E684 2ECD6C08 B452F18C 39D87710 BF5DFC94 44E38218 CA69079C 4FEE8D20 D57412A4 5AF99828 E07F1DAC 6604A330 EB8A28B4 710FAE38 F69533BC 7C1AB940 01A03EC4 8725C448 0CAB49CC 9230CF50 17B654D4 9D3BDA58 22C15FDC A846E560 2DCC6AE4 B351F068 38D775EC BE5CFB70 43E280F4 C9680678 4EED8BFC 
[TC_DEBUG]     [3136] 26C46200 B04DEB88 39D77510 C360FE98 4CEA8820 D67411A8 5FFD9B30 E98724B8 7310AE40 FC9A37C8 8623C150 0FAD4AD8 9936D460 22C05DE8 AC49E770 35D370F8 BF5CFA80 48E68408 D2700D90 5BF99718 E58320A0 6F0CAA28 F89633B0 821FBD38 0BA946C0 9532D048 1EBC59D0 A845E358 31CF6CE0 BB58F668 44E27FF0 CE6C0978 
[TC_DEBUG]     [3168] 29C66300 B753F08C 44E17E18 D26F0BA4 5FFC9930 ED8A26BC 7B17B448 08A541D4 9632CF60 23C05CEC B14DEA78 3EDB7804 CC690590 59F6931C E78420A8 7511AE34 029F3BC0 902CC94C 1DBA56D8 AB47E464 38D571F0 C662FF7C 53F08D08 E17E1A94 6F0BA820 FC9935AC 8A26C338 17B450C4 A541DE50 32CF6BDC C05CF968 4DEA86F4 
[TC_DEBUG]     [3200] 2CC86400 BE59F590 4FEB8720 E17D18B0 730EAA40 04A03BD0 9631CD60 27C35EF0 B954F080 4AE68210 DC7813A0 6E09A530 FF9B36C0 912CC850 22BE59E0 B44FEB70 45E17D00 D7730E90 6904A020 FA9631B0 8C27C340 1DB954D0 AF4AE660 40DC77F0 D26E0980 63FF9B10 F5912CA0 8722BE30 18B44FC0 AA45E150 3BD772E0 CD690470 
[TC_DEBUG]     [3232] 2FCA6500 C55FFA94 5AF59028 F08B25BC 8620BB50 1BB650E4 B14BE678 46E17C0C DC7711A0 720CA734 07A23CC8 9D37D25C 32CD67F0 C862FD84 5DF89318 F38E28AC 8923BE40 1EB953D4 B44EE968 49E47EFC DF7A1490 750FAA24 0AA53FB8 A03AD54C 35D06AE0 CB660074 60FB9608 F6912B9C 8C26C130 21BC56C4 B751EC58 4CE781EC 
[TC_DEBUG]     [3264] 32CC6600 CC65FF98 65FF9930 FF9932C8 9932CC60 32CC65F8 CC65FF90 65FF9928 FF9932C0 9932CC58 32CC65F0 CC65FF88 65FF9920 FF9932B8 9932CC50 32CC65E8 CC65FF80 65FF9918 FF9932B0 9932CC48 32CC65E0 CC65FF78 65FF9910 FF9932A8 9932CC40 32CC65D8 CC65FF70 65FF9908 FF9932A0 9932CC38 32CC65D0 CC65FF68 
[TC_DEBUG]     [3296] 35CE6700 D36C049C 7109A238 0EA73FD4 AC44DD70 49E27B0C E78018A8 851DB644 22BB53E0 C058F17C 5DF68F18 FB942CB4 9931CA50 36CF67EC D46D0588 720AA324 0FA840C0 AD45DE5C 4AE37BF8 E8811994 861EB730 23BC54CC C159F268 5EF79004 FC952DA0 9A32CB3C 37D068D8 D56E0674 730BA410 10A941AC AE46DF48 4BE47CE4 
[TC_DEBUG]     [3328] 38D06800 DA7209A0 7C13AB40 1DB54CE0 BF56EE80 60F89020 029A31C0 A43BD360 45DD7500 E77F16A0 8920B840 2AC259E0 CC63FB80 6E059D20 0FA73EC0 B148E060 52EA8200 F48C23A0 962DC540 37CF66E0 D9710880 7B12AA20 1CB44BC0 BE55ED60 5FF78F00 019930A0 A33AD240 44DC73E0 E67E1580 881FB720 29C158C0 CB62FA60 
[TC_DEBUG]     [3360] 3BD26900 E1780EA4 871DB448 2CC359EC D268FF90 780EA534 1DB44AD8 C359F07C 68FF9620 0EA53BC4 B44AE168 59F0870C FF962CB0 A53BD254 4AE177F8 F0871D9C 962CC340 3BD268E4 E1780E88 871DB42C 2CC359D0 D268FF74 780EA518 1DB44ABC C359F060 68FF9604 0EA53BA8 B44AE14C 59F086F0 FF962C94 A53BD238 4AE177DC 
[TC_DEBUG]     [3392] 3ED46A00 E87E13A8 9227BD50 3BD166F8 E57B10A0 8F24BA48 38CE63F0 E2780D98 8C21B740 35CB60E8 DF750A90 891EB438 32C85DE0 DC720788 861BB130 2FC55AD8 D96F0480 8318AE28 2CC257D0 D66C0178 8015AB20 29BF54C8 D368FE70 7D12A818 26BC51C0 D065FB68 7A0FA510 23B94EB8 CD62F860 770CA208 20B64BB0 CA5FF558 
[TC_DEBUG]     [3424] 41D66B00 EF8418AC 9D31C658 4ADF7404 F88D21B0 A63ACF5C 53E87D08 01962AB4 AF43D860 5CF1860C 0A9F33B8 B84CE164 65FA8F10 13A83CBC C155EA68 6F039814 1CB145C0 CA5EF36C 780CA118 25BA4EC4 D367FC70 8115AA1C 2EC357C8 DC710574 8A1EB320 37CC60CC E57A0E78 9327BC24 40D569D0 EE83177C 9C30C528 49DE72D4 
[TC_DEBUG]     [3456] 44D86C00 F68A1DB0 A83BCF60 59ED8110 0B9F32C0 BD50E470 6F029620 20B447D0 D265F980 8417AB30 35C95CE0 E77B0E90 992CC040 4ADE71F0 FC9023A0 AE41D550 5FF38700 11A538B0 C356EA60 75089C10 26BA4DC0 D86BFF70 8A1DB120 3BCF62D0 ED811480 9F32C630 50E477E0 02962990 B447DB40 65F98CF0 17AB3EA0 C95CF050 
[TC_DEBUG]     [3488] 47DA6D00 FD9022B4 B345D868 68FB8E1C 1EB143D0 D466F984 8A1CAF38 3FD264EC F5881AA0 AB3DD054 60F38608 16A93BBC CC5EF170 8214A724 37CA5CD8 ED80128C A335C840 58EB7DF4 0EA133A8 C456E95C 7A0C9F10 2FC254C4 E5780A78 9B2DC02C 50E375E0 06992B94 BC4EE148 720496FC 27BA4CB0 DD700264 9325B818 48DB6DCC 
[TC_DEBUG]     [3520] 4ADC6E00 049627B8 BE4FE170 78099B28 31C354E0 EB7D0E98 A536C850 5EF08208 18AA3BC0 D263F578 8C1DAF30 45D768E8 FF9122A0 B94ADC58 73049610 2CBE4FC8 E6780980 A031C338 59EB7CF0 13A536A8 CD5EF060 8718AA18 40D263D0 FA8C1D88 B445D740 6DFF90F8 27B94AB0 E1730468 9B2CBE20 54E677D8 0EA03190 C859EB48 
[TC_DEBUG]     [3552] 4DDE6F00 0B9C2CBC C959EA78 8717A834 44D565F0 029323AC C050E168 7E0E9F24 3BCC5CE0 F98A1A9C B747D858 75059614 32C353D0 F081118C AE3ECF48 6BFC8D04 29BA4AC0 E778087C A535C638 62F383F4 20B141B0 DE6EFF6C 9C2CBD28 59EA7AE4 17A838A0 D565F65C 9323B418 50E171D4 0E9F2F90 CC5CED4C 8A1AAB08 47D868C4 
[TC_DEBUG]     [3584] 50E07000 12A231C0 D463F380 9625B540 57E77700 19A938C0 DB6AFA80 9D2CBC40 5EEE7E00 20B03FC0 E2720180 A433C340 65F58500 27B746C0 E9790880 AB3ACA40 6CFC8C00 2EBE4DC0 F0800F80 B241D140 74039300 35C554C0 F7871680 B948D840 7B0A9A00 3CCC5BC0 FE8E1D80 C04FDF40 8211A100 43D362C0 05952480 C756E640 
[TC_DEBUG]     [3616] 53E27100 19A836C4 DF6DFC88 A533C24C 6AF98810 30BF4DD4 F6851398 BC4AD95C 82109F20 47D664E4 0D9C2AA8 D361F06C 9927B630 5EED7BF4 24B341B8 EA79077C B03ECD40 76049304 3BCA58C8 01901E8C C755E450 8D1BAA14 52E16FD8 18A7359C DE6CFB60 A432C124 69F886E8 2FBE4CAC F5841270 BB49D834 810F9DF8 46D563BC 
[TC_DEBUG]     [3648] 56E47200 20AE3BC8 EA780590 B441CF58 7E0B9920 47D562E8 119F2CB0 DB68F678 A532C040 6EFC8A08 38C653D0 02901D98 CC59E760 9623B128 5FED7AF0 29B744B8 F3810E80 BD4AD848 8714A210 50DE6BD8 1AA835A0 E471FF68 AE3BC930 780592F8 41CF5CC0 0B992688 D562F050 9F2CBA18 68F683E0 32C04DA8 FC8A1770 C653E138 
[TC_DEBUG]     [3680] 59E67300 27B440CC F5820E98 C34FDC64 911DAA30 5EEB77FC 2CB945C8 FA871394 C854E160 9622AF2C 63F07CF8 31BE4AC4 FF8C1890 CD59E65C 9B27B428 68F581F4 36C34FC0 04911D8C D25EEB58 A02CB924 6DFA86F0 3BC854BC 09962288 D763F054 A531BE20 72FF8BEC 40CD59B8 0E9B2784 DC68F550 AA36C31C 780490E8 45D25EB4 
[TC_DEBUG]     [3712] 5CE87400 2EBA45D0 008C17A0 D25DE970 A42FBB40 76018D10 47D35EE0 19A530B0 EB770280 BD48D450 8F1AA620 60EC77F0 32BE49C0 04901B90 D661ED60 A833BF30 7A059100 4BD762D0 1DA934A0 EF7B0670 C14CD840 931EAA10 64F07BE0 36C24DB0 08941F80 DA65F150 AC37C320 7E0994F0 4FDB66C0 21AD3890 F37F0A60 C550DC30 
[TC_DEBUG]     [3744] 5FEA7500 35C04AD4 0B9620A8 E16BF67C B741CC50 8D17A224 62ED77F8 38C34DCC 0E9923A0 E46EF974 BA44CF48 901AA51C 65F07AF0 3BC650C4 119C2698 E771FC6C BD47D240 931DA814 68F37DE8 3EC953BC 149F2990 EA74FF64 C04AD538 9620AB0C 6BF680E0 41CC56B4 17A22C88 ED78025C C34DD830 9923AE04 6EF983D8 44CF59AC 
[TC_DEBUG]     [3776] 62EC7600 3CC64FD8 16A029B0 F07A0388 CA53DD60 A42DB738 7E079110 57E16AE8 31BB44C0 0B951E98 E56EF870 BF48D248 9922AC20 72FC85F8 4CD65FD0 26B039A8 008A1380 DA63ED58 B43DC730 8E17A108 67F17AE0 41CB54B8 1BA52E90 F57F0868 CF58E240 A932BC18 830C95F0 5CE66FC8 36C049A0 109A2378 EA73FD50 C44DD728 
[TC_DEBUG]     [3808] 65EE7700 43CC54DC 21AA32B8 FF881094 DD65EE70 BB43CC4C 9921AA28 76FF8804 54DD65E0 32BB43BC 10992198 EE76FF74 CC54DD50 AA32BB2C 88109908 65EE76E4 43CC54C0 21AA329C FF881078 DD65EE54 BB43CC30 9921AA0C 76FF87E8 54DD65C4 32BB43A0 1099217C EE76FF58 CC54DD34 AA32BB10 881098EC 65EE76C8 43CC54A4 
[TC_DEBUG]     [3840] 68F07800 4AD259E0 2CB43BC0 0E961DA0 F077FF80 D259E160 B43BC340 961DA520 77FF8700 59E168E0 3BC34AC0 1DA52CA0 FF870E80 E168F060 C34AD240 A52CB420 870E9600 68F077E0 4AD259C0 2CB43BA0 0E961D80 F077FF60 D259E140 B43BC320 961DA500 77FF86E0 59E168C0 3BC34AA0 1DA52C80 FF870E60 E168F040 C34AD220 
[TC_DEBUG]     [3872] 6BF27900 51D85EE4 37BE44C8 1DA42AAC 038A1090 E96FF674 CF55DC58 B53BC23C 9B21A820 81078E04 66ED73E8 4CD359CC 32B93FB0 189F2594 FE850B78 E46AF15C CA50D740 B036BD24 961CA308 7C0288EC 61E86ED0 47CE54B4 2DB43A98 139A207C F9800660 DF65EC44 C54BD228 AB31B80C 91179DF0 76FD83D4 5CE369B8 42C94F9C 
[TC_DEBUG]     [3904] 6EF47A00 58DE63E8 42C84DD0 2CB237B8 169C21A0 00860B88 EA6FF570 D459DF58 BE43C940 A82DB328 92179D10 7C0186F8 65EB70E0 4FD55AC8 39BF44B0 23A92E98 0D931880 F77D0268 E166EC50 CB50D638 B53AC020 9F24AA08 890E93F0 72F87DD8 5CE267C0 46CC51A8 30B63B90 1AA02578 048A0F60 EE73F948 D85DE330 C247CD18 
[TC_DEBUG]     [3936] 71F67B00 5FE468EC 4DD256D8 3BC044C4 29AE32B0 179C209C 058A0E88 F377FC74 E165EA60 CF53D84C BD41C638 AB2FB424 991DA210 870B8FFC 74F97DE8 62E76BD4 50D559C0 3EC347AC 2CB13598 1A9F2384 088D1170 F67AFF5C E468ED48 D256DB34 C044C920 AE32B70C 9C20A4F8 8A0E92E4 77FC80D0 65EA6EBC 53D85CA8 41C64A94 
[TC_DEBUG]     [3968] 74F87C00 66EA6DF0 58DC5FE0 4ACE51D0 3CC043C0 2EB235B0 20A427A0 12961990 04880B80 F679FD70 E86BEF60 DA5DE150 CC4FD340 BE41C530 B033B720 A225A910 94179B00 86098CF0 77FB7EE0 69ED70D0 5BDF62C0 4DD154B0 3FC346A0 31B53890 23A72A80 15991C70 078B0E60 F97D0050 EB6EF240 DD60E430 CF52D620 C144C810 
[TC_DEBUG]     [4000] 77FA7D00 6DF072F4 63E668E8 59DC5EDC 4FD254D0 45C84AC4 3BBE40B8 31B436AC 27AA2CA0 1DA02294 13961888 098C0E7C FF820470 F577FA64 EB6DF058 E163E64C D759DC40 CD4FD234 C345C828 B93BBE1C AF31B410 A527AA04 9B1D9FF8 911395EC 87098BE0 7CFF81D4 72F577C8 68EB6DBC 5EE163B0 54D759A4 4ACD4F98 40C3458C 
[TC_DEBUG]     [4032] 7AFC7E00 74F677F8 6EF071F0 68EA6BE8 62E465E0 5CDE5FD8 56D859D0 50D253C8 4ACC4DC0 44C647B8 3EC041B0 38BA3BA8 32B435A0 2CAE2F98 26A82990 20A22388 1A9C1D80 14961778 0E901170 088A0B68 02840560 FC7DFF58 F677F950 F071F348 EA6BED40 E465E738 DE5FE130 D859DB28 D253D520 CC4DCF18 C647C910 C041C308 
[TC_DEBUG]     [4064] 7DFE7F00 7BFC7CFC 79FA7AF8 77F878F4 75F676F0 73F474EC 71F272E8 6FF070E4 6DEE6EE0 6BEC6CDC 69EA6AD8 67E868D4 65E666D0 63E464CC 61E262C8 5FE060C4 5DDE5EC0 5BDC5CBC 59DA5AB8 57D858B4 55D656B0 53D454AC 51D252A8 4FD050A4 4DCE4EA0 4BCC4C9C 49CA4A98 47C84894 45C64690 43C4448C 41C24288 3FC04084 
Test 1 completed
Initialize acc_buffer
Initialize acc_buffer
[TC_DEBUG] t.imm.broadcast: tr0 = (imm8=0x00)
00 00 00 00 00 00 00 00 00 00 00 00 00 00 00 00 00 00 00 00 00 00 00 00 00 00 00 00 00 00 00 00 00 00 00 00 00 00 00 00 00 00 00 00 00 00 00 00 00 00 00 00 00 00 00 00 00 00 00 00 00 00 00 00 00 00 00 00 00 00 00 00 00 00 00 00 00 00 00 00 00 00 00 00 00 00 00 00 00 00 00 00 00 00 00 00 00 00 00 00 00 00 00 00 00 00 00 00 00 00 00 00 00 00 00 00 00 00 00 00 00 00 00 00 00 00 00 00 
00 00 00 00 00 00 00 00 00 00 00 00 00 00 00 00 00 00 00 00 00 00 00 00 00 00 00 00 00 00 00 00 00 00 00 00 00 00 00 00 00 00 00 00 00 00 00 00 00 00 00 00 00 00 00 00 00 00 00 00 00 00 00 00 00 00 00 00 00 00 00 00 00 00 00 00 00 00 00 00 00 00 00 00 00 00 00 00 00 00 00 00 00 00 00 00 00 00 00 00 00 00 00 00 00 00 00 00 00 00 00 00 00 00 00 00 00 00 00 00 00 00 00 00 00 00 00 00 
00 00 00 00 00 00 00 00 00 00 00 00 00 00 00 00 00 00 00 00 00 00 00 00 00 00 00 00 00 00 00 00 00 00 00 00 00 00 00 00 00 00 00 00 00 00 00 00 00 00 00 00 00 00 00 00 00 00 00 00 00 00 00 00 00 00 00 00 00 00 00 00 00 00 00 00 00 00 00 00 00 00 00 00 00 00 00 00 00 00 00 00 00 00 00 00 00 00 00 00 00 00 00 00 00 00 00 00 00 00 00 00 00 00 00 00 00 00 00 00 00 00 00 00 00 00 00 00 
00 00 00 00 00 00 00 00 00 00 00 00 00 00 00 00 00 00 00 00 00 00 00 00 00 00 00 00 00 00 00 00 00 00 00 00 00 00 00 00 00 00 00 00 00 00 00 00 00 00 00 00 00 00 00 00 00 00 00 00 00 00 00 00 00 00 00 00 00 00 00 00 00 00 00 00 00 00 00 00 00 00 00 00 00 00 00 00 00 00 00 00 00 00 00 00 00 00 00 00 00 00 00 00 00 00 00 00 00 00 00 00 00 00 00 00 00 00 00 00 00 00 00 00 00 00 00 00 
00 00 00 00 00 00 00 00 00 00 00 00 00 00 00 00 00 00 00 00 00 00 00 00 00 00 00 00 00 00 00 00 00 00 00 00 00 00 00 00 00 00 00 00 00 00 00 00 00 00 00 00 00 00 00 00 00 00 00 00 00 00 00 00 00 00 00 00 00 00 00 00 00 00 00 00 00 00 00 00 00 00 00 00 00 00 00 00 00 00 00 00 00 00 00 00 00 00 00 00 00 00 00 00 00 00 00 00 00 00 00 00 00 00 00 00 00 00 00 00 00 00 00 00 00 00 00 00 
00 00 00 00 00 00 00 00 00 00 00 00 00 00 00 00 00 00 00 00 00 00 00 00 00 00 00 00 00 00 00 00 00 00 00 00 00 00 00 00 00 00 00 00 00 00 00 00 00 00 00 00 00 00 00 00 00 00 00 00 00 00 00 00 00 00 00 00 00 00 00 00 00 00 00 00 00 00 00 00 00 00 00 00 00 00 00 00 00 00 00 00 00 00 00 00 00 00 00 00 00 00 00 00 00 00 00 00 00 00 00 00 00 00 00 00 00 00 00 00 00 00 00 00 00 00 00 00 
00 00 00 00 00 00 00 00 00 00 00 00 00 00 00 00 00 00 00 00 00 00 00 00 00 00 00 00 00 00 00 00 00 00 00 00 00 00 00 00 00 00 00 00 00 00 00 00 00 00 00 00 00 00 00 00 00 00 00 00 00 00 00 00 00 00 00 00 00 00 00 00 00 00 00 00 00 00 00 00 00 00 00 00 00 00 00 00 00 00 00 00 00 00 00 00 00 00 00 00 00 00 00 00 00 00 00 00 00 00 00 00 00 00 00 00 00 00 00 00 00 00 00 00 00 00 00 00 
00 00 00 00 00 00 00 00 00 00 00 00 00 00 00 00 00 00 00 00 00 00 00 00 00 00 00 00 00 00 00 00 00 00 00 00 00 00 00 00 00 00 00 00 00 00 00 00 00 00 00 00 00 00 00 00 00 00 00 00 00 00 00 00 00 00 00 00 00 00 00 00 00 00 00 00 00 00 00 00 00 00 00 00 00 00 00 00 00 00 00 00 00 00 00 00 00 00 00 00 00 00 00 00 00 00 00 00 00 00 00 00 00 00 00 00 00 00 00 00 00 00 00 00 00 00 00 00 
[TC_DEBUG] t.imm.broadcast: tr1 = (imm8=0x00)
00 00 00 00 00 00 00 00 00 00 00 00 00 00 00 00 00 00 00 00 00 00 00 00 00 00 00 00 00 00 00 00 00 00 00 00 00 00 00 00 00 00 00 00 00 00 00 00 00 00 00 00 00 00 00 00 00 00 00 00 00 00 00 00 00 00 00 00 00 00 00 00 00 00 00 00 00 00 00 00 00 00 00 00 00 00 00 00 00 00 00 00 00 00 00 00 00 00 00 00 00 00 00 00 00 00 00 00 00 00 00 00 00 00 00 00 00 00 00 00 00 00 00 00 00 00 00 00 
00 00 00 00 00 00 00 00 00 00 00 00 00 00 00 00 00 00 00 00 00 00 00 00 00 00 00 00 00 00 00 00 00 00 00 00 00 00 00 00 00 00 00 00 00 00 00 00 00 00 00 00 00 00 00 00 00 00 00 00 00 00 00 00 00 00 00 00 00 00 00 00 00 00 00 00 00 00 00 00 00 00 00 00 00 00 00 00 00 00 00 00 00 00 00 00 00 00 00 00 00 00 00 00 00 00 00 00 00 00 00 00 00 00 00 00 00 00 00 00 00 00 00 00 00 00 00 00 
00 00 00 00 00 00 00 00 00 00 00 00 00 00 00 00 00 00 00 00 00 00 00 00 00 00 00 00 00 00 00 00 00 00 00 00 00 00 00 00 00 00 00 00 00 00 00 00 00 00 00 00 00 00 00 00 00 00 00 00 00 00 00 00 00 00 00 00 00 00 00 00 00 00 00 00 00 00 00 00 00 00 00 00 00 00 00 00 00 00 00 00 00 00 00 00 00 00 00 00 00 00 00 00 00 00 00 00 00 00 00 00 00 00 00 00 00 00 00 00 00 00 00 00 00 00 00 00 
00 00 00 00 00 00 00 00 00 00 00 00 00 00 00 00 00 00 00 00 00 00 00 00 00 00 00 00 00 00 00 00 00 00 00 00 00 00 00 00 00 00 00 00 00 00 00 00 00 00 00 00 00 00 00 00 00 00 00 00 00 00 00 00 00 00 00 00 00 00 00 00 00 00 00 00 00 00 00 00 00 00 00 00 00 00 00 00 00 00 00 00 00 00 00 00 00 00 00 00 00 00 00 00 00 00 00 00 00 00 00 00 00 00 00 00 00 00 00 00 00 00 00 00 00 00 00 00 
00 00 00 00 00 00 00 00 00 00 00 00 00 00 00 00 00 00 00 00 00 00 00 00 00 00 00 00 00 00 00 00 00 00 00 00 00 00 00 00 00 00 00 00 00 00 00 00 00 00 00 00 00 00 00 00 00 00 00 00 00 00 00 00 00 00 00 00 00 00 00 00 00 00 00 00 00 00 00 00 00 00 00 00 00 00 00 00 00 00 00 00 00 00 00 00 00 00 00 00 00 00 00 00 00 00 00 00 00 00 00 00 00 00 00 00 00 00 00 00 00 00 00 00 00 00 00 00 
00 00 00 00 00 00 00 00 00 00 00 00 00 00 00 00 00 00 00 00 00 00 00 00 00 00 00 00 00 00 00 00 00 00 00 00 00 00 00 00 00 00 00 00 00 00 00 00 00 00 00 00 00 00 00 00 00 00 00 00 00 00 00 00 00 00 00 00 00 00 00 00 00 00 00 00 00 00 00 00 00 00 00 00 00 00 00 00 00 00 00 00 00 00 00 00 00 00 00 00 00 00 00 00 00 00 00 00 00 00 00 00 00 00 00 00 00 00 00 00 00 00 00 00 00 00 00 00 
00 00 00 00 00 00 00 00 00 00 00 00 00 00 00 00 00 00 00 00 00 00 00 00 00 00 00 00 00 00 00 00 00 00 00 00 00 00 00 00 00 00 00 00 00 00 00 00 00 00 00 00 00 00 00 00 00 00 00 00 00 00 00 00 00 00 00 00 00 00 00 00 00 00 00 00 00 00 00 00 00 00 00 00 00 00 00 00 00 00 00 00 00 00 00 00 00 00 00 00 00 00 00 00 00 00 00 00 00 00 00 00 00 00 00 00 00 00 00 00 00 00 00 00 00 00 00 00 
00 00 00 00 00 00 00 00 00 00 00 00 00 00 00 00 00 00 00 00 00 00 00 00 00 00 00 00 00 00 00 00 00 00 00 00 00 00 00 00 00 00 00 00 00 00 00 00 00 00 00 00 00 00 00 00 00 00 00 00 00 00 00 00 00 00 00 00 00 00 00 00 00 00 00 00 00 00 00 00 00 00 00 00 00 00 00 00 00 00 00 00 00 00 00 00 00 00 00 00 00 00 00 00 00 00 00 00 00 00 00 00 00 00 00 00 00 00 00 00 00 00 00 00 00 00 00 00 
[TC_DEBUG] tc.st.add: trs1=0, trs2=1, rs1v=0x50000000, rs2v=0x00000000
[TC_DEBUG]   M2=4, M1=32, N2=1, N1=32
[TC_DEBUG]   startpoint_left=0, startpoint_top=0
[TC_DEBUG]   left_data_len=4, top_data_len=1
[TC_DEBUG]   LeftData (tr0, 128 int32 elements):
[TC_DEBUG]     [0000] 00000000 00000000 00000000 00000000 00000000 00000000 00000000 00000000 00000000 00000000 00000000 00000000 00000000 00000000 00000000 00000000 00000000 00000000 00000000 00000000 00000000 00000000 00000000 00000000 00000000 00000000 00000000 00000000 00000000 00000000 00000000 00000000 
[TC_DEBUG]     [0032] 00000000 00000000 00000000 00000000 00000000 00000000 00000000 00000000 00000000 00000000 00000000 00000000 00000000 00000000 00000000 00000000 00000000 00000000 00000000 00000000 00000000 00000000 00000000 00000000 00000000 00000000 00000000 00000000 00000000 00000000 00000000 00000000 
[TC_DEBUG]     [0064] 00000000 00000000 00000000 00000000 00000000 00000000 00000000 00000000 00000000 00000000 00000000 00000000 00000000 00000000 00000000 00000000 00000000 00000000 00000000 00000000 00000000 00000000 00000000 00000000 00000000 00000000 00000000 00000000 00000000 00000000 00000000 00000000 
[TC_DEBUG]     [0096] 00000000 00000000 00000000 00000000 00000000 00000000 00000000 00000000 00000000 00000000 00000000 00000000 00000000 00000000 00000000 00000000 00000000 00000000 00000000 00000000 00000000 00000000 00000000 00000000 00000000 00000000 00000000 00000000 00000000 00000000 00000000 00000000 
[TC_DEBUG]   TopData (tr1, 32 int32 elements):
[TC_DEBUG]     [0000] 00000000 00000000 00000000 00000000 00000000 00000000 00000000 00000000 00000000 00000000 00000000 00000000 00000000 00000000 00000000 00000000 00000000 00000000 00000000 00000000 00000000 00000000 00000000 00000000 00000000 00000000 00000000 00000000 00000000 00000000 00000000 00000000 
[TC_DEBUG]   AccBuffer (base=0x50000000, 4096 elements):
[TC_DEBUG]     [0000] 00000000 00000000 00000000 00000000 00000000 00000000 00000000 00000000 00000000 00000000 00000000 00000000 00000000 00000000 00000000 00000000 00000000 00000000 00000000 00000000 00000000 00000000 00000000 00000000 00000000 00000000 00000000 00000000 00000000 00000000 00000000 00000000 
[TC_DEBUG]     [0032] 00000000 00000000 00000000 00000000 00000000 00000000 00000000 00000000 00000000 00000000 00000000 00000000 00000000 00000000 00000000 00000000 00000000 00000000 00000000 00000000 00000000 00000000 00000000 00000000 00000000 00000000 00000000 00000000 00000000 00000000 00000000 00000000 
[TC_DEBUG]     [0064] 00000000 00000000 00000000 00000000 00000000 00000000 00000000 00000000 00000000 00000000 00000000 00000000 00000000 00000000 00000000 00000000 00000000 00000000 00000000 00000000 00000000 00000000 00000000 00000000 00000000 00000000 00000000 00000000 00000000 00000000 00000000 00000000 
[TC_DEBUG]     [0096] 00000000 00000000 00000000 00000000 00000000 00000000 00000000 00000000 00000000 00000000 00000000 00000000 00000000 00000000 00000000 00000000 00000000 00000000 00000000 00000000 00000000 00000000 00000000 00000000 00000000 00000000 00000000 00000000 00000000 00000000 00000000 00000000 
[TC_DEBUG]     [0128] 00000000 00000000 00000000 00000000 00000000 00000000 00000000 00000000 00000000 00000000 00000000 00000000 00000000 00000000 00000000 00000000 00000000 00000000 00000000 00000000 00000000 00000000 00000000 00000000 00000000 00000000 00000000 00000000 00000000 00000000 00000000 00000000 
[TC_DEBUG]     [0160] 00000000 00000000 00000000 00000000 00000000 00000000 00000000 00000000 00000000 00000000 00000000 00000000 00000000 00000000 00000000 00000000 00000000 00000000 00000000 00000000 00000000 00000000 00000000 00000000 00000000 00000000 00000000 00000000 00000000 00000000 00000000 00000000 
[TC_DEBUG]     [0192] 00000000 00000000 00000000 00000000 00000000 00000000 00000000 00000000 00000000 00000000 00000000 00000000 00000000 00000000 00000000 00000000 00000000 00000000 00000000 00000000 00000000 00000000 00000000 00000000 00000000 00000000 00000000 00000000 00000000 00000000 00000000 00000000 
[TC_DEBUG]     [0224] 00000000 00000000 00000000 00000000 00000000 00000000 00000000 00000000 00000000 00000000 00000000 00000000 00000000 00000000 00000000 00000000 00000000 00000000 00000000 00000000 00000000 00000000 00000000 00000000 00000000 00000000 00000000 00000000 00000000 00000000 00000000 00000000 
[TC_DEBUG]     [0256] 00000000 00000000 00000000 00000000 00000000 00000000 00000000 00000000 00000000 00000000 00000000 00000000 00000000 00000000 00000000 00000000 00000000 00000000 00000000 00000000 00000000 00000000 00000000 00000000 00000000 00000000 00000000 00000000 00000000 00000000 00000000 00000000 
[TC_DEBUG]     [0288] 00000000 00000000 00000000 00000000 00000000 00000000 00000000 00000000 00000000 00000000 00000000 00000000 00000000 00000000 00000000 00000000 00000000 00000000 00000000 00000000 00000000 00000000 00000000 00000000 00000000 00000000 00000000 00000000 00000000 00000000 00000000 00000000 
[TC_DEBUG]     [0320] 00000000 00000000 00000000 00000000 00000000 00000000 00000000 00000000 00000000 00000000 00000000 00000000 00000000 00000000 00000000 00000000 00000000 00000000 00000000 00000000 00000000 00000000 00000000 00000000 00000000 00000000 00000000 00000000 00000000 00000000 00000000 00000000 
[TC_DEBUG]     [0352] 00000000 00000000 00000000 00000000 00000000 00000000 00000000 00000000 00000000 00000000 00000000 00000000 00000000 00000000 00000000 00000000 00000000 00000000 00000000 00000000 00000000 00000000 00000000 00000000 00000000 00000000 00000000 00000000 00000000 00000000 00000000 00000000 
[TC_DEBUG]     [0384] 00000000 00000000 00000000 00000000 00000000 00000000 00000000 00000000 00000000 00000000 00000000 00000000 00000000 00000000 00000000 00000000 00000000 00000000 00000000 00000000 00000000 00000000 00000000 00000000 00000000 00000000 00000000 00000000 00000000 00000000 00000000 00000000 
[TC_DEBUG]     [0416] 00000000 00000000 00000000 00000000 00000000 00000000 00000000 00000000 00000000 00000000 00000000 00000000 00000000 00000000 00000000 00000000 00000000 00000000 00000000 00000000 00000000 00000000 00000000 00000000 00000000 00000000 00000000 00000000 00000000 00000000 00000000 00000000 
[TC_DEBUG]     [0448] 00000000 00000000 00000000 00000000 00000000 00000000 00000000 00000000 00000000 00000000 00000000 00000000 00000000 00000000 00000000 00000000 00000000 00000000 00000000 00000000 00000000 00000000 00000000 00000000 00000000 00000000 00000000 00000000 00000000 00000000 00000000 00000000 
[TC_DEBUG]     [0480] 00000000 00000000 00000000 00000000 00000000 00000000 00000000 00000000 00000000 00000000 00000000 00000000 00000000 00000000 00000000 00000000 00000000 00000000 00000000 00000000 00000000 00000000 00000000 00000000 00000000 00000000 00000000 00000000 00000000 00000000 00000000 00000000 
[TC_DEBUG]     [0512] 00000000 00000000 00000000 00000000 00000000 00000000 00000000 00000000 00000000 00000000 00000000 00000000 00000000 00000000 00000000 00000000 00000000 00000000 00000000 00000000 00000000 00000000 00000000 00000000 00000000 00000000 00000000 00000000 00000000 00000000 00000000 00000000 
[TC_DEBUG]     [0544] 00000000 00000000 00000000 00000000 00000000 00000000 00000000 00000000 00000000 00000000 00000000 00000000 00000000 00000000 00000000 00000000 00000000 00000000 00000000 00000000 00000000 00000000 00000000 00000000 00000000 00000000 00000000 00000000 00000000 00000000 00000000 00000000 
[TC_DEBUG]     [0576] 00000000 00000000 00000000 00000000 00000000 00000000 00000000 00000000 00000000 00000000 00000000 00000000 00000000 00000000 00000000 00000000 00000000 00000000 00000000 00000000 00000000 00000000 00000000 00000000 00000000 00000000 00000000 00000000 00000000 00000000 00000000 00000000 
[TC_DEBUG]     [0608] 00000000 00000000 00000000 00000000 00000000 00000000 00000000 00000000 00000000 00000000 00000000 00000000 00000000 00000000 00000000 00000000 00000000 00000000 00000000 00000000 00000000 00000000 00000000 00000000 00000000 00000000 00000000 00000000 00000000 00000000 00000000 00000000 
[TC_DEBUG]     [0640] 00000000 00000000 00000000 00000000 00000000 00000000 00000000 00000000 00000000 00000000 00000000 00000000 00000000 00000000 00000000 00000000 00000000 00000000 00000000 00000000 00000000 00000000 00000000 00000000 00000000 00000000 00000000 00000000 00000000 00000000 00000000 00000000 
[TC_DEBUG]     [0672] 00000000 00000000 00000000 00000000 00000000 00000000 00000000 00000000 00000000 00000000 00000000 00000000 00000000 00000000 00000000 00000000 00000000 00000000 00000000 00000000 00000000 00000000 00000000 00000000 00000000 00000000 00000000 00000000 00000000 00000000 00000000 00000000 
[TC_DEBUG]     [0704] 00000000 00000000 00000000 00000000 00000000 00000000 00000000 00000000 00000000 00000000 00000000 00000000 00000000 00000000 00000000 00000000 00000000 00000000 00000000 00000000 00000000 00000000 00000000 00000000 00000000 00000000 00000000 00000000 00000000 00000000 00000000 00000000 
[TC_DEBUG]     [0736] 00000000 00000000 00000000 00000000 00000000 00000000 00000000 00000000 00000000 00000000 00000000 00000000 00000000 00000000 00000000 00000000 00000000 00000000 00000000 00000000 00000000 00000000 00000000 00000000 00000000 00000000 00000000 00000000 00000000 00000000 00000000 00000000 
[TC_DEBUG]     [0768] 00000000 00000000 00000000 00000000 00000000 00000000 00000000 00000000 00000000 00000000 00000000 00000000 00000000 00000000 00000000 00000000 00000000 00000000 00000000 00000000 00000000 00000000 00000000 00000000 00000000 00000000 00000000 00000000 00000000 00000000 00000000 00000000 
[TC_DEBUG]     [0800] 00000000 00000000 00000000 00000000 00000000 00000000 00000000 00000000 00000000 00000000 00000000 00000000 00000000 00000000 00000000 00000000 00000000 00000000 00000000 00000000 00000000 00000000 00000000 00000000 00000000 00000000 00000000 00000000 00000000 00000000 00000000 00000000 
[TC_DEBUG]     [0832] 00000000 00000000 00000000 00000000 00000000 00000000 00000000 00000000 00000000 00000000 00000000 00000000 00000000 00000000 00000000 00000000 00000000 00000000 00000000 00000000 00000000 00000000 00000000 00000000 00000000 00000000 00000000 00000000 00000000 00000000 00000000 00000000 
[TC_DEBUG]     [0864] 00000000 00000000 00000000 00000000 00000000 00000000 00000000 00000000 00000000 00000000 00000000 00000000 00000000 00000000 00000000 00000000 00000000 00000000 00000000 00000000 00000000 00000000 00000000 00000000 00000000 00000000 00000000 00000000 00000000 00000000 00000000 00000000 
[TC_DEBUG]     [0896] 00000000 00000000 00000000 00000000 00000000 00000000 00000000 00000000 00000000 00000000 00000000 00000000 00000000 00000000 00000000 00000000 00000000 00000000 00000000 00000000 00000000 00000000 00000000 00000000 00000000 00000000 00000000 00000000 00000000 00000000 00000000 00000000 
[TC_DEBUG]     [0928] 00000000 00000000 00000000 00000000 00000000 00000000 00000000 00000000 00000000 00000000 00000000 00000000 00000000 00000000 00000000 00000000 00000000 00000000 00000000 00000000 00000000 00000000 00000000 00000000 00000000 00000000 00000000 00000000 00000000 00000000 00000000 00000000 
[TC_DEBUG]     [0960] 00000000 00000000 00000000 00000000 00000000 00000000 00000000 00000000 00000000 00000000 00000000 00000000 00000000 00000000 00000000 00000000 00000000 00000000 00000000 00000000 00000000 00000000 00000000 00000000 00000000 00000000 00000000 00000000 00000000 00000000 00000000 00000000 
[TC_DEBUG]     [0992] 00000000 00000000 00000000 00000000 00000000 00000000 00000000 00000000 00000000 00000000 00000000 00000000 00000000 00000000 00000000 00000000 00000000 00000000 00000000 00000000 00000000 00000000 00000000 00000000 00000000 00000000 00000000 00000000 00000000 00000000 00000000 00000000 
[TC_DEBUG]     [1024] 00000000 00000000 00000000 00000000 00000000 00000000 00000000 00000000 00000000 00000000 00000000 00000000 00000000 00000000 00000000 00000000 00000000 00000000 00000000 00000000 00000000 00000000 00000000 00000000 00000000 00000000 00000000 00000000 00000000 00000000 00000000 00000000 
[TC_DEBUG]     [1056] 00000000 00000000 00000000 00000000 00000000 00000000 00000000 00000000 00000000 00000000 00000000 00000000 00000000 00000000 00000000 00000000 00000000 00000000 00000000 00000000 00000000 00000000 00000000 00000000 00000000 00000000 00000000 00000000 00000000 00000000 00000000 00000000 
[TC_DEBUG]     [1088] 00000000 00000000 00000000 00000000 00000000 00000000 00000000 00000000 00000000 00000000 00000000 00000000 00000000 00000000 00000000 00000000 00000000 00000000 00000000 00000000 00000000 00000000 00000000 00000000 00000000 00000000 00000000 00000000 00000000 00000000 00000000 00000000 
[TC_DEBUG]     [1120] 00000000 00000000 00000000 00000000 00000000 00000000 00000000 00000000 00000000 00000000 00000000 00000000 00000000 00000000 00000000 00000000 00000000 00000000 00000000 00000000 00000000 00000000 00000000 00000000 00000000 00000000 00000000 00000000 00000000 00000000 00000000 00000000 
[TC_DEBUG]     [1152] 00000000 00000000 00000000 00000000 00000000 00000000 00000000 00000000 00000000 00000000 00000000 00000000 00000000 00000000 00000000 00000000 00000000 00000000 00000000 00000000 00000000 00000000 00000000 00000000 00000000 00000000 00000000 00000000 00000000 00000000 00000000 00000000 
[TC_DEBUG]     [1184] 00000000 00000000 00000000 00000000 00000000 00000000 00000000 00000000 00000000 00000000 00000000 00000000 00000000 00000000 00000000 00000000 00000000 00000000 00000000 00000000 00000000 00000000 00000000 00000000 00000000 00000000 00000000 00000000 00000000 00000000 00000000 00000000 
[TC_DEBUG]     [1216] 00000000 00000000 00000000 00000000 00000000 00000000 00000000 00000000 00000000 00000000 00000000 00000000 00000000 00000000 00000000 00000000 00000000 00000000 00000000 00000000 00000000 00000000 00000000 00000000 00000000 00000000 00000000 00000000 00000000 00000000 00000000 00000000 
[TC_DEBUG]     [1248] 00000000 00000000 00000000 00000000 00000000 00000000 00000000 00000000 00000000 00000000 00000000 00000000 00000000 00000000 00000000 00000000 00000000 00000000 00000000 00000000 00000000 00000000 00000000 00000000 00000000 00000000 00000000 00000000 00000000 00000000 00000000 00000000 
[TC_DEBUG]     [1280] 00000000 00000000 00000000 00000000 00000000 00000000 00000000 00000000 00000000 00000000 00000000 00000000 00000000 00000000 00000000 00000000 00000000 00000000 00000000 00000000 00000000 00000000 00000000 00000000 00000000 00000000 00000000 00000000 00000000 00000000 00000000 00000000 
[TC_DEBUG]     [1312] 00000000 00000000 00000000 00000000 00000000 00000000 00000000 00000000 00000000 00000000 00000000 00000000 00000000 00000000 00000000 00000000 00000000 00000000 00000000 00000000 00000000 00000000 00000000 00000000 00000000 00000000 00000000 00000000 00000000 00000000 00000000 00000000 
[TC_DEBUG]     [1344] 00000000 00000000 00000000 00000000 00000000 00000000 00000000 00000000 00000000 00000000 00000000 00000000 00000000 00000000 00000000 00000000 00000000 00000000 00000000 00000000 00000000 00000000 00000000 00000000 00000000 00000000 00000000 00000000 00000000 00000000 00000000 00000000 
[TC_DEBUG]     [1376] 00000000 00000000 00000000 00000000 00000000 00000000 00000000 00000000 00000000 00000000 00000000 00000000 00000000 00000000 00000000 00000000 00000000 00000000 00000000 00000000 00000000 00000000 00000000 00000000 00000000 00000000 00000000 00000000 00000000 00000000 00000000 00000000 
[TC_DEBUG]     [1408] 00000000 00000000 00000000 00000000 00000000 00000000 00000000 00000000 00000000 00000000 00000000 00000000 00000000 00000000 00000000 00000000 00000000 00000000 00000000 00000000 00000000 00000000 00000000 00000000 00000000 00000000 00000000 00000000 00000000 00000000 00000000 00000000 
[TC_DEBUG]     [1440] 00000000 00000000 00000000 00000000 00000000 00000000 00000000 00000000 00000000 00000000 00000000 00000000 00000000 00000000 00000000 00000000 00000000 00000000 00000000 00000000 00000000 00000000 00000000 00000000 00000000 00000000 00000000 00000000 00000000 00000000 00000000 00000000 
[TC_DEBUG]     [1472] 00000000 00000000 00000000 00000000 00000000 00000000 00000000 00000000 00000000 00000000 00000000 00000000 00000000 00000000 00000000 00000000 00000000 00000000 00000000 00000000 00000000 00000000 00000000 00000000 00000000 00000000 00000000 00000000 00000000 00000000 00000000 00000000 
[TC_DEBUG]     [1504] 00000000 00000000 00000000 00000000 00000000 00000000 00000000 00000000 00000000 00000000 00000000 00000000 00000000 00000000 00000000 00000000 00000000 00000000 00000000 00000000 00000000 00000000 00000000 00000000 00000000 00000000 00000000 00000000 00000000 00000000 00000000 00000000 
[TC_DEBUG]     [1536] 00000000 00000000 00000000 00000000 00000000 00000000 00000000 00000000 00000000 00000000 00000000 00000000 00000000 00000000 00000000 00000000 00000000 00000000 00000000 00000000 00000000 00000000 00000000 00000000 00000000 00000000 00000000 00000000 00000000 00000000 00000000 00000000 
[TC_DEBUG]     [1568] 00000000 00000000 00000000 00000000 00000000 00000000 00000000 00000000 00000000 00000000 00000000 00000000 00000000 00000000 00000000 00000000 00000000 00000000 00000000 00000000 00000000 00000000 00000000 00000000 00000000 00000000 00000000 00000000 00000000 00000000 00000000 00000000 
[TC_DEBUG]     [1600] 00000000 00000000 00000000 00000000 00000000 00000000 00000000 00000000 00000000 00000000 00000000 00000000 00000000 00000000 00000000 00000000 00000000 00000000 00000000 00000000 00000000 00000000 00000000 00000000 00000000 00000000 00000000 00000000 00000000 00000000 00000000 00000000 
[TC_DEBUG]     [1632] 00000000 00000000 00000000 00000000 00000000 00000000 00000000 00000000 00000000 00000000 00000000 00000000 00000000 00000000 00000000 00000000 00000000 00000000 00000000 00000000 00000000 00000000 00000000 00000000 00000000 00000000 00000000 00000000 00000000 00000000 00000000 00000000 
[TC_DEBUG]     [1664] 00000000 00000000 00000000 00000000 00000000 00000000 00000000 00000000 00000000 00000000 00000000 00000000 00000000 00000000 00000000 00000000 00000000 00000000 00000000 00000000 00000000 00000000 00000000 00000000 00000000 00000000 00000000 00000000 00000000 00000000 00000000 00000000 
[TC_DEBUG]     [1696] 00000000 00000000 00000000 00000000 00000000 00000000 00000000 00000000 00000000 00000000 00000000 00000000 00000000 00000000 00000000 00000000 00000000 00000000 00000000 00000000 00000000 00000000 00000000 00000000 00000000 00000000 00000000 00000000 00000000 00000000 00000000 00000000 
[TC_DEBUG]     [1728] 00000000 00000000 00000000 00000000 00000000 00000000 00000000 00000000 00000000 00000000 00000000 00000000 00000000 00000000 00000000 00000000 00000000 00000000 00000000 00000000 00000000 00000000 00000000 00000000 00000000 00000000 00000000 00000000 00000000 00000000 00000000 00000000 
[TC_DEBUG]     [1760] 00000000 00000000 00000000 00000000 00000000 00000000 00000000 00000000 00000000 00000000 00000000 00000000 00000000 00000000 00000000 00000000 00000000 00000000 00000000 00000000 00000000 00000000 00000000 00000000 00000000 00000000 00000000 00000000 00000000 00000000 00000000 00000000 
[TC_DEBUG]     [1792] 00000000 00000000 00000000 00000000 00000000 00000000 00000000 00000000 00000000 00000000 00000000 00000000 00000000 00000000 00000000 00000000 00000000 00000000 00000000 00000000 00000000 00000000 00000000 00000000 00000000 00000000 00000000 00000000 00000000 00000000 00000000 00000000 
[TC_DEBUG]     [1824] 00000000 00000000 00000000 00000000 00000000 00000000 00000000 00000000 00000000 00000000 00000000 00000000 00000000 00000000 00000000 00000000 00000000 00000000 00000000 00000000 00000000 00000000 00000000 00000000 00000000 00000000 00000000 00000000 00000000 00000000 00000000 00000000 
[TC_DEBUG]     [1856] 00000000 00000000 00000000 00000000 00000000 00000000 00000000 00000000 00000000 00000000 00000000 00000000 00000000 00000000 00000000 00000000 00000000 00000000 00000000 00000000 00000000 00000000 00000000 00000000 00000000 00000000 00000000 00000000 00000000 00000000 00000000 00000000 
[TC_DEBUG]     [1888] 00000000 00000000 00000000 00000000 00000000 00000000 00000000 00000000 00000000 00000000 00000000 00000000 00000000 00000000 00000000 00000000 00000000 00000000 00000000 00000000 00000000 00000000 00000000 00000000 00000000 00000000 00000000 00000000 00000000 00000000 00000000 00000000 
[TC_DEBUG]     [1920] 00000000 00000000 00000000 00000000 00000000 00000000 00000000 00000000 00000000 00000000 00000000 00000000 00000000 00000000 00000000 00000000 00000000 00000000 00000000 00000000 00000000 00000000 00000000 00000000 00000000 00000000 00000000 00000000 00000000 00000000 00000000 00000000 
[TC_DEBUG]     [1952] 00000000 00000000 00000000 00000000 00000000 00000000 00000000 00000000 00000000 00000000 00000000 00000000 00000000 00000000 00000000 00000000 00000000 00000000 00000000 00000000 00000000 00000000 00000000 00000000 00000000 00000000 00000000 00000000 00000000 00000000 00000000 00000000 
[TC_DEBUG]     [1984] 00000000 00000000 00000000 00000000 00000000 00000000 00000000 00000000 00000000 00000000 00000000 00000000 00000000 00000000 00000000 00000000 00000000 00000000 00000000 00000000 00000000 00000000 00000000 00000000 00000000 00000000 00000000 00000000 00000000 00000000 00000000 00000000 
[TC_DEBUG]     [2016] 00000000 00000000 00000000 00000000 00000000 00000000 00000000 00000000 00000000 00000000 00000000 00000000 00000000 00000000 00000000 00000000 00000000 00000000 00000000 00000000 00000000 00000000 00000000 00000000 00000000 00000000 00000000 00000000 00000000 00000000 00000000 00000000 
[TC_DEBUG]     [2048] 00000000 00000000 00000000 00000000 00000000 00000000 00000000 00000000 00000000 00000000 00000000 00000000 00000000 00000000 00000000 00000000 00000000 00000000 00000000 00000000 00000000 00000000 00000000 00000000 00000000 00000000 00000000 00000000 00000000 00000000 00000000 00000000 
[TC_DEBUG]     [2080] 00000000 00000000 00000000 00000000 00000000 00000000 00000000 00000000 00000000 00000000 00000000 00000000 00000000 00000000 00000000 00000000 00000000 00000000 00000000 00000000 00000000 00000000 00000000 00000000 00000000 00000000 00000000 00000000 00000000 00000000 00000000 00000000 
[TC_DEBUG]     [2112] 00000000 00000000 00000000 00000000 00000000 00000000 00000000 00000000 00000000 00000000 00000000 00000000 00000000 00000000 00000000 00000000 00000000 00000000 00000000 00000000 00000000 00000000 00000000 00000000 00000000 00000000 00000000 00000000 00000000 00000000 00000000 00000000 
[TC_DEBUG]     [2144] 00000000 00000000 00000000 00000000 00000000 00000000 00000000 00000000 00000000 00000000 00000000 00000000 00000000 00000000 00000000 00000000 00000000 00000000 00000000 00000000 00000000 00000000 00000000 00000000 00000000 00000000 00000000 00000000 00000000 00000000 00000000 00000000 
[TC_DEBUG]     [2176] 00000000 00000000 00000000 00000000 00000000 00000000 00000000 00000000 00000000 00000000 00000000 00000000 00000000 00000000 00000000 00000000 00000000 00000000 00000000 00000000 00000000 00000000 00000000 00000000 00000000 00000000 00000000 00000000 00000000 00000000 00000000 00000000 
[TC_DEBUG]     [2208] 00000000 00000000 00000000 00000000 00000000 00000000 00000000 00000000 00000000 00000000 00000000 00000000 00000000 00000000 00000000 00000000 00000000 00000000 00000000 00000000 00000000 00000000 00000000 00000000 00000000 00000000 00000000 00000000 00000000 00000000 00000000 00000000 
[TC_DEBUG]     [2240] 00000000 00000000 00000000 00000000 00000000 00000000 00000000 00000000 00000000 00000000 00000000 00000000 00000000 00000000 00000000 00000000 00000000 00000000 00000000 00000000 00000000 00000000 00000000 00000000 00000000 00000000 00000000 00000000 00000000 00000000 00000000 00000000 
[TC_DEBUG]     [2272] 00000000 00000000 00000000 00000000 00000000 00000000 00000000 00000000 00000000 00000000 00000000 00000000 00000000 00000000 00000000 00000000 00000000 00000000 00000000 00000000 00000000 00000000 00000000 00000000 00000000 00000000 00000000 00000000 00000000 00000000 00000000 00000000 
[TC_DEBUG]     [2304] 00000000 00000000 00000000 00000000 00000000 00000000 00000000 00000000 00000000 00000000 00000000 00000000 00000000 00000000 00000000 00000000 00000000 00000000 00000000 00000000 00000000 00000000 00000000 00000000 00000000 00000000 00000000 00000000 00000000 00000000 00000000 00000000 
[TC_DEBUG]     [2336] 00000000 00000000 00000000 00000000 00000000 00000000 00000000 00000000 00000000 00000000 00000000 00000000 00000000 00000000 00000000 00000000 00000000 00000000 00000000 00000000 00000000 00000000 00000000 00000000 00000000 00000000 00000000 00000000 00000000 00000000 00000000 00000000 
[TC_DEBUG]     [2368] 00000000 00000000 00000000 00000000 00000000 00000000 00000000 00000000 00000000 00000000 00000000 00000000 00000000 00000000 00000000 00000000 00000000 00000000 00000000 00000000 00000000 00000000 00000000 00000000 00000000 00000000 00000000 00000000 00000000 00000000 00000000 00000000 
[TC_DEBUG]     [2400] 00000000 00000000 00000000 00000000 00000000 00000000 00000000 00000000 00000000 00000000 00000000 00000000 00000000 00000000 00000000 00000000 00000000 00000000 00000000 00000000 00000000 00000000 00000000 00000000 00000000 00000000 00000000 00000000 00000000 00000000 00000000 00000000 
[TC_DEBUG]     [2432] 00000000 00000000 00000000 00000000 00000000 00000000 00000000 00000000 00000000 00000000 00000000 00000000 00000000 00000000 00000000 00000000 00000000 00000000 00000000 00000000 00000000 00000000 00000000 00000000 00000000 00000000 00000000 00000000 00000000 00000000 00000000 00000000 
[TC_DEBUG]     [2464] 00000000 00000000 00000000 00000000 00000000 00000000 00000000 00000000 00000000 00000000 00000000 00000000 00000000 00000000 00000000 00000000 00000000 00000000 00000000 00000000 00000000 00000000 00000000 00000000 00000000 00000000 00000000 00000000 00000000 00000000 00000000 00000000 
[TC_DEBUG]     [2496] 00000000 00000000 00000000 00000000 00000000 00000000 00000000 00000000 00000000 00000000 00000000 00000000 00000000 00000000 00000000 00000000 00000000 00000000 00000000 00000000 00000000 00000000 00000000 00000000 00000000 00000000 00000000 00000000 00000000 00000000 00000000 00000000 
[TC_DEBUG]     [2528] 00000000 00000000 00000000 00000000 00000000 00000000 00000000 00000000 00000000 00000000 00000000 00000000 00000000 00000000 00000000 00000000 00000000 00000000 00000000 00000000 00000000 00000000 00000000 00000000 00000000 00000000 00000000 00000000 00000000 00000000 00000000 00000000 
[TC_DEBUG]     [2560] 00000000 00000000 00000000 00000000 00000000 00000000 00000000 00000000 00000000 00000000 00000000 00000000 00000000 00000000 00000000 00000000 00000000 00000000 00000000 00000000 00000000 00000000 00000000 00000000 00000000 00000000 00000000 00000000 00000000 00000000 00000000 00000000 
[TC_DEBUG]     [2592] 00000000 00000000 00000000 00000000 00000000 00000000 00000000 00000000 00000000 00000000 00000000 00000000 00000000 00000000 00000000 00000000 00000000 00000000 00000000 00000000 00000000 00000000 00000000 00000000 00000000 00000000 00000000 00000000 00000000 00000000 00000000 00000000 
[TC_DEBUG]     [2624] 00000000 00000000 00000000 00000000 00000000 00000000 00000000 00000000 00000000 00000000 00000000 00000000 00000000 00000000 00000000 00000000 00000000 00000000 00000000 00000000 00000000 00000000 00000000 00000000 00000000 00000000 00000000 00000000 00000000 00000000 00000000 00000000 
[TC_DEBUG]     [2656] 00000000 00000000 00000000 00000000 00000000 00000000 00000000 00000000 00000000 00000000 00000000 00000000 00000000 00000000 00000000 00000000 00000000 00000000 00000000 00000000 00000000 00000000 00000000 00000000 00000000 00000000 00000000 00000000 00000000 00000000 00000000 00000000 
[TC_DEBUG]     [2688] 00000000 00000000 00000000 00000000 00000000 00000000 00000000 00000000 00000000 00000000 00000000 00000000 00000000 00000000 00000000 00000000 00000000 00000000 00000000 00000000 00000000 00000000 00000000 00000000 00000000 00000000 00000000 00000000 00000000 00000000 00000000 00000000 
[TC_DEBUG]     [2720] 00000000 00000000 00000000 00000000 00000000 00000000 00000000 00000000 00000000 00000000 00000000 00000000 00000000 00000000 00000000 00000000 00000000 00000000 00000000 00000000 00000000 00000000 00000000 00000000 00000000 00000000 00000000 00000000 00000000 00000000 00000000 00000000 
[TC_DEBUG]     [2752] 00000000 00000000 00000000 00000000 00000000 00000000 00000000 00000000 00000000 00000000 00000000 00000000 00000000 00000000 00000000 00000000 00000000 00000000 00000000 00000000 00000000 00000000 00000000 00000000 00000000 00000000 00000000 00000000 00000000 00000000 00000000 00000000 
[TC_DEBUG]     [2784] 00000000 00000000 00000000 00000000 00000000 00000000 00000000 00000000 00000000 00000000 00000000 00000000 00000000 00000000 00000000 00000000 00000000 00000000 00000000 00000000 00000000 00000000 00000000 00000000 00000000 00000000 00000000 00000000 00000000 00000000 00000000 00000000 
[TC_DEBUG]     [2816] 00000000 00000000 00000000 00000000 00000000 00000000 00000000 00000000 00000000 00000000 00000000 00000000 00000000 00000000 00000000 00000000 00000000 00000000 00000000 00000000 00000000 00000000 00000000 00000000 00000000 00000000 00000000 00000000 00000000 00000000 00000000 00000000 
[TC_DEBUG]     [2848] 00000000 00000000 00000000 00000000 00000000 00000000 00000000 00000000 00000000 00000000 00000000 00000000 00000000 00000000 00000000 00000000 00000000 00000000 00000000 00000000 00000000 00000000 00000000 00000000 00000000 00000000 00000000 00000000 00000000 00000000 00000000 00000000 
[TC_DEBUG]     [2880] 00000000 00000000 00000000 00000000 00000000 00000000 00000000 00000000 00000000 00000000 00000000 00000000 00000000 00000000 00000000 00000000 00000000 00000000 00000000 00000000 00000000 00000000 00000000 00000000 00000000 00000000 00000000 00000000 00000000 00000000 00000000 00000000 
[TC_DEBUG]     [2912] 00000000 00000000 00000000 00000000 00000000 00000000 00000000 00000000 00000000 00000000 00000000 00000000 00000000 00000000 00000000 00000000 00000000 00000000 00000000 00000000 00000000 00000000 00000000 00000000 00000000 00000000 00000000 00000000 00000000 00000000 00000000 00000000 
[TC_DEBUG]     [2944] 00000000 00000000 00000000 00000000 00000000 00000000 00000000 00000000 00000000 00000000 00000000 00000000 00000000 00000000 00000000 00000000 00000000 00000000 00000000 00000000 00000000 00000000 00000000 00000000 00000000 00000000 00000000 00000000 00000000 00000000 00000000 00000000 
[TC_DEBUG]     [2976] 00000000 00000000 00000000 00000000 00000000 00000000 00000000 00000000 00000000 00000000 00000000 00000000 00000000 00000000 00000000 00000000 00000000 00000000 00000000 00000000 00000000 00000000 00000000 00000000 00000000 00000000 00000000 00000000 00000000 00000000 00000000 00000000 
[TC_DEBUG]     [3008] 00000000 00000000 00000000 00000000 00000000 00000000 00000000 00000000 00000000 00000000 00000000 00000000 00000000 00000000 00000000 00000000 00000000 00000000 00000000 00000000 00000000 00000000 00000000 00000000 00000000 00000000 00000000 00000000 00000000 00000000 00000000 00000000 
[TC_DEBUG]     [3040] 00000000 00000000 00000000 00000000 00000000 00000000 00000000 00000000 00000000 00000000 00000000 00000000 00000000 00000000 00000000 00000000 00000000 00000000 00000000 00000000 00000000 00000000 00000000 00000000 00000000 00000000 00000000 00000000 00000000 00000000 00000000 00000000 
[TC_DEBUG]     [3072] 00000000 00000000 00000000 00000000 00000000 00000000 00000000 00000000 00000000 00000000 00000000 00000000 00000000 00000000 00000000 00000000 00000000 00000000 00000000 00000000 00000000 00000000 00000000 00000000 00000000 00000000 00000000 00000000 00000000 00000000 00000000 00000000 
[TC_DEBUG]     [3104] 00000000 00000000 00000000 00000000 00000000 00000000 00000000 00000000 00000000 00000000 00000000 00000000 00000000 00000000 00000000 00000000 00000000 00000000 00000000 00000000 00000000 00000000 00000000 00000000 00000000 00000000 00000000 00000000 00000000 00000000 00000000 00000000 
[TC_DEBUG]     [3136] 00000000 00000000 00000000 00000000 00000000 00000000 00000000 00000000 00000000 00000000 00000000 00000000 00000000 00000000 00000000 00000000 00000000 00000000 00000000 00000000 00000000 00000000 00000000 00000000 00000000 00000000 00000000 00000000 00000000 00000000 00000000 00000000 
[TC_DEBUG]     [3168] 00000000 00000000 00000000 00000000 00000000 00000000 00000000 00000000 00000000 00000000 00000000 00000000 00000000 00000000 00000000 00000000 00000000 00000000 00000000 00000000 00000000 00000000 00000000 00000000 00000000 00000000 00000000 00000000 00000000 00000000 00000000 00000000 
[TC_DEBUG]     [3200] 00000000 00000000 00000000 00000000 00000000 00000000 00000000 00000000 00000000 00000000 00000000 00000000 00000000 00000000 00000000 00000000 00000000 00000000 00000000 00000000 00000000 00000000 00000000 00000000 00000000 00000000 00000000 00000000 00000000 00000000 00000000 00000000 
[TC_DEBUG]     [3232] 00000000 00000000 00000000 00000000 00000000 00000000 00000000 00000000 00000000 00000000 00000000 00000000 00000000 00000000 00000000 00000000 00000000 00000000 00000000 00000000 00000000 00000000 00000000 00000000 00000000 00000000 00000000 00000000 00000000 00000000 00000000 00000000 
[TC_DEBUG]     [3264] 00000000 00000000 00000000 00000000 00000000 00000000 00000000 00000000 00000000 00000000 00000000 00000000 00000000 00000000 00000000 00000000 00000000 00000000 00000000 00000000 00000000 00000000 00000000 00000000 00000000 00000000 00000000 00000000 00000000 00000000 00000000 00000000 
[TC_DEBUG]     [3296] 00000000 00000000 00000000 00000000 00000000 00000000 00000000 00000000 00000000 00000000 00000000 00000000 00000000 00000000 00000000 00000000 00000000 00000000 00000000 00000000 00000000 00000000 00000000 00000000 00000000 00000000 00000000 00000000 00000000 00000000 00000000 00000000 
[TC_DEBUG]     [3328] 00000000 00000000 00000000 00000000 00000000 00000000 00000000 00000000 00000000 00000000 00000000 00000000 00000000 00000000 00000000 00000000 00000000 00000000 00000000 00000000 00000000 00000000 00000000 00000000 00000000 00000000 00000000 00000000 00000000 00000000 00000000 00000000 
[TC_DEBUG]     [3360] 00000000 00000000 00000000 00000000 00000000 00000000 00000000 00000000 00000000 00000000 00000000 00000000 00000000 00000000 00000000 00000000 00000000 00000000 00000000 00000000 00000000 00000000 00000000 00000000 00000000 00000000 00000000 00000000 00000000 00000000 00000000 00000000 
[TC_DEBUG]     [3392] 00000000 00000000 00000000 00000000 00000000 00000000 00000000 00000000 00000000 00000000 00000000 00000000 00000000 00000000 00000000 00000000 00000000 00000000 00000000 00000000 00000000 00000000 00000000 00000000 00000000 00000000 00000000 00000000 00000000 00000000 00000000 00000000 
[TC_DEBUG]     [3424] 00000000 00000000 00000000 00000000 00000000 00000000 00000000 00000000 00000000 00000000 00000000 00000000 00000000 00000000 00000000 00000000 00000000 00000000 00000000 00000000 00000000 00000000 00000000 00000000 00000000 00000000 00000000 00000000 00000000 00000000 00000000 00000000 
[TC_DEBUG]     [3456] 00000000 00000000 00000000 00000000 00000000 00000000 00000000 00000000 00000000 00000000 00000000 00000000 00000000 00000000 00000000 00000000 00000000 00000000 00000000 00000000 00000000 00000000 00000000 00000000 00000000 00000000 00000000 00000000 00000000 00000000 00000000 00000000 
[TC_DEBUG]     [3488] 00000000 00000000 00000000 00000000 00000000 00000000 00000000 00000000 00000000 00000000 00000000 00000000 00000000 00000000 00000000 00000000 00000000 00000000 00000000 00000000 00000000 00000000 00000000 00000000 00000000 00000000 00000000 00000000 00000000 00000000 00000000 00000000 
[TC_DEBUG]     [3520] 00000000 00000000 00000000 00000000 00000000 00000000 00000000 00000000 00000000 00000000 00000000 00000000 00000000 00000000 00000000 00000000 00000000 00000000 00000000 00000000 00000000 00000000 00000000 00000000 00000000 00000000 00000000 00000000 00000000 00000000 00000000 00000000 
[TC_DEBUG]     [3552] 00000000 00000000 00000000 00000000 00000000 00000000 00000000 00000000 00000000 00000000 00000000 00000000 00000000 00000000 00000000 00000000 00000000 00000000 00000000 00000000 00000000 00000000 00000000 00000000 00000000 00000000 00000000 00000000 00000000 00000000 00000000 00000000 
[TC_DEBUG]     [3584] 00000000 00000000 00000000 00000000 00000000 00000000 00000000 00000000 00000000 00000000 00000000 00000000 00000000 00000000 00000000 00000000 00000000 00000000 00000000 00000000 00000000 00000000 00000000 00000000 00000000 00000000 00000000 00000000 00000000 00000000 00000000 00000000 
[TC_DEBUG]     [3616] 00000000 00000000 00000000 00000000 00000000 00000000 00000000 00000000 00000000 00000000 00000000 00000000 00000000 00000000 00000000 00000000 00000000 00000000 00000000 00000000 00000000 00000000 00000000 00000000 00000000 00000000 00000000 00000000 00000000 00000000 00000000 00000000 
[TC_DEBUG]     [3648] 00000000 00000000 00000000 00000000 00000000 00000000 00000000 00000000 00000000 00000000 00000000 00000000 00000000 00000000 00000000 00000000 00000000 00000000 00000000 00000000 00000000 00000000 00000000 00000000 00000000 00000000 00000000 00000000 00000000 00000000 00000000 00000000 
[TC_DEBUG]     [3680] 00000000 00000000 00000000 00000000 00000000 00000000 00000000 00000000 00000000 00000000 00000000 00000000 00000000 00000000 00000000 00000000 00000000 00000000 00000000 00000000 00000000 00000000 00000000 00000000 00000000 00000000 00000000 00000000 00000000 00000000 00000000 00000000 
[TC_DEBUG]     [3712] 00000000 00000000 00000000 00000000 00000000 00000000 00000000 00000000 00000000 00000000 00000000 00000000 00000000 00000000 00000000 00000000 00000000 00000000 00000000 00000000 00000000 00000000 00000000 00000000 00000000 00000000 00000000 00000000 00000000 00000000 00000000 00000000 
[TC_DEBUG]     [3744] 00000000 00000000 00000000 00000000 00000000 00000000 00000000 00000000 00000000 00000000 00000000 00000000 00000000 00000000 00000000 00000000 00000000 00000000 00000000 00000000 00000000 00000000 00000000 00000000 00000000 00000000 00000000 00000000 00000000 00000000 00000000 00000000 
[TC_DEBUG]     [3776] 00000000 00000000 00000000 00000000 00000000 00000000 00000000 00000000 00000000 00000000 00000000 00000000 00000000 00000000 00000000 00000000 00000000 00000000 00000000 00000000 00000000 00000000 00000000 00000000 00000000 00000000 00000000 00000000 00000000 00000000 00000000 00000000 
[TC_DEBUG]     [3808] 00000000 00000000 00000000 00000000 00000000 00000000 00000000 00000000 00000000 00000000 00000000 00000000 00000000 00000000 00000000 00000000 00000000 00000000 00000000 00000000 00000000 00000000 00000000 00000000 00000000 00000000 00000000 00000000 00000000 00000000 00000000 00000000 
[TC_DEBUG]     [3840] 00000000 00000000 00000000 00000000 00000000 00000000 00000000 00000000 00000000 00000000 00000000 00000000 00000000 00000000 00000000 00000000 00000000 00000000 00000000 00000000 00000000 00000000 00000000 00000000 00000000 00000000 00000000 00000000 00000000 00000000 00000000 00000000 
[TC_DEBUG]     [3872] 00000000 00000000 00000000 00000000 00000000 00000000 00000000 00000000 00000000 00000000 00000000 00000000 00000000 00000000 00000000 00000000 00000000 00000000 00000000 00000000 00000000 00000000 00000000 00000000 00000000 00000000 00000000 00000000 00000000 00000000 00000000 00000000 
[TC_DEBUG]     [3904] 00000000 00000000 00000000 00000000 00000000 00000000 00000000 00000000 00000000 00000000 00000000 00000000 00000000 00000000 00000000 00000000 00000000 00000000 00000000 00000000 00000000 00000000 00000000 00000000 00000000 00000000 00000000 00000000 00000000 00000000 00000000 00000000 
[TC_DEBUG]     [3936] 00000000 00000000 00000000 00000000 00000000 00000000 00000000 00000000 00000000 00000000 00000000 00000000 00000000 00000000 00000000 00000000 00000000 00000000 00000000 00000000 00000000 00000000 00000000 00000000 00000000 00000000 00000000 00000000 00000000 00000000 00000000 00000000 
[TC_DEBUG]     [3968] 00000000 00000000 00000000 00000000 00000000 00000000 00000000 00000000 00000000 00000000 00000000 00000000 00000000 00000000 00000000 00000000 00000000 00000000 00000000 00000000 00000000 00000000 00000000 00000000 00000000 00000000 00000000 00000000 00000000 00000000 00000000 00000000 
[TC_DEBUG]     [4000] 00000000 00000000 00000000 00000000 00000000 00000000 00000000 00000000 00000000 00000000 00000000 00000000 00000000 00000000 00000000 00000000 00000000 00000000 00000000 00000000 00000000 00000000 00000000 00000000 00000000 00000000 00000000 00000000 00000000 00000000 00000000 00000000 
[TC_DEBUG]     [4032] 00000000 00000000 00000000 00000000 00000000 00000000 00000000 00000000 00000000 00000000 00000000 00000000 00000000 00000000 00000000 00000000 00000000 00000000 00000000 00000000 00000000 00000000 00000000 00000000 00000000 00000000 00000000 00000000 00000000 00000000 00000000 00000000 
[TC_DEBUG]     [4064] 00000000 00000000 00000000 00000000 00000000 00000000 00000000 00000000 00000000 00000000 00000000 00000000 00000000 00000000 00000000 00000000 00000000 00000000 00000000 00000000 00000000 00000000 00000000 00000000 00000000 00000000 00000000 00000000 00000000 00000000 00000000 00000000 

--- Loading data into TC registers using t.ld ---
Loading Left Data 4x (0x40000000) into tr0
[TC_DEBUG] t.ld: trd=0, imm10=0, rs1v=0x40000000
[TC_DEBUG]   CSR tmask_ld=0x000000FF, twidth_ld=1024
[TC_DEBUG]   base_addr = rs1v + imm10 * twidth_ld = 0x40000000 + 0 * 1024 = 0x40000000
[TC_DEBUG]   toffset_ld[0..7] = {0, 128, 256, 384, 512, 640, 768, 896}
[TC_DEBUG]   Load[0]: addr=0x40000000 -> tr0[0:127]
[TC_DEBUG]   Load[1]: addr=0x40000080 -> tr0[128:255]
[TC_DEBUG]   Load[2]: addr=0x40000100 -> tr0[256:383]
[TC_DEBUG]   Load[3]: addr=0x40000180 -> tr0[384:511]
[TC_DEBUG]   Load[4]: addr=0x40000200 -> tr0[512:639]
[TC_DEBUG]   Load[5]: addr=0x40000280 -> tr0[640:767]
[TC_DEBUG]   Load[6]: addr=0x40000300 -> tr0[768:895]
[TC_DEBUG]   Load[7]: addr=0x40000380 -> tr0[896:1023]
[TC_DEBUG]   tr0 = 
00 00 00 00 04 04 04 04 08 08 08 08 0C 0C 0C 0C 10 10 10 10 14 14 14 14 18 18 18 18 1C 1C 1C 1C 20 20 20 20 24 24 24 24 28 28 28 28 2C 2C 2C 2C 30 30 30 30 34 34 34 34 38 38 38 38 3C 3C 3C 3C 40 40 40 40 44 44 44 44 48 48 48 48 4C 4C 4C 4C 50 50 50 50 54 54 54 54 58 58 58 58 5C 5C 5C 5C 60 60 60 60 64 64 64 64 68 68 68 68 6C 6C 6C 6C 70 70 70 70 74 74 74 74 78 78 78 78 7C 7C 7C 7C 
01 01 01 01 05 05 05 05 09 09 09 09 0D 0D 0D 0D 11 11 11 11 15 15 15 15 19 19 19 19 1D 1D 1D 1D 21 21 21 21 25 25 25 25 29 29 29 29 2D 2D 2D 2D 31 31 31 31 35 35 35 35 39 39 39 39 3D 3D 3D 3D 41 41 41 41 45 45 45 45 49 49 49 49 4D 4D 4D 4D 51 51 51 51 55 55 55 55 59 59 59 59 5D 5D 5D 5D 61 61 61 61 65 65 65 65 69 69 69 69 6D 6D 6D 6D 71 71 71 71 75 75 75 75 79 79 79 79 7D 7D 7D 7D 
02 02 02 02 06 06 06 06 0A 0A 0A 0A 0E 0E 0E 0E 12 12 12 12 16 16 16 16 1A 1A 1A 1A 1E 1E 1E 1E 22 22 22 22 26 26 26 26 2A 2A 2A 2A 2E 2E 2E 2E 32 32 32 32 36 36 36 36 3A 3A 3A 3A 3E 3E 3E 3E 42 42 42 42 46 46 46 46 4A 4A 4A 4A 4E 4E 4E 4E 52 52 52 52 56 56 56 56 5A 5A 5A 5A 5E 5E 5E 5E 62 62 62 62 66 66 66 66 6A 6A 6A 6A 6E 6E 6E 6E 72 72 72 72 76 76 76 76 7A 7A 7A 7A 7E 7E 7E 7E 
03 03 03 03 07 07 07 07 0B 0B 0B 0B 0F 0F 0F 0F 13 13 13 13 17 17 17 17 1B 1B 1B 1B 1F 1F 1F 1F 23 23 23 23 27 27 27 27 2B 2B 2B 2B 2F 2F 2F 2F 33 33 33 33 37 37 37 37 3B 3B 3B 3B 3F 3F 3F 3F 43 43 43 43 47 47 47 47 4B 4B 4B 4B 4F 4F 4F 4F 53 53 53 53 57 57 57 57 5B 5B 5B 5B 5F 5F 5F 5F 63 63 63 63 67 67 67 67 6B 6B 6B 6B 6F 6F 6F 6F 73 73 73 73 77 77 77 77 7B 7B 7B 7B 7F 7F 7F 7F 
00 00 00 00 04 04 04 04 08 08 08 08 0C 0C 0C 0C 10 10 10 10 14 14 14 14 18 18 18 18 1C 1C 1C 1C 20 20 20 20 24 24 24 24 28 28 28 28 2C 2C 2C 2C 30 30 30 30 34 34 34 34 38 38 38 38 3C 3C 3C 3C 40 40 40 40 44 44 44 44 48 48 48 48 4C 4C 4C 4C 50 50 50 50 54 54 54 54 58 58 58 58 5C 5C 5C 5C 60 60 60 60 64 64 64 64 68 68 68 68 6C 6C 6C 6C 70 70 70 70 74 74 74 74 78 78 78 78 7C 7C 7C 7C 
01 01 01 01 05 05 05 05 09 09 09 09 0D 0D 0D 0D 11 11 11 11 15 15 15 15 19 19 19 19 1D 1D 1D 1D 21 21 21 21 25 25 25 25 29 29 29 29 2D 2D 2D 2D 31 31 31 31 35 35 35 35 39 39 39 39 3D 3D 3D 3D 41 41 41 41 45 45 45 45 49 49 49 49 4D 4D 4D 4D 51 51 51 51 55 55 55 55 59 59 59 59 5D 5D 5D 5D 61 61 61 61 65 65 65 65 69 69 69 69 6D 6D 6D 6D 71 71 71 71 75 75 75 75 79 79 79 79 7D 7D 7D 7D 
02 02 02 02 06 06 06 06 0A 0A 0A 0A 0E 0E 0E 0E 12 12 12 12 16 16 16 16 1A 1A 1A 1A 1E 1E 1E 1E 22 22 22 22 26 26 26 26 2A 2A 2A 2A 2E 2E 2E 2E 32 32 32 32 36 36 36 36 3A 3A 3A 3A 3E 3E 3E 3E 42 42 42 42 46 46 46 46 4A 4A 4A 4A 4E 4E 4E 4E 52 52 52 52 56 56 56 56 5A 5A 5A 5A 5E 5E 5E 5E 62 62 62 62 66 66 66 66 6A 6A 6A 6A 6E 6E 6E 6E 72 72 72 72 76 76 76 76 7A 7A 7A 7A 7E 7E 7E 7E 
03 03 03 03 07 07 07 07 0B 0B 0B 0B 0F 0F 0F 0F 13 13 13 13 17 17 17 17 1B 1B 1B 1B 1F 1F 1F 1F 23 23 23 23 27 27 27 27 2B 2B 2B 2B 2F 2F 2F 2F 33 33 33 33 37 37 37 37 3B 3B 3B 3B 3F 3F 3F 3F 43 43 43 43 47 47 47 47 4B 4B 4B 4B 4F 4F 4F 4F 53 53 53 53 57 57 57 57 5B 5B 5B 5B 5F 5F 5F 5F 63 63 63 63 67 67 67 67 6B 6B 6B 6B 6F 6F 6F 6F 73 73 73 73 77 77 77 77 7B 7B 7B 7B 7F 7F 7F 7F 
[TC_DEBUG]   Total bytes loaded: 1024
Loading Top Data (0x40000C00) into tr1
[TC_DEBUG] t.ld: trd=1, imm10=0, rs1v=0x40000C00
[TC_DEBUG]   CSR tmask_ld=0x000000FF, twidth_ld=1024
[TC_DEBUG]   base_addr = rs1v + imm10 * twidth_ld = 0x40000C00 + 0 * 1024 = 0x40000C00
[TC_DEBUG]   toffset_ld[0..7] = {0, 128, 256, 384, 512, 640, 768, 896}
[TC_DEBUG]   Load[0]: addr=0x40000C00 -> tr1[0:127]
[TC_DEBUG]   Load[1]: addr=0x40000C80 -> tr1[128:255]
[TC_DEBUG]   Load[2]: addr=0x40000D00 -> tr1[256:383]
[TC_DEBUG]   Load[3]: addr=0x40000D80 -> tr1[384:511]
[TC_DEBUG]   Load[4]: addr=0x40000E00 -> tr1[512:639]
[TC_DEBUG]   Load[5]: addr=0x40000E80 -> tr1[640:767]
[TC_DEBUG]   Load[6]: addr=0x40000F00 -> tr1[768:895]
[TC_DEBUG]   Load[7]: addr=0x40000F80 -> tr1[896:1023]
[TC_DEBUG]   tr1 = 
00 01 02 03 04 05 06 07 08 09 0A 0B 0C 0D 0E 0F 10 11 12 13 14 15 16 17 18 19 1A 1B 1C 1D 1E 1F 20 21 22 23 24 25 26 27 28 29 2A 2B 2C 2D 2E 2F 30 31 32 33 34 35 36 37 38 39 3A 3B 3C 3D 3E 3F 40 41 42 43 44 45 46 47 48 49 4A 4B 4C 4D 4E 4F 50 51 52 53 54 55 56 57 58 59 5A 5B 5C 5D 5E 5F 60 61 62 63 64 65 66 67 68 69 6A 6B 6C 6D 6E 6F 70 71 72 73 74 75 76 77 78 79 7A 7B 7C 7D 7E 7F 
00 01 02 03 04 05 06 07 08 09 0A 0B 0C 0D 0E 0F 10 11 12 13 14 15 16 17 18 19 1A 1B 1C 1D 1E 1F 20 21 22 23 24 25 26 27 28 29 2A 2B 2C 2D 2E 2F 30 31 32 33 34 35 36 37 38 39 3A 3B 3C 3D 3E 3F 40 41 42 43 44 45 46 47 48 49 4A 4B 4C 4D 4E 4F 50 51 52 53 54 55 56 57 58 59 5A 5B 5C 5D 5E 5F 60 61 62 63 64 65 66 67 68 69 6A 6B 6C 6D 6E 6F 70 71 72 73 74 75 76 77 78 79 7A 7B 7C 7D 7E 7F 
00 01 02 03 04 05 06 07 08 09 0A 0B 0C 0D 0E 0F 10 11 12 13 14 15 16 17 18 19 1A 1B 1C 1D 1E 1F 20 21 22 23 24 25 26 27 28 29 2A 2B 2C 2D 2E 2F 30 31 32 33 34 35 36 37 38 39 3A 3B 3C 3D 3E 3F 40 41 42 43 44 45 46 47 48 49 4A 4B 4C 4D 4E 4F 50 51 52 53 54 55 56 57 58 59 5A 5B 5C 5D 5E 5F 60 61 62 63 64 65 66 67 68 69 6A 6B 6C 6D 6E 6F 70 71 72 73 74 75 76 77 78 79 7A 7B 7C 7D 7E 7F 
00 01 02 03 04 05 06 07 08 09 0A 0B 0C 0D 0E 0F 10 11 12 13 14 15 16 17 18 19 1A 1B 1C 1D 1E 1F 20 21 22 23 24 25 26 27 28 29 2A 2B 2C 2D 2E 2F 30 31 32 33 34 35 36 37 38 39 3A 3B 3C 3D 3E 3F 40 41 42 43 44 45 46 47 48 49 4A 4B 4C 4D 4E 4F 50 51 52 53 54 55 56 57 58 59 5A 5B 5C 5D 5E 5F 60 61 62 63 64 65 66 67 68 69 6A 6B 6C 6D 6E 6F 70 71 72 73 74 75 76 77 78 79 7A 7B 7C 7D 7E 7F 
00 01 02 03 04 05 06 07 08 09 0A 0B 0C 0D 0E 0F 10 11 12 13 14 15 16 17 18 19 1A 1B 1C 1D 1E 1F 20 21 22 23 24 25 26 27 28 29 2A 2B 2C 2D 2E 2F 30 31 32 33 34 35 36 37 38 39 3A 3B 3C 3D 3E 3F 40 41 42 43 44 45 46 47 48 49 4A 4B 4C 4D 4E 4F 50 51 52 53 54 55 56 57 58 59 5A 5B 5C 5D 5E 5F 60 61 62 63 64 65 66 67 68 69 6A 6B 6C 6D 6E 6F 70 71 72 73 74 75 76 77 78 79 7A 7B 7C 7D 7E 7F 
00 01 02 03 04 05 06 07 08 09 0A 0B 0C 0D 0E 0F 10 11 12 13 14 15 16 17 18 19 1A 1B 1C 1D 1E 1F 20 21 22 23 24 25 26 27 28 29 2A 2B 2C 2D 2E 2F 30 31 32 33 34 35 36 37 38 39 3A 3B 3C 3D 3E 3F 40 41 42 43 44 45 46 47 48 49 4A 4B 4C 4D 4E 4F 50 51 52 53 54 55 56 57 58 59 5A 5B 5C 5D 5E 5F 60 61 62 63 64 65 66 67 68 69 6A 6B 6C 6D 6E 6F 70 71 72 73 74 75 76 77 78 79 7A 7B 7C 7D 7E 7F 
00 01 02 03 04 05 06 07 08 09 0A 0B 0C 0D 0E 0F 10 11 12 13 14 15 16 17 18 19 1A 1B 1C 1D 1E 1F 20 21 22 23 24 25 26 27 28 29 2A 2B 2C 2D 2E 2F 30 31 32 33 34 35 36 37 38 39 3A 3B 3C 3D 3E 3F 40 41 42 43 44 45 46 47 48 49 4A 4B 4C 4D 4E 4F 50 51 52 53 54 55 56 57 58 59 5A 5B 5C 5D 5E 5F 60 61 62 63 64 65 66 67 68 69 6A 6B 6C 6D 6E 6F 70 71 72 73 74 75 76 77 78 79 7A 7B 7C 7D 7E 7F 
00 01 02 03 04 05 06 07 08 09 0A 0B 0C 0D 0E 0F 10 11 12 13 14 15 16 17 18 19 1A 1B 1C 1D 1E 1F 20 21 22 23 24 25 26 27 28 29 2A 2B 2C 2D 2E 2F 30 31 32 33 34 35 36 37 38 39 3A 3B 3C 3D 3E 3F 40 41 42 43 44 45 46 47 48 49 4A 4B 4C 4D 4E 4F 50 51 52 53 54 55 56 57 58 59 5A 5B 5C 5D 5E 5F 60 61 62 63 64 65 66 67 68 69 6A 6B 6C 6D 6E 6F 70 71 72 73 74 75 76 77 78 79 7A 7B 7C 7D 7E 7F 
[TC_DEBUG]   Total bytes loaded: 1024
--- TC registers loaded ---


=== Test 2: tc.st.mma.pack.acc (M2=2, N2=2) ===
tensor_core_mode: 0x00000110
[TC_DEBUG] tc.st.mma.pack.acc: trs1=0, trs2=1, rs1v=0x50000000, rs2v=0x00000000
[TC_DEBUG]   M2=2, M1=32, N2=2, N1=32, K=4
[TC_DEBUG]   startpoint_left=0, startpoint_top=0
[TC_DEBUG]   left_data_len=2, top_data_len=2
[TC_DEBUG]   LeftData (tr0, 256 bytes, little-endian):
[TC_DEBUG]     [0000] 00 00 00 00 04 04 04 04 08 08 08 08 0C 0C 0C 0C 10 10 10 10 14 14 14 14 18 18 18 18 1C 1C 1C 1C 20 20 20 20 24 24 24 24 28 28 28 28 2C 2C 2C 2C 30 30 30 30 34 34 34 34 38 38 38 38 3C 3C 3C 3C 40 40 40 40 44 44 44 44 48 48 48 48 4C 4C 4C 4C 50 50 50 50 54 54 54 54 58 58 58 58 5C 5C 5C 5C 60 60 60 60 64 64 64 64 68 68 68 68 6C 6C 6C 6C 70 70 70 70 74 74 74 74 78 78 78 78 7C 7C 7C 7C 
[TC_DEBUG]     [0128] 01 01 01 01 05 05 05 05 09 09 09 09 0D 0D 0D 0D 11 11 11 11 15 15 15 15 19 19 19 19 1D 1D 1D 1D 21 21 21 21 25 25 25 25 29 29 29 29 2D 2D 2D 2D 31 31 31 31 35 35 35 35 39 39 39 39 3D 3D 3D 3D 41 41 41 41 45 45 45 45 49 49 49 49 4D 4D 4D 4D 51 51 51 51 55 55 55 55 59 59 59 59 5D 5D 5D 5D 61 61 61 61 65 65 65 65 69 69 69 69 6D 6D 6D 6D 71 71 71 71 75 75 75 75 79 79 79 79 7D 7D 7D 7D 
[TC_DEBUG]   TopData (tr1, 256 bytes, little-endian):
[TC_DEBUG]     [0000] 00 01 02 03 04 05 06 07 08 09 0A 0B 0C 0D 0E 0F 10 11 12 13 14 15 16 17 18 19 1A 1B 1C 1D 1E 1F 20 21 22 23 24 25 26 27 28 29 2A 2B 2C 2D 2E 2F 30 31 32 33 34 35 36 37 38 39 3A 3B 3C 3D 3E 3F 40 41 42 43 44 45 46 47 48 49 4A 4B 4C 4D 4E 4F 50 51 52 53 54 55 56 57 58 59 5A 5B 5C 5D 5E 5F 60 61 62 63 64 65 66 67 68 69 6A 6B 6C 6D 6E 6F 70 71 72 73 74 75 76 77 78 79 7A 7B 7C 7D 7E 7F 
[TC_DEBUG]     [0128] 00 01 02 03 04 05 06 07 08 09 0A 0B 0C 0D 0E 0F 10 11 12 13 14 15 16 17 18 19 1A 1B 1C 1D 1E 1F 20 21 22 23 24 25 26 27 28 29 2A 2B 2C 2D 2E 2F 30 31 32 33 34 35 36 37 38 39 3A 3B 3C 3D 3E 3F 40 41 42 43 44 45 46 47 48 49 4A 4B 4C 4D 4E 4F 50 51 52 53 54 55 56 57 58 59 5A 5B 5C 5D 5E 5F 60 61 62 63 64 65 66 67 68 69 6A 6B 6C 6D 6E 6F 70 71 72 73 74 75 76 77 78 79 7A 7B 7C 7D 7E 7F 
[TC_DEBUG]   AccBuffer (base=0x50000000, 4096 elements):
[TC_DEBUG]     [0000] 00000000 00000000 00000000 00000000 00000000 00000000 00000000 00000000 00000000 00000000 00000000 00000000 00000000 00000000 00000000 00000000 00000000 00000000 00000000 00000000 00000000 00000000 00000000 00000000 00000000 00000000 00000000 00000000 00000000 00000000 00000000 00000000 
[TC_DEBUG]     [0032] 00000000 00000000 00000000 00000000 00000000 00000000 00000000 00000000 00000000 00000000 00000000 00000000 00000000 00000000 00000000 00000000 00000000 00000000 00000000 00000000 00000000 00000000 00000000 00000000 00000000 00000000 00000000 00000000 00000000 00000000 00000000 00000000 
[TC_DEBUG]     [0064] 03020100 07060504 0B0A0908 0F0E0D0C 13121110 17161514 1B1A1918 1F1E1D1C 23222120 27262524 2B2A2928 2F2E2D2C 33323130 37363534 3B3A3938 3F3E3D3C 43424140 47464544 4B4A4948 4F4E4D4C 53525150 57565554 5B5A5958 5F5E5D5C 63626160 67666564 6B6A6968 6F6E6D6C 73727170 77767574 7B7A7978 7F7E7D7C 
[TC_DEBUG]     [0096] 03020100 07060504 0B0A0908 0F0E0D0C 13121110 17161514 1B1A1918 1F1E1D1C 23222120 27262524 2B2A2928 2F2E2D2C 33323130 37363534 3B3A3938 3F3E3D3C 43424140 47464544 4B4A4948 4F4E4D4C 53525150 57565554 5B5A5958 5F5E5D5C 63626160 67666564 6B6A6968 6F6E6D6C 73727170 77767574 7B7A7978 7F7E7D7C 
[TC_DEBUG]     [0128] 0C080400 1C181410 2C282420 3C383430 4C484440 5C585450 6C686460 7C787470 8C888480 9C989490 ACA8A4A0 BCB8B4B0 CCC8C4C0 DCD8D4D0 ECE8E4E0 FCF8F4F0 0D090500 1D191510 2D292520 3D393530 4D494540 5D595550 6D696560 7D797570 8D898580 9D999590 ADA9A5A0 BDB9B5B0 CDC9C5C0 DDD9D5D0 EDE9E5E0 FDF9F5F0 
[TC_DEBUG]     [0160] 0C080400 1C181410 2C282420 3C383430 4C484440 5C585450 6C686460 7C787470 8C888480 9C989490 ACA8A4A0 BCB8B4B0 CCC8C4C0 DCD8D4D0 ECE8E4E0 FCF8F4F0 0D090500 1D191510 2D292520 3D393530 4D494540 5D595550 6D696560 7D797570 8D898580 9D999590 ADA9A5A0 BDB9B5B0 CDC9C5C0 DDD9D5D0 EDE9E5E0 FDF9F5F0 
[TC_DEBUG]     [0192] 0F0A0500 231E1914 37322D28 4B46413C 5F5A5550 736E6964 87827D78 9B96918C AFAAA5A0 C3BEB9B4 D7D2CDC8 EBE6E1DC FFFAF5F0 140F0A04 28231E18 3C37322C 504B4640 645F5A54 78736E68 8C87827C A09B9690 B4AFAAA4 C8C3BEB8 DCD7D2CC F0EBE6E0 04FFFAF4 19140F08 2D28231C 413C3730 55504B44 69645F58 7D78736C 
[TC_DEBUG]     [0224] 0F0A0500 231E1914 37322D28 4B46413C 5F5A5550 736E6964 87827D78 9B96918C AFAAA5A0 C3BEB9B4 D7D2CDC8 EBE6E1DC FFFAF5F0 140F0A04 28231E18 3C37322C 504B4640 645F5A54 78736E68 8C87827C A09B9690 B4AFAAA4 C8C3BEB8 DCD7D2CC F0EBE6E0 04FFFAF4 19140F08 2D28231C 413C3730 55504B44 69645F58 7D78736C 
[TC_DEBUG]     [0256] 18100800 38302820 58504840 78706860 98908880 B8B0A8A0 D8D0C8C0 F8F0E8E0 19110900 39312920 59514940 79716960 99918980 B9B1A9A0 D9D1C9C0 F9F1E9E0 1A120A00 3A322A20 5A524A40 7A726A60 9A928A80 BAB2AAA0 DAD2CAC0 FAF2EAE0 1B130B00 3B332B20 5B534B40 7B736B60 9B938B80 BBB3ABA0 DBD3CBC0 FBF3EBE0 
[TC_DEBUG]     [0288] 18100800 38302820 58504840 78706860 98908880 B8B0A8A0 D8D0C8C0 F8F0E8E0 19110900 39312920 59514940 79716960 99918980 B9B1A9A0 D9D1C9C0 F9F1E9E0 1A120A00 3A322A20 5A524A40 7A726A60 9A928A80 BAB2AAA0 DAD2CAC0 FAF2EAE0 1B130B00 3B332B20 5B534B40 7B736B60 9B938B80 BBB3ABA0 DBD3CBC0 FBF3EBE0 
[TC_DEBUG]     [0320] 1B120900 3F362D24 635A5148 877E756C ABA29990 CFC6BDB4 F3EAE1D8 180F05FC 3C332A20 60574E44 847B7268 A89F968C CCC3BAB0 F0E7DED4 150C02F8 3930271C 5D544B40 81786F64 A59C9388 C9C0B7AC EDE4DBD0 1208FFF4 362D2418 5A51483C 7E756C60 A2999084 C6BDB4A8 EAE1D8CC 0F05FCF0 332A2114 574E4538 7B72695C 
[TC_DEBUG]     [0352] 1B120900 3F362D24 635A5148 877E756C ABA29990 CFC6BDB4 F3EAE1D8 180F05FC 3C332A20 60574E44 847B7268 A89F968C CCC3BAB0 F0E7DED4 150C02F8 3930271C 5D544B40 81786F64 A59C9388 C9C0B7AC EDE4DBD0 1208FFF4 362D2418 5A51483C 7E756C60 A2999084 C6BDB4A8 EAE1D8CC 0F05FCF0 332A2114 574E4538 7B72695C 
[TC_DEBUG]     [0384] 24180C00 54483C30 84786C60 B4A89C90 E4D8CCC0 1508FCF0 45392D20 75695D50 A5998D80 D5C9BDB0 05F9EDE0 362A1E10 665A4E40 968A7E70 C6BAAEA0 F6EADED0 271B0F00 574B3F30 877B6F60 B7AB9F90 E7DBCFC0 180BFFF0 483C3020 786C6050 A89C9080 D8CCC0B0 08FCF0E0 392D2110 695D5140 998D8170 C9BDB1A0 F9EDE1D0 
[TC_DEBUG]     [0416] 24180C00 54483C30 84786C60 B4A89C90 E4D8CCC0 1508FCF0 45392D20 75695D50 A5998D80 D5C9BDB0 05F9EDE0 362A1E10 665A4E40 968A7E70 C6BAAEA0 F6EADED0 271B0F00 574B3F30 877B6F60 B7AB9F90 E7DBCFC0 180BFFF0 483C3020 786C6050 A89C9080 D8CCC0B0 08FCF0E0 392D2110 695D5140 998D8170 C9BDB1A0 F9EDE1D0 
[TC_DEBUG]     [0448] 271A0D00 5B4E4134 8F827568 C3B6A99C F7EADDD0 2C1F1204 60534638 94877A6C C8BBAEA0 FCEFE2D4 31241708 65584B3C 998C7F70 CDC0B3A4 01F4E7D8 36291C0C 6A5D5040 9E918474 D2C5B8A8 06F9ECDC 3B2E2110 6F625544 A3968978 D7CABDAC 0BFEF1E0 40332614 74675A48 A89B8E7C DCCFC2B0 1103F6E4 45382B18 796C5F4C 
[TC_DEBUG]     [0480] 271A0D00 5B4E4134 8F827568 C3B6A99C F7EADDD0 2C1F1204 60534638 94877A6C C8BBAEA0 FCEFE2D4 31241708 65584B3C 998C7F70 CDC0B3A4 01F4E7D8 36291C0C 6A5D5040 9E918474 D2C5B8A8 06F9ECDC 3B2E2110 6F625544 A3968978 D7CABDAC 0BFEF1E0 40332614 74675A48 A89B8E7C DCCFC2B0 1103F6E4 45382B18 796C5F4C 
[TC_DEBUG]     [0512] 30201000 70605040 B0A09080 F0E0D0C0 31211100 71615140 B1A19180 F1E1D1C0 32221200 72625240 B2A29280 F2E2D2C0 33231300 73635340 B3A39380 F3E3D3C0 34241400 74645440 B4A49480 F4E4D4C0 35251500 75655540 B5A59580 F5E5D5C0 36261600 76665640 B6A69680 F6E6D6C0 37271700 77675740 B7A79780 F7E7D7C0 
[TC_DEBUG]     [0544] 30201000 70605040 B0A09080 F0E0D0C0 31211100 71615140 B1A19180 F1E1D1C0 32221200 72625240 B2A29280 F2E2D2C0 33231300 73635340 B3A39380 F3E3D3C0 34241400 74645440 B4A49480 F4E4D4C0 35251500 75655540 B5A59580 F5E5D5C0 36261600 76665640 B6A69680 F6E6D6C0 37271700 77675740 B7A79780 F7E7D7C0 
[TC_DEBUG]     [0576] 33221100 77665544 BBAA9988 FFEEDDCC 44332210 88776654 CCBBAA98 10FFEEDC 55443320 99887764 DDCCBBA8 2210FFEC 66554430 AA998874 EEDDCCB8 332210FC 77665540 BBAA9984 FFEEDDC8 4433220C 88776650 CCBBAA94 10FFEED8 5544331C 99887760 DDCCBBA4 2210FFE8 6655442C AA998870 EEDDCCB4 332210F8 7766553C 
[TC_DEBUG]     [0608] 33221100 77665544 BBAA9988 FFEEDDCC 44332210 88776654 CCBBAA98 10FFEEDC 55443320 99887764 DDCCBBA8 2210FFEC 66554430 AA998874 EEDDCCB8 332210FC 77665540 BBAA9984 FFEEDDC8 4433220C 88776650 CCBBAA94 10FFEED8 5544331C 99887760 DDCCBBA4 2210FFE8 6655442C AA998870 EEDDCCB4 332210F8 7766553C 
[TC_DEBUG]     [0640] 3C281400 8C786450 DCC8B4A0 2D1904F0 7D695540 CDB9A590 1E09F5E0 6E5A4630 BEAA9680 0EFAE6D0 5F4B3720 AF9B8770 FFEBD7C0 503C2810 A08C7860 F0DCC8B0 412D1900 917D6950 E1CDB9A0 321E09F0 826E5A40 D2BEAA90 230EFAE0 735F4B30 C3AF9B80 13FFEBD0 64503C20 B4A08C70 04F0DCC0 55412D10 A5917D60 F5E1CDB0 
[TC_DEBUG]     [0672] 3C281400 8C786450 DCC8B4A0 2D1904F0 7D695540 CDB9A590 1E09F5E0 6E5A4630 BEAA9680 0EFAE6D0 5F4B3720 AF9B8770 FFEBD7C0 503C2810 A08C7860 F0DCC8B0 412D1900 917D6950 E1CDB9A0 321E09F0 826E5A40 D2BEAA90 230EFAE0 735F4B30 C3AF9B80 13FFEBD0 64503C20 B4A08C70 04F0DCC0 55412D10 A5917D60 F5E1CDB0 
[TC_DEBUG]     [0704] 3F2A1500 937E6954 E7D2BDA8 3C2711FC 907B6650 E4CFBAA4 39240EF8 8D78634C E1CCB7A0 36210BF4 8A756048 DEC9B49C 331E08F0 87725D44 DBC6B198 301B05EC 846F5A40 D8C3AE94 2D1802E8 816C573C D5C0AB90 2A14FFE4 7E695438 D2BDA88C 2711FCE0 7B665134 CFBAA588 240EF9DC 78634E30 CCB7A284 210BF6D8 75604B2C 
[TC_DEBUG]     [0736] 3F2A1500 937E6954 E7D2BDA8 3C2711FC 907B6650 E4CFBAA4 39240EF8 8D78634C E1CCB7A0 36210BF4 8A756048 DEC9B49C 331E08F0 87725D44 DBC6B198 301B05EC 846F5A40 D8C3AE94 2D1802E8 816C573C D5C0AB90 2A14FFE4 7E695438 D2BDA88C 2711FCE0 7B665134 CFBAA588 240EF9DC 78634E30 CCB7A284 210BF6D8 75604B2C 
[TC_DEBUG]     [0768] 48301800 A8907860 08F0D8C0 69513920 C9B19980 2A11F9E0 8A725A40 EAD2BAA0 4B331B00 AB937B60 0BF3DBC0 6C543C20 CCB49C80 2D14FCE0 8D755D40 EDD5BDA0 4E361E00 AE967E60 0EF6DEC0 6F573F20 CFB79F80 3017FFE0 90786040 F0D8C0A0 51392100 B1998160 11F9E1C0 725A4220 D2BAA280 331B02E0 937B6340 F3DBC3A0 
[TC_DEBUG]     [0800] 48301800 A8907860 08F0D8C0 69513920 C9B19980 2A11F9E0 8A725A40 EAD2BAA0 4B331B00 AB937B60 0BF3DBC0 6C543C20 CCB49C80 2D14FCE0 8D755D40 EDD5BDA0 4E361E00 AE967E60 0EF6DEC0 6F573F20 CFB79F80 3017FFE0 90786040 F0D8C0A0 51392100 B1998160 11F9E1C0 725A4220 D2BAA280 331B02E0 937B6340 F3DBC3A0 
[TC_DEBUG]     [0832] 4B321900 AF967D64 13FAE1C8 785F462C DCC3AA90 41280EF4 A58C7358 09F0D7BC 6E553C20 D2B9A084 371E04E8 9B82694C FFE6CDB0 644B3214 C8AF9678 2D13FADC 91785F40 F5DCC3A4 5A412808 BEA58C6C 2309F0D0 876E5534 EBD2B998 50371DFC B49B8260 18FFE6C4 7D644B28 E1C8AF8C 462D13F0 AA917854 0EF5DCB8 735A411C 
[TC_DEBUG]     [0864] 4B321900 AF967D64 13FAE1C8 785F462C DCC3AA90 41280EF4 A58C7358 09F0D7BC 6E553C20 D2B9A084 371E04E8 9B82694C FFE6CDB0 644B3214 C8AF9678 2D13FADC 91785F40 F5DCC3A4 5A412808 BEA58C6C 2309F0D0 876E5534 EBD2B998 50371DFC B49B8260 18FFE6C4 7D644B28 E1C8AF8C 462D13F0 AA917854 0EF5DCB8 735A411C 
[TC_DEBUG]     [0896] 54381C00 C4A88C70 3518FCE0 A5896D50 15F9DDC0 866A4E30 F6DABEA0 674B2F10 D7BB9F80 482C0FF0 B89C8060 290CF0D0 997D6140 09EDD1B0 7A5E4220 EACEB290 5B3F2300 CBAF9370 3C2003E0 AC907450 1D00E4C0 8D715530 FDE1C5A0 6E523610 DEC2A680 4F3316F0 BFA38760 3013F7D0 A0846840 10F4D8B0 81654920 F1D5B990 
[TC_DEBUG]     [0928] 54381C00 C4A88C70 3518FCE0 A5896D50 15F9DDC0 866A4E30 F6DABEA0 674B2F10 D7BB9F80 482C0FF0 B89C8060 290CF0D0 997D6140 09EDD1B0 7A5E4220 EACEB290 5B3F2300 CBAF9370 3C2003E0 AC907450 1D00E4C0 8D715530 FDE1C5A0 6E523610 DEC2A680 4F3316F0 BFA38760 3013F7D0 A0846840 10F4D8B0 81654920 F1D5B990 
[TC_DEBUG]     [0960] 573A1D00 CBAE9174 402305E8 B4977A5C 290BEED0 9D806344 11F4D7B8 86694C2C FADDC0A0 6F523514 E3C6A988 583B1DFC CCAF9270 412406E4 B5987B58 2A0CEFCC 9E816440 12F5D8B4 876A4D28 FBDEC19C 70533610 E4C7AA84 593C1EF8 CDB0936C 422507E0 B6997C54 2B0DF0C8 9F82653C 13F6D9B0 886B4E24 FCDFC298 7154370C 
[TC_DEBUG]     [0992] 573A1D00 CBAE9174 402305E8 B4977A5C 290BEED0 9D806344 11F4D7B8 86694C2C FADDC0A0 6F523514 E3C6A988 583B1DFC CCAF9270 412406E4 B5987B58 2A0CEFCC 9E816440 12F5D8B4 876A4D28 FBDEC19C 70533610 E4C7AA84 593C1EF8 CDB0936C 422507E0 B6997C54 2B0DF0C8 9F82653C 13F6D9B0 886B4E24 FCDFC298 7154370C 
[TC_DEBUG]     [1024] 60402000 E0C0A080 61412100 E1C1A180 62422200 E2C2A280 63432300 E3C3A380 64442400 E4C4A480 65452500 E5C5A580 66462600 E6C6A680 67472700 E7C7A780 68482800 E8C8A880 69492900 E9C9A980 6A4A2A00 EACAAA80 6B4B2B00 EBCBAB80 6C4C2C00 ECCCAC80 6D4D2D00 EDCDAD80 6E4E2E00 EECEAE80 6F4F2F00 EFCFAF80 
[TC_DEBUG]     [1056] 60402000 E0C0A080 61412100 E1C1A180 62422200 E2C2A280 63432300 E3C3A380 64442400 E4C4A480 65452500 E5C5A580 66462600 E6C6A680 67472700 E7C7A780 68482800 E8C8A880 69492900 E9C9A980 6A4A2A00 EACAAA80 6B4B2B00 EBCBAB80 6C4C2C00 ECCCAC80 6D4D2D00 EDCDAD80 6E4E2E00 EECEAE80 6F4F2F00 EFCFAF80 
[TC_DEBUG]     [1088] 63422100 E7C6A584 6C4B2A08 F0CFAE8C 75543310 F9D8B794 7E5D3C18 02E1C09C 87664520 0BEAC9A4 906F4E28 14F3D2AC 99785730 1DFCDBB4 A2816038 2705E4BC AB8A6940 300EEDC4 B4937248 3917F6CC BD9C7B50 4220FFD4 C6A58458 4B2A08DC CFAE8D60 543311E4 D8B79668 5D3C1AEC E1C09F70 664523F4 EAC9A878 6F4E2CFC 
[TC_DEBUG]     [1120] 63422100 E7C6A584 6C4B2A08 F0CFAE8C 75543310 F9D8B794 7E5D3C18 02E1C09C 87664520 0BEAC9A4 906F4E28 14F3D2AC 99785730 1DFCDBB4 A2816038 2705E4BC AB8A6940 300EEDC4 B4937248 3917F6CC BD9C7B50 4220FFD4 C6A58458 4B2A08DC CFAE8D60 543311E4 D8B79668 5D3C1AEC E1C09F70 664523F4 EAC9A878 6F4E2CFC 
[TC_DEBUG]     [1152] 6C482400 FCD8B490 8D694520 1DF9D5B0 AE8A6640 3F1AF6D0 CFAB8760 603C17F0 F0CCA880 815D3910 11EDC9A0 A27E5A30 330EEAC0 C39F7B50 54300BE0 E4C09C70 75512D00 05E1BD90 96724E20 2702DEB0 B7936F40 4823FFD0 D8B49060 694520F0 F9D5B180 8A664210 1AF6D2A0 AB876330 3C17F3C0 CCA88450 5D3914E0 EDC9A570 
[TC_DEBUG]     [1184] 6C482400 FCD8B490 8D694520 1DF9D5B0 AE8A6640 3F1AF6D0 CFAB8760 603C17F0 F0CCA880 815D3910 11EDC9A0 A27E5A30 330EEAC0 C39F7B50 54300BE0 E4C09C70 75512D00 05E1BD90 96724E20 2702DEB0 B7936F40 4823FFD0 D8B49060 694520F0 F9D5B180 8A664210 1AF6D2A0 AB876330 3C17F3C0 CCA88450 5D3914E0 EDC9A570 
[TC_DEBUG]     [1216] 6F4A2500 03DEB994 98734E28 2D07E2BC C19C7750 56310BE4 EAC5A078 7F5A350C 13EEC9A0 A8835E34 3D17F2C8 D1AC875C 66411BF0 FAD5B084 8F6A4518 23FED9AC B8936E40 4D2802D4 E1BC9768 76512BFC 0AE5C090 9F7A5524 340EE9B8 C8A37E4C 5D3812E0 F1CCA774 86613C08 1AF5D09C AF8A6530 441EF9C4 D8B38E58 6D4822EC 
[TC_DEBUG]     [1248] 6F4A2500 03DEB994 98734E28 2D07E2BC C19C7750 56310BE4 EAC5A078 7F5A350C 13EEC9A0 A8835E34 3D17F2C8 D1AC875C 66411BF0 FAD5B084 8F6A4518 23FED9AC B8936E40 4D2802D4 E1BC9768 76512BFC 0AE5C090 9F7A5524 340EE9B8 C8A37E4C 5D3812E0 F1CCA774 86613C08 1AF5D09C AF8A6530 441EF9C4 D8B38E58 6D4822EC 
[TC_DEBUG]     [1280] 78502800 18F0C8A0 B9916940 5A3209E0 FAD2AA80 9B734B20 3C13EBC0 DCB48C60 7D552D00 1DF5CDA0 BE966E40 5F370EE0 FFD7AF80 A0785020 4118F0C0 E1B99160 825A3200 22FAD2A0 C39B7340 643C13E0 04DCB480 A57D5520 461DF5C0 E6BE9660 875F3700 27FFD7A0 C8A07840 694118E0 09E1B980 AA825A20 4B22FAC0 EBC39B60 
[TC_DEBUG]     [1312] 78502800 18F0C8A0 B9916940 5A3209E0 FAD2AA80 9B734B20 3C13EBC0 DCB48C60 7D552D00 1DF5CDA0 BE966E40 5F370EE0 FFD7AF80 A0785020 4118F0C0 E1B99160 825A3200 22FAD2A0 C39B7340 643C13E0 04DCB480 A57D5520 461DF5C0 E6BE9660 875F3700 27FFD7A0 C8A07840 694118E0 09E1B980 AA825A20 4B22FAC0 EBC39B60 
[TC_DEBUG]     [1344] 7B522900 1FF6CDA4 C49B7248 694016EC 0DE4BB90 B2896034 572E04D8 FBD2A97C A0774E20 451BF2C4 E9C09768 8E653C0C 3309E0B0 D7AE8554 7C5329F8 20F7CE9C C59C7340 6A4117E4 0EE5BC88 B38A612C 582F05D0 FCD3AA74 A1784F18 461CF3BC EAC19860 8F663D04 340AE1A8 D8AF864C 7D542AF0 21F8CF94 C69D7438 6B4218DC 
[TC_DEBUG]     [1376] 7B522900 1FF6CDA4 C49B7248 694016EC 0DE4BB90 B2896034 572E04D8 FBD2A97C A0774E20 451BF2C4 E9C09768 8E653C0C 3309E0B0 D7AE8554 7C5329F8 20F7CE9C C59C7340 6A4117E4 0EE5BC88 B38A612C 582F05D0 FCD3AA74 A1784F18 461CF3BC EAC19860 8F663D04 340AE1A8 D8AF864C 7D542AF0 21F8CF94 C69D7438 6B4218DC 
[TC_DEBUG]     [1408] 84582C00 3508DCB0 E5B98D60 966A3E10 471AEEC0 F7CB9F70 A87C5020 592D00D0 09DDB180 BA8E6230 6B3F12E0 1BEFC390 CCA07440 7D5124F0 2E01D5A0 DEB28650 8F633700 4013E7B0 F0C49860 A1754910 5225F9C0 02D6AA70 B3875B20 64380BD0 14E8BC80 C5996D30 764A1DE0 26FACE90 D7AB7F40 885C2FF0 390CE0A0 E9BD9150 
[TC_DEBUG]     [1440] 84582C00 3508DCB0 E5B98D60 966A3E10 471AEEC0 F7CB9F70 A87C5020 592D00D0 09DDB180 BA8E6230 6B3F12E0 1BEFC390 CCA07440 7D5124F0 2E01D5A0 DEB28650 8F633700 4013E7B0 F0C49860 A1754910 5225F9C0 02D6AA70 B3875B20 64380BD0 14E8BC80 C5996D30 764A1DE0 26FACE90 D7AB7F40 885C2FF0 390CE0A0 E9BD9150 
[TC_DEBUG]     [1472] 875A2D00 3C0EE1B4 F0C39668 A5784B1C 5A2CFFD0 0EE1B484 C3966938 784B1DEC 2CFFD2A0 E1B48754 96693C08 4B1DF0BC FFD2A570 B4875A24 693C0ED8 1DF0C38C D2A57840 875A2CF4 3C0EE1A8 F0C3965C A5784B10 5A2CFFC4 0EE1B478 C396692C 784B1DE0 2CFFD294 E1B48748 96693BFC 4B1DF0B0 FFD2A564 B4875A18 693C0ECC 
[TC_DEBUG]     [1504] 875A2D00 3C0EE1B4 F0C39668 A5784B1C 5A2CFFD0 0EE1B484 C3966938 784B1DEC 2CFFD2A0 E1B48754 96693C08 4B1DF0BC FFD2A570 B4875A24 693C0ED8 1DF0C38C D2A57840 875A2CF4 3C0EE1A8 F0C3965C A5784B10 5A2CFFC4 0EE1B478 C396692C 784B1DE0 2CFFD294 E1B48748 96693BFC 4B1DF0B0 FFD2A564 B4875A18 693C0ECC 
[TC_DEBUG]     [1536] 90603000 5120F0C0 11E1B180 D2A27240 93633300 5423F3C0 14E4B480 D5A57540 96663600 5726F6C0 17E7B780 D8A87840 99693900 5A29F9C0 1AEABA80 DBAB7B40 9C6C3C00 5D2CFCC0 1DEDBD80 DEAE7E40 9F6F3F00 602FFFC0 20F0C080 E1B18140 A2724200 633302C0 23F3C380 E4B48440 A5754500 663605C0 26F6C680 E7B78740 
[TC_DEBUG]     [1568] 90603000 5120F0C0 11E1B180 D2A27240 93633300 5423F3C0 14E4B480 D5A57540 96663600 5726F6C0 17E7B780 D8A87840 99693900 5A29F9C0 1AEABA80 DBAB7B40 9C6C3C00 5D2CFCC0 1DEDBD80 DEAE7E40 9F6F3F00 602FFFC0 20F0C080 E1B18140 A2724200 633302C0 23F3C380 E4B48440 A5754500 663605C0 26F6C680 E7B78740 
[TC_DEBUG]     [1600] 93623100 5826F5C4 1CEBBA88 E1B07F4C A6754410 6B3A08D4 2FFECD98 F4C3925C B9885720 7E4D1BE4 4311E0A8 07D6A56C CC9B6A30 91602EF4 5624F3B8 1AE9B87C DFAE7D40 A4734204 693806C8 2DFCCB8C F2C19050 B7865514 7C4B19D8 410FDE9C 05D4A360 CA996824 8F5E2CE8 5422F1AC 18E7B670 DDAC7B34 A2713FF8 673604BC 
[TC_DEBUG]     [1632] 93623100 5826F5C4 1CEBBA88 E1B07F4C A6754410 6B3A08D4 2FFECD98 F4C3925C B9885720 7E4D1BE4 4311E0A8 07D6A56C CC9B6A30 91602EF4 5624F3B8 1AE9B87C DFAE7D40 A4734204 693806C8 2DFCCB8C F2C19050 B7865514 7C4B19D8 410FDE9C 05D4A360 CA996824 8F5E2CE8 5422F1AC 18E7B670 DDAC7B34 A2713FF8 673604BC 
[TC_DEBUG]     [1664] 9C683400 6D3904D0 3E09D5A0 0EDAA670 DFAB7740 B07C4810 814D18E0 521DE9B0 22EEBA80 F3BF8B50 C4905C20 95612CF0 6631FDC0 3702CE90 07D39F60 D8A47030 A9754100 7A4611D0 4B16E2A0 1BE7B370 ECB88440 BD895510 8E5A25E0 5F2AF6B0 2FFBC780 00CC9850 D19D6920 A26E39F0 733F0AC0 440FDB90 14E0AC60 E5B17D30 
[TC_DEBUG]     [1696] 9C683400 6D3904D0 3E09D5A0 0EDAA670 DFAB7740 B07C4810 814D18E0 521DE9B0 22EEBA80 F3BF8B50 C4905C20 95612CF0 6631FDC0 3702CE90 07D39F60 D8A47030 A9754100 7A4611D0 4B16E2A0 1BE7B370 ECB88440 BD895510 8E5A25E0 5F2AF6B0 2FFBC780 00CC9850 D19D6920 A26E39F0 733F0AC0 440FDB90 14E0AC60 E5B17D30 
[TC_DEBUG]     [1728] 9F6A3500 743F09D4 4913DEA8 1DE8B37C F2BD8850 C7925D24 9C6731F8 713C06CC 4610DBA0 1AE5B074 EFBA8548 C48F5A1C 99642EF0 6E3903C4 430DD898 17E2AD6C ECB78240 C18C5714 96612BE8 6B3600BC 400AD590 14DFAA64 E9B47F38 BE89540C 935E28E0 6832FDB4 3D07D288 11DCA75C E6B17C30 BB865104 905B25D8 652FFAAC 
[TC_DEBUG]     [1760] 9F6A3500 743F09D4 4913DEA8 1DE8B37C F2BD8850 C7925D24 9C6731F8 713C06CC 4610DBA0 1AE5B074 EFBA8548 C48F5A1C 99642EF0 6E3903C4 430DD898 17E2AD6C ECB78240 C18C5714 96612BE8 6B3600BC 400AD590 14DFAA64 E9B47F38 BE89540C 935E28E0 6832FDB4 3D07D288 11DCA75C E6B17C30 BB865104 905B25D8 652FFAAC 
[TC_DEBUG]     [1792] A8703800 895118E0 6A31F9C0 4B12DAA0 2BF3BB80 0CD49C60 EDB57D40 CE965E20 AF773F00 90581FE0 713900C0 5219E1A0 32FAC280 13DBA360 F4BC8440 D59D6520 B67E4600 975F26E0 784007C0 5920E8A0 3A01C980 1AE2AA60 FBC38B40 DCA46C20 BD854D00 9E662DE0 7F470EC0 6027EFA0 4108D080 21E9B160 02CA9240 E3AB7320 
[TC_DEBUG]     [1824] A8703800 895118E0 6A31F9C0 4B12DAA0 2BF3BB80 0CD49C60 EDB57D40 CE965E20 AF773F00 90581FE0 713900C0 5219E1A0 32FAC280 13DBA360 F4BC8440 D59D6520 B67E4600 975F26E0 784007C0 5920E8A0 3A01C980 1AE2AA60 FBC38B40 DCA46C20 BD854D00 9E662DE0 7F470EC0 6027EFA0 4108D080 21E9B160 02CA9240 E3AB7320 
[TC_DEBUG]     [1856] AB723900 90571DE4 753C02C8 5A20E7AC 3F05CC90 23EAB174 08CF9658 EDB47B3C D2996020 B77E4504 9C6329E8 81480ECC 662CF3B0 4B11D894 2FF6BD78 14DBA25C F9C08740 DEA56C24 C38A5108 A86F35EC 8D541AD0 7238FFB4 571DE498 3C02C97C 20E7AE60 05CC9344 EAB17828 CF965D0C B47B41F0 996026D4 7E450BB8 6329F09C 
[TC_DEBUG]     [1888] AB723900 90571DE4 753C02C8 5A20E7AC 3F05CC90 23EAB174 08CF9658 EDB47B3C D2996020 B77E4504 9C6329E8 81480ECC 662CF3B0 4B11D894 2FF6BD78 14DBA25C F9C08740 DEA56C24 C38A5108 A86F35EC 8D541AD0 7238FFB4 571DE498 3C02C97C 20E7AE60 05CC9344 EAB17828 CF965D0C B47B41F0 996026D4 7E450BB8 6329F09C 
[TC_DEBUG]     [1920] B4783C00 A5692CF0 965A1DE0 874B0ED0 783BFFC0 692CF0B0 5A1DE1A0 4B0ED290 3BFFC380 2CF0B470 1DE1A560 0ED29650 FFC38740 F0B47830 E1A56920 D2965A10 C3874B00 B4783BF0 A5692CE0 965A1DD0 874B0EC0 783BFFB0 692CF0A0 5A1DE190 4B0ED280 3BFFC370 2CF0B460 1DE1A550 0ED29640 FFC38730 F0B47820 E1A56910 
[TC_DEBUG]     [1952] B4783C00 A5692CF0 965A1DE0 874B0ED0 783BFFC0 692CF0B0 5A1DE1A0 4B0ED290 3BFFC380 2CF0B470 1DE1A560 0ED29650 FFC38740 F0B47830 E1A56920 D2965A10 C3874B00 B4783BF0 A5692CE0 965A1DD0 874B0EC0 783BFFB0 692CF0A0 5A1DE190 4B0ED280 3BFFC370 2CF0B460 1DE1A550 0ED29640 FFC38730 F0B47820 E1A56910 
[TC_DEBUG]     [1984] B77A3D00 AC6F31F4 A16426E8 96591BDC 8B4E10D0 804305C4 7537FAB8 6A2CEFAC 5F21E4A0 5416D994 490BCE88 3E00C37C 32F5B870 27EAAD64 1CDFA258 11D4974C 06C98C40 FBBE8134 F0B37628 E5A86B1C DA9D6010 CF925504 C48749F8 B97C3EEC AE7133E0 A36628D4 985B1DC8 8D5012BC 824507B0 7739FCA4 6C2EF198 6123E68C 
[TC_DEBUG]     [2016] B77A3D00 AC6F31F4 A16426E8 96591BDC 8B4E10D0 804305C4 7537FAB8 6A2CEFAC 5F21E4A0 5416D994 490BCE88 3E00C37C 32F5B870 27EAAD64 1CDFA258 11D4974C 06C98C40 FBBE8134 F0B37628 E5A86B1C DA9D6010 CF925504 C48749F8 B97C3EEC AE7133E0 A36628D4 985B1DC8 8D5012BC 824507B0 7739FCA4 6C2EF198 6123E68C 
[TC_DEBUG]     [2048] C0804000 C1814100 C2824200 C3834300 C4844400 C5854500 C6864600 C7874700 C8884800 C9894900 CA8A4A00 CB8B4B00 CC8C4C00 CD8D4D00 CE8E4E00 CF8F4F00 D0905000 D1915100 D2925200 D3935300 D4945400 D5955500 D6965600 D7975700 D8985800 D9995900 DA9A5A00 DB9B5B00 DC9C5C00 DD9D5D00 DE9E5E00 DF9F5F00 
[TC_DEBUG]     [2080] C0804000 C1814100 C2824200 C3834300 C4844400 C5854500 C6864600 C7874700 C8884800 C9894900 CA8A4A00 CB8B4B00 CC8C4C00 CD8D4D00 CE8E4E00 CF8F4F00 D0905000 D1915100 D2925200 D3935300 D4945400 D5955500 D6965600 D7975700 D8985800 D9995900 DA9A5A00 DB9B5B00 DC9C5C00 DD9D5D00 DE9E5E00 DF9F5F00 
[TC_DEBUG]     [2112] C3824100 C8874604 CD8C4B08 D291500C D7965510 DC9B5A14 E1A05F18 E6A5641C EBAA6920 F0AF6E24 F5B47328 FAB9782C FFBE7D30 04C38234 09C88738 0ECD8C3C 13D29140 18D79644 1DDC9B48 22E1A04C 27E6A550 2CEBAA54 31F0AF58 36F5B45C 3BFAB960 40FFBE64 4604C368 4B09C86C 500ECD70 5513D274 5A18D778 5F1DDC7C 
[TC_DEBUG]     [2144] C3824100 C8874604 CD8C4B08 D291500C D7965510 DC9B5A14 E1A05F18 E6A5641C EBAA6920 F0AF6E24 F5B47328 FAB9782C FFBE7D30 04C38234 09C88738 0ECD8C3C 13D29140 18D79644 1DDC9B48 22E1A04C 27E6A550 2CEBAA54 31F0AF58 36F5B45C 3BFAB960 40FFBE64 4604C368 4B09C86C 500ECD70 5513D274 5A18D778 5F1DDC7C 
[TC_DEBUG]     [2176] CC884400 DD995510 EEAA6620 FFBB7730 10CC8840 21DD9950 32EEAA60 43FFBB70 5510CC80 6621DD90 7732EEA0 8843FFB0 995510C0 AA6621D0 BB7732E0 CC8843F0 DD995500 EEAA6610 FFBB7720 10CC8830 21DD9940 32EEAA50 43FFBB60 5510CC70 6621DD80 7732EE90 8843FFA0 995510B0 AA6621C0 BB7732D0 CC8843E0 DD9954F0 
[TC_DEBUG]     [2208] CC884400 DD995510 EEAA6620 FFBB7730 10CC8840 21DD9950 32EEAA60 43FFBB70 5510CC80 6621DD90 7732EEA0 8843FFB0 995510C0 AA6621D0 BB7732E0 CC8843F0 DD995500 EEAA6610 FFBB7720 10CC8830 21DD9940 32EEAA50 43FFBB60 5510CC70 6621DD80 7732EE90 8843FFA0 995510B0 AA6621C0 BB7732D0 CC8843E0 DD9954F0 
[TC_DEBUG]     [2240] CF8A4500 E49F5A14 F9B46F28 0EC9843C 23DE9950 38F3AE64 4E08C378 631DD88C 7832EDA0 8D4802B4 A25D17C8 B7722CDC CC8741F0 E19C5704 F6B16C18 0BC6812C 20DB9640 35F0AB54 4B05C068 601AD57C 752FEA90 8A44FFA4 9F5A14B8 B46F29CC C9843EE0 DE9953F4 F3AE6908 08C37E1C 1DD89330 32EDA844 4802BD58 5D17D26C 
[TC_DEBUG]     [2272] CF8A4500 E49F5A14 F9B46F28 0EC9843C 23DE9950 38F3AE64 4E08C378 631DD88C 7832EDA0 8D4802B4 A25D17C8 B7722CDC CC8741F0 E19C5704 F6B16C18 0BC6812C 20DB9640 35F0AB54 4B05C068 601AD57C 752FEA90 8A44FFA4 9F5A14B8 B46F29CC C9843EE0 DE9953F4 F3AE6908 08C37E1C 1DD89330 32EDA844 4802BD58 5D17D26C 
[TC_DEBUG]     [2304] D8904800 F9B16920 1AD28A40 3BF3AB60 5D14CC80 7E35EDA0 9F570EC0 C0782FE0 E1995100 02BA7220 23DB9340 44FCB460 661DD580 873EF6A0 A86017C0 C98138E0 EAA25A00 0BC37B20 2CE49C40 4E05BD60 6F26DE80 9047FFA0 B16920C0 D28A41E0 F3AB6300 14CC8420 35EDA540 570EC660 782FE780 995108A0 BA7229C0 DB934AE0 
[TC_DEBUG]     [2336] D8904800 F9B16920 1AD28A40 3BF3AB60 5D14CC80 7E35EDA0 9F570EC0 C0782FE0 E1995100 02BA7220 23DB9340 44FCB460 661DD580 873EF6A0 A86017C0 C98138E0 EAA25A00 0BC37B20 2CE49C40 4E05BD60 6F26DE80 9047FFA0 B16920C0 D28A41E0 F3AB6300 14CC8420 35EDA540 570EC660 782FE780 995108A0 BA7229C0 DB934AE0 
[TC_DEBUG]     [2368] DB924900 00B76E24 25DC9348 4B01B86C 7026DD90 954C02B4 BA7127D8 DF964CFC 04BB7220 29E09744 4F05BC68 742AE18C 995006B0 BE752BD4 E39A50F8 08BF761C 2DE49B40 5309C064 782EE588 9D540AAC C2792FD0 E79E54F4 0CC37A18 31E89F3C 570DC460 7C32E984 A1580EA8 C67D33CC EBA258F0 10C77E14 35ECA338 5B11C85C 
[TC_DEBUG]     [2400] DB924900 00B76E24 25DC9348 4B01B86C 7026DD90 954C02B4 BA7127D8 DF964CFC 04BB7220 29E09744 4F05BC68 742AE18C 995006B0 BE752BD4 E39A50F8 08BF761C 2DE49B40 5309C064 782EE588 9D540AAC C2792FD0 E79E54F4 0CC37A18 31E89F3C 570DC460 7C32E984 A1580EA8 C67D33CC EBA258F0 10C77E14 35ECA338 5B11C85C 
[TC_DEBUG]     [2432] E4984C00 15C97D30 46FAAE60 782BDF90 A95D10C0 DA8E41F0 0BBF7320 3CF0A450 6E21D580 9F5306B0 D08437E0 01B56910 32E69A40 6417CB70 9548FCA0 C67A2DD0 F7AB5F00 28DC9030 5A0DC160 8B3EF290 BC7023C0 EDA154F0 1ED28620 5003B750 8134E880 B26619B0 E3974AE0 14C87C10 45F9AD40 772ADE70 A85C0FA0 D98D40D0 
[TC_DEBUG]     [2464] E4984C00 15C97D30 46FAAE60 782BDF90 A95D10C0 DA8E41F0 0BBF7320 3CF0A450 6E21D580 9F5306B0 D08437E0 01B56910 32E69A40 6417CB70 9548FCA0 C67A2DD0 F7AB5F00 28DC9030 5A0DC160 8B3EF290 BC7023C0 EDA154F0 1ED28620 5003B750 8134E880 B26619B0 E3974AE0 14C87C10 45F9AD40 772ADE70 A85C0FA0 D98D40D0 
[TC_DEBUG]     [2496] E79A4D00 1CCF8234 5204B768 8739EC9C BC6F21D0 F1A45704 26D98C38 5C0EC16C 9143F6A0 C6792BD4 FBAE6108 30E3963C 6618CB70 9B4E00A4 D08335D8 05B86B0C 3AEDA040 7022D574 A5580AA8 DA8D3FDC 0FC27510 44F7AA44 7A2CDF78 AF6214AC E49749E0 19CC7F14 4F01B448 8436E97C B96C1EB0 EEA153E4 23D68918 590BBE4C 
[TC_DEBUG]     [2528] E79A4D00 1CCF8234 5204B768 8739EC9C BC6F21D0 F1A45704 26D98C38 5C0EC16C 9143F6A0 C6792BD4 FBAE6108 30E3963C 6618CB70 9B4E00A4 D08335D8 05B86B0C 3AEDA040 7022D574 A5580AA8 DA8D3FDC 0FC27510 44F7AA44 7A2CDF78 AF6214AC E49749E0 19CC7F14 4F01B448 8436E97C B96C1EB0 EEA153E4 23D68918 590BBE4C 
[TC_DEBUG]     [2560] F0A05000 31E19140 7322D280 B46413C0 F5A55500 36E69640 7827D780 B96918C0 FAAA5A00 3BEB9B40 7D2CDC80 BE6E1DC0 FFAF5F00 40F0A040 8231E180 C37322C0 04B46400 45F5A540 8736E680 C87827C0 09B96900 4AFAAA40 8C3BEB80 CD7D2CC0 0EBE6E00 4FFFAF40 9140F080 D28231C0 13C37300 5504B440 9645F580 D78736C0 
[TC_DEBUG]     [2592] F0A05000 31E19140 7322D280 B46413C0 F5A55500 36E69640 7827D780 B96918C0 FAAA5A00 3BEB9B40 7D2CDC80 BE6E1DC0 FFAF5F00 40F0A040 8231E180 C37322C0 04B46400 45F5A540 8736E680 C87827C0 09B96900 4AFAAA40 8C3BEB80 CD7D2CC0 0EBE6E00 4FFFAF40 9140F080 D28231C0 13C37300 5504B440 9645F580 D78736C0 
[TC_DEBUG]     [2624] F3A25100 38E79644 7E2CDB88 C37220CC 08B76610 4DFCAB54 9341F098 D88735DC 1DCC7B20 6311C064 A85705A8 ED9C4AEC 32E19030 7826D574 BD6C1AB8 02B15FFC 47F6A540 8D3BEA84 D2812FC8 17C6750C 5D0BBA50 A250FF94 E79644D8 2CDB8A1C 7220CF60 B76614A4 FCAB59E8 41F09F2C 8735E470 CC7B29B4 11C06EF8 5705B43C 
[TC_DEBUG]     [2656] F3A25100 38E79644 7E2CDB88 C37220CC 08B76610 4DFCAB54 9341F098 D88735DC 1DCC7B20 6311C064 A85705A8 ED9C4AEC 32E19030 7826D574 BD6C1AB8 02B15FFC 47F6A540 8D3BEA84 D2812FC8 17C6750C 5D0BBA50 A250FF94 E79644D8 2CDB8A1C 7220CF60 B76614A4 FCAB59E8 41F09F2C 8735E470 CC7B29B4 11C06EF8 5705B43C 
[TC_DEBUG]     [2688] FCA85400 4DF9A550 9F4AF6A0 F09C47F0 41ED9940 933EEA90 E4903BE0 35E18D30 8732DE80 D8842FD0 29D58120 7B26D270 CC7823C0 1DC97510 6F1AC660 C06C17B0 11BD6900 630EBA50 B4600BA0 05B15CF0 5702AE40 A853FF90 F9A550E0 4AF6A230 9C47F380 ED9944D0 3EEA9620 903BE770 E18D38C0 32DE8A10 842FDB60 D5812CB0 
[TC_DEBUG]     [2720] FCA85400 4DF9A550 9F4AF6A0 F09C47F0 41ED9940 933EEA90 E4903BE0 35E18D30 8732DE80 D8842FD0 29D58120 7B26D270 CC7823C0 1DC97510 6F1AC660 C06C17B0 11BD6900 630EBA50 B4600BA0 05B15CF0 5702AE40 A853FF90 F9A550E0 4AF6A230 9C47F380 ED9944D0 3EEA9620 903BE770 E18D38C0 32DE8A10 842FDB60 D5812CB0 
[TC_DEBUG]     [2752] FFAA5500 54FFAA54 AA54FFA8 FFAA54FC 54FFAA50 AA54FFA4 FFAA54F8 54FFAA4C AA54FFA0 FFAA54F4 54FFAA48 AA54FF9C FFAA54F0 54FFAA44 AA54FF98 FFAA54EC 54FFAA40 AA54FF94 FFAA54E8 54FFAA3C AA54FF90 FFAA54E4 54FFAA38 AA54FF8C FFAA54E0 54FFAA34 AA54FF88 FFAA54DC 54FFAA30 AA54FF84 FFAA54D8 54FFAA2C 
[TC_DEBUG]     [2784] FFAA5500 54FFAA54 AA54FFA8 FFAA54FC 54FFAA50 AA54FFA4 FFAA54F8 54FFAA4C AA54FFA0 FFAA54F4 54FFAA48 AA54FF9C FFAA54F0 54FFAA44 AA54FF98 FFAA54EC 54FFAA40 AA54FF94 FFAA54E8 54FFAA3C AA54FF90 FFAA54E4 54FFAA38 AA54FF8C FFAA54E0 54FFAA34 AA54FF88 FFAA54DC 54FFAA30 AA54FF84 FFAA54D8 54FFAA2C 
[TC_DEBUG]     [2816] 08B05800 6A11B960 CB731AC0 2CD47C20 8E35DD80 EF973EE0 50F8A040 B25A01A0 13BB6300 751CC460 D67E25C0 37DF8720 9940E880 FAA249E0 5C03AB40 BD650CA0 1EC66E00 8027CF60 E18930C0 42EA9220 A44BF380 05AD54E0 670EB640 C87017A0 29D17900 8B32DA60 EC943BC0 4DF59D20 AF56FE80 10B85FE0 7219C140 D37B22A0 
[TC_DEBUG]     [2848] 08B05800 6A11B960 CB731AC0 2CD47C20 8E35DD80 EF973EE0 50F8A040 B25A01A0 13BB6300 751CC460 D67E25C0 37DF8720 9940E880 FAA249E0 5C03AB40 BD650CA0 1EC66E00 8027CF60 E18930C0 42EA9220 A44BF380 05AD54E0 670EB640 C87017A0 29D17900 8B32DA60 EC943BC0 4DF59D20 AF56FE80 10B85FE0 7219C140 D37B22A0 
[TC_DEBUG]     [2880] 0BB25900 7117BE64 D67D23C8 3BE2892C A147EE90 06AD53F4 6C12B958 D1781EBC 36DD8420 9C42E984 01A84EE8 670DB44C CC7319B0 31D87F14 973DE478 FCA349DC 6208AF40 C76E14A4 2CD37A08 9238DF6C F79E44D0 5D03AA34 C2690F98 27CE74FC 8D33DA60 F2993FC4 57FEA528 BD640A8C 22C96FF0 882ED554 ED943AB8 52F9A01C 
[TC_DEBUG]     [2912] 0BB25900 7117BE64 D67D23C8 3BE2892C A147EE90 06AD53F4 6C12B958 D1781EBC 36DD8420 9C42E984 01A84EE8 670DB44C CC7319B0 31D87F14 973DE478 FCA349DC 6208AF40 C76E14A4 2CD37A08 9238DF6C F79E44D0 5D03AA34 C2690F98 27CE74FC 8D33DA60 F2993FC4 57FEA528 BD640A8C 22C96FF0 882ED554 ED943AB8 52F9A01C 
[TC_DEBUG]     [2944] 14B85C00 8629CD70 F79B3EE0 690CB050 DA7E21C0 4BEF9330 BD6104A0 2ED27610 A043E780 11B558F0 8326CA60 F4983BD0 6609AD40 D77B1EB0 48EC9020 BA5E0190 2BCF7300 9D40E470 0EB255E0 8023C750 F19538C0 6306AA30 D4781BA0 45E98D10 B75AFE80 28CC6FF0 9A3DE160 0BAF52D0 7D20C440 EE9235B0 6003A720 D1751890 
[TC_DEBUG]     [2976] 14B85C00 8629CD70 F79B3EE0 690CB050 DA7E21C0 4BEF9330 BD6104A0 2ED27610 A043E780 11B558F0 8326CA60 F4983BD0 6609AD40 D77B1EB0 48EC9020 BA5E0190 2BCF7300 9D40E470 0EB255E0 8023C750 F19538C0 6306AA30 D4781BA0 45E98D10 B75AFE80 28CC6FF0 9A3DE160 0BAF52D0 7D20C440 EE9235B0 6003A720 D1751890 
[TC_DEBUG]     [3008] 17BA5D00 8D2FD274 02A547E8 781ABD5C ED9032D0 6305A844 D87B1DB8 4DF0932C C36608A0 38DB7E14 AE50F388 23C668FC 993BDE70 0EB153E4 8426C958 F99C3ECC 6F11B440 E48729B4 59FC9F28 CF72149C 44E78A10 BA5CFF84 2FD274F8 A547EA6C 1ABD5FE0 9032D554 05A84AC8 7B1DC03C F09335B0 6608AB24 DB7E2098 50F3960C 
[TC_DEBUG]     [3040] 17BA5D00 8D2FD274 02A547E8 781ABD5C ED9032D0 6305A844 D87B1DB8 4DF0932C C36608A0 38DB7E14 AE50F388 23C668FC 993BDE70 0EB153E4 8426C958 F99C3ECC 6F11B440 E48729B4 59FC9F28 CF72149C 44E78A10 BA5CFF84 2FD274F8 A547EA6C 1ABD5FE0 9032D554 05A84AC8 7B1DC03C F09335B0 6608AB24 DB7E2098 50F3960C 
[TC_DEBUG]     [3072] 20C06000 A241E180 23C36300 A544E480 26C66600 A847E780 29C96900 AB4AEA80 2CCC6C00 AE4DED80 2FCF6F00 B150F080 32D27200 B453F380 35D57500 B756F680 38D87800 BA59F980 3BDB7B00 BD5CFC80 3EDE7E00 C05FFF80 41E18100 C3630280 44E48400 C6660580 47E78700 C9690880 4AEA8A00 CC6C0B80 4DED8D00 CF6F0E80 
[TC_DEBUG]     [3104] 20C06000 A241E180 23C36300 A544E480 26C66600 A847E780 29C96900 AB4AEA80 2CCC6C00 AE4DED80 2FCF6F00 B150F080 32D27200 B453F380 35D57500 B756F680 38D87800 BA59F980 3BDB7B00 BD5CFC80 3EDE7E00 C05FFF80 41E18100 C3630280 44E48400 C6660580 47E78700 C9690880 4AEA8A00 CC6C0B80 4DED8D00 CF6F0E80 
[TC_DEBUG]     [3136] 23C26100 A947E684 2ECD6C08 B452F18C 39D87710 BF5DFC94 44E38218 CA69079C 4FEE8D20 D57412A4 5AF99828 E07F1DAC 6604A330 EB8A28B4 710FAE38 F69533BC 7C1AB940 01A03EC4 8725C448 0CAB49CC 9230CF50 17B654D4 9D3BDA58 22C15FDC A846E560 2DCC6AE4 B351F068 38D775EC BE5CFB70 43E280F4 C9680678 4EED8BFC 
[TC_DEBUG]     [3168] 23C26100 A947E684 2ECD6C08 B452F18C 39D87710 BF5DFC94 44E38218 CA69079C 4FEE8D20 D57412A4 5AF99828 E07F1DAC 6604A330 EB8A28B4 710FAE38 F69533BC 7C1AB940 01A03EC4 8725C448 0CAB49CC 9230CF50 17B654D4 9D3BDA58 22C15FDC A846E560 2DCC6AE4 B351F068 38D775EC BE5CFB70 43E280F4 C9680678 4EED8BFC 
[TC_DEBUG]     [3200] 2CC86400 BE59F590 4FEB8720 E17D18B0 730EAA40 04A03BD0 9631CD60 27C35EF0 B954F080 4AE68210 DC7813A0 6E09A530 FF9B36C0 912CC850 22BE59E0 B44FEB70 45E17D00 D7730E90 6904A020 FA9631B0 8C27C340 1DB954D0 AF4AE660 40DC77F0 D26E0980 63FF9B10 F5912CA0 8722BE30 18B44FC0 AA45E150 3BD772E0 CD690470 
[TC_DEBUG]     [3232] 2CC86400 BE59F590 4FEB8720 E17D18B0 730EAA40 04A03BD0 9631CD60 27C35EF0 B954F080 4AE68210 DC7813A0 6E09A530 FF9B36C0 912CC850 22BE59E0 B44FEB70 45E17D00 D7730E90 6904A020 FA9631B0 8C27C340 1DB954D0 AF4AE660 40DC77F0 D26E0980 63FF9B10 F5912CA0 8722BE30 18B44FC0 AA45E150 3BD772E0 CD690470 
[TC_DEBUG]     [3264] 2FCA6500 C55FFA94 5AF59028 F08B25BC 8620BB50 1BB650E4 B14BE678 46E17C0C DC7711A0 720CA734 07A23CC8 9D37D25C 32CD67F0 C862FD84 5DF89318 F38E28AC 8923BE40 1EB953D4 B44EE968 49E47EFC DF7A1490 750FAA24 0AA53FB8 A03AD54C 35D06AE0 CB660074 60FB9608 F6912B9C 8C26C130 21BC56C4 B751EC58 4CE781EC 
[TC_DEBUG]     [3296] 2FCA6500 C55FFA94 5AF59028 F08B25BC 8620BB50 1BB650E4 B14BE678 46E17C0C DC7711A0 720CA734 07A23CC8 9D37D25C 32CD67F0 C862FD84 5DF89318 F38E28AC 8923BE40 1EB953D4 B44EE968 49E47EFC DF7A1490 750FAA24 0AA53FB8 A03AD54C 35D06AE0 CB660074 60FB9608 F6912B9C 8C26C130 21BC56C4 B751EC58 4CE781EC 
[TC_DEBUG]     [3328] 38D06800 DA7209A0 7C13AB40 1DB54CE0 BF56EE80 60F89020 029A31C0 A43BD360 45DD7500 E77F16A0 8920B840 2AC259E0 CC63FB80 6E059D20 0FA73EC0 B148E060 52EA8200 F48C23A0 962DC540 37CF66E0 D9710880 7B12AA20 1CB44BC0 BE55ED60 5FF78F00 019930A0 A33AD240 44DC73E0 E67E1580 881FB720 29C158C0 CB62FA60 
[TC_DEBUG]     [3360] 38D06800 DA7209A0 7C13AB40 1DB54CE0 BF56EE80 60F89020 029A31C0 A43BD360 45DD7500 E77F16A0 8920B840 2AC259E0 CC63FB80 6E059D20 0FA73EC0 B148E060 52EA8200 F48C23A0 962DC540 37CF66E0 D9710880 7B12AA20 1CB44BC0 BE55ED60 5FF78F00 019930A0 A33AD240 44DC73E0 E67E1580 881FB720 29C158C0 CB62FA60 
[TC_DEBUG]     [3392] 3BD26900 E1780EA4 871DB448 2CC359EC D268FF90 780EA534 1DB44AD8 C359F07C 68FF9620 0EA53BC4 B44AE168 59F0870C FF962CB0 A53BD254 4AE177F8 F0871D9C 962CC340 3BD268E4 E1780E88 871DB42C 2CC359D0 D268FF74 780EA518 1DB44ABC C359F060 68FF9604 0EA53BA8 B44AE14C 59F086F0 FF962C94 A53BD238 4AE177DC 
[TC_DEBUG]     [3424] 3BD26900 E1780EA4 871DB448 2CC359EC D268FF90 780EA534 1DB44AD8 C359F07C 68FF9620 0EA53BC4 B44AE168 59F0870C FF962CB0 A53BD254 4AE177F8 F0871D9C 962CC340 3BD268E4 E1780E88 871DB42C 2CC359D0 D268FF74 780EA518 1DB44ABC C359F060 68FF9604 0EA53BA8 B44AE14C 59F086F0 FF962C94 A53BD238 4AE177DC 
[TC_DEBUG]     [3456] 44D86C00 F68A1DB0 A83BCF60 59ED8110 0B9F32C0 BD50E470 6F029620 20B447D0 D265F980 8417AB30 35C95CE0 E77B0E90 992CC040 4ADE71F0 FC9023A0 AE41D550 5FF38700 11A538B0 C356EA60 75089C10 26BA4DC0 D86BFF70 8A1DB120 3BCF62D0 ED811480 9F32C630 50E477E0 02962990 B447DB40 65F98CF0 17AB3EA0 C95CF050 
[TC_DEBUG]     [3488] 44D86C00 F68A1DB0 A83BCF60 59ED8110 0B9F32C0 BD50E470 6F029620 20B447D0 D265F980 8417AB30 35C95CE0 E77B0E90 992CC040 4ADE71F0 FC9023A0 AE41D550 5FF38700 11A538B0 C356EA60 75089C10 26BA4DC0 D86BFF70 8A1DB120 3BCF62D0 ED811480 9F32C630 50E477E0 02962990 B447DB40 65F98CF0 17AB3EA0 C95CF050 
[TC_DEBUG]     [3520] 47DA6D00 FD9022B4 B345D868 68FB8E1C 1EB143D0 D466F984 8A1CAF38 3FD264EC F5881AA0 AB3DD054 60F38608 16A93BBC CC5EF170 8214A724 37CA5CD8 ED80128C A335C840 58EB7DF4 0EA133A8 C456E95C 7A0C9F10 2FC254C4 E5780A78 9B2DC02C 50E375E0 06992B94 BC4EE148 720496FC 27BA4CB0 DD700264 9325B818 48DB6DCC 
[TC_DEBUG]     [3552] 47DA6D00 FD9022B4 B345D868 68FB8E1C 1EB143D0 D466F984 8A1CAF38 3FD264EC F5881AA0 AB3DD054 60F38608 16A93BBC CC5EF170 8214A724 37CA5CD8 ED80128C A335C840 58EB7DF4 0EA133A8 C456E95C 7A0C9F10 2FC254C4 E5780A78 9B2DC02C 50E375E0 06992B94 BC4EE148 720496FC 27BA4CB0 DD700264 9325B818 48DB6DCC 
[TC_DEBUG]     [3584] 50E07000 12A231C0 D463F380 9625B540 57E77700 19A938C0 DB6AFA80 9D2CBC40 5EEE7E00 20B03FC0 E2720180 A433C340 65F58500 27B746C0 E9790880 AB3ACA40 6CFC8C00 2EBE4DC0 F0800F80 B241D140 74039300 35C554C0 F7871680 B948D840 7B0A9A00 3CCC5BC0 FE8E1D80 C04FDF40 8211A100 43D362C0 05952480 C756E640 
[TC_DEBUG]     [3616] 50E07000 12A231C0 D463F380 9625B540 57E77700 19A938C0 DB6AFA80 9D2CBC40 5EEE7E00 20B03FC0 E2720180 A433C340 65F58500 27B746C0 E9790880 AB3ACA40 6CFC8C00 2EBE4DC0 F0800F80 B241D140 74039300 35C554C0 F7871680 B948D840 7B0A9A00 3CCC5BC0 FE8E1D80 C04FDF40 8211A100 43D362C0 05952480 C756E640 
[TC_DEBUG]     [3648] 53E27100 19A836C4 DF6DFC88 A533C24C 6AF98810 30BF4DD4 F6851398 BC4AD95C 82109F20 47D664E4 0D9C2AA8 D361F06C 9927B630 5EED7BF4 24B341B8 EA79077C B03ECD40 76049304 3BCA58C8 01901E8C C755E450 8D1BAA14 52E16FD8 18A7359C DE6CFB60 A432C124 69F886E8 2FBE4CAC F5841270 BB49D834 810F9DF8 46D563BC 
[TC_DEBUG]     [3680] 53E27100 19A836C4 DF6DFC88 A533C24C 6AF98810 30BF4DD4 F6851398 BC4AD95C 82109F20 47D664E4 0D9C2AA8 D361F06C 9927B630 5EED7BF4 24B341B8 EA79077C B03ECD40 76049304 3BCA58C8 01901E8C C755E450 8D1BAA14 52E16FD8 18A7359C DE6CFB60 A432C124 69F886E8 2FBE4CAC F5841270 BB49D834 810F9DF8 46D563BC 
[TC_DEBUG]     [3712] 5CE87400 2EBA45D0 008C17A0 D25DE970 A42FBB40 76018D10 47D35EE0 19A530B0 EB770280 BD48D450 8F1AA620 60EC77F0 32BE49C0 04901B90 D661ED60 A833BF30 7A059100 4BD762D0 1DA934A0 EF7B0670 C14CD840 931EAA10 64F07BE0 36C24DB0 08941F80 DA65F150 AC37C320 7E0994F0 4FDB66C0 21AD3890 F37F0A60 C550DC30 
[TC_DEBUG]     [3744] 5CE87400 2EBA45D0 008C17A0 D25DE970 A42FBB40 76018D10 47D35EE0 19A530B0 EB770280 BD48D450 8F1AA620 60EC77F0 32BE49C0 04901B90 D661ED60 A833BF30 7A059100 4BD762D0 1DA934A0 EF7B0670 C14CD840 931EAA10 64F07BE0 36C24DB0 08941F80 DA65F150 AC37C320 7E0994F0 4FDB66C0 21AD3890 F37F0A60 C550DC30 
[TC_DEBUG]     [3776] 5FEA7500 35C04AD4 0B9620A8 E16BF67C B741CC50 8D17A224 62ED77F8 38C34DCC 0E9923A0 E46EF974 BA44CF48 901AA51C 65F07AF0 3BC650C4 119C2698 E771FC6C BD47D240 931DA814 68F37DE8 3EC953BC 149F2990 EA74FF64 C04AD538 9620AB0C 6BF680E0 41CC56B4 17A22C88 ED78025C C34DD830 9923AE04 6EF983D8 44CF59AC 
[TC_DEBUG]     [3808] 5FEA7500 35C04AD4 0B9620A8 E16BF67C B741CC50 8D17A224 62ED77F8 38C34DCC 0E9923A0 E46EF974 BA44CF48 901AA51C 65F07AF0 3BC650C4 119C2698 E771FC6C BD47D240 931DA814 68F37DE8 3EC953BC 149F2990 EA74FF64 C04AD538 9620AB0C 6BF680E0 41CC56B4 17A22C88 ED78025C C34DD830 9923AE04 6EF983D8 44CF59AC 
[TC_DEBUG]     [3840] 68F07800 4AD259E0 2CB43BC0 0E961DA0 F077FF80 D259E160 B43BC340 961DA520 77FF8700 59E168E0 3BC34AC0 1DA52CA0 FF870E80 E168F060 C34AD240 A52CB420 870E9600 68F077E0 4AD259C0 2CB43BA0 0E961D80 F077FF60 D259E140 B43BC320 961DA500 77FF86E0 59E168C0 3BC34AA0 1DA52C80 FF870E60 E168F040 C34AD220 
[TC_DEBUG]     [3872] 68F07800 4AD259E0 2CB43BC0 0E961DA0 F077FF80 D259E160 B43BC340 961DA520 77FF8700 59E168E0 3BC34AC0 1DA52CA0 FF870E80 E168F060 C34AD240 A52CB420 870E9600 68F077E0 4AD259C0 2CB43BA0 0E961D80 F077FF60 D259E140 B43BC320 961DA500 77FF86E0 59E168C0 3BC34AA0 1DA52C80 FF870E60 E168F040 C34AD220 
[TC_DEBUG]     [3904] 6BF27900 51D85EE4 37BE44C8 1DA42AAC 038A1090 E96FF674 CF55DC58 B53BC23C 9B21A820 81078E04 66ED73E8 4CD359CC 32B93FB0 189F2594 FE850B78 E46AF15C CA50D740 B036BD24 961CA308 7C0288EC 61E86ED0 47CE54B4 2DB43A98 139A207C F9800660 DF65EC44 C54BD228 AB31B80C 91179DF0 76FD83D4 5CE369B8 42C94F9C 
[TC_DEBUG]     [3936] 6BF27900 51D85EE4 37BE44C8 1DA42AAC 038A1090 E96FF674 CF55DC58 B53BC23C 9B21A820 81078E04 66ED73E8 4CD359CC 32B93FB0 189F2594 FE850B78 E46AF15C CA50D740 B036BD24 961CA308 7C0288EC 61E86ED0 47CE54B4 2DB43A98 139A207C F9800660 DF65EC44 C54BD228 AB31B80C 91179DF0 76FD83D4 5CE369B8 42C94F9C 
[TC_DEBUG]     [3968] 74F87C00 66EA6DF0 58DC5FE0 4ACE51D0 3CC043C0 2EB235B0 20A427A0 12961990 04880B80 F679FD70 E86BEF60 DA5DE150 CC4FD340 BE41C530 B033B720 A225A910 94179B00 86098CF0 77FB7EE0 69ED70D0 5BDF62C0 4DD154B0 3FC346A0 31B53890 23A72A80 15991C70 078B0E60 F97D0050 EB6EF240 DD60E430 CF52D620 C144C810 
[TC_DEBUG]     [4000] 74F87C00 66EA6DF0 58DC5FE0 4ACE51D0 3CC043C0 2EB235B0 20A427A0 12961990 04880B80 F679FD70 E86BEF60 DA5DE150 CC4FD340 BE41C530 B033B720 A225A910 94179B00 86098CF0 77FB7EE0 69ED70D0 5BDF62C0 4DD154B0 3FC346A0 31B53890 23A72A80 15991C70 078B0E60 F97D0050 EB6EF240 DD60E430 CF52D620 C144C810 
[TC_DEBUG]     [4032] 77FA7D00 6DF072F4 63E668E8 59DC5EDC 4FD254D0 45C84AC4 3BBE40B8 31B436AC 27AA2CA0 1DA02294 13961888 098C0E7C FF820470 F577FA64 EB6DF058 E163E64C D759DC40 CD4FD234 C345C828 B93BBE1C AF31B410 A527AA04 9B1D9FF8 911395EC 87098BE0 7CFF81D4 72F577C8 68EB6DBC 5EE163B0 54D759A4 4ACD4F98 40C3458C 
[TC_DEBUG]     [4064] 77FA7D00 6DF072F4 63E668E8 59DC5EDC 4FD254D0 45C84AC4 3BBE40B8 31B436AC 27AA2CA0 1DA02294 13961888 098C0E7C FF820470 F577FA64 EB6DF058 E163E64C D759DC40 CD4FD234 C345C828 B93BBE1C AF31B410 A527AA04 9B1D9FF8 911395EC 87098BE0 7CFF81D4 72F577C8 68EB6DBC 5EE163B0 54D759A4 4ACD4F98 40C3458C 
Test 2 completed

======================================================================
All tc.st.mma.pack.acc tests completed!
======================================================================
