======================================================================
TensorComp tc.st.quant.shift ISA Test
======================================================================

Instruction: tc.st.quant.shift - Shift quant_reg and store to acc_buffer
Syntax: tc.st.quant.shift rs1, rs2

Function: quant_reg >>= rs2

--- Loading data into TC registers using t.ld ---
Loading init data (0x40000000) into tr0
[TC] t.ld             PC=0x80000308  Encoding=0x000A005B
[TC_DEBUG] t.ld: trd=0, imm10=0, rs1v=0x40000000
[TC_DEBUG]   CSR tmask_ld=0x000000FF, twidth_ld=1024
[TC_DEBUG]   base_addr = rs1v + imm10 * twidth_ld = 0x40000000 + 0 * 1024 = 0x40000000
[TC_DEBUG]   toffset_ld[0..7] = {0, 128, 256, 384, 512, 640, 768, 896}
[TC_DEBUG]   Load[0]: addr=0x40000000 -> tr0[0:127]
[TC_DEBUG]   Load[1]: addr=0x40000080 -> tr0[128:255]
[TC_DEBUG]   Load[2]: addr=0x40000100 -> tr0[256:383]
[TC_DEBUG]   Load[3]: addr=0x40000180 -> tr0[384:511]
[TC_DEBUG]   Load[4]: addr=0x40000200 -> tr0[512:639]
[TC_DEBUG]   Load[5]: addr=0x40000280 -> tr0[640:767]
[TC_DEBUG]   Load[6]: addr=0x40000300 -> tr0[768:895]
[TC_DEBUG]   Load[7]: addr=0x40000380 -> tr0[896:1023]
[TC_DEBUG]   tr0 = 
00 00 00 00 01 01 01 01 02 02 02 02 03 03 03 03 04 04 04 04 05 05 05 05 06 06 06 06 07 07 07 07 08 08 08 08 09 09 09 09 0A 0A 0A 0A 0B 0B 0B 0B 0C 0C 0C 0C 0D 0D 0D 0D 0E 0E 0E 0E 0F 0F 0F 0F 10 10 10 10 11 11 11 11 12 12 12 12 13 13 13 13 14 14 14 14 15 15 15 15 16 16 16 16 17 17 17 17 18 18 18 18 19 19 19 19 1A 1A 1A 1A 1B 1B 1B 1B 1C 1C 1C 1C 1D 1D 1D 1D 1E 1E 1E 1E 1F 1F 1F 1F 
20 20 20 20 21 21 21 21 22 22 22 22 23 23 23 23 24 24 24 24 25 25 25 25 26 26 26 26 27 27 27 27 28 28 28 28 29 29 29 29 2A 2A 2A 2A 2B 2B 2B 2B 2C 2C 2C 2C 2D 2D 2D 2D 2E 2E 2E 2E 2F 2F 2F 2F 30 30 30 30 31 31 31 31 32 32 32 32 33 33 33 33 34 34 34 34 35 35 35 35 36 36 36 36 37 37 37 37 38 38 38 38 39 39 39 39 3A 3A 3A 3A 3B 3B 3B 3B 3C 3C 3C 3C 3D 3D 3D 3D 3E 3E 3E 3E 3F 3F 3F 3F 
40 40 40 40 41 41 41 41 42 42 42 42 43 43 43 43 44 44 44 44 45 45 45 45 46 46 46 46 47 47 47 47 48 48 48 48 49 49 49 49 4A 4A 4A 4A 4B 4B 4B 4B 4C 4C 4C 4C 4D 4D 4D 4D 4E 4E 4E 4E 4F 4F 4F 4F 50 50 50 50 51 51 51 51 52 52 52 52 53 53 53 53 54 54 54 54 55 55 55 55 56 56 56 56 57 57 57 57 58 58 58 58 59 59 59 59 5A 5A 5A 5A 5B 5B 5B 5B 5C 5C 5C 5C 5D 5D 5D 5D 5E 5E 5E 5E 5F 5F 5F 5F 
60 60 60 60 61 61 61 61 62 62 62 62 63 63 63 63 64 64 64 64 65 65 65 65 66 66 66 66 67 67 67 67 68 68 68 68 69 69 69 69 6A 6A 6A 6A 6B 6B 6B 6B 6C 6C 6C 6C 6D 6D 6D 6D 6E 6E 6E 6E 6F 6F 6F 6F 70 70 70 70 71 71 71 71 72 72 72 72 73 73 73 73 74 74 74 74 75 75 75 75 76 76 76 76 77 77 77 77 78 78 78 78 79 79 79 79 7A 7A 7A 7A 7B 7B 7B 7B 7C 7C 7C 7C 7D 7D 7D 7D 7E 7E 7E 7E 7F 7F 7F 7F 
00 00 00 00 01 01 01 01 02 02 02 02 03 03 03 03 04 04 04 04 05 05 05 05 06 06 06 06 07 07 07 07 08 08 08 08 09 09 09 09 0A 0A 0A 0A 0B 0B 0B 0B 0C 0C 0C 0C 0D 0D 0D 0D 0E 0E 0E 0E 0F 0F 0F 0F 10 10 10 10 11 11 11 11 12 12 12 12 13 13 13 13 14 14 14 14 15 15 15 15 16 16 16 16 17 17 17 17 18 18 18 18 19 19 19 19 1A 1A 1A 1A 1B 1B 1B 1B 1C 1C 1C 1C 1D 1D 1D 1D 1E 1E 1E 1E 1F 1F 1F 1F 
20 20 20 20 21 21 21 21 22 22 22 22 23 23 23 23 24 24 24 24 25 25 25 25 26 26 26 26 27 27 27 27 28 28 28 28 29 29 29 29 2A 2A 2A 2A 2B 2B 2B 2B 2C 2C 2C 2C 2D 2D 2D 2D 2E 2E 2E 2E 2F 2F 2F 2F 30 30 30 30 31 31 31 31 32 32 32 32 33 33 33 33 34 34 34 34 35 35 35 35 36 36 36 36 37 37 37 37 38 38 38 38 39 39 39 39 3A 3A 3A 3A 3B 3B 3B 3B 3C 3C 3C 3C 3D 3D 3D 3D 3E 3E 3E 3E 3F 3F 3F 3F 
40 40 40 40 41 41 41 41 42 42 42 42 43 43 43 43 44 44 44 44 45 45 45 45 46 46 46 46 47 47 47 47 48 48 48 48 49 49 49 49 4A 4A 4A 4A 4B 4B 4B 4B 4C 4C 4C 4C 4D 4D 4D 4D 4E 4E 4E 4E 4F 4F 4F 4F 50 50 50 50 51 51 51 51 52 52 52 52 53 53 53 53 54 54 54 54 55 55 55 55 56 56 56 56 57 57 57 57 58 58 58 58 59 59 59 59 5A 5A 5A 5A 5B 5B 5B 5B 5C 5C 5C 5C 5D 5D 5D 5D 5E 5E 5E 5E 5F 5F 5F 5F 
60 60 60 60 61 61 61 61 62 62 62 62 63 63 63 63 64 64 64 64 65 65 65 65 66 66 66 66 67 67 67 67 68 68 68 68 69 69 69 69 6A 6A 6A 6A 6B 6B 6B 6B 6C 6C 6C 6C 6D 6D 6D 6D 6E 6E 6E 6E 6F 6F 6F 6F 70 70 70 70 71 71 71 71 72 72 72 72 73 73 73 73 74 74 74 74 75 75 75 75 76 76 76 76 77 77 77 77 78 78 78 78 79 79 79 79 7A 7A 7A 7A 7B 7B 7B 7B 7C 7C 7C 7C 7D 7D 7D 7D 7E 7E 7E 7E 7F 7F 7F 7F 
[TC_DEBUG]   Total bytes loaded: 1024
[TC] t.ld             PC=0x8000030C  Encoding=0x001A00DB
[TC_DEBUG] t.ld: trd=1, imm10=1, rs1v=0x40000000
[TC_DEBUG]   CSR tmask_ld=0x000000FF, twidth_ld=1024
[TC_DEBUG]   base_addr = rs1v + imm10 * twidth_ld = 0x40000000 + 1 * 1024 = 0x40000400
[TC_DEBUG]   toffset_ld[0..7] = {0, 128, 256, 384, 512, 640, 768, 896}
[TC_DEBUG]   Load[0]: addr=0x40000400 -> tr1[0:127]
[TC_DEBUG]   Load[1]: addr=0x40000480 -> tr1[128:255]
[TC_DEBUG]   Load[2]: addr=0x40000500 -> tr1[256:383]
[TC_DEBUG]   Load[3]: addr=0x40000580 -> tr1[384:511]
[TC_DEBUG]   Load[4]: addr=0x40000600 -> tr1[512:639]
[TC_DEBUG]   Load[5]: addr=0x40000680 -> tr1[640:767]
[TC_DEBUG]   Load[6]: addr=0x40000700 -> tr1[768:895]
[TC_DEBUG]   Load[7]: addr=0x40000780 -> tr1[896:1023]
[TC_DEBUG]   tr1 = 
00 00 00 00 01 01 01 01 02 02 02 02 03 03 03 03 04 04 04 04 05 05 05 05 06 06 06 06 07 07 07 07 08 08 08 08 09 09 09 09 0A 0A 0A 0A 0B 0B 0B 0B 0C 0C 0C 0C 0D 0D 0D 0D 0E 0E 0E 0E 0F 0F 0F 0F 10 10 10 10 11 11 11 11 12 12 12 12 13 13 13 13 14 14 14 14 15 15 15 15 16 16 16 16 17 17 17 17 18 18 18 18 19 19 19 19 1A 1A 1A 1A 1B 1B 1B 1B 1C 1C 1C 1C 1D 1D 1D 1D 1E 1E 1E 1E 1F 1F 1F 1F 
00 00 00 00 01 01 01 01 02 02 02 02 03 03 03 03 04 04 04 04 05 05 05 05 06 06 06 06 07 07 07 07 08 08 08 08 09 09 09 09 0A 0A 0A 0A 0B 0B 0B 0B 0C 0C 0C 0C 0D 0D 0D 0D 0E 0E 0E 0E 0F 0F 0F 0F 10 10 10 10 11 11 11 11 12 12 12 12 13 13 13 13 14 14 14 14 15 15 15 15 16 16 16 16 17 17 17 17 18 18 18 18 19 19 19 19 1A 1A 1A 1A 1B 1B 1B 1B 1C 1C 1C 1C 1D 1D 1D 1D 1E 1E 1E 1E 1F 1F 1F 1F 
00 00 00 00 01 01 01 01 02 02 02 02 03 03 03 03 04 04 04 04 05 05 05 05 06 06 06 06 07 07 07 07 08 08 08 08 09 09 09 09 0A 0A 0A 0A 0B 0B 0B 0B 0C 0C 0C 0C 0D 0D 0D 0D 0E 0E 0E 0E 0F 0F 0F 0F 10 10 10 10 11 11 11 11 12 12 12 12 13 13 13 13 14 14 14 14 15 15 15 15 16 16 16 16 17 17 17 17 18 18 18 18 19 19 19 19 1A 1A 1A 1A 1B 1B 1B 1B 1C 1C 1C 1C 1D 1D 1D 1D 1E 1E 1E 1E 1F 1F 1F 1F 
00 00 00 00 01 01 01 01 02 02 02 02 03 03 03 03 04 04 04 04 05 05 05 05 06 06 06 06 07 07 07 07 08 08 08 08 09 09 09 09 0A 0A 0A 0A 0B 0B 0B 0B 0C 0C 0C 0C 0D 0D 0D 0D 0E 0E 0E 0E 0F 0F 0F 0F 10 10 10 10 11 11 11 11 12 12 12 12 13 13 13 13 14 14 14 14 15 15 15 15 16 16 16 16 17 17 17 17 18 18 18 18 19 19 19 19 1A 1A 1A 1A 1B 1B 1B 1B 1C 1C 1C 1C 1D 1D 1D 1D 1E 1E 1E 1E 1F 1F 1F 1F 
00 00 00 00 01 01 01 01 02 02 02 02 03 03 03 03 04 04 04 04 05 05 05 05 06 06 06 06 07 07 07 07 08 08 08 08 09 09 09 09 0A 0A 0A 0A 0B 0B 0B 0B 0C 0C 0C 0C 0D 0D 0D 0D 0E 0E 0E 0E 0F 0F 0F 0F 10 10 10 10 11 11 11 11 12 12 12 12 13 13 13 13 14 14 14 14 15 15 15 15 16 16 16 16 17 17 17 17 18 18 18 18 19 19 19 19 1A 1A 1A 1A 1B 1B 1B 1B 1C 1C 1C 1C 1D 1D 1D 1D 1E 1E 1E 1E 1F 1F 1F 1F 
00 00 00 00 01 01 01 01 02 02 02 02 03 03 03 03 04 04 04 04 05 05 05 05 06 06 06 06 07 07 07 07 08 08 08 08 09 09 09 09 0A 0A 0A 0A 0B 0B 0B 0B 0C 0C 0C 0C 0D 0D 0D 0D 0E 0E 0E 0E 0F 0F 0F 0F 10 10 10 10 11 11 11 11 12 12 12 12 13 13 13 13 14 14 14 14 15 15 15 15 16 16 16 16 17 17 17 17 18 18 18 18 19 19 19 19 1A 1A 1A 1A 1B 1B 1B 1B 1C 1C 1C 1C 1D 1D 1D 1D 1E 1E 1E 1E 1F 1F 1F 1F 
00 00 00 00 01 01 01 01 02 02 02 02 03 03 03 03 04 04 04 04 05 05 05 05 06 06 06 06 07 07 07 07 08 08 08 08 09 09 09 09 0A 0A 0A 0A 0B 0B 0B 0B 0C 0C 0C 0C 0D 0D 0D 0D 0E 0E 0E 0E 0F 0F 0F 0F 10 10 10 10 11 11 11 11 12 12 12 12 13 13 13 13 14 14 14 14 15 15 15 15 16 16 16 16 17 17 17 17 18 18 18 18 19 19 19 19 1A 1A 1A 1A 1B 1B 1B 1B 1C 1C 1C 1C 1D 1D 1D 1D 1E 1E 1E 1E 1F 1F 1F 1F 
00 00 00 00 01 01 01 01 02 02 02 02 03 03 03 03 04 04 04 04 05 05 05 05 06 06 06 06 07 07 07 07 08 08 08 08 09 09 09 09 0A 0A 0A 0A 0B 0B 0B 0B 0C 0C 0C 0C 0D 0D 0D 0D 0E 0E 0E 0E 0F 0F 0F 0F 10 10 10 10 11 11 11 11 12 12 12 12 13 13 13 13 14 14 14 14 15 15 15 15 16 16 16 16 17 17 17 17 18 18 18 18 19 19 19 19 1A 1A 1A 1A 1B 1B 1B 1B 1C 1C 1C 1C 1D 1D 1D 1D 1E 1E 1E 1E 1F 1F 1F 1F 
[TC_DEBUG]   Total bytes loaded: 1024
--- TC registers loaded ---


=== Test 1: tc.quant 4x1 left (Left Data) ===
[TC] tc.st.init       PC=0x80000340  Encoding=0x0A0B39DB
[TC_DEBUG] tc.st.init: trs1=0, rs1v=0x50000000, rs2v=0x00000400
[TC_DEBUG]   M2=4, M1=32, N2=1, N1=32
[TC_DEBUG]   startpoint_left=0, size_left=4
[TC_DEBUG]   startpoint_top=0, size_top=0
[TC_DEBUG]   LeftData (tr0, 128 int32 elements):
[TC_DEBUG]     [0000] 00000000 01010101 02020202 03030303 04040404 05050505 06060606 07070707 08080808 09090909 0A0A0A0A 0B0B0B0B 0C0C0C0C 0D0D0D0D 0E0E0E0E 0F0F0F0F 10101010 11111111 12121212 13131313 14141414 15151515 16161616 17171717 18181818 19191919 1A1A1A1A 1B1B1B1B 1C1C1C1C 1D1D1D1D 1E1E1E1E 1F1F1F1F 
[TC_DEBUG]     [0032] 20202020 21212121 22222222 23232323 24242424 25252525 26262626 27272727 28282828 29292929 2A2A2A2A 2B2B2B2B 2C2C2C2C 2D2D2D2D 2E2E2E2E 2F2F2F2F 30303030 31313131 32323232 33333333 34343434 35353535 36363636 37373737 38383838 39393939 3A3A3A3A 3B3B3B3B 3C3C3C3C 3D3D3D3D 3E3E3E3E 3F3F3F3F 
[TC_DEBUG]     [0064] 40404040 41414141 42424242 43434343 44444444 45454545 46464646 47474747 48484848 49494949 4A4A4A4A 4B4B4B4B 4C4C4C4C 4D4D4D4D 4E4E4E4E 4F4F4F4F 50505050 51515151 52525252 53535353 54545454 55555555 56565656 57575757 58585858 59595959 5A5A5A5A 5B5B5B5B 5C5C5C5C 5D5D5D5D 5E5E5E5E 5F5F5F5F 
[TC_DEBUG]     [0096] 60606060 61616161 62626262 63636363 64646464 65656565 66666666 67676767 68686868 69696969 6A6A6A6A 6B6B6B6B 6C6C6C6C 6D6D6D6D 6E6E6E6E 6F6F6F6F 70707070 71717171 72727272 73737373 74747474 75757575 76767676 77777777 78787878 79797979 7A7A7A7A 7B7B7B7B 7C7C7C7C 7D7D7D7D 7E7E7E7E 7F7F7F7F 
[TC_DEBUG]   AccBuffer (base=0x50000000, 4096 elements):
[TC_DEBUG]     [0000] 00000000 00000000 00000000 00000000 00000000 00000000 00000000 00000000 00000000 00000000 00000000 00000000 00000000 00000000 00000000 00000000 00000000 00000000 00000000 00000000 00000000 00000000 00000000 00000000 00000000 00000000 00000000 00000000 00000000 00000000 00000000 00000000 
[TC_DEBUG]     [0032] 01010101 01010101 01010101 01010101 01010101 01010101 01010101 01010101 01010101 01010101 01010101 01010101 01010101 01010101 01010101 01010101 01010101 01010101 01010101 01010101 01010101 01010101 01010101 01010101 01010101 01010101 01010101 01010101 01010101 01010101 01010101 01010101 
[TC_DEBUG]     [0064] 02020202 02020202 02020202 02020202 02020202 02020202 02020202 02020202 02020202 02020202 02020202 02020202 02020202 02020202 02020202 02020202 02020202 02020202 02020202 02020202 02020202 02020202 02020202 02020202 02020202 02020202 02020202 02020202 02020202 02020202 02020202 02020202 
[TC_DEBUG]     [0096] 03030303 03030303 03030303 03030303 03030303 03030303 03030303 03030303 03030303 03030303 03030303 03030303 03030303 03030303 03030303 03030303 03030303 03030303 03030303 03030303 03030303 03030303 03030303 03030303 03030303 03030303 03030303 03030303 03030303 03030303 03030303 03030303 
[TC_DEBUG]     [0128] 04040404 04040404 04040404 04040404 04040404 04040404 04040404 04040404 04040404 04040404 04040404 04040404 04040404 04040404 04040404 04040404 04040404 04040404 04040404 04040404 04040404 04040404 04040404 04040404 04040404 04040404 04040404 04040404 04040404 04040404 04040404 04040404 
[TC_DEBUG]     [0160] 05050505 05050505 05050505 05050505 05050505 05050505 05050505 05050505 05050505 05050505 05050505 05050505 05050505 05050505 05050505 05050505 05050505 05050505 05050505 05050505 05050505 05050505 05050505 05050505 05050505 05050505 05050505 05050505 05050505 05050505 05050505 05050505 
[TC_DEBUG]     [0192] 06060606 06060606 06060606 06060606 06060606 06060606 06060606 06060606 06060606 06060606 06060606 06060606 06060606 06060606 06060606 06060606 06060606 06060606 06060606 06060606 06060606 06060606 06060606 06060606 06060606 06060606 06060606 06060606 06060606 06060606 06060606 06060606 
[TC_DEBUG]     [0224] 07070707 07070707 07070707 07070707 07070707 07070707 07070707 07070707 07070707 07070707 07070707 07070707 07070707 07070707 07070707 07070707 07070707 07070707 07070707 07070707 07070707 07070707 07070707 07070707 07070707 07070707 07070707 07070707 07070707 07070707 07070707 07070707 
[TC_DEBUG]     [0256] 08080808 08080808 08080808 08080808 08080808 08080808 08080808 08080808 08080808 08080808 08080808 08080808 08080808 08080808 08080808 08080808 08080808 08080808 08080808 08080808 08080808 08080808 08080808 08080808 08080808 08080808 08080808 08080808 08080808 08080808 08080808 08080808 
[TC_DEBUG]     [0288] 09090909 09090909 09090909 09090909 09090909 09090909 09090909 09090909 09090909 09090909 09090909 09090909 09090909 09090909 09090909 09090909 09090909 09090909 09090909 09090909 09090909 09090909 09090909 09090909 09090909 09090909 09090909 09090909 09090909 09090909 09090909 09090909 
[TC_DEBUG]     [0320] 0A0A0A0A 0A0A0A0A 0A0A0A0A 0A0A0A0A 0A0A0A0A 0A0A0A0A 0A0A0A0A 0A0A0A0A 0A0A0A0A 0A0A0A0A 0A0A0A0A 0A0A0A0A 0A0A0A0A 0A0A0A0A 0A0A0A0A 0A0A0A0A 0A0A0A0A 0A0A0A0A 0A0A0A0A 0A0A0A0A 0A0A0A0A 0A0A0A0A 0A0A0A0A 0A0A0A0A 0A0A0A0A 0A0A0A0A 0A0A0A0A 0A0A0A0A 0A0A0A0A 0A0A0A0A 0A0A0A0A 0A0A0A0A 
[TC_DEBUG]     [0352] 0B0B0B0B 0B0B0B0B 0B0B0B0B 0B0B0B0B 0B0B0B0B 0B0B0B0B 0B0B0B0B 0B0B0B0B 0B0B0B0B 0B0B0B0B 0B0B0B0B 0B0B0B0B 0B0B0B0B 0B0B0B0B 0B0B0B0B 0B0B0B0B 0B0B0B0B 0B0B0B0B 0B0B0B0B 0B0B0B0B 0B0B0B0B 0B0B0B0B 0B0B0B0B 0B0B0B0B 0B0B0B0B 0B0B0B0B 0B0B0B0B 0B0B0B0B 0B0B0B0B 0B0B0B0B 0B0B0B0B 0B0B0B0B 
[TC_DEBUG]     [0384] 0C0C0C0C 0C0C0C0C 0C0C0C0C 0C0C0C0C 0C0C0C0C 0C0C0C0C 0C0C0C0C 0C0C0C0C 0C0C0C0C 0C0C0C0C 0C0C0C0C 0C0C0C0C 0C0C0C0C 0C0C0C0C 0C0C0C0C 0C0C0C0C 0C0C0C0C 0C0C0C0C 0C0C0C0C 0C0C0C0C 0C0C0C0C 0C0C0C0C 0C0C0C0C 0C0C0C0C 0C0C0C0C 0C0C0C0C 0C0C0C0C 0C0C0C0C 0C0C0C0C 0C0C0C0C 0C0C0C0C 0C0C0C0C 
[TC_DEBUG]     [0416] 0D0D0D0D 0D0D0D0D 0D0D0D0D 0D0D0D0D 0D0D0D0D 0D0D0D0D 0D0D0D0D 0D0D0D0D 0D0D0D0D 0D0D0D0D 0D0D0D0D 0D0D0D0D 0D0D0D0D 0D0D0D0D 0D0D0D0D 0D0D0D0D 0D0D0D0D 0D0D0D0D 0D0D0D0D 0D0D0D0D 0D0D0D0D 0D0D0D0D 0D0D0D0D 0D0D0D0D 0D0D0D0D 0D0D0D0D 0D0D0D0D 0D0D0D0D 0D0D0D0D 0D0D0D0D 0D0D0D0D 0D0D0D0D 
[TC_DEBUG]     [0448] 0E0E0E0E 0E0E0E0E 0E0E0E0E 0E0E0E0E 0E0E0E0E 0E0E0E0E 0E0E0E0E 0E0E0E0E 0E0E0E0E 0E0E0E0E 0E0E0E0E 0E0E0E0E 0E0E0E0E 0E0E0E0E 0E0E0E0E 0E0E0E0E 0E0E0E0E 0E0E0E0E 0E0E0E0E 0E0E0E0E 0E0E0E0E 0E0E0E0E 0E0E0E0E 0E0E0E0E 0E0E0E0E 0E0E0E0E 0E0E0E0E 0E0E0E0E 0E0E0E0E 0E0E0E0E 0E0E0E0E 0E0E0E0E 
[TC_DEBUG]     [0480] 0F0F0F0F 0F0F0F0F 0F0F0F0F 0F0F0F0F 0F0F0F0F 0F0F0F0F 0F0F0F0F 0F0F0F0F 0F0F0F0F 0F0F0F0F 0F0F0F0F 0F0F0F0F 0F0F0F0F 0F0F0F0F 0F0F0F0F 0F0F0F0F 0F0F0F0F 0F0F0F0F 0F0F0F0F 0F0F0F0F 0F0F0F0F 0F0F0F0F 0F0F0F0F 0F0F0F0F 0F0F0F0F 0F0F0F0F 0F0F0F0F 0F0F0F0F 0F0F0F0F 0F0F0F0F 0F0F0F0F 0F0F0F0F 
[TC_DEBUG]     [0512] 10101010 10101010 10101010 10101010 10101010 10101010 10101010 10101010 10101010 10101010 10101010 10101010 10101010 10101010 10101010 10101010 10101010 10101010 10101010 10101010 10101010 10101010 10101010 10101010 10101010 10101010 10101010 10101010 10101010 10101010 10101010 10101010 
[TC_DEBUG]     [0544] 11111111 11111111 11111111 11111111 11111111 11111111 11111111 11111111 11111111 11111111 11111111 11111111 11111111 11111111 11111111 11111111 11111111 11111111 11111111 11111111 11111111 11111111 11111111 11111111 11111111 11111111 11111111 11111111 11111111 11111111 11111111 11111111 
[TC_DEBUG]     [0576] 12121212 12121212 12121212 12121212 12121212 12121212 12121212 12121212 12121212 12121212 12121212 12121212 12121212 12121212 12121212 12121212 12121212 12121212 12121212 12121212 12121212 12121212 12121212 12121212 12121212 12121212 12121212 12121212 12121212 12121212 12121212 12121212 
[TC_DEBUG]     [0608] 13131313 13131313 13131313 13131313 13131313 13131313 13131313 13131313 13131313 13131313 13131313 13131313 13131313 13131313 13131313 13131313 13131313 13131313 13131313 13131313 13131313 13131313 13131313 13131313 13131313 13131313 13131313 13131313 13131313 13131313 13131313 13131313 
[TC_DEBUG]     [0640] 14141414 14141414 14141414 14141414 14141414 14141414 14141414 14141414 14141414 14141414 14141414 14141414 14141414 14141414 14141414 14141414 14141414 14141414 14141414 14141414 14141414 14141414 14141414 14141414 14141414 14141414 14141414 14141414 14141414 14141414 14141414 14141414 
[TC_DEBUG]     [0672] 15151515 15151515 15151515 15151515 15151515 15151515 15151515 15151515 15151515 15151515 15151515 15151515 15151515 15151515 15151515 15151515 15151515 15151515 15151515 15151515 15151515 15151515 15151515 15151515 15151515 15151515 15151515 15151515 15151515 15151515 15151515 15151515 
[TC_DEBUG]     [0704] 16161616 16161616 16161616 16161616 16161616 16161616 16161616 16161616 16161616 16161616 16161616 16161616 16161616 16161616 16161616 16161616 16161616 16161616 16161616 16161616 16161616 16161616 16161616 16161616 16161616 16161616 16161616 16161616 16161616 16161616 16161616 16161616 
[TC_DEBUG]     [0736] 17171717 17171717 17171717 17171717 17171717 17171717 17171717 17171717 17171717 17171717 17171717 17171717 17171717 17171717 17171717 17171717 17171717 17171717 17171717 17171717 17171717 17171717 17171717 17171717 17171717 17171717 17171717 17171717 17171717 17171717 17171717 17171717 
[TC_DEBUG]     [0768] 18181818 18181818 18181818 18181818 18181818 18181818 18181818 18181818 18181818 18181818 18181818 18181818 18181818 18181818 18181818 18181818 18181818 18181818 18181818 18181818 18181818 18181818 18181818 18181818 18181818 18181818 18181818 18181818 18181818 18181818 18181818 18181818 
[TC_DEBUG]     [0800] 19191919 19191919 19191919 19191919 19191919 19191919 19191919 19191919 19191919 19191919 19191919 19191919 19191919 19191919 19191919 19191919 19191919 19191919 19191919 19191919 19191919 19191919 19191919 19191919 19191919 19191919 19191919 19191919 19191919 19191919 19191919 19191919 
[TC_DEBUG]     [0832] 1A1A1A1A 1A1A1A1A 1A1A1A1A 1A1A1A1A 1A1A1A1A 1A1A1A1A 1A1A1A1A 1A1A1A1A 1A1A1A1A 1A1A1A1A 1A1A1A1A 1A1A1A1A 1A1A1A1A 1A1A1A1A 1A1A1A1A 1A1A1A1A 1A1A1A1A 1A1A1A1A 1A1A1A1A 1A1A1A1A 1A1A1A1A 1A1A1A1A 1A1A1A1A 1A1A1A1A 1A1A1A1A 1A1A1A1A 1A1A1A1A 1A1A1A1A 1A1A1A1A 1A1A1A1A 1A1A1A1A 1A1A1A1A 
[TC_DEBUG]     [0864] 1B1B1B1B 1B1B1B1B 1B1B1B1B 1B1B1B1B 1B1B1B1B 1B1B1B1B 1B1B1B1B 1B1B1B1B 1B1B1B1B 1B1B1B1B 1B1B1B1B 1B1B1B1B 1B1B1B1B 1B1B1B1B 1B1B1B1B 1B1B1B1B 1B1B1B1B 1B1B1B1B 1B1B1B1B 1B1B1B1B 1B1B1B1B 1B1B1B1B 1B1B1B1B 1B1B1B1B 1B1B1B1B 1B1B1B1B 1B1B1B1B 1B1B1B1B 1B1B1B1B 1B1B1B1B 1B1B1B1B 1B1B1B1B 
[TC_DEBUG]     [0896] 1C1C1C1C 1C1C1C1C 1C1C1C1C 1C1C1C1C 1C1C1C1C 1C1C1C1C 1C1C1C1C 1C1C1C1C 1C1C1C1C 1C1C1C1C 1C1C1C1C 1C1C1C1C 1C1C1C1C 1C1C1C1C 1C1C1C1C 1C1C1C1C 1C1C1C1C 1C1C1C1C 1C1C1C1C 1C1C1C1C 1C1C1C1C 1C1C1C1C 1C1C1C1C 1C1C1C1C 1C1C1C1C 1C1C1C1C 1C1C1C1C 1C1C1C1C 1C1C1C1C 1C1C1C1C 1C1C1C1C 1C1C1C1C 
[TC_DEBUG]     [0928] 1D1D1D1D 1D1D1D1D 1D1D1D1D 1D1D1D1D 1D1D1D1D 1D1D1D1D 1D1D1D1D 1D1D1D1D 1D1D1D1D 1D1D1D1D 1D1D1D1D 1D1D1D1D 1D1D1D1D 1D1D1D1D 1D1D1D1D 1D1D1D1D 1D1D1D1D 1D1D1D1D 1D1D1D1D 1D1D1D1D 1D1D1D1D 1D1D1D1D 1D1D1D1D 1D1D1D1D 1D1D1D1D 1D1D1D1D 1D1D1D1D 1D1D1D1D 1D1D1D1D 1D1D1D1D 1D1D1D1D 1D1D1D1D 
[TC_DEBUG]     [0960] 1E1E1E1E 1E1E1E1E 1E1E1E1E 1E1E1E1E 1E1E1E1E 1E1E1E1E 1E1E1E1E 1E1E1E1E 1E1E1E1E 1E1E1E1E 1E1E1E1E 1E1E1E1E 1E1E1E1E 1E1E1E1E 1E1E1E1E 1E1E1E1E 1E1E1E1E 1E1E1E1E 1E1E1E1E 1E1E1E1E 1E1E1E1E 1E1E1E1E 1E1E1E1E 1E1E1E1E 1E1E1E1E 1E1E1E1E 1E1E1E1E 1E1E1E1E 1E1E1E1E 1E1E1E1E 1E1E1E1E 1E1E1E1E 
[TC_DEBUG]     [0992] 1F1F1F1F 1F1F1F1F 1F1F1F1F 1F1F1F1F 1F1F1F1F 1F1F1F1F 1F1F1F1F 1F1F1F1F 1F1F1F1F 1F1F1F1F 1F1F1F1F 1F1F1F1F 1F1F1F1F 1F1F1F1F 1F1F1F1F 1F1F1F1F 1F1F1F1F 1F1F1F1F 1F1F1F1F 1F1F1F1F 1F1F1F1F 1F1F1F1F 1F1F1F1F 1F1F1F1F 1F1F1F1F 1F1F1F1F 1F1F1F1F 1F1F1F1F 1F1F1F1F 1F1F1F1F 1F1F1F1F 1F1F1F1F 
[TC_DEBUG]     [1024] 20202020 20202020 20202020 20202020 20202020 20202020 20202020 20202020 20202020 20202020 20202020 20202020 20202020 20202020 20202020 20202020 20202020 20202020 20202020 20202020 20202020 20202020 20202020 20202020 20202020 20202020 20202020 20202020 20202020 20202020 20202020 20202020 
[TC_DEBUG]     [1056] 21212121 21212121 21212121 21212121 21212121 21212121 21212121 21212121 21212121 21212121 21212121 21212121 21212121 21212121 21212121 21212121 21212121 21212121 21212121 21212121 21212121 21212121 21212121 21212121 21212121 21212121 21212121 21212121 21212121 21212121 21212121 21212121 
[TC_DEBUG]     [1088] 22222222 22222222 22222222 22222222 22222222 22222222 22222222 22222222 22222222 22222222 22222222 22222222 22222222 22222222 22222222 22222222 22222222 22222222 22222222 22222222 22222222 22222222 22222222 22222222 22222222 22222222 22222222 22222222 22222222 22222222 22222222 22222222 
[TC_DEBUG]     [1120] 23232323 23232323 23232323 23232323 23232323 23232323 23232323 23232323 23232323 23232323 23232323 23232323 23232323 23232323 23232323 23232323 23232323 23232323 23232323 23232323 23232323 23232323 23232323 23232323 23232323 23232323 23232323 23232323 23232323 23232323 23232323 23232323 
[TC_DEBUG]     [1152] 24242424 24242424 24242424 24242424 24242424 24242424 24242424 24242424 24242424 24242424 24242424 24242424 24242424 24242424 24242424 24242424 24242424 24242424 24242424 24242424 24242424 24242424 24242424 24242424 24242424 24242424 24242424 24242424 24242424 24242424 24242424 24242424 
[TC_DEBUG]     [1184] 25252525 25252525 25252525 25252525 25252525 25252525 25252525 25252525 25252525 25252525 25252525 25252525 25252525 25252525 25252525 25252525 25252525 25252525 25252525 25252525 25252525 25252525 25252525 25252525 25252525 25252525 25252525 25252525 25252525 25252525 25252525 25252525 
[TC_DEBUG]     [1216] 26262626 26262626 26262626 26262626 26262626 26262626 26262626 26262626 26262626 26262626 26262626 26262626 26262626 26262626 26262626 26262626 26262626 26262626 26262626 26262626 26262626 26262626 26262626 26262626 26262626 26262626 26262626 26262626 26262626 26262626 26262626 26262626 
[TC_DEBUG]     [1248] 27272727 27272727 27272727 27272727 27272727 27272727 27272727 27272727 27272727 27272727 27272727 27272727 27272727 27272727 27272727 27272727 27272727 27272727 27272727 27272727 27272727 27272727 27272727 27272727 27272727 27272727 27272727 27272727 27272727 27272727 27272727 27272727 
[TC_DEBUG]     [1280] 28282828 28282828 28282828 28282828 28282828 28282828 28282828 28282828 28282828 28282828 28282828 28282828 28282828 28282828 28282828 28282828 28282828 28282828 28282828 28282828 28282828 28282828 28282828 28282828 28282828 28282828 28282828 28282828 28282828 28282828 28282828 28282828 
[TC_DEBUG]     [1312] 29292929 29292929 29292929 29292929 29292929 29292929 29292929 29292929 29292929 29292929 29292929 29292929 29292929 29292929 29292929 29292929 29292929 29292929 29292929 29292929 29292929 29292929 29292929 29292929 29292929 29292929 29292929 29292929 29292929 29292929 29292929 29292929 
[TC_DEBUG]     [1344] 2A2A2A2A 2A2A2A2A 2A2A2A2A 2A2A2A2A 2A2A2A2A 2A2A2A2A 2A2A2A2A 2A2A2A2A 2A2A2A2A 2A2A2A2A 2A2A2A2A 2A2A2A2A 2A2A2A2A 2A2A2A2A 2A2A2A2A 2A2A2A2A 2A2A2A2A 2A2A2A2A 2A2A2A2A 2A2A2A2A 2A2A2A2A 2A2A2A2A 2A2A2A2A 2A2A2A2A 2A2A2A2A 2A2A2A2A 2A2A2A2A 2A2A2A2A 2A2A2A2A 2A2A2A2A 2A2A2A2A 2A2A2A2A 
[TC_DEBUG]     [1376] 2B2B2B2B 2B2B2B2B 2B2B2B2B 2B2B2B2B 2B2B2B2B 2B2B2B2B 2B2B2B2B 2B2B2B2B 2B2B2B2B 2B2B2B2B 2B2B2B2B 2B2B2B2B 2B2B2B2B 2B2B2B2B 2B2B2B2B 2B2B2B2B 2B2B2B2B 2B2B2B2B 2B2B2B2B 2B2B2B2B 2B2B2B2B 2B2B2B2B 2B2B2B2B 2B2B2B2B 2B2B2B2B 2B2B2B2B 2B2B2B2B 2B2B2B2B 2B2B2B2B 2B2B2B2B 2B2B2B2B 2B2B2B2B 
[TC_DEBUG]     [1408] 2C2C2C2C 2C2C2C2C 2C2C2C2C 2C2C2C2C 2C2C2C2C 2C2C2C2C 2C2C2C2C 2C2C2C2C 2C2C2C2C 2C2C2C2C 2C2C2C2C 2C2C2C2C 2C2C2C2C 2C2C2C2C 2C2C2C2C 2C2C2C2C 2C2C2C2C 2C2C2C2C 2C2C2C2C 2C2C2C2C 2C2C2C2C 2C2C2C2C 2C2C2C2C 2C2C2C2C 2C2C2C2C 2C2C2C2C 2C2C2C2C 2C2C2C2C 2C2C2C2C 2C2C2C2C 2C2C2C2C 2C2C2C2C 
[TC_DEBUG]     [1440] 2D2D2D2D 2D2D2D2D 2D2D2D2D 2D2D2D2D 2D2D2D2D 2D2D2D2D 2D2D2D2D 2D2D2D2D 2D2D2D2D 2D2D2D2D 2D2D2D2D 2D2D2D2D 2D2D2D2D 2D2D2D2D 2D2D2D2D 2D2D2D2D 2D2D2D2D 2D2D2D2D 2D2D2D2D 2D2D2D2D 2D2D2D2D 2D2D2D2D 2D2D2D2D 2D2D2D2D 2D2D2D2D 2D2D2D2D 2D2D2D2D 2D2D2D2D 2D2D2D2D 2D2D2D2D 2D2D2D2D 2D2D2D2D 
[TC_DEBUG]     [1472] 2E2E2E2E 2E2E2E2E 2E2E2E2E 2E2E2E2E 2E2E2E2E 2E2E2E2E 2E2E2E2E 2E2E2E2E 2E2E2E2E 2E2E2E2E 2E2E2E2E 2E2E2E2E 2E2E2E2E 2E2E2E2E 2E2E2E2E 2E2E2E2E 2E2E2E2E 2E2E2E2E 2E2E2E2E 2E2E2E2E 2E2E2E2E 2E2E2E2E 2E2E2E2E 2E2E2E2E 2E2E2E2E 2E2E2E2E 2E2E2E2E 2E2E2E2E 2E2E2E2E 2E2E2E2E 2E2E2E2E 2E2E2E2E 
[TC_DEBUG]     [1504] 2F2F2F2F 2F2F2F2F 2F2F2F2F 2F2F2F2F 2F2F2F2F 2F2F2F2F 2F2F2F2F 2F2F2F2F 2F2F2F2F 2F2F2F2F 2F2F2F2F 2F2F2F2F 2F2F2F2F 2F2F2F2F 2F2F2F2F 2F2F2F2F 2F2F2F2F 2F2F2F2F 2F2F2F2F 2F2F2F2F 2F2F2F2F 2F2F2F2F 2F2F2F2F 2F2F2F2F 2F2F2F2F 2F2F2F2F 2F2F2F2F 2F2F2F2F 2F2F2F2F 2F2F2F2F 2F2F2F2F 2F2F2F2F 
[TC_DEBUG]     [1536] 30303030 30303030 30303030 30303030 30303030 30303030 30303030 30303030 30303030 30303030 30303030 30303030 30303030 30303030 30303030 30303030 30303030 30303030 30303030 30303030 30303030 30303030 30303030 30303030 30303030 30303030 30303030 30303030 30303030 30303030 30303030 30303030 
[TC_DEBUG]     [1568] 31313131 31313131 31313131 31313131 31313131 31313131 31313131 31313131 31313131 31313131 31313131 31313131 31313131 31313131 31313131 31313131 31313131 31313131 31313131 31313131 31313131 31313131 31313131 31313131 31313131 31313131 31313131 31313131 31313131 31313131 31313131 31313131 
[TC_DEBUG]     [1600] 32323232 32323232 32323232 32323232 32323232 32323232 32323232 32323232 32323232 32323232 32323232 32323232 32323232 32323232 32323232 32323232 32323232 32323232 32323232 32323232 32323232 32323232 32323232 32323232 32323232 32323232 32323232 32323232 32323232 32323232 32323232 32323232 
[TC_DEBUG]     [1632] 33333333 33333333 33333333 33333333 33333333 33333333 33333333 33333333 33333333 33333333 33333333 33333333 33333333 33333333 33333333 33333333 33333333 33333333 33333333 33333333 33333333 33333333 33333333 33333333 33333333 33333333 33333333 33333333 33333333 33333333 33333333 33333333 
[TC_DEBUG]     [1664] 34343434 34343434 34343434 34343434 34343434 34343434 34343434 34343434 34343434 34343434 34343434 34343434 34343434 34343434 34343434 34343434 34343434 34343434 34343434 34343434 34343434 34343434 34343434 34343434 34343434 34343434 34343434 34343434 34343434 34343434 34343434 34343434 
[TC_DEBUG]     [1696] 35353535 35353535 35353535 35353535 35353535 35353535 35353535 35353535 35353535 35353535 35353535 35353535 35353535 35353535 35353535 35353535 35353535 35353535 35353535 35353535 35353535 35353535 35353535 35353535 35353535 35353535 35353535 35353535 35353535 35353535 35353535 35353535 
[TC_DEBUG]     [1728] 36363636 36363636 36363636 36363636 36363636 36363636 36363636 36363636 36363636 36363636 36363636 36363636 36363636 36363636 36363636 36363636 36363636 36363636 36363636 36363636 36363636 36363636 36363636 36363636 36363636 36363636 36363636 36363636 36363636 36363636 36363636 36363636 
[TC_DEBUG]     [1760] 37373737 37373737 37373737 37373737 37373737 37373737 37373737 37373737 37373737 37373737 37373737 37373737 37373737 37373737 37373737 37373737 37373737 37373737 37373737 37373737 37373737 37373737 37373737 37373737 37373737 37373737 37373737 37373737 37373737 37373737 37373737 37373737 
[TC_DEBUG]     [1792] 38383838 38383838 38383838 38383838 38383838 38383838 38383838 38383838 38383838 38383838 38383838 38383838 38383838 38383838 38383838 38383838 38383838 38383838 38383838 38383838 38383838 38383838 38383838 38383838 38383838 38383838 38383838 38383838 38383838 38383838 38383838 38383838 
[TC_DEBUG]     [1824] 39393939 39393939 39393939 39393939 39393939 39393939 39393939 39393939 39393939 39393939 39393939 39393939 39393939 39393939 39393939 39393939 39393939 39393939 39393939 39393939 39393939 39393939 39393939 39393939 39393939 39393939 39393939 39393939 39393939 39393939 39393939 39393939 
[TC_DEBUG]     [1856] 3A3A3A3A 3A3A3A3A 3A3A3A3A 3A3A3A3A 3A3A3A3A 3A3A3A3A 3A3A3A3A 3A3A3A3A 3A3A3A3A 3A3A3A3A 3A3A3A3A 3A3A3A3A 3A3A3A3A 3A3A3A3A 3A3A3A3A 3A3A3A3A 3A3A3A3A 3A3A3A3A 3A3A3A3A 3A3A3A3A 3A3A3A3A 3A3A3A3A 3A3A3A3A 3A3A3A3A 3A3A3A3A 3A3A3A3A 3A3A3A3A 3A3A3A3A 3A3A3A3A 3A3A3A3A 3A3A3A3A 3A3A3A3A 
[TC_DEBUG]     [1888] 3B3B3B3B 3B3B3B3B 3B3B3B3B 3B3B3B3B 3B3B3B3B 3B3B3B3B 3B3B3B3B 3B3B3B3B 3B3B3B3B 3B3B3B3B 3B3B3B3B 3B3B3B3B 3B3B3B3B 3B3B3B3B 3B3B3B3B 3B3B3B3B 3B3B3B3B 3B3B3B3B 3B3B3B3B 3B3B3B3B 3B3B3B3B 3B3B3B3B 3B3B3B3B 3B3B3B3B 3B3B3B3B 3B3B3B3B 3B3B3B3B 3B3B3B3B 3B3B3B3B 3B3B3B3B 3B3B3B3B 3B3B3B3B 
[TC_DEBUG]     [1920] 3C3C3C3C 3C3C3C3C 3C3C3C3C 3C3C3C3C 3C3C3C3C 3C3C3C3C 3C3C3C3C 3C3C3C3C 3C3C3C3C 3C3C3C3C 3C3C3C3C 3C3C3C3C 3C3C3C3C 3C3C3C3C 3C3C3C3C 3C3C3C3C 3C3C3C3C 3C3C3C3C 3C3C3C3C 3C3C3C3C 3C3C3C3C 3C3C3C3C 3C3C3C3C 3C3C3C3C 3C3C3C3C 3C3C3C3C 3C3C3C3C 3C3C3C3C 3C3C3C3C 3C3C3C3C 3C3C3C3C 3C3C3C3C 
[TC_DEBUG]     [1952] 3D3D3D3D 3D3D3D3D 3D3D3D3D 3D3D3D3D 3D3D3D3D 3D3D3D3D 3D3D3D3D 3D3D3D3D 3D3D3D3D 3D3D3D3D 3D3D3D3D 3D3D3D3D 3D3D3D3D 3D3D3D3D 3D3D3D3D 3D3D3D3D 3D3D3D3D 3D3D3D3D 3D3D3D3D 3D3D3D3D 3D3D3D3D 3D3D3D3D 3D3D3D3D 3D3D3D3D 3D3D3D3D 3D3D3D3D 3D3D3D3D 3D3D3D3D 3D3D3D3D 3D3D3D3D 3D3D3D3D 3D3D3D3D 
[TC_DEBUG]     [1984] 3E3E3E3E 3E3E3E3E 3E3E3E3E 3E3E3E3E 3E3E3E3E 3E3E3E3E 3E3E3E3E 3E3E3E3E 3E3E3E3E 3E3E3E3E 3E3E3E3E 3E3E3E3E 3E3E3E3E 3E3E3E3E 3E3E3E3E 3E3E3E3E 3E3E3E3E 3E3E3E3E 3E3E3E3E 3E3E3E3E 3E3E3E3E 3E3E3E3E 3E3E3E3E 3E3E3E3E 3E3E3E3E 3E3E3E3E 3E3E3E3E 3E3E3E3E 3E3E3E3E 3E3E3E3E 3E3E3E3E 3E3E3E3E 
[TC_DEBUG]     [2016] 3F3F3F3F 3F3F3F3F 3F3F3F3F 3F3F3F3F 3F3F3F3F 3F3F3F3F 3F3F3F3F 3F3F3F3F 3F3F3F3F 3F3F3F3F 3F3F3F3F 3F3F3F3F 3F3F3F3F 3F3F3F3F 3F3F3F3F 3F3F3F3F 3F3F3F3F 3F3F3F3F 3F3F3F3F 3F3F3F3F 3F3F3F3F 3F3F3F3F 3F3F3F3F 3F3F3F3F 3F3F3F3F 3F3F3F3F 3F3F3F3F 3F3F3F3F 3F3F3F3F 3F3F3F3F 3F3F3F3F 3F3F3F3F 
[TC_DEBUG]     [2048] 40404040 40404040 40404040 40404040 40404040 40404040 40404040 40404040 40404040 40404040 40404040 40404040 40404040 40404040 40404040 40404040 40404040 40404040 40404040 40404040 40404040 40404040 40404040 40404040 40404040 40404040 40404040 40404040 40404040 40404040 40404040 40404040 
[TC_DEBUG]     [2080] 41414141 41414141 41414141 41414141 41414141 41414141 41414141 41414141 41414141 41414141 41414141 41414141 41414141 41414141 41414141 41414141 41414141 41414141 41414141 41414141 41414141 41414141 41414141 41414141 41414141 41414141 41414141 41414141 41414141 41414141 41414141 41414141 
[TC_DEBUG]     [2112] 42424242 42424242 42424242 42424242 42424242 42424242 42424242 42424242 42424242 42424242 42424242 42424242 42424242 42424242 42424242 42424242 42424242 42424242 42424242 42424242 42424242 42424242 42424242 42424242 42424242 42424242 42424242 42424242 42424242 42424242 42424242 42424242 
[TC_DEBUG]     [2144] 43434343 43434343 43434343 43434343 43434343 43434343 43434343 43434343 43434343 43434343 43434343 43434343 43434343 43434343 43434343 43434343 43434343 43434343 43434343 43434343 43434343 43434343 43434343 43434343 43434343 43434343 43434343 43434343 43434343 43434343 43434343 43434343 
[TC_DEBUG]     [2176] 44444444 44444444 44444444 44444444 44444444 44444444 44444444 44444444 44444444 44444444 44444444 44444444 44444444 44444444 44444444 44444444 44444444 44444444 44444444 44444444 44444444 44444444 44444444 44444444 44444444 44444444 44444444 44444444 44444444 44444444 44444444 44444444 
[TC_DEBUG]     [2208] 45454545 45454545 45454545 45454545 45454545 45454545 45454545 45454545 45454545 45454545 45454545 45454545 45454545 45454545 45454545 45454545 45454545 45454545 45454545 45454545 45454545 45454545 45454545 45454545 45454545 45454545 45454545 45454545 45454545 45454545 45454545 45454545 
[TC_DEBUG]     [2240] 46464646 46464646 46464646 46464646 46464646 46464646 46464646 46464646 46464646 46464646 46464646 46464646 46464646 46464646 46464646 46464646 46464646 46464646 46464646 46464646 46464646 46464646 46464646 46464646 46464646 46464646 46464646 46464646 46464646 46464646 46464646 46464646 
[TC_DEBUG]     [2272] 47474747 47474747 47474747 47474747 47474747 47474747 47474747 47474747 47474747 47474747 47474747 47474747 47474747 47474747 47474747 47474747 47474747 47474747 47474747 47474747 47474747 47474747 47474747 47474747 47474747 47474747 47474747 47474747 47474747 47474747 47474747 47474747 
[TC_DEBUG]     [2304] 48484848 48484848 48484848 48484848 48484848 48484848 48484848 48484848 48484848 48484848 48484848 48484848 48484848 48484848 48484848 48484848 48484848 48484848 48484848 48484848 48484848 48484848 48484848 48484848 48484848 48484848 48484848 48484848 48484848 48484848 48484848 48484848 
[TC_DEBUG]     [2336] 49494949 49494949 49494949 49494949 49494949 49494949 49494949 49494949 49494949 49494949 49494949 49494949 49494949 49494949 49494949 49494949 49494949 49494949 49494949 49494949 49494949 49494949 49494949 49494949 49494949 49494949 49494949 49494949 49494949 49494949 49494949 49494949 
[TC_DEBUG]     [2368] 4A4A4A4A 4A4A4A4A 4A4A4A4A 4A4A4A4A 4A4A4A4A 4A4A4A4A 4A4A4A4A 4A4A4A4A 4A4A4A4A 4A4A4A4A 4A4A4A4A 4A4A4A4A 4A4A4A4A 4A4A4A4A 4A4A4A4A 4A4A4A4A 4A4A4A4A 4A4A4A4A 4A4A4A4A 4A4A4A4A 4A4A4A4A 4A4A4A4A 4A4A4A4A 4A4A4A4A 4A4A4A4A 4A4A4A4A 4A4A4A4A 4A4A4A4A 4A4A4A4A 4A4A4A4A 4A4A4A4A 4A4A4A4A 
[TC_DEBUG]     [2400] 4B4B4B4B 4B4B4B4B 4B4B4B4B 4B4B4B4B 4B4B4B4B 4B4B4B4B 4B4B4B4B 4B4B4B4B 4B4B4B4B 4B4B4B4B 4B4B4B4B 4B4B4B4B 4B4B4B4B 4B4B4B4B 4B4B4B4B 4B4B4B4B 4B4B4B4B 4B4B4B4B 4B4B4B4B 4B4B4B4B 4B4B4B4B 4B4B4B4B 4B4B4B4B 4B4B4B4B 4B4B4B4B 4B4B4B4B 4B4B4B4B 4B4B4B4B 4B4B4B4B 4B4B4B4B 4B4B4B4B 4B4B4B4B 
[TC_DEBUG]     [2432] 4C4C4C4C 4C4C4C4C 4C4C4C4C 4C4C4C4C 4C4C4C4C 4C4C4C4C 4C4C4C4C 4C4C4C4C 4C4C4C4C 4C4C4C4C 4C4C4C4C 4C4C4C4C 4C4C4C4C 4C4C4C4C 4C4C4C4C 4C4C4C4C 4C4C4C4C 4C4C4C4C 4C4C4C4C 4C4C4C4C 4C4C4C4C 4C4C4C4C 4C4C4C4C 4C4C4C4C 4C4C4C4C 4C4C4C4C 4C4C4C4C 4C4C4C4C 4C4C4C4C 4C4C4C4C 4C4C4C4C 4C4C4C4C 
[TC_DEBUG]     [2464] 4D4D4D4D 4D4D4D4D 4D4D4D4D 4D4D4D4D 4D4D4D4D 4D4D4D4D 4D4D4D4D 4D4D4D4D 4D4D4D4D 4D4D4D4D 4D4D4D4D 4D4D4D4D 4D4D4D4D 4D4D4D4D 4D4D4D4D 4D4D4D4D 4D4D4D4D 4D4D4D4D 4D4D4D4D 4D4D4D4D 4D4D4D4D 4D4D4D4D 4D4D4D4D 4D4D4D4D 4D4D4D4D 4D4D4D4D 4D4D4D4D 4D4D4D4D 4D4D4D4D 4D4D4D4D 4D4D4D4D 4D4D4D4D 
[TC_DEBUG]     [2496] 4E4E4E4E 4E4E4E4E 4E4E4E4E 4E4E4E4E 4E4E4E4E 4E4E4E4E 4E4E4E4E 4E4E4E4E 4E4E4E4E 4E4E4E4E 4E4E4E4E 4E4E4E4E 4E4E4E4E 4E4E4E4E 4E4E4E4E 4E4E4E4E 4E4E4E4E 4E4E4E4E 4E4E4E4E 4E4E4E4E 4E4E4E4E 4E4E4E4E 4E4E4E4E 4E4E4E4E 4E4E4E4E 4E4E4E4E 4E4E4E4E 4E4E4E4E 4E4E4E4E 4E4E4E4E 4E4E4E4E 4E4E4E4E 
[TC_DEBUG]     [2528] 4F4F4F4F 4F4F4F4F 4F4F4F4F 4F4F4F4F 4F4F4F4F 4F4F4F4F 4F4F4F4F 4F4F4F4F 4F4F4F4F 4F4F4F4F 4F4F4F4F 4F4F4F4F 4F4F4F4F 4F4F4F4F 4F4F4F4F 4F4F4F4F 4F4F4F4F 4F4F4F4F 4F4F4F4F 4F4F4F4F 4F4F4F4F 4F4F4F4F 4F4F4F4F 4F4F4F4F 4F4F4F4F 4F4F4F4F 4F4F4F4F 4F4F4F4F 4F4F4F4F 4F4F4F4F 4F4F4F4F 4F4F4F4F 
[TC_DEBUG]     [2560] 50505050 50505050 50505050 50505050 50505050 50505050 50505050 50505050 50505050 50505050 50505050 50505050 50505050 50505050 50505050 50505050 50505050 50505050 50505050 50505050 50505050 50505050 50505050 50505050 50505050 50505050 50505050 50505050 50505050 50505050 50505050 50505050 
[TC_DEBUG]     [2592] 51515151 51515151 51515151 51515151 51515151 51515151 51515151 51515151 51515151 51515151 51515151 51515151 51515151 51515151 51515151 51515151 51515151 51515151 51515151 51515151 51515151 51515151 51515151 51515151 51515151 51515151 51515151 51515151 51515151 51515151 51515151 51515151 
[TC_DEBUG]     [2624] 52525252 52525252 52525252 52525252 52525252 52525252 52525252 52525252 52525252 52525252 52525252 52525252 52525252 52525252 52525252 52525252 52525252 52525252 52525252 52525252 52525252 52525252 52525252 52525252 52525252 52525252 52525252 52525252 52525252 52525252 52525252 52525252 
[TC_DEBUG]     [2656] 53535353 53535353 53535353 53535353 53535353 53535353 53535353 53535353 53535353 53535353 53535353 53535353 53535353 53535353 53535353 53535353 53535353 53535353 53535353 53535353 53535353 53535353 53535353 53535353 53535353 53535353 53535353 53535353 53535353 53535353 53535353 53535353 
[TC_DEBUG]     [2688] 54545454 54545454 54545454 54545454 54545454 54545454 54545454 54545454 54545454 54545454 54545454 54545454 54545454 54545454 54545454 54545454 54545454 54545454 54545454 54545454 54545454 54545454 54545454 54545454 54545454 54545454 54545454 54545454 54545454 54545454 54545454 54545454 
[TC_DEBUG]     [2720] 55555555 55555555 55555555 55555555 55555555 55555555 55555555 55555555 55555555 55555555 55555555 55555555 55555555 55555555 55555555 55555555 55555555 55555555 55555555 55555555 55555555 55555555 55555555 55555555 55555555 55555555 55555555 55555555 55555555 55555555 55555555 55555555 
[TC_DEBUG]     [2752] 56565656 56565656 56565656 56565656 56565656 56565656 56565656 56565656 56565656 56565656 56565656 56565656 56565656 56565656 56565656 56565656 56565656 56565656 56565656 56565656 56565656 56565656 56565656 56565656 56565656 56565656 56565656 56565656 56565656 56565656 56565656 56565656 
[TC_DEBUG]     [2784] 57575757 57575757 57575757 57575757 57575757 57575757 57575757 57575757 57575757 57575757 57575757 57575757 57575757 57575757 57575757 57575757 57575757 57575757 57575757 57575757 57575757 57575757 57575757 57575757 57575757 57575757 57575757 57575757 57575757 57575757 57575757 57575757 
[TC_DEBUG]     [2816] 58585858 58585858 58585858 58585858 58585858 58585858 58585858 58585858 58585858 58585858 58585858 58585858 58585858 58585858 58585858 58585858 58585858 58585858 58585858 58585858 58585858 58585858 58585858 58585858 58585858 58585858 58585858 58585858 58585858 58585858 58585858 58585858 
[TC_DEBUG]     [2848] 59595959 59595959 59595959 59595959 59595959 59595959 59595959 59595959 59595959 59595959 59595959 59595959 59595959 59595959 59595959 59595959 59595959 59595959 59595959 59595959 59595959 59595959 59595959 59595959 59595959 59595959 59595959 59595959 59595959 59595959 59595959 59595959 
[TC_DEBUG]     [2880] 5A5A5A5A 5A5A5A5A 5A5A5A5A 5A5A5A5A 5A5A5A5A 5A5A5A5A 5A5A5A5A 5A5A5A5A 5A5A5A5A 5A5A5A5A 5A5A5A5A 5A5A5A5A 5A5A5A5A 5A5A5A5A 5A5A5A5A 5A5A5A5A 5A5A5A5A 5A5A5A5A 5A5A5A5A 5A5A5A5A 5A5A5A5A 5A5A5A5A 5A5A5A5A 5A5A5A5A 5A5A5A5A 5A5A5A5A 5A5A5A5A 5A5A5A5A 5A5A5A5A 5A5A5A5A 5A5A5A5A 5A5A5A5A 
[TC_DEBUG]     [2912] 5B5B5B5B 5B5B5B5B 5B5B5B5B 5B5B5B5B 5B5B5B5B 5B5B5B5B 5B5B5B5B 5B5B5B5B 5B5B5B5B 5B5B5B5B 5B5B5B5B 5B5B5B5B 5B5B5B5B 5B5B5B5B 5B5B5B5B 5B5B5B5B 5B5B5B5B 5B5B5B5B 5B5B5B5B 5B5B5B5B 5B5B5B5B 5B5B5B5B 5B5B5B5B 5B5B5B5B 5B5B5B5B 5B5B5B5B 5B5B5B5B 5B5B5B5B 5B5B5B5B 5B5B5B5B 5B5B5B5B 5B5B5B5B 
[TC_DEBUG]     [2944] 5C5C5C5C 5C5C5C5C 5C5C5C5C 5C5C5C5C 5C5C5C5C 5C5C5C5C 5C5C5C5C 5C5C5C5C 5C5C5C5C 5C5C5C5C 5C5C5C5C 5C5C5C5C 5C5C5C5C 5C5C5C5C 5C5C5C5C 5C5C5C5C 5C5C5C5C 5C5C5C5C 5C5C5C5C 5C5C5C5C 5C5C5C5C 5C5C5C5C 5C5C5C5C 5C5C5C5C 5C5C5C5C 5C5C5C5C 5C5C5C5C 5C5C5C5C 5C5C5C5C 5C5C5C5C 5C5C5C5C 5C5C5C5C 
[TC_DEBUG]     [2976] 5D5D5D5D 5D5D5D5D 5D5D5D5D 5D5D5D5D 5D5D5D5D 5D5D5D5D 5D5D5D5D 5D5D5D5D 5D5D5D5D 5D5D5D5D 5D5D5D5D 5D5D5D5D 5D5D5D5D 5D5D5D5D 5D5D5D5D 5D5D5D5D 5D5D5D5D 5D5D5D5D 5D5D5D5D 5D5D5D5D 5D5D5D5D 5D5D5D5D 5D5D5D5D 5D5D5D5D 5D5D5D5D 5D5D5D5D 5D5D5D5D 5D5D5D5D 5D5D5D5D 5D5D5D5D 5D5D5D5D 5D5D5D5D 
[TC_DEBUG]     [3008] 5E5E5E5E 5E5E5E5E 5E5E5E5E 5E5E5E5E 5E5E5E5E 5E5E5E5E 5E5E5E5E 5E5E5E5E 5E5E5E5E 5E5E5E5E 5E5E5E5E 5E5E5E5E 5E5E5E5E 5E5E5E5E 5E5E5E5E 5E5E5E5E 5E5E5E5E 5E5E5E5E 5E5E5E5E 5E5E5E5E 5E5E5E5E 5E5E5E5E 5E5E5E5E 5E5E5E5E 5E5E5E5E 5E5E5E5E 5E5E5E5E 5E5E5E5E 5E5E5E5E 5E5E5E5E 5E5E5E5E 5E5E5E5E 
[TC_DEBUG]     [3040] 5F5F5F5F 5F5F5F5F 5F5F5F5F 5F5F5F5F 5F5F5F5F 5F5F5F5F 5F5F5F5F 5F5F5F5F 5F5F5F5F 5F5F5F5F 5F5F5F5F 5F5F5F5F 5F5F5F5F 5F5F5F5F 5F5F5F5F 5F5F5F5F 5F5F5F5F 5F5F5F5F 5F5F5F5F 5F5F5F5F 5F5F5F5F 5F5F5F5F 5F5F5F5F 5F5F5F5F 5F5F5F5F 5F5F5F5F 5F5F5F5F 5F5F5F5F 5F5F5F5F 5F5F5F5F 5F5F5F5F 5F5F5F5F 
[TC_DEBUG]     [3072] 60606060 60606060 60606060 60606060 60606060 60606060 60606060 60606060 60606060 60606060 60606060 60606060 60606060 60606060 60606060 60606060 60606060 60606060 60606060 60606060 60606060 60606060 60606060 60606060 60606060 60606060 60606060 60606060 60606060 60606060 60606060 60606060 
[TC_DEBUG]     [3104] 61616161 61616161 61616161 61616161 61616161 61616161 61616161 61616161 61616161 61616161 61616161 61616161 61616161 61616161 61616161 61616161 61616161 61616161 61616161 61616161 61616161 61616161 61616161 61616161 61616161 61616161 61616161 61616161 61616161 61616161 61616161 61616161 
[TC_DEBUG]     [3136] 62626262 62626262 62626262 62626262 62626262 62626262 62626262 62626262 62626262 62626262 62626262 62626262 62626262 62626262 62626262 62626262 62626262 62626262 62626262 62626262 62626262 62626262 62626262 62626262 62626262 62626262 62626262 62626262 62626262 62626262 62626262 62626262 
[TC_DEBUG]     [3168] 63636363 63636363 63636363 63636363 63636363 63636363 63636363 63636363 63636363 63636363 63636363 63636363 63636363 63636363 63636363 63636363 63636363 63636363 63636363 63636363 63636363 63636363 63636363 63636363 63636363 63636363 63636363 63636363 63636363 63636363 63636363 63636363 
[TC_DEBUG]     [3200] 64646464 64646464 64646464 64646464 64646464 64646464 64646464 64646464 64646464 64646464 64646464 64646464 64646464 64646464 64646464 64646464 64646464 64646464 64646464 64646464 64646464 64646464 64646464 64646464 64646464 64646464 64646464 64646464 64646464 64646464 64646464 64646464 
[TC_DEBUG]     [3232] 65656565 65656565 65656565 65656565 65656565 65656565 65656565 65656565 65656565 65656565 65656565 65656565 65656565 65656565 65656565 65656565 65656565 65656565 65656565 65656565 65656565 65656565 65656565 65656565 65656565 65656565 65656565 65656565 65656565 65656565 65656565 65656565 
[TC_DEBUG]     [3264] 66666666 66666666 66666666 66666666 66666666 66666666 66666666 66666666 66666666 66666666 66666666 66666666 66666666 66666666 66666666 66666666 66666666 66666666 66666666 66666666 66666666 66666666 66666666 66666666 66666666 66666666 66666666 66666666 66666666 66666666 66666666 66666666 
[TC_DEBUG]     [3296] 67676767 67676767 67676767 67676767 67676767 67676767 67676767 67676767 67676767 67676767 67676767 67676767 67676767 67676767 67676767 67676767 67676767 67676767 67676767 67676767 67676767 67676767 67676767 67676767 67676767 67676767 67676767 67676767 67676767 67676767 67676767 67676767 
[TC_DEBUG]     [3328] 68686868 68686868 68686868 68686868 68686868 68686868 68686868 68686868 68686868 68686868 68686868 68686868 68686868 68686868 68686868 68686868 68686868 68686868 68686868 68686868 68686868 68686868 68686868 68686868 68686868 68686868 68686868 68686868 68686868 68686868 68686868 68686868 
[TC_DEBUG]     [3360] 69696969 69696969 69696969 69696969 69696969 69696969 69696969 69696969 69696969 69696969 69696969 69696969 69696969 69696969 69696969 69696969 69696969 69696969 69696969 69696969 69696969 69696969 69696969 69696969 69696969 69696969 69696969 69696969 69696969 69696969 69696969 69696969 
[TC_DEBUG]     [3392] 6A6A6A6A 6A6A6A6A 6A6A6A6A 6A6A6A6A 6A6A6A6A 6A6A6A6A 6A6A6A6A 6A6A6A6A 6A6A6A6A 6A6A6A6A 6A6A6A6A 6A6A6A6A 6A6A6A6A 6A6A6A6A 6A6A6A6A 6A6A6A6A 6A6A6A6A 6A6A6A6A 6A6A6A6A 6A6A6A6A 6A6A6A6A 6A6A6A6A 6A6A6A6A 6A6A6A6A 6A6A6A6A 6A6A6A6A 6A6A6A6A 6A6A6A6A 6A6A6A6A 6A6A6A6A 6A6A6A6A 6A6A6A6A 
[TC_DEBUG]     [3424] 6B6B6B6B 6B6B6B6B 6B6B6B6B 6B6B6B6B 6B6B6B6B 6B6B6B6B 6B6B6B6B 6B6B6B6B 6B6B6B6B 6B6B6B6B 6B6B6B6B 6B6B6B6B 6B6B6B6B 6B6B6B6B 6B6B6B6B 6B6B6B6B 6B6B6B6B 6B6B6B6B 6B6B6B6B 6B6B6B6B 6B6B6B6B 6B6B6B6B 6B6B6B6B 6B6B6B6B 6B6B6B6B 6B6B6B6B 6B6B6B6B 6B6B6B6B 6B6B6B6B 6B6B6B6B 6B6B6B6B 6B6B6B6B 
[TC_DEBUG]     [3456] 6C6C6C6C 6C6C6C6C 6C6C6C6C 6C6C6C6C 6C6C6C6C 6C6C6C6C 6C6C6C6C 6C6C6C6C 6C6C6C6C 6C6C6C6C 6C6C6C6C 6C6C6C6C 6C6C6C6C 6C6C6C6C 6C6C6C6C 6C6C6C6C 6C6C6C6C 6C6C6C6C 6C6C6C6C 6C6C6C6C 6C6C6C6C 6C6C6C6C 6C6C6C6C 6C6C6C6C 6C6C6C6C 6C6C6C6C 6C6C6C6C 6C6C6C6C 6C6C6C6C 6C6C6C6C 6C6C6C6C 6C6C6C6C 
[TC_DEBUG]     [3488] 6D6D6D6D 6D6D6D6D 6D6D6D6D 6D6D6D6D 6D6D6D6D 6D6D6D6D 6D6D6D6D 6D6D6D6D 6D6D6D6D 6D6D6D6D 6D6D6D6D 6D6D6D6D 6D6D6D6D 6D6D6D6D 6D6D6D6D 6D6D6D6D 6D6D6D6D 6D6D6D6D 6D6D6D6D 6D6D6D6D 6D6D6D6D 6D6D6D6D 6D6D6D6D 6D6D6D6D 6D6D6D6D 6D6D6D6D 6D6D6D6D 6D6D6D6D 6D6D6D6D 6D6D6D6D 6D6D6D6D 6D6D6D6D 
[TC_DEBUG]     [3520] 6E6E6E6E 6E6E6E6E 6E6E6E6E 6E6E6E6E 6E6E6E6E 6E6E6E6E 6E6E6E6E 6E6E6E6E 6E6E6E6E 6E6E6E6E 6E6E6E6E 6E6E6E6E 6E6E6E6E 6E6E6E6E 6E6E6E6E 6E6E6E6E 6E6E6E6E 6E6E6E6E 6E6E6E6E 6E6E6E6E 6E6E6E6E 6E6E6E6E 6E6E6E6E 6E6E6E6E 6E6E6E6E 6E6E6E6E 6E6E6E6E 6E6E6E6E 6E6E6E6E 6E6E6E6E 6E6E6E6E 6E6E6E6E 
[TC_DEBUG]     [3552] 6F6F6F6F 6F6F6F6F 6F6F6F6F 6F6F6F6F 6F6F6F6F 6F6F6F6F 6F6F6F6F 6F6F6F6F 6F6F6F6F 6F6F6F6F 6F6F6F6F 6F6F6F6F 6F6F6F6F 6F6F6F6F 6F6F6F6F 6F6F6F6F 6F6F6F6F 6F6F6F6F 6F6F6F6F 6F6F6F6F 6F6F6F6F 6F6F6F6F 6F6F6F6F 6F6F6F6F 6F6F6F6F 6F6F6F6F 6F6F6F6F 6F6F6F6F 6F6F6F6F 6F6F6F6F 6F6F6F6F 6F6F6F6F 
[TC_DEBUG]     [3584] 70707070 70707070 70707070 70707070 70707070 70707070 70707070 70707070 70707070 70707070 70707070 70707070 70707070 70707070 70707070 70707070 70707070 70707070 70707070 70707070 70707070 70707070 70707070 70707070 70707070 70707070 70707070 70707070 70707070 70707070 70707070 70707070 
[TC_DEBUG]     [3616] 71717171 71717171 71717171 71717171 71717171 71717171 71717171 71717171 71717171 71717171 71717171 71717171 71717171 71717171 71717171 71717171 71717171 71717171 71717171 71717171 71717171 71717171 71717171 71717171 71717171 71717171 71717171 71717171 71717171 71717171 71717171 71717171 
[TC_DEBUG]     [3648] 72727272 72727272 72727272 72727272 72727272 72727272 72727272 72727272 72727272 72727272 72727272 72727272 72727272 72727272 72727272 72727272 72727272 72727272 72727272 72727272 72727272 72727272 72727272 72727272 72727272 72727272 72727272 72727272 72727272 72727272 72727272 72727272 
[TC_DEBUG]     [3680] 73737373 73737373 73737373 73737373 73737373 73737373 73737373 73737373 73737373 73737373 73737373 73737373 73737373 73737373 73737373 73737373 73737373 73737373 73737373 73737373 73737373 73737373 73737373 73737373 73737373 73737373 73737373 73737373 73737373 73737373 73737373 73737373 
[TC_DEBUG]     [3712] 74747474 74747474 74747474 74747474 74747474 74747474 74747474 74747474 74747474 74747474 74747474 74747474 74747474 74747474 74747474 74747474 74747474 74747474 74747474 74747474 74747474 74747474 74747474 74747474 74747474 74747474 74747474 74747474 74747474 74747474 74747474 74747474 
[TC_DEBUG]     [3744] 75757575 75757575 75757575 75757575 75757575 75757575 75757575 75757575 75757575 75757575 75757575 75757575 75757575 75757575 75757575 75757575 75757575 75757575 75757575 75757575 75757575 75757575 75757575 75757575 75757575 75757575 75757575 75757575 75757575 75757575 75757575 75757575 
[TC_DEBUG]     [3776] 76767676 76767676 76767676 76767676 76767676 76767676 76767676 76767676 76767676 76767676 76767676 76767676 76767676 76767676 76767676 76767676 76767676 76767676 76767676 76767676 76767676 76767676 76767676 76767676 76767676 76767676 76767676 76767676 76767676 76767676 76767676 76767676 
[TC_DEBUG]     [3808] 77777777 77777777 77777777 77777777 77777777 77777777 77777777 77777777 77777777 77777777 77777777 77777777 77777777 77777777 77777777 77777777 77777777 77777777 77777777 77777777 77777777 77777777 77777777 77777777 77777777 77777777 77777777 77777777 77777777 77777777 77777777 77777777 
[TC_DEBUG]     [3840] 78787878 78787878 78787878 78787878 78787878 78787878 78787878 78787878 78787878 78787878 78787878 78787878 78787878 78787878 78787878 78787878 78787878 78787878 78787878 78787878 78787878 78787878 78787878 78787878 78787878 78787878 78787878 78787878 78787878 78787878 78787878 78787878 
[TC_DEBUG]     [3872] 79797979 79797979 79797979 79797979 79797979 79797979 79797979 79797979 79797979 79797979 79797979 79797979 79797979 79797979 79797979 79797979 79797979 79797979 79797979 79797979 79797979 79797979 79797979 79797979 79797979 79797979 79797979 79797979 79797979 79797979 79797979 79797979 
[TC_DEBUG]     [3904] 7A7A7A7A 7A7A7A7A 7A7A7A7A 7A7A7A7A 7A7A7A7A 7A7A7A7A 7A7A7A7A 7A7A7A7A 7A7A7A7A 7A7A7A7A 7A7A7A7A 7A7A7A7A 7A7A7A7A 7A7A7A7A 7A7A7A7A 7A7A7A7A 7A7A7A7A 7A7A7A7A 7A7A7A7A 7A7A7A7A 7A7A7A7A 7A7A7A7A 7A7A7A7A 7A7A7A7A 7A7A7A7A 7A7A7A7A 7A7A7A7A 7A7A7A7A 7A7A7A7A 7A7A7A7A 7A7A7A7A 7A7A7A7A 
[TC_DEBUG]     [3936] 7B7B7B7B 7B7B7B7B 7B7B7B7B 7B7B7B7B 7B7B7B7B 7B7B7B7B 7B7B7B7B 7B7B7B7B 7B7B7B7B 7B7B7B7B 7B7B7B7B 7B7B7B7B 7B7B7B7B 7B7B7B7B 7B7B7B7B 7B7B7B7B 7B7B7B7B 7B7B7B7B 7B7B7B7B 7B7B7B7B 7B7B7B7B 7B7B7B7B 7B7B7B7B 7B7B7B7B 7B7B7B7B 7B7B7B7B 7B7B7B7B 7B7B7B7B 7B7B7B7B 7B7B7B7B 7B7B7B7B 7B7B7B7B 
[TC_DEBUG]     [3968] 7C7C7C7C 7C7C7C7C 7C7C7C7C 7C7C7C7C 7C7C7C7C 7C7C7C7C 7C7C7C7C 7C7C7C7C 7C7C7C7C 7C7C7C7C 7C7C7C7C 7C7C7C7C 7C7C7C7C 7C7C7C7C 7C7C7C7C 7C7C7C7C 7C7C7C7C 7C7C7C7C 7C7C7C7C 7C7C7C7C 7C7C7C7C 7C7C7C7C 7C7C7C7C 7C7C7C7C 7C7C7C7C 7C7C7C7C 7C7C7C7C 7C7C7C7C 7C7C7C7C 7C7C7C7C 7C7C7C7C 7C7C7C7C 
[TC_DEBUG]     [4000] 7D7D7D7D 7D7D7D7D 7D7D7D7D 7D7D7D7D 7D7D7D7D 7D7D7D7D 7D7D7D7D 7D7D7D7D 7D7D7D7D 7D7D7D7D 7D7D7D7D 7D7D7D7D 7D7D7D7D 7D7D7D7D 7D7D7D7D 7D7D7D7D 7D7D7D7D 7D7D7D7D 7D7D7D7D 7D7D7D7D 7D7D7D7D 7D7D7D7D 7D7D7D7D 7D7D7D7D 7D7D7D7D 7D7D7D7D 7D7D7D7D 7D7D7D7D 7D7D7D7D 7D7D7D7D 7D7D7D7D 7D7D7D7D 
[TC_DEBUG]     [4032] 7E7E7E7E 7E7E7E7E 7E7E7E7E 7E7E7E7E 7E7E7E7E 7E7E7E7E 7E7E7E7E 7E7E7E7E 7E7E7E7E 7E7E7E7E 7E7E7E7E 7E7E7E7E 7E7E7E7E 7E7E7E7E 7E7E7E7E 7E7E7E7E 7E7E7E7E 7E7E7E7E 7E7E7E7E 7E7E7E7E 7E7E7E7E 7E7E7E7E 7E7E7E7E 7E7E7E7E 7E7E7E7E 7E7E7E7E 7E7E7E7E 7E7E7E7E 7E7E7E7E 7E7E7E7E 7E7E7E7E 7E7E7E7E 
[TC_DEBUG]     [4064] 7F7F7F7F 7F7F7F7F 7F7F7F7F 7F7F7F7F 7F7F7F7F 7F7F7F7F 7F7F7F7F 7F7F7F7F 7F7F7F7F 7F7F7F7F 7F7F7F7F 7F7F7F7F 7F7F7F7F 7F7F7F7F 7F7F7F7F 7F7F7F7F 7F7F7F7F 7F7F7F7F 7F7F7F7F 7F7F7F7F 7F7F7F7F 7F7F7F7F 7F7F7F7F 7F7F7F7F 7F7F7F7F 7F7F7F7F 7F7F7F7F 7F7F7F7F 7F7F7F7F 7F7F7F7F 7F7F7F7F 7F7F7F7F 
[TC] tc.quant         PC=0x80000344  Encoding=0x121B39DB
[TC_DEBUG]   QuantReg (4096 int64 elements):
[TC_DEBUG]     [0000] 0000000000000000 0000000000000000 0000000000000000 0000000000000000 0000000000000000 0000000000000000 0000000000000000 0000000000000000 0000000000000000 0000000000000000 0000000000000000 0000000000000000 0000000000000000 0000000000000000 0000000000000000 0000000000000000 0000000000000000 0000000000000000 0000000000000000 0000000000000000 0000000000000000 0000000000000000 0000000000000000 0000000000000000 0000000000000000 0000000000000000 0000000000000000 0000000000000000 0000000000000000 0000000000000000 0000000000000000 0000000000000000 
[TC_DEBUG]     [0032] 0000000001010101 0000000001010101 0000000001010101 0000000001010101 0000000001010101 0000000001010101 0000000001010101 0000000001010101 0000000001010101 0000000001010101 0000000001010101 0000000001010101 0000000001010101 0000000001010101 0000000001010101 0000000001010101 0000000001010101 0000000001010101 0000000001010101 0000000001010101 0000000001010101 0000000001010101 0000000001010101 0000000001010101 0000000001010101 0000000001010101 0000000001010101 0000000001010101 0000000001010101 0000000001010101 0000000001010101 0000000001010101 
[TC_DEBUG]     [0064] 0000000004040404 0000000004040404 0000000004040404 0000000004040404 0000000004040404 0000000004040404 0000000004040404 0000000004040404 0000000004040404 0000000004040404 0000000004040404 0000000004040404 0000000004040404 0000000004040404 0000000004040404 0000000004040404 0000000004040404 0000000004040404 0000000004040404 0000000004040404 0000000004040404 0000000004040404 0000000004040404 0000000004040404 0000000004040404 0000000004040404 0000000004040404 0000000004040404 0000000004040404 0000000004040404 0000000004040404 0000000004040404 
[TC_DEBUG]     [0096] 0000000009090909 0000000009090909 0000000009090909 0000000009090909 0000000009090909 0000000009090909 0000000009090909 0000000009090909 0000000009090909 0000000009090909 0000000009090909 0000000009090909 0000000009090909 0000000009090909 0000000009090909 0000000009090909 0000000009090909 0000000009090909 0000000009090909 0000000009090909 0000000009090909 0000000009090909 0000000009090909 0000000009090909 0000000009090909 0000000009090909 0000000009090909 0000000009090909 0000000009090909 0000000009090909 0000000009090909 0000000009090909 
[TC_DEBUG]     [0128] 0000000010101010 0000000010101010 0000000010101010 0000000010101010 0000000010101010 0000000010101010 0000000010101010 0000000010101010 0000000010101010 0000000010101010 0000000010101010 0000000010101010 0000000010101010 0000000010101010 0000000010101010 0000000010101010 0000000010101010 0000000010101010 0000000010101010 0000000010101010 0000000010101010 0000000010101010 0000000010101010 0000000010101010 0000000010101010 0000000010101010 0000000010101010 0000000010101010 0000000010101010 0000000010101010 0000000010101010 0000000010101010 
[TC_DEBUG]     [0160] 0000000019191919 0000000019191919 0000000019191919 0000000019191919 0000000019191919 0000000019191919 0000000019191919 0000000019191919 0000000019191919 0000000019191919 0000000019191919 0000000019191919 0000000019191919 0000000019191919 0000000019191919 0000000019191919 0000000019191919 0000000019191919 0000000019191919 0000000019191919 0000000019191919 0000000019191919 0000000019191919 0000000019191919 0000000019191919 0000000019191919 0000000019191919 0000000019191919 0000000019191919 0000000019191919 0000000019191919 0000000019191919 
[TC_DEBUG]     [0192] 0000000024242424 0000000024242424 0000000024242424 0000000024242424 0000000024242424 0000000024242424 0000000024242424 0000000024242424 0000000024242424 0000000024242424 0000000024242424 0000000024242424 0000000024242424 0000000024242424 0000000024242424 0000000024242424 0000000024242424 0000000024242424 0000000024242424 0000000024242424 0000000024242424 0000000024242424 0000000024242424 0000000024242424 0000000024242424 0000000024242424 0000000024242424 0000000024242424 0000000024242424 0000000024242424 0000000024242424 0000000024242424 
[TC_DEBUG]     [0224] 0000000031313131 0000000031313131 0000000031313131 0000000031313131 0000000031313131 0000000031313131 0000000031313131 0000000031313131 0000000031313131 0000000031313131 0000000031313131 0000000031313131 0000000031313131 0000000031313131 0000000031313131 0000000031313131 0000000031313131 0000000031313131 0000000031313131 0000000031313131 0000000031313131 0000000031313131 0000000031313131 0000000031313131 0000000031313131 0000000031313131 0000000031313131 0000000031313131 0000000031313131 0000000031313131 0000000031313131 0000000031313131 
[TC_DEBUG]     [0256] 0000000040404040 0000000040404040 0000000040404040 0000000040404040 0000000040404040 0000000040404040 0000000040404040 0000000040404040 0000000040404040 0000000040404040 0000000040404040 0000000040404040 0000000040404040 0000000040404040 0000000040404040 0000000040404040 0000000040404040 0000000040404040 0000000040404040 0000000040404040 0000000040404040 0000000040404040 0000000040404040 0000000040404040 0000000040404040 0000000040404040 0000000040404040 0000000040404040 0000000040404040 0000000040404040 0000000040404040 0000000040404040 
[TC_DEBUG]     [0288] 0000000051515151 0000000051515151 0000000051515151 0000000051515151 0000000051515151 0000000051515151 0000000051515151 0000000051515151 0000000051515151 0000000051515151 0000000051515151 0000000051515151 0000000051515151 0000000051515151 0000000051515151 0000000051515151 0000000051515151 0000000051515151 0000000051515151 0000000051515151 0000000051515151 0000000051515151 0000000051515151 0000000051515151 0000000051515151 0000000051515151 0000000051515151 0000000051515151 0000000051515151 0000000051515151 0000000051515151 0000000051515151 
[TC_DEBUG]     [0320] 0000000064646464 0000000064646464 0000000064646464 0000000064646464 0000000064646464 0000000064646464 0000000064646464 0000000064646464 0000000064646464 0000000064646464 0000000064646464 0000000064646464 0000000064646464 0000000064646464 0000000064646464 0000000064646464 0000000064646464 0000000064646464 0000000064646464 0000000064646464 0000000064646464 0000000064646464 0000000064646464 0000000064646464 0000000064646464 0000000064646464 0000000064646464 0000000064646464 0000000064646464 0000000064646464 0000000064646464 0000000064646464 
[TC_DEBUG]     [0352] 0000000079797979 0000000079797979 0000000079797979 0000000079797979 0000000079797979 0000000079797979 0000000079797979 0000000079797979 0000000079797979 0000000079797979 0000000079797979 0000000079797979 0000000079797979 0000000079797979 0000000079797979 0000000079797979 0000000079797979 0000000079797979 0000000079797979 0000000079797979 0000000079797979 0000000079797979 0000000079797979 0000000079797979 0000000079797979 0000000079797979 0000000079797979 0000000079797979 0000000079797979 0000000079797979 0000000079797979 0000000079797979 
[TC_DEBUG]     [0384] 0000000090909090 0000000090909090 0000000090909090 0000000090909090 0000000090909090 0000000090909090 0000000090909090 0000000090909090 0000000090909090 0000000090909090 0000000090909090 0000000090909090 0000000090909090 0000000090909090 0000000090909090 0000000090909090 0000000090909090 0000000090909090 0000000090909090 0000000090909090 0000000090909090 0000000090909090 0000000090909090 0000000090909090 0000000090909090 0000000090909090 0000000090909090 0000000090909090 0000000090909090 0000000090909090 0000000090909090 0000000090909090 
[TC_DEBUG]     [0416] 00000000A9A9A9A9 00000000A9A9A9A9 00000000A9A9A9A9 00000000A9A9A9A9 00000000A9A9A9A9 00000000A9A9A9A9 00000000A9A9A9A9 00000000A9A9A9A9 00000000A9A9A9A9 00000000A9A9A9A9 00000000A9A9A9A9 00000000A9A9A9A9 00000000A9A9A9A9 00000000A9A9A9A9 00000000A9A9A9A9 00000000A9A9A9A9 00000000A9A9A9A9 00000000A9A9A9A9 00000000A9A9A9A9 00000000A9A9A9A9 00000000A9A9A9A9 00000000A9A9A9A9 00000000A9A9A9A9 00000000A9A9A9A9 00000000A9A9A9A9 00000000A9A9A9A9 00000000A9A9A9A9 00000000A9A9A9A9 00000000A9A9A9A9 00000000A9A9A9A9 00000000A9A9A9A9 00000000A9A9A9A9 
[TC_DEBUG]     [0448] 00000000C4C4C4C4 00000000C4C4C4C4 00000000C4C4C4C4 00000000C4C4C4C4 00000000C4C4C4C4 00000000C4C4C4C4 00000000C4C4C4C4 00000000C4C4C4C4 00000000C4C4C4C4 00000000C4C4C4C4 00000000C4C4C4C4 00000000C4C4C4C4 00000000C4C4C4C4 00000000C4C4C4C4 00000000C4C4C4C4 00000000C4C4C4C4 00000000C4C4C4C4 00000000C4C4C4C4 00000000C4C4C4C4 00000000C4C4C4C4 00000000C4C4C4C4 00000000C4C4C4C4 00000000C4C4C4C4 00000000C4C4C4C4 00000000C4C4C4C4 00000000C4C4C4C4 00000000C4C4C4C4 00000000C4C4C4C4 00000000C4C4C4C4 00000000C4C4C4C4 00000000C4C4C4C4 00000000C4C4C4C4 
[TC_DEBUG]     [0480] 00000000E1E1E1E1 00000000E1E1E1E1 00000000E1E1E1E1 00000000E1E1E1E1 00000000E1E1E1E1 00000000E1E1E1E1 00000000E1E1E1E1 00000000E1E1E1E1 00000000E1E1E1E1 00000000E1E1E1E1 00000000E1E1E1E1 00000000E1E1E1E1 00000000E1E1E1E1 00000000E1E1E1E1 00000000E1E1E1E1 00000000E1E1E1E1 00000000E1E1E1E1 00000000E1E1E1E1 00000000E1E1E1E1 00000000E1E1E1E1 00000000E1E1E1E1 00000000E1E1E1E1 00000000E1E1E1E1 00000000E1E1E1E1 00000000E1E1E1E1 00000000E1E1E1E1 00000000E1E1E1E1 00000000E1E1E1E1 00000000E1E1E1E1 00000000E1E1E1E1 00000000E1E1E1E1 00000000E1E1E1E1 
[TC_DEBUG]     [0512] 0000000101010100 0000000101010100 0000000101010100 0000000101010100 0000000101010100 0000000101010100 0000000101010100 0000000101010100 0000000101010100 0000000101010100 0000000101010100 0000000101010100 0000000101010100 0000000101010100 0000000101010100 0000000101010100 0000000101010100 0000000101010100 0000000101010100 0000000101010100 0000000101010100 0000000101010100 0000000101010100 0000000101010100 0000000101010100 0000000101010100 0000000101010100 0000000101010100 0000000101010100 0000000101010100 0000000101010100 0000000101010100 
[TC_DEBUG]     [0544] 0000000122222221 0000000122222221 0000000122222221 0000000122222221 0000000122222221 0000000122222221 0000000122222221 0000000122222221 0000000122222221 0000000122222221 0000000122222221 0000000122222221 0000000122222221 0000000122222221 0000000122222221 0000000122222221 0000000122222221 0000000122222221 0000000122222221 0000000122222221 0000000122222221 0000000122222221 0000000122222221 0000000122222221 0000000122222221 0000000122222221 0000000122222221 0000000122222221 0000000122222221 0000000122222221 0000000122222221 0000000122222221 
[TC_DEBUG]     [0576] 0000000145454544 0000000145454544 0000000145454544 0000000145454544 0000000145454544 0000000145454544 0000000145454544 0000000145454544 0000000145454544 0000000145454544 0000000145454544 0000000145454544 0000000145454544 0000000145454544 0000000145454544 0000000145454544 0000000145454544 0000000145454544 0000000145454544 0000000145454544 0000000145454544 0000000145454544 0000000145454544 0000000145454544 0000000145454544 0000000145454544 0000000145454544 0000000145454544 0000000145454544 0000000145454544 0000000145454544 0000000145454544 
[TC_DEBUG]     [0608] 000000016A6A6A69 000000016A6A6A69 000000016A6A6A69 000000016A6A6A69 000000016A6A6A69 000000016A6A6A69 000000016A6A6A69 000000016A6A6A69 000000016A6A6A69 000000016A6A6A69 000000016A6A6A69 000000016A6A6A69 000000016A6A6A69 000000016A6A6A69 000000016A6A6A69 000000016A6A6A69 000000016A6A6A69 000000016A6A6A69 000000016A6A6A69 000000016A6A6A69 000000016A6A6A69 000000016A6A6A69 000000016A6A6A69 000000016A6A6A69 000000016A6A6A69 000000016A6A6A69 000000016A6A6A69 000000016A6A6A69 000000016A6A6A69 000000016A6A6A69 000000016A6A6A69 000000016A6A6A69 
[TC_DEBUG]     [0640] 0000000191919190 0000000191919190 0000000191919190 0000000191919190 0000000191919190 0000000191919190 0000000191919190 0000000191919190 0000000191919190 0000000191919190 0000000191919190 0000000191919190 0000000191919190 0000000191919190 0000000191919190 0000000191919190 0000000191919190 0000000191919190 0000000191919190 0000000191919190 0000000191919190 0000000191919190 0000000191919190 0000000191919190 0000000191919190 0000000191919190 0000000191919190 0000000191919190 0000000191919190 0000000191919190 0000000191919190 0000000191919190 
[TC_DEBUG]     [0672] 00000001BABABAB9 00000001BABABAB9 00000001BABABAB9 00000001BABABAB9 00000001BABABAB9 00000001BABABAB9 00000001BABABAB9 00000001BABABAB9 00000001BABABAB9 00000001BABABAB9 00000001BABABAB9 00000001BABABAB9 00000001BABABAB9 00000001BABABAB9 00000001BABABAB9 00000001BABABAB9 00000001BABABAB9 00000001BABABAB9 00000001BABABAB9 00000001BABABAB9 00000001BABABAB9 00000001BABABAB9 00000001BABABAB9 00000001BABABAB9 00000001BABABAB9 00000001BABABAB9 00000001BABABAB9 00000001BABABAB9 00000001BABABAB9 00000001BABABAB9 00000001BABABAB9 00000001BABABAB9 
[TC_DEBUG]     [0704] 00000001E5E5E5E4 00000001E5E5E5E4 00000001E5E5E5E4 00000001E5E5E5E4 00000001E5E5E5E4 00000001E5E5E5E4 00000001E5E5E5E4 00000001E5E5E5E4 00000001E5E5E5E4 00000001E5E5E5E4 00000001E5E5E5E4 00000001E5E5E5E4 00000001E5E5E5E4 00000001E5E5E5E4 00000001E5E5E5E4 00000001E5E5E5E4 00000001E5E5E5E4 00000001E5E5E5E4 00000001E5E5E5E4 00000001E5E5E5E4 00000001E5E5E5E4 00000001E5E5E5E4 00000001E5E5E5E4 00000001E5E5E5E4 00000001E5E5E5E4 00000001E5E5E5E4 00000001E5E5E5E4 00000001E5E5E5E4 00000001E5E5E5E4 00000001E5E5E5E4 00000001E5E5E5E4 00000001E5E5E5E4 
[TC_DEBUG]     [0736] 0000000213131311 0000000213131311 0000000213131311 0000000213131311 0000000213131311 0000000213131311 0000000213131311 0000000213131311 0000000213131311 0000000213131311 0000000213131311 0000000213131311 0000000213131311 0000000213131311 0000000213131311 0000000213131311 0000000213131311 0000000213131311 0000000213131311 0000000213131311 0000000213131311 0000000213131311 0000000213131311 0000000213131311 0000000213131311 0000000213131311 0000000213131311 0000000213131311 0000000213131311 0000000213131311 0000000213131311 0000000213131311 
[TC_DEBUG]     [0768] 0000000242424240 0000000242424240 0000000242424240 0000000242424240 0000000242424240 0000000242424240 0000000242424240 0000000242424240 0000000242424240 0000000242424240 0000000242424240 0000000242424240 0000000242424240 0000000242424240 0000000242424240 0000000242424240 0000000242424240 0000000242424240 0000000242424240 0000000242424240 0000000242424240 0000000242424240 0000000242424240 0000000242424240 0000000242424240 0000000242424240 0000000242424240 0000000242424240 0000000242424240 0000000242424240 0000000242424240 0000000242424240 
[TC_DEBUG]     [0800] 0000000273737371 0000000273737371 0000000273737371 0000000273737371 0000000273737371 0000000273737371 0000000273737371 0000000273737371 0000000273737371 0000000273737371 0000000273737371 0000000273737371 0000000273737371 0000000273737371 0000000273737371 0000000273737371 0000000273737371 0000000273737371 0000000273737371 0000000273737371 0000000273737371 0000000273737371 0000000273737371 0000000273737371 0000000273737371 0000000273737371 0000000273737371 0000000273737371 0000000273737371 0000000273737371 0000000273737371 0000000273737371 
[TC_DEBUG]     [0832] 00000002A6A6A6A4 00000002A6A6A6A4 00000002A6A6A6A4 00000002A6A6A6A4 00000002A6A6A6A4 00000002A6A6A6A4 00000002A6A6A6A4 00000002A6A6A6A4 00000002A6A6A6A4 00000002A6A6A6A4 00000002A6A6A6A4 00000002A6A6A6A4 00000002A6A6A6A4 00000002A6A6A6A4 00000002A6A6A6A4 00000002A6A6A6A4 00000002A6A6A6A4 00000002A6A6A6A4 00000002A6A6A6A4 00000002A6A6A6A4 00000002A6A6A6A4 00000002A6A6A6A4 00000002A6A6A6A4 00000002A6A6A6A4 00000002A6A6A6A4 00000002A6A6A6A4 00000002A6A6A6A4 00000002A6A6A6A4 00000002A6A6A6A4 00000002A6A6A6A4 00000002A6A6A6A4 00000002A6A6A6A4 
[TC_DEBUG]     [0864] 00000002DBDBDBD9 00000002DBDBDBD9 00000002DBDBDBD9 00000002DBDBDBD9 00000002DBDBDBD9 00000002DBDBDBD9 00000002DBDBDBD9 00000002DBDBDBD9 00000002DBDBDBD9 00000002DBDBDBD9 00000002DBDBDBD9 00000002DBDBDBD9 00000002DBDBDBD9 00000002DBDBDBD9 00000002DBDBDBD9 00000002DBDBDBD9 00000002DBDBDBD9 00000002DBDBDBD9 00000002DBDBDBD9 00000002DBDBDBD9 00000002DBDBDBD9 00000002DBDBDBD9 00000002DBDBDBD9 00000002DBDBDBD9 00000002DBDBDBD9 00000002DBDBDBD9 00000002DBDBDBD9 00000002DBDBDBD9 00000002DBDBDBD9 00000002DBDBDBD9 00000002DBDBDBD9 00000002DBDBDBD9 
[TC_DEBUG]     [0896] 0000000313131310 0000000313131310 0000000313131310 0000000313131310 0000000313131310 0000000313131310 0000000313131310 0000000313131310 0000000313131310 0000000313131310 0000000313131310 0000000313131310 0000000313131310 0000000313131310 0000000313131310 0000000313131310 0000000313131310 0000000313131310 0000000313131310 0000000313131310 0000000313131310 0000000313131310 0000000313131310 0000000313131310 0000000313131310 0000000313131310 0000000313131310 0000000313131310 0000000313131310 0000000313131310 0000000313131310 0000000313131310 
[TC_DEBUG]     [0928] 000000034C4C4C49 000000034C4C4C49 000000034C4C4C49 000000034C4C4C49 000000034C4C4C49 000000034C4C4C49 000000034C4C4C49 000000034C4C4C49 000000034C4C4C49 000000034C4C4C49 000000034C4C4C49 000000034C4C4C49 000000034C4C4C49 000000034C4C4C49 000000034C4C4C49 000000034C4C4C49 000000034C4C4C49 000000034C4C4C49 000000034C4C4C49 000000034C4C4C49 000000034C4C4C49 000000034C4C4C49 000000034C4C4C49 000000034C4C4C49 000000034C4C4C49 000000034C4C4C49 000000034C4C4C49 000000034C4C4C49 000000034C4C4C49 000000034C4C4C49 000000034C4C4C49 000000034C4C4C49 
[TC_DEBUG]     [0960] 0000000387878784 0000000387878784 0000000387878784 0000000387878784 0000000387878784 0000000387878784 0000000387878784 0000000387878784 0000000387878784 0000000387878784 0000000387878784 0000000387878784 0000000387878784 0000000387878784 0000000387878784 0000000387878784 0000000387878784 0000000387878784 0000000387878784 0000000387878784 0000000387878784 0000000387878784 0000000387878784 0000000387878784 0000000387878784 0000000387878784 0000000387878784 0000000387878784 0000000387878784 0000000387878784 0000000387878784 0000000387878784 
[TC_DEBUG]     [0992] 00000003C4C4C4C1 00000003C4C4C4C1 00000003C4C4C4C1 00000003C4C4C4C1 00000003C4C4C4C1 00000003C4C4C4C1 00000003C4C4C4C1 00000003C4C4C4C1 00000003C4C4C4C1 00000003C4C4C4C1 00000003C4C4C4C1 00000003C4C4C4C1 00000003C4C4C4C1 00000003C4C4C4C1 00000003C4C4C4C1 00000003C4C4C4C1 00000003C4C4C4C1 00000003C4C4C4C1 00000003C4C4C4C1 00000003C4C4C4C1 00000003C4C4C4C1 00000003C4C4C4C1 00000003C4C4C4C1 00000003C4C4C4C1 00000003C4C4C4C1 00000003C4C4C4C1 00000003C4C4C4C1 00000003C4C4C4C1 00000003C4C4C4C1 00000003C4C4C4C1 00000003C4C4C4C1 00000003C4C4C4C1 
[TC_DEBUG]     [1024] 0000000000000000 0000000000000000 0000000000000000 0000000000000000 0000000000000000 0000000000000000 0000000000000000 0000000000000000 0000000000000000 0000000000000000 0000000000000000 0000000000000000 0000000000000000 0000000000000000 0000000000000000 0000000000000000 0000000000000000 0000000000000000 0000000000000000 0000000000000000 0000000000000000 0000000000000000 0000000000000000 0000000000000000 0000000000000000 0000000000000000 0000000000000000 0000000000000000 0000000000000000 0000000000000000 0000000000000000 0000000000000000 
[TC_DEBUG]     [1056] 0000000021212121 0000000021212121 0000000021212121 0000000021212121 0000000021212121 0000000021212121 0000000021212121 0000000021212121 0000000021212121 0000000021212121 0000000021212121 0000000021212121 0000000021212121 0000000021212121 0000000021212121 0000000021212121 0000000021212121 0000000021212121 0000000021212121 0000000021212121 0000000021212121 0000000021212121 0000000021212121 0000000021212121 0000000021212121 0000000021212121 0000000021212121 0000000021212121 0000000021212121 0000000021212121 0000000021212121 0000000021212121 
[TC_DEBUG]     [1088] 0000000044444444 0000000044444444 0000000044444444 0000000044444444 0000000044444444 0000000044444444 0000000044444444 0000000044444444 0000000044444444 0000000044444444 0000000044444444 0000000044444444 0000000044444444 0000000044444444 0000000044444444 0000000044444444 0000000044444444 0000000044444444 0000000044444444 0000000044444444 0000000044444444 0000000044444444 0000000044444444 0000000044444444 0000000044444444 0000000044444444 0000000044444444 0000000044444444 0000000044444444 0000000044444444 0000000044444444 0000000044444444 
[TC_DEBUG]     [1120] 0000000069696969 0000000069696969 0000000069696969 0000000069696969 0000000069696969 0000000069696969 0000000069696969 0000000069696969 0000000069696969 0000000069696969 0000000069696969 0000000069696969 0000000069696969 0000000069696969 0000000069696969 0000000069696969 0000000069696969 0000000069696969 0000000069696969 0000000069696969 0000000069696969 0000000069696969 0000000069696969 0000000069696969 0000000069696969 0000000069696969 0000000069696969 0000000069696969 0000000069696969 0000000069696969 0000000069696969 0000000069696969 
[TC_DEBUG]     [1152] 0000000090909090 0000000090909090 0000000090909090 0000000090909090 0000000090909090 0000000090909090 0000000090909090 0000000090909090 0000000090909090 0000000090909090 0000000090909090 0000000090909090 0000000090909090 0000000090909090 0000000090909090 0000000090909090 0000000090909090 0000000090909090 0000000090909090 0000000090909090 0000000090909090 0000000090909090 0000000090909090 0000000090909090 0000000090909090 0000000090909090 0000000090909090 0000000090909090 0000000090909090 0000000090909090 0000000090909090 0000000090909090 
[TC_DEBUG]     [1184] 00000000B9B9B9B9 00000000B9B9B9B9 00000000B9B9B9B9 00000000B9B9B9B9 00000000B9B9B9B9 00000000B9B9B9B9 00000000B9B9B9B9 00000000B9B9B9B9 00000000B9B9B9B9 00000000B9B9B9B9 00000000B9B9B9B9 00000000B9B9B9B9 00000000B9B9B9B9 00000000B9B9B9B9 00000000B9B9B9B9 00000000B9B9B9B9 00000000B9B9B9B9 00000000B9B9B9B9 00000000B9B9B9B9 00000000B9B9B9B9 00000000B9B9B9B9 00000000B9B9B9B9 00000000B9B9B9B9 00000000B9B9B9B9 00000000B9B9B9B9 00000000B9B9B9B9 00000000B9B9B9B9 00000000B9B9B9B9 00000000B9B9B9B9 00000000B9B9B9B9 00000000B9B9B9B9 00000000B9B9B9B9 
[TC_DEBUG]     [1216] 00000000E4E4E4E4 00000000E4E4E4E4 00000000E4E4E4E4 00000000E4E4E4E4 00000000E4E4E4E4 00000000E4E4E4E4 00000000E4E4E4E4 00000000E4E4E4E4 00000000E4E4E4E4 00000000E4E4E4E4 00000000E4E4E4E4 00000000E4E4E4E4 00000000E4E4E4E4 00000000E4E4E4E4 00000000E4E4E4E4 00000000E4E4E4E4 00000000E4E4E4E4 00000000E4E4E4E4 00000000E4E4E4E4 00000000E4E4E4E4 00000000E4E4E4E4 00000000E4E4E4E4 00000000E4E4E4E4 00000000E4E4E4E4 00000000E4E4E4E4 00000000E4E4E4E4 00000000E4E4E4E4 00000000E4E4E4E4 00000000E4E4E4E4 00000000E4E4E4E4 00000000E4E4E4E4 00000000E4E4E4E4 
[TC_DEBUG]     [1248] 0000000112121211 0000000112121211 0000000112121211 0000000112121211 0000000112121211 0000000112121211 0000000112121211 0000000112121211 0000000112121211 0000000112121211 0000000112121211 0000000112121211 0000000112121211 0000000112121211 0000000112121211 0000000112121211 0000000112121211 0000000112121211 0000000112121211 0000000112121211 0000000112121211 0000000112121211 0000000112121211 0000000112121211 0000000112121211 0000000112121211 0000000112121211 0000000112121211 0000000112121211 0000000112121211 0000000112121211 0000000112121211 
[TC_DEBUG]     [1280] 0000000141414140 0000000141414140 0000000141414140 0000000141414140 0000000141414140 0000000141414140 0000000141414140 0000000141414140 0000000141414140 0000000141414140 0000000141414140 0000000141414140 0000000141414140 0000000141414140 0000000141414140 0000000141414140 0000000141414140 0000000141414140 0000000141414140 0000000141414140 0000000141414140 0000000141414140 0000000141414140 0000000141414140 0000000141414140 0000000141414140 0000000141414140 0000000141414140 0000000141414140 0000000141414140 0000000141414140 0000000141414140 
[TC_DEBUG]     [1312] 0000000172727271 0000000172727271 0000000172727271 0000000172727271 0000000172727271 0000000172727271 0000000172727271 0000000172727271 0000000172727271 0000000172727271 0000000172727271 0000000172727271 0000000172727271 0000000172727271 0000000172727271 0000000172727271 0000000172727271 0000000172727271 0000000172727271 0000000172727271 0000000172727271 0000000172727271 0000000172727271 0000000172727271 0000000172727271 0000000172727271 0000000172727271 0000000172727271 0000000172727271 0000000172727271 0000000172727271 0000000172727271 
[TC_DEBUG]     [1344] 00000001A5A5A5A4 00000001A5A5A5A4 00000001A5A5A5A4 00000001A5A5A5A4 00000001A5A5A5A4 00000001A5A5A5A4 00000001A5A5A5A4 00000001A5A5A5A4 00000001A5A5A5A4 00000001A5A5A5A4 00000001A5A5A5A4 00000001A5A5A5A4 00000001A5A5A5A4 00000001A5A5A5A4 00000001A5A5A5A4 00000001A5A5A5A4 00000001A5A5A5A4 00000001A5A5A5A4 00000001A5A5A5A4 00000001A5A5A5A4 00000001A5A5A5A4 00000001A5A5A5A4 00000001A5A5A5A4 00000001A5A5A5A4 00000001A5A5A5A4 00000001A5A5A5A4 00000001A5A5A5A4 00000001A5A5A5A4 00000001A5A5A5A4 00000001A5A5A5A4 00000001A5A5A5A4 00000001A5A5A5A4 
[TC_DEBUG]     [1376] 00000001DADADAD9 00000001DADADAD9 00000001DADADAD9 00000001DADADAD9 00000001DADADAD9 00000001DADADAD9 00000001DADADAD9 00000001DADADAD9 00000001DADADAD9 00000001DADADAD9 00000001DADADAD9 00000001DADADAD9 00000001DADADAD9 00000001DADADAD9 00000001DADADAD9 00000001DADADAD9 00000001DADADAD9 00000001DADADAD9 00000001DADADAD9 00000001DADADAD9 00000001DADADAD9 00000001DADADAD9 00000001DADADAD9 00000001DADADAD9 00000001DADADAD9 00000001DADADAD9 00000001DADADAD9 00000001DADADAD9 00000001DADADAD9 00000001DADADAD9 00000001DADADAD9 00000001DADADAD9 
[TC_DEBUG]     [1408] 0000000212121210 0000000212121210 0000000212121210 0000000212121210 0000000212121210 0000000212121210 0000000212121210 0000000212121210 0000000212121210 0000000212121210 0000000212121210 0000000212121210 0000000212121210 0000000212121210 0000000212121210 0000000212121210 0000000212121210 0000000212121210 0000000212121210 0000000212121210 0000000212121210 0000000212121210 0000000212121210 0000000212121210 0000000212121210 0000000212121210 0000000212121210 0000000212121210 0000000212121210 0000000212121210 0000000212121210 0000000212121210 
[TC_DEBUG]     [1440] 000000024B4B4B49 000000024B4B4B49 000000024B4B4B49 000000024B4B4B49 000000024B4B4B49 000000024B4B4B49 000000024B4B4B49 000000024B4B4B49 000000024B4B4B49 000000024B4B4B49 000000024B4B4B49 000000024B4B4B49 000000024B4B4B49 000000024B4B4B49 000000024B4B4B49 000000024B4B4B49 000000024B4B4B49 000000024B4B4B49 000000024B4B4B49 000000024B4B4B49 000000024B4B4B49 000000024B4B4B49 000000024B4B4B49 000000024B4B4B49 000000024B4B4B49 000000024B4B4B49 000000024B4B4B49 000000024B4B4B49 000000024B4B4B49 000000024B4B4B49 000000024B4B4B49 000000024B4B4B49 
[TC_DEBUG]     [1472] 0000000286868684 0000000286868684 0000000286868684 0000000286868684 0000000286868684 0000000286868684 0000000286868684 0000000286868684 0000000286868684 0000000286868684 0000000286868684 0000000286868684 0000000286868684 0000000286868684 0000000286868684 0000000286868684 0000000286868684 0000000286868684 0000000286868684 0000000286868684 0000000286868684 0000000286868684 0000000286868684 0000000286868684 0000000286868684 0000000286868684 0000000286868684 0000000286868684 0000000286868684 0000000286868684 0000000286868684 0000000286868684 
[TC_DEBUG]     [1504] 00000002C3C3C3C1 00000002C3C3C3C1 00000002C3C3C3C1 00000002C3C3C3C1 00000002C3C3C3C1 00000002C3C3C3C1 00000002C3C3C3C1 00000002C3C3C3C1 00000002C3C3C3C1 00000002C3C3C3C1 00000002C3C3C3C1 00000002C3C3C3C1 00000002C3C3C3C1 00000002C3C3C3C1 00000002C3C3C3C1 00000002C3C3C3C1 00000002C3C3C3C1 00000002C3C3C3C1 00000002C3C3C3C1 00000002C3C3C3C1 00000002C3C3C3C1 00000002C3C3C3C1 00000002C3C3C3C1 00000002C3C3C3C1 00000002C3C3C3C1 00000002C3C3C3C1 00000002C3C3C3C1 00000002C3C3C3C1 00000002C3C3C3C1 00000002C3C3C3C1 00000002C3C3C3C1 00000002C3C3C3C1 
[TC_DEBUG]     [1536] 0000000303030300 0000000303030300 0000000303030300 0000000303030300 0000000303030300 0000000303030300 0000000303030300 0000000303030300 0000000303030300 0000000303030300 0000000303030300 0000000303030300 0000000303030300 0000000303030300 0000000303030300 0000000303030300 0000000303030300 0000000303030300 0000000303030300 0000000303030300 0000000303030300 0000000303030300 0000000303030300 0000000303030300 0000000303030300 0000000303030300 0000000303030300 0000000303030300 0000000303030300 0000000303030300 0000000303030300 0000000303030300 
[TC_DEBUG]     [1568] 0000000344444441 0000000344444441 0000000344444441 0000000344444441 0000000344444441 0000000344444441 0000000344444441 0000000344444441 0000000344444441 0000000344444441 0000000344444441 0000000344444441 0000000344444441 0000000344444441 0000000344444441 0000000344444441 0000000344444441 0000000344444441 0000000344444441 0000000344444441 0000000344444441 0000000344444441 0000000344444441 0000000344444441 0000000344444441 0000000344444441 0000000344444441 0000000344444441 0000000344444441 0000000344444441 0000000344444441 0000000344444441 
[TC_DEBUG]     [1600] 0000000387878784 0000000387878784 0000000387878784 0000000387878784 0000000387878784 0000000387878784 0000000387878784 0000000387878784 0000000387878784 0000000387878784 0000000387878784 0000000387878784 0000000387878784 0000000387878784 0000000387878784 0000000387878784 0000000387878784 0000000387878784 0000000387878784 0000000387878784 0000000387878784 0000000387878784 0000000387878784 0000000387878784 0000000387878784 0000000387878784 0000000387878784 0000000387878784 0000000387878784 0000000387878784 0000000387878784 0000000387878784 
[TC_DEBUG]     [1632] 00000003CCCCCCC9 00000003CCCCCCC9 00000003CCCCCCC9 00000003CCCCCCC9 00000003CCCCCCC9 00000003CCCCCCC9 00000003CCCCCCC9 00000003CCCCCCC9 00000003CCCCCCC9 00000003CCCCCCC9 00000003CCCCCCC9 00000003CCCCCCC9 00000003CCCCCCC9 00000003CCCCCCC9 00000003CCCCCCC9 00000003CCCCCCC9 00000003CCCCCCC9 00000003CCCCCCC9 00000003CCCCCCC9 00000003CCCCCCC9 00000003CCCCCCC9 00000003CCCCCCC9 00000003CCCCCCC9 00000003CCCCCCC9 00000003CCCCCCC9 00000003CCCCCCC9 00000003CCCCCCC9 00000003CCCCCCC9 00000003CCCCCCC9 00000003CCCCCCC9 00000003CCCCCCC9 00000003CCCCCCC9 
[TC_DEBUG]     [1664] 0000000414141410 0000000414141410 0000000414141410 0000000414141410 0000000414141410 0000000414141410 0000000414141410 0000000414141410 0000000414141410 0000000414141410 0000000414141410 0000000414141410 0000000414141410 0000000414141410 0000000414141410 0000000414141410 0000000414141410 0000000414141410 0000000414141410 0000000414141410 0000000414141410 0000000414141410 0000000414141410 0000000414141410 0000000414141410 0000000414141410 0000000414141410 0000000414141410 0000000414141410 0000000414141410 0000000414141410 0000000414141410 
[TC_DEBUG]     [1696] 000000045D5D5D59 000000045D5D5D59 000000045D5D5D59 000000045D5D5D59 000000045D5D5D59 000000045D5D5D59 000000045D5D5D59 000000045D5D5D59 000000045D5D5D59 000000045D5D5D59 000000045D5D5D59 000000045D5D5D59 000000045D5D5D59 000000045D5D5D59 000000045D5D5D59 000000045D5D5D59 000000045D5D5D59 000000045D5D5D59 000000045D5D5D59 000000045D5D5D59 000000045D5D5D59 000000045D5D5D59 000000045D5D5D59 000000045D5D5D59 000000045D5D5D59 000000045D5D5D59 000000045D5D5D59 000000045D5D5D59 000000045D5D5D59 000000045D5D5D59 000000045D5D5D59 000000045D5D5D59 
[TC_DEBUG]     [1728] 00000004A8A8A8A4 00000004A8A8A8A4 00000004A8A8A8A4 00000004A8A8A8A4 00000004A8A8A8A4 00000004A8A8A8A4 00000004A8A8A8A4 00000004A8A8A8A4 00000004A8A8A8A4 00000004A8A8A8A4 00000004A8A8A8A4 00000004A8A8A8A4 00000004A8A8A8A4 00000004A8A8A8A4 00000004A8A8A8A4 00000004A8A8A8A4 00000004A8A8A8A4 00000004A8A8A8A4 00000004A8A8A8A4 00000004A8A8A8A4 00000004A8A8A8A4 00000004A8A8A8A4 00000004A8A8A8A4 00000004A8A8A8A4 00000004A8A8A8A4 00000004A8A8A8A4 00000004A8A8A8A4 00000004A8A8A8A4 00000004A8A8A8A4 00000004A8A8A8A4 00000004A8A8A8A4 00000004A8A8A8A4 
[TC_DEBUG]     [1760] 00000004F5F5F5F1 00000004F5F5F5F1 00000004F5F5F5F1 00000004F5F5F5F1 00000004F5F5F5F1 00000004F5F5F5F1 00000004F5F5F5F1 00000004F5F5F5F1 00000004F5F5F5F1 00000004F5F5F5F1 00000004F5F5F5F1 00000004F5F5F5F1 00000004F5F5F5F1 00000004F5F5F5F1 00000004F5F5F5F1 00000004F5F5F5F1 00000004F5F5F5F1 00000004F5F5F5F1 00000004F5F5F5F1 00000004F5F5F5F1 00000004F5F5F5F1 00000004F5F5F5F1 00000004F5F5F5F1 00000004F5F5F5F1 00000004F5F5F5F1 00000004F5F5F5F1 00000004F5F5F5F1 00000004F5F5F5F1 00000004F5F5F5F1 00000004F5F5F5F1 00000004F5F5F5F1 00000004F5F5F5F1 
[TC_DEBUG]     [1792] 0000000545454540 0000000545454540 0000000545454540 0000000545454540 0000000545454540 0000000545454540 0000000545454540 0000000545454540 0000000545454540 0000000545454540 0000000545454540 0000000545454540 0000000545454540 0000000545454540 0000000545454540 0000000545454540 0000000545454540 0000000545454540 0000000545454540 0000000545454540 0000000545454540 0000000545454540 0000000545454540 0000000545454540 0000000545454540 0000000545454540 0000000545454540 0000000545454540 0000000545454540 0000000545454540 0000000545454540 0000000545454540 
[TC_DEBUG]     [1824] 0000000596969691 0000000596969691 0000000596969691 0000000596969691 0000000596969691 0000000596969691 0000000596969691 0000000596969691 0000000596969691 0000000596969691 0000000596969691 0000000596969691 0000000596969691 0000000596969691 0000000596969691 0000000596969691 0000000596969691 0000000596969691 0000000596969691 0000000596969691 0000000596969691 0000000596969691 0000000596969691 0000000596969691 0000000596969691 0000000596969691 0000000596969691 0000000596969691 0000000596969691 0000000596969691 0000000596969691 0000000596969691 
[TC_DEBUG]     [1856] 00000005E9E9E9E4 00000005E9E9E9E4 00000005E9E9E9E4 00000005E9E9E9E4 00000005E9E9E9E4 00000005E9E9E9E4 00000005E9E9E9E4 00000005E9E9E9E4 00000005E9E9E9E4 00000005E9E9E9E4 00000005E9E9E9E4 00000005E9E9E9E4 00000005E9E9E9E4 00000005E9E9E9E4 00000005E9E9E9E4 00000005E9E9E9E4 00000005E9E9E9E4 00000005E9E9E9E4 00000005E9E9E9E4 00000005E9E9E9E4 00000005E9E9E9E4 00000005E9E9E9E4 00000005E9E9E9E4 00000005E9E9E9E4 00000005E9E9E9E4 00000005E9E9E9E4 00000005E9E9E9E4 00000005E9E9E9E4 00000005E9E9E9E4 00000005E9E9E9E4 00000005E9E9E9E4 00000005E9E9E9E4 
[TC_DEBUG]     [1888] 000000063F3F3F39 000000063F3F3F39 000000063F3F3F39 000000063F3F3F39 000000063F3F3F39 000000063F3F3F39 000000063F3F3F39 000000063F3F3F39 000000063F3F3F39 000000063F3F3F39 000000063F3F3F39 000000063F3F3F39 000000063F3F3F39 000000063F3F3F39 000000063F3F3F39 000000063F3F3F39 000000063F3F3F39 000000063F3F3F39 000000063F3F3F39 000000063F3F3F39 000000063F3F3F39 000000063F3F3F39 000000063F3F3F39 000000063F3F3F39 000000063F3F3F39 000000063F3F3F39 000000063F3F3F39 000000063F3F3F39 000000063F3F3F39 000000063F3F3F39 000000063F3F3F39 000000063F3F3F39 
[TC_DEBUG]     [1920] 0000000696969690 0000000696969690 0000000696969690 0000000696969690 0000000696969690 0000000696969690 0000000696969690 0000000696969690 0000000696969690 0000000696969690 0000000696969690 0000000696969690 0000000696969690 0000000696969690 0000000696969690 0000000696969690 0000000696969690 0000000696969690 0000000696969690 0000000696969690 0000000696969690 0000000696969690 0000000696969690 0000000696969690 0000000696969690 0000000696969690 0000000696969690 0000000696969690 0000000696969690 0000000696969690 0000000696969690 0000000696969690 
[TC_DEBUG]     [1952] 00000006EFEFEFE9 00000006EFEFEFE9 00000006EFEFEFE9 00000006EFEFEFE9 00000006EFEFEFE9 00000006EFEFEFE9 00000006EFEFEFE9 00000006EFEFEFE9 00000006EFEFEFE9 00000006EFEFEFE9 00000006EFEFEFE9 00000006EFEFEFE9 00000006EFEFEFE9 00000006EFEFEFE9 00000006EFEFEFE9 00000006EFEFEFE9 00000006EFEFEFE9 00000006EFEFEFE9 00000006EFEFEFE9 00000006EFEFEFE9 00000006EFEFEFE9 00000006EFEFEFE9 00000006EFEFEFE9 00000006EFEFEFE9 00000006EFEFEFE9 00000006EFEFEFE9 00000006EFEFEFE9 00000006EFEFEFE9 00000006EFEFEFE9 00000006EFEFEFE9 00000006EFEFEFE9 00000006EFEFEFE9 
[TC_DEBUG]     [1984] 000000074B4B4B44 000000074B4B4B44 000000074B4B4B44 000000074B4B4B44 000000074B4B4B44 000000074B4B4B44 000000074B4B4B44 000000074B4B4B44 000000074B4B4B44 000000074B4B4B44 000000074B4B4B44 000000074B4B4B44 000000074B4B4B44 000000074B4B4B44 000000074B4B4B44 000000074B4B4B44 000000074B4B4B44 000000074B4B4B44 000000074B4B4B44 000000074B4B4B44 000000074B4B4B44 000000074B4B4B44 000000074B4B4B44 000000074B4B4B44 000000074B4B4B44 000000074B4B4B44 000000074B4B4B44 000000074B4B4B44 000000074B4B4B44 000000074B4B4B44 000000074B4B4B44 000000074B4B4B44 
[TC_DEBUG]     [2016] 00000007A8A8A8A1 00000007A8A8A8A1 00000007A8A8A8A1 00000007A8A8A8A1 00000007A8A8A8A1 00000007A8A8A8A1 00000007A8A8A8A1 00000007A8A8A8A1 00000007A8A8A8A1 00000007A8A8A8A1 00000007A8A8A8A1 00000007A8A8A8A1 00000007A8A8A8A1 00000007A8A8A8A1 00000007A8A8A8A1 00000007A8A8A8A1 00000007A8A8A8A1 00000007A8A8A8A1 00000007A8A8A8A1 00000007A8A8A8A1 00000007A8A8A8A1 00000007A8A8A8A1 00000007A8A8A8A1 00000007A8A8A8A1 00000007A8A8A8A1 00000007A8A8A8A1 00000007A8A8A8A1 00000007A8A8A8A1 00000007A8A8A8A1 00000007A8A8A8A1 00000007A8A8A8A1 00000007A8A8A8A1 
[TC_DEBUG]     [2048] 0000000000000000 0000000000000000 0000000000000000 0000000000000000 0000000000000000 0000000000000000 0000000000000000 0000000000000000 0000000000000000 0000000000000000 0000000000000000 0000000000000000 0000000000000000 0000000000000000 0000000000000000 0000000000000000 0000000000000000 0000000000000000 0000000000000000 0000000000000000 0000000000000000 0000000000000000 0000000000000000 0000000000000000 0000000000000000 0000000000000000 0000000000000000 0000000000000000 0000000000000000 0000000000000000 0000000000000000 0000000000000000 
[TC_DEBUG]     [2080] 0000000041414141 0000000041414141 0000000041414141 0000000041414141 0000000041414141 0000000041414141 0000000041414141 0000000041414141 0000000041414141 0000000041414141 0000000041414141 0000000041414141 0000000041414141 0000000041414141 0000000041414141 0000000041414141 0000000041414141 0000000041414141 0000000041414141 0000000041414141 0000000041414141 0000000041414141 0000000041414141 0000000041414141 0000000041414141 0000000041414141 0000000041414141 0000000041414141 0000000041414141 0000000041414141 0000000041414141 0000000041414141 
[TC_DEBUG]     [2112] 0000000084848484 0000000084848484 0000000084848484 0000000084848484 0000000084848484 0000000084848484 0000000084848484 0000000084848484 0000000084848484 0000000084848484 0000000084848484 0000000084848484 0000000084848484 0000000084848484 0000000084848484 0000000084848484 0000000084848484 0000000084848484 0000000084848484 0000000084848484 0000000084848484 0000000084848484 0000000084848484 0000000084848484 0000000084848484 0000000084848484 0000000084848484 0000000084848484 0000000084848484 0000000084848484 0000000084848484 0000000084848484 
[TC_DEBUG]     [2144] 00000000C9C9C9C9 00000000C9C9C9C9 00000000C9C9C9C9 00000000C9C9C9C9 00000000C9C9C9C9 00000000C9C9C9C9 00000000C9C9C9C9 00000000C9C9C9C9 00000000C9C9C9C9 00000000C9C9C9C9 00000000C9C9C9C9 00000000C9C9C9C9 00000000C9C9C9C9 00000000C9C9C9C9 00000000C9C9C9C9 00000000C9C9C9C9 00000000C9C9C9C9 00000000C9C9C9C9 00000000C9C9C9C9 00000000C9C9C9C9 00000000C9C9C9C9 00000000C9C9C9C9 00000000C9C9C9C9 00000000C9C9C9C9 00000000C9C9C9C9 00000000C9C9C9C9 00000000C9C9C9C9 00000000C9C9C9C9 00000000C9C9C9C9 00000000C9C9C9C9 00000000C9C9C9C9 00000000C9C9C9C9 
[TC_DEBUG]     [2176] 0000000111111110 0000000111111110 0000000111111110 0000000111111110 0000000111111110 0000000111111110 0000000111111110 0000000111111110 0000000111111110 0000000111111110 0000000111111110 0000000111111110 0000000111111110 0000000111111110 0000000111111110 0000000111111110 0000000111111110 0000000111111110 0000000111111110 0000000111111110 0000000111111110 0000000111111110 0000000111111110 0000000111111110 0000000111111110 0000000111111110 0000000111111110 0000000111111110 0000000111111110 0000000111111110 0000000111111110 0000000111111110 
[TC_DEBUG]     [2208] 000000015A5A5A59 000000015A5A5A59 000000015A5A5A59 000000015A5A5A59 000000015A5A5A59 000000015A5A5A59 000000015A5A5A59 000000015A5A5A59 000000015A5A5A59 000000015A5A5A59 000000015A5A5A59 000000015A5A5A59 000000015A5A5A59 000000015A5A5A59 000000015A5A5A59 000000015A5A5A59 000000015A5A5A59 000000015A5A5A59 000000015A5A5A59 000000015A5A5A59 000000015A5A5A59 000000015A5A5A59 000000015A5A5A59 000000015A5A5A59 000000015A5A5A59 000000015A5A5A59 000000015A5A5A59 000000015A5A5A59 000000015A5A5A59 000000015A5A5A59 000000015A5A5A59 000000015A5A5A59 
[TC_DEBUG]     [2240] 00000001A5A5A5A4 00000001A5A5A5A4 00000001A5A5A5A4 00000001A5A5A5A4 00000001A5A5A5A4 00000001A5A5A5A4 00000001A5A5A5A4 00000001A5A5A5A4 00000001A5A5A5A4 00000001A5A5A5A4 00000001A5A5A5A4 00000001A5A5A5A4 00000001A5A5A5A4 00000001A5A5A5A4 00000001A5A5A5A4 00000001A5A5A5A4 00000001A5A5A5A4 00000001A5A5A5A4 00000001A5A5A5A4 00000001A5A5A5A4 00000001A5A5A5A4 00000001A5A5A5A4 00000001A5A5A5A4 00000001A5A5A5A4 00000001A5A5A5A4 00000001A5A5A5A4 00000001A5A5A5A4 00000001A5A5A5A4 00000001A5A5A5A4 00000001A5A5A5A4 00000001A5A5A5A4 00000001A5A5A5A4 
[TC_DEBUG]     [2272] 00000001F2F2F2F1 00000001F2F2F2F1 00000001F2F2F2F1 00000001F2F2F2F1 00000001F2F2F2F1 00000001F2F2F2F1 00000001F2F2F2F1 00000001F2F2F2F1 00000001F2F2F2F1 00000001F2F2F2F1 00000001F2F2F2F1 00000001F2F2F2F1 00000001F2F2F2F1 00000001F2F2F2F1 00000001F2F2F2F1 00000001F2F2F2F1 00000001F2F2F2F1 00000001F2F2F2F1 00000001F2F2F2F1 00000001F2F2F2F1 00000001F2F2F2F1 00000001F2F2F2F1 00000001F2F2F2F1 00000001F2F2F2F1 00000001F2F2F2F1 00000001F2F2F2F1 00000001F2F2F2F1 00000001F2F2F2F1 00000001F2F2F2F1 00000001F2F2F2F1 00000001F2F2F2F1 00000001F2F2F2F1 
[TC_DEBUG]     [2304] 0000000242424240 0000000242424240 0000000242424240 0000000242424240 0000000242424240 0000000242424240 0000000242424240 0000000242424240 0000000242424240 0000000242424240 0000000242424240 0000000242424240 0000000242424240 0000000242424240 0000000242424240 0000000242424240 0000000242424240 0000000242424240 0000000242424240 0000000242424240 0000000242424240 0000000242424240 0000000242424240 0000000242424240 0000000242424240 0000000242424240 0000000242424240 0000000242424240 0000000242424240 0000000242424240 0000000242424240 0000000242424240 
[TC_DEBUG]     [2336] 0000000293939391 0000000293939391 0000000293939391 0000000293939391 0000000293939391 0000000293939391 0000000293939391 0000000293939391 0000000293939391 0000000293939391 0000000293939391 0000000293939391 0000000293939391 0000000293939391 0000000293939391 0000000293939391 0000000293939391 0000000293939391 0000000293939391 0000000293939391 0000000293939391 0000000293939391 0000000293939391 0000000293939391 0000000293939391 0000000293939391 0000000293939391 0000000293939391 0000000293939391 0000000293939391 0000000293939391 0000000293939391 
[TC_DEBUG]     [2368] 00000002E6E6E6E4 00000002E6E6E6E4 00000002E6E6E6E4 00000002E6E6E6E4 00000002E6E6E6E4 00000002E6E6E6E4 00000002E6E6E6E4 00000002E6E6E6E4 00000002E6E6E6E4 00000002E6E6E6E4 00000002E6E6E6E4 00000002E6E6E6E4 00000002E6E6E6E4 00000002E6E6E6E4 00000002E6E6E6E4 00000002E6E6E6E4 00000002E6E6E6E4 00000002E6E6E6E4 00000002E6E6E6E4 00000002E6E6E6E4 00000002E6E6E6E4 00000002E6E6E6E4 00000002E6E6E6E4 00000002E6E6E6E4 00000002E6E6E6E4 00000002E6E6E6E4 00000002E6E6E6E4 00000002E6E6E6E4 00000002E6E6E6E4 00000002E6E6E6E4 00000002E6E6E6E4 00000002E6E6E6E4 
[TC_DEBUG]     [2400] 000000033C3C3C39 000000033C3C3C39 000000033C3C3C39 000000033C3C3C39 000000033C3C3C39 000000033C3C3C39 000000033C3C3C39 000000033C3C3C39 000000033C3C3C39 000000033C3C3C39 000000033C3C3C39 000000033C3C3C39 000000033C3C3C39 000000033C3C3C39 000000033C3C3C39 000000033C3C3C39 000000033C3C3C39 000000033C3C3C39 000000033C3C3C39 000000033C3C3C39 000000033C3C3C39 000000033C3C3C39 000000033C3C3C39 000000033C3C3C39 000000033C3C3C39 000000033C3C3C39 000000033C3C3C39 000000033C3C3C39 000000033C3C3C39 000000033C3C3C39 000000033C3C3C39 000000033C3C3C39 
[TC_DEBUG]     [2432] 0000000393939390 0000000393939390 0000000393939390 0000000393939390 0000000393939390 0000000393939390 0000000393939390 0000000393939390 0000000393939390 0000000393939390 0000000393939390 0000000393939390 0000000393939390 0000000393939390 0000000393939390 0000000393939390 0000000393939390 0000000393939390 0000000393939390 0000000393939390 0000000393939390 0000000393939390 0000000393939390 0000000393939390 0000000393939390 0000000393939390 0000000393939390 0000000393939390 0000000393939390 0000000393939390 0000000393939390 0000000393939390 
[TC_DEBUG]     [2464] 00000003ECECECE9 00000003ECECECE9 00000003ECECECE9 00000003ECECECE9 00000003ECECECE9 00000003ECECECE9 00000003ECECECE9 00000003ECECECE9 00000003ECECECE9 00000003ECECECE9 00000003ECECECE9 00000003ECECECE9 00000003ECECECE9 00000003ECECECE9 00000003ECECECE9 00000003ECECECE9 00000003ECECECE9 00000003ECECECE9 00000003ECECECE9 00000003ECECECE9 00000003ECECECE9 00000003ECECECE9 00000003ECECECE9 00000003ECECECE9 00000003ECECECE9 00000003ECECECE9 00000003ECECECE9 00000003ECECECE9 00000003ECECECE9 00000003ECECECE9 00000003ECECECE9 00000003ECECECE9 
[TC_DEBUG]     [2496] 0000000448484844 0000000448484844 0000000448484844 0000000448484844 0000000448484844 0000000448484844 0000000448484844 0000000448484844 0000000448484844 0000000448484844 0000000448484844 0000000448484844 0000000448484844 0000000448484844 0000000448484844 0000000448484844 0000000448484844 0000000448484844 0000000448484844 0000000448484844 0000000448484844 0000000448484844 0000000448484844 0000000448484844 0000000448484844 0000000448484844 0000000448484844 0000000448484844 0000000448484844 0000000448484844 0000000448484844 0000000448484844 
[TC_DEBUG]     [2528] 00000004A5A5A5A1 00000004A5A5A5A1 00000004A5A5A5A1 00000004A5A5A5A1 00000004A5A5A5A1 00000004A5A5A5A1 00000004A5A5A5A1 00000004A5A5A5A1 00000004A5A5A5A1 00000004A5A5A5A1 00000004A5A5A5A1 00000004A5A5A5A1 00000004A5A5A5A1 00000004A5A5A5A1 00000004A5A5A5A1 00000004A5A5A5A1 00000004A5A5A5A1 00000004A5A5A5A1 00000004A5A5A5A1 00000004A5A5A5A1 00000004A5A5A5A1 00000004A5A5A5A1 00000004A5A5A5A1 00000004A5A5A5A1 00000004A5A5A5A1 00000004A5A5A5A1 00000004A5A5A5A1 00000004A5A5A5A1 00000004A5A5A5A1 00000004A5A5A5A1 00000004A5A5A5A1 00000004A5A5A5A1 
[TC_DEBUG]     [2560] 0000000505050500 0000000505050500 0000000505050500 0000000505050500 0000000505050500 0000000505050500 0000000505050500 0000000505050500 0000000505050500 0000000505050500 0000000505050500 0000000505050500 0000000505050500 0000000505050500 0000000505050500 0000000505050500 0000000505050500 0000000505050500 0000000505050500 0000000505050500 0000000505050500 0000000505050500 0000000505050500 0000000505050500 0000000505050500 0000000505050500 0000000505050500 0000000505050500 0000000505050500 0000000505050500 0000000505050500 0000000505050500 
[TC_DEBUG]     [2592] 0000000566666661 0000000566666661 0000000566666661 0000000566666661 0000000566666661 0000000566666661 0000000566666661 0000000566666661 0000000566666661 0000000566666661 0000000566666661 0000000566666661 0000000566666661 0000000566666661 0000000566666661 0000000566666661 0000000566666661 0000000566666661 0000000566666661 0000000566666661 0000000566666661 0000000566666661 0000000566666661 0000000566666661 0000000566666661 0000000566666661 0000000566666661 0000000566666661 0000000566666661 0000000566666661 0000000566666661 0000000566666661 
[TC_DEBUG]     [2624] 00000005C9C9C9C4 00000005C9C9C9C4 00000005C9C9C9C4 00000005C9C9C9C4 00000005C9C9C9C4 00000005C9C9C9C4 00000005C9C9C9C4 00000005C9C9C9C4 00000005C9C9C9C4 00000005C9C9C9C4 00000005C9C9C9C4 00000005C9C9C9C4 00000005C9C9C9C4 00000005C9C9C9C4 00000005C9C9C9C4 00000005C9C9C9C4 00000005C9C9C9C4 00000005C9C9C9C4 00000005C9C9C9C4 00000005C9C9C9C4 00000005C9C9C9C4 00000005C9C9C9C4 00000005C9C9C9C4 00000005C9C9C9C4 00000005C9C9C9C4 00000005C9C9C9C4 00000005C9C9C9C4 00000005C9C9C9C4 00000005C9C9C9C4 00000005C9C9C9C4 00000005C9C9C9C4 00000005C9C9C9C4 
[TC_DEBUG]     [2656] 000000062F2F2F29 000000062F2F2F29 000000062F2F2F29 000000062F2F2F29 000000062F2F2F29 000000062F2F2F29 000000062F2F2F29 000000062F2F2F29 000000062F2F2F29 000000062F2F2F29 000000062F2F2F29 000000062F2F2F29 000000062F2F2F29 000000062F2F2F29 000000062F2F2F29 000000062F2F2F29 000000062F2F2F29 000000062F2F2F29 000000062F2F2F29 000000062F2F2F29 000000062F2F2F29 000000062F2F2F29 000000062F2F2F29 000000062F2F2F29 000000062F2F2F29 000000062F2F2F29 000000062F2F2F29 000000062F2F2F29 000000062F2F2F29 000000062F2F2F29 000000062F2F2F29 000000062F2F2F29 
[TC_DEBUG]     [2688] 0000000696969690 0000000696969690 0000000696969690 0000000696969690 0000000696969690 0000000696969690 0000000696969690 0000000696969690 0000000696969690 0000000696969690 0000000696969690 0000000696969690 0000000696969690 0000000696969690 0000000696969690 0000000696969690 0000000696969690 0000000696969690 0000000696969690 0000000696969690 0000000696969690 0000000696969690 0000000696969690 0000000696969690 0000000696969690 0000000696969690 0000000696969690 0000000696969690 0000000696969690 0000000696969690 0000000696969690 0000000696969690 
[TC_DEBUG]     [2720] 00000006FFFFFFF9 00000006FFFFFFF9 00000006FFFFFFF9 00000006FFFFFFF9 00000006FFFFFFF9 00000006FFFFFFF9 00000006FFFFFFF9 00000006FFFFFFF9 00000006FFFFFFF9 00000006FFFFFFF9 00000006FFFFFFF9 00000006FFFFFFF9 00000006FFFFFFF9 00000006FFFFFFF9 00000006FFFFFFF9 00000006FFFFFFF9 00000006FFFFFFF9 00000006FFFFFFF9 00000006FFFFFFF9 00000006FFFFFFF9 00000006FFFFFFF9 00000006FFFFFFF9 00000006FFFFFFF9 00000006FFFFFFF9 00000006FFFFFFF9 00000006FFFFFFF9 00000006FFFFFFF9 00000006FFFFFFF9 00000006FFFFFFF9 00000006FFFFFFF9 00000006FFFFFFF9 00000006FFFFFFF9 
[TC_DEBUG]     [2752] 000000076B6B6B64 000000076B6B6B64 000000076B6B6B64 000000076B6B6B64 000000076B6B6B64 000000076B6B6B64 000000076B6B6B64 000000076B6B6B64 000000076B6B6B64 000000076B6B6B64 000000076B6B6B64 000000076B6B6B64 000000076B6B6B64 000000076B6B6B64 000000076B6B6B64 000000076B6B6B64 000000076B6B6B64 000000076B6B6B64 000000076B6B6B64 000000076B6B6B64 000000076B6B6B64 000000076B6B6B64 000000076B6B6B64 000000076B6B6B64 000000076B6B6B64 000000076B6B6B64 000000076B6B6B64 000000076B6B6B64 000000076B6B6B64 000000076B6B6B64 000000076B6B6B64 000000076B6B6B64 
[TC_DEBUG]     [2784] 00000007D8D8D8D1 00000007D8D8D8D1 00000007D8D8D8D1 00000007D8D8D8D1 00000007D8D8D8D1 00000007D8D8D8D1 00000007D8D8D8D1 00000007D8D8D8D1 00000007D8D8D8D1 00000007D8D8D8D1 00000007D8D8D8D1 00000007D8D8D8D1 00000007D8D8D8D1 00000007D8D8D8D1 00000007D8D8D8D1 00000007D8D8D8D1 00000007D8D8D8D1 00000007D8D8D8D1 00000007D8D8D8D1 00000007D8D8D8D1 00000007D8D8D8D1 00000007D8D8D8D1 00000007D8D8D8D1 00000007D8D8D8D1 00000007D8D8D8D1 00000007D8D8D8D1 00000007D8D8D8D1 00000007D8D8D8D1 00000007D8D8D8D1 00000007D8D8D8D1 00000007D8D8D8D1 00000007D8D8D8D1 
[TC_DEBUG]     [2816] 0000000848484840 0000000848484840 0000000848484840 0000000848484840 0000000848484840 0000000848484840 0000000848484840 0000000848484840 0000000848484840 0000000848484840 0000000848484840 0000000848484840 0000000848484840 0000000848484840 0000000848484840 0000000848484840 0000000848484840 0000000848484840 0000000848484840 0000000848484840 0000000848484840 0000000848484840 0000000848484840 0000000848484840 0000000848484840 0000000848484840 0000000848484840 0000000848484840 0000000848484840 0000000848484840 0000000848484840 0000000848484840 
[TC_DEBUG]     [2848] 00000008B9B9B9B1 00000008B9B9B9B1 00000008B9B9B9B1 00000008B9B9B9B1 00000008B9B9B9B1 00000008B9B9B9B1 00000008B9B9B9B1 00000008B9B9B9B1 00000008B9B9B9B1 00000008B9B9B9B1 00000008B9B9B9B1 00000008B9B9B9B1 00000008B9B9B9B1 00000008B9B9B9B1 00000008B9B9B9B1 00000008B9B9B9B1 00000008B9B9B9B1 00000008B9B9B9B1 00000008B9B9B9B1 00000008B9B9B9B1 00000008B9B9B9B1 00000008B9B9B9B1 00000008B9B9B9B1 00000008B9B9B9B1 00000008B9B9B9B1 00000008B9B9B9B1 00000008B9B9B9B1 00000008B9B9B9B1 00000008B9B9B9B1 00000008B9B9B9B1 00000008B9B9B9B1 00000008B9B9B9B1 
[TC_DEBUG]     [2880] 000000092D2D2D24 000000092D2D2D24 000000092D2D2D24 000000092D2D2D24 000000092D2D2D24 000000092D2D2D24 000000092D2D2D24 000000092D2D2D24 000000092D2D2D24 000000092D2D2D24 000000092D2D2D24 000000092D2D2D24 000000092D2D2D24 000000092D2D2D24 000000092D2D2D24 000000092D2D2D24 000000092D2D2D24 000000092D2D2D24 000000092D2D2D24 000000092D2D2D24 000000092D2D2D24 000000092D2D2D24 000000092D2D2D24 000000092D2D2D24 000000092D2D2D24 000000092D2D2D24 000000092D2D2D24 000000092D2D2D24 000000092D2D2D24 000000092D2D2D24 000000092D2D2D24 000000092D2D2D24 
[TC_DEBUG]     [2912] 00000009A2A2A299 00000009A2A2A299 00000009A2A2A299 00000009A2A2A299 00000009A2A2A299 00000009A2A2A299 00000009A2A2A299 00000009A2A2A299 00000009A2A2A299 00000009A2A2A299 00000009A2A2A299 00000009A2A2A299 00000009A2A2A299 00000009A2A2A299 00000009A2A2A299 00000009A2A2A299 00000009A2A2A299 00000009A2A2A299 00000009A2A2A299 00000009A2A2A299 00000009A2A2A299 00000009A2A2A299 00000009A2A2A299 00000009A2A2A299 00000009A2A2A299 00000009A2A2A299 00000009A2A2A299 00000009A2A2A299 00000009A2A2A299 00000009A2A2A299 00000009A2A2A299 00000009A2A2A299 
[TC_DEBUG]     [2944] 0000000A1A1A1A10 0000000A1A1A1A10 0000000A1A1A1A10 0000000A1A1A1A10 0000000A1A1A1A10 0000000A1A1A1A10 0000000A1A1A1A10 0000000A1A1A1A10 0000000A1A1A1A10 0000000A1A1A1A10 0000000A1A1A1A10 0000000A1A1A1A10 0000000A1A1A1A10 0000000A1A1A1A10 0000000A1A1A1A10 0000000A1A1A1A10 0000000A1A1A1A10 0000000A1A1A1A10 0000000A1A1A1A10 0000000A1A1A1A10 0000000A1A1A1A10 0000000A1A1A1A10 0000000A1A1A1A10 0000000A1A1A1A10 0000000A1A1A1A10 0000000A1A1A1A10 0000000A1A1A1A10 0000000A1A1A1A10 0000000A1A1A1A10 0000000A1A1A1A10 0000000A1A1A1A10 0000000A1A1A1A10 
[TC_DEBUG]     [2976] 0000000A93939389 0000000A93939389 0000000A93939389 0000000A93939389 0000000A93939389 0000000A93939389 0000000A93939389 0000000A93939389 0000000A93939389 0000000A93939389 0000000A93939389 0000000A93939389 0000000A93939389 0000000A93939389 0000000A93939389 0000000A93939389 0000000A93939389 0000000A93939389 0000000A93939389 0000000A93939389 0000000A93939389 0000000A93939389 0000000A93939389 0000000A93939389 0000000A93939389 0000000A93939389 0000000A93939389 0000000A93939389 0000000A93939389 0000000A93939389 0000000A93939389 0000000A93939389 
[TC_DEBUG]     [3008] 0000000B0F0F0F04 0000000B0F0F0F04 0000000B0F0F0F04 0000000B0F0F0F04 0000000B0F0F0F04 0000000B0F0F0F04 0000000B0F0F0F04 0000000B0F0F0F04 0000000B0F0F0F04 0000000B0F0F0F04 0000000B0F0F0F04 0000000B0F0F0F04 0000000B0F0F0F04 0000000B0F0F0F04 0000000B0F0F0F04 0000000B0F0F0F04 0000000B0F0F0F04 0000000B0F0F0F04 0000000B0F0F0F04 0000000B0F0F0F04 0000000B0F0F0F04 0000000B0F0F0F04 0000000B0F0F0F04 0000000B0F0F0F04 0000000B0F0F0F04 0000000B0F0F0F04 0000000B0F0F0F04 0000000B0F0F0F04 0000000B0F0F0F04 0000000B0F0F0F04 0000000B0F0F0F04 0000000B0F0F0F04 
[TC_DEBUG]     [3040] 0000000B8C8C8C81 0000000B8C8C8C81 0000000B8C8C8C81 0000000B8C8C8C81 0000000B8C8C8C81 0000000B8C8C8C81 0000000B8C8C8C81 0000000B8C8C8C81 0000000B8C8C8C81 0000000B8C8C8C81 0000000B8C8C8C81 0000000B8C8C8C81 0000000B8C8C8C81 0000000B8C8C8C81 0000000B8C8C8C81 0000000B8C8C8C81 0000000B8C8C8C81 0000000B8C8C8C81 0000000B8C8C8C81 0000000B8C8C8C81 0000000B8C8C8C81 0000000B8C8C8C81 0000000B8C8C8C81 0000000B8C8C8C81 0000000B8C8C8C81 0000000B8C8C8C81 0000000B8C8C8C81 0000000B8C8C8C81 0000000B8C8C8C81 0000000B8C8C8C81 0000000B8C8C8C81 0000000B8C8C8C81 
[TC_DEBUG]     [3072] 0000000000000000 0000000000000000 0000000000000000 0000000000000000 0000000000000000 0000000000000000 0000000000000000 0000000000000000 0000000000000000 0000000000000000 0000000000000000 0000000000000000 0000000000000000 0000000000000000 0000000000000000 0000000000000000 0000000000000000 0000000000000000 0000000000000000 0000000000000000 0000000000000000 0000000000000000 0000000000000000 0000000000000000 0000000000000000 0000000000000000 0000000000000000 0000000000000000 0000000000000000 0000000000000000 0000000000000000 0000000000000000 
[TC_DEBUG]     [3104] 0000000061616161 0000000061616161 0000000061616161 0000000061616161 0000000061616161 0000000061616161 0000000061616161 0000000061616161 0000000061616161 0000000061616161 0000000061616161 0000000061616161 0000000061616161 0000000061616161 0000000061616161 0000000061616161 0000000061616161 0000000061616161 0000000061616161 0000000061616161 0000000061616161 0000000061616161 0000000061616161 0000000061616161 0000000061616161 0000000061616161 0000000061616161 0000000061616161 0000000061616161 0000000061616161 0000000061616161 0000000061616161 
[TC_DEBUG]     [3136] 00000000C4C4C4C4 00000000C4C4C4C4 00000000C4C4C4C4 00000000C4C4C4C4 00000000C4C4C4C4 00000000C4C4C4C4 00000000C4C4C4C4 00000000C4C4C4C4 00000000C4C4C4C4 00000000C4C4C4C4 00000000C4C4C4C4 00000000C4C4C4C4 00000000C4C4C4C4 00000000C4C4C4C4 00000000C4C4C4C4 00000000C4C4C4C4 00000000C4C4C4C4 00000000C4C4C4C4 00000000C4C4C4C4 00000000C4C4C4C4 00000000C4C4C4C4 00000000C4C4C4C4 00000000C4C4C4C4 00000000C4C4C4C4 00000000C4C4C4C4 00000000C4C4C4C4 00000000C4C4C4C4 00000000C4C4C4C4 00000000C4C4C4C4 00000000C4C4C4C4 00000000C4C4C4C4 00000000C4C4C4C4 
[TC_DEBUG]     [3168] 000000012A2A2A29 000000012A2A2A29 000000012A2A2A29 000000012A2A2A29 000000012A2A2A29 000000012A2A2A29 000000012A2A2A29 000000012A2A2A29 000000012A2A2A29 000000012A2A2A29 000000012A2A2A29 000000012A2A2A29 000000012A2A2A29 000000012A2A2A29 000000012A2A2A29 000000012A2A2A29 000000012A2A2A29 000000012A2A2A29 000000012A2A2A29 000000012A2A2A29 000000012A2A2A29 000000012A2A2A29 000000012A2A2A29 000000012A2A2A29 000000012A2A2A29 000000012A2A2A29 000000012A2A2A29 000000012A2A2A29 000000012A2A2A29 000000012A2A2A29 000000012A2A2A29 000000012A2A2A29 
[TC_DEBUG]     [3200] 0000000191919190 0000000191919190 0000000191919190 0000000191919190 0000000191919190 0000000191919190 0000000191919190 0000000191919190 0000000191919190 0000000191919190 0000000191919190 0000000191919190 0000000191919190 0000000191919190 0000000191919190 0000000191919190 0000000191919190 0000000191919190 0000000191919190 0000000191919190 0000000191919190 0000000191919190 0000000191919190 0000000191919190 0000000191919190 0000000191919190 0000000191919190 0000000191919190 0000000191919190 0000000191919190 0000000191919190 0000000191919190 
[TC_DEBUG]     [3232] 00000001FAFAFAF9 00000001FAFAFAF9 00000001FAFAFAF9 00000001FAFAFAF9 00000001FAFAFAF9 00000001FAFAFAF9 00000001FAFAFAF9 00000001FAFAFAF9 00000001FAFAFAF9 00000001FAFAFAF9 00000001FAFAFAF9 00000001FAFAFAF9 00000001FAFAFAF9 00000001FAFAFAF9 00000001FAFAFAF9 00000001FAFAFAF9 00000001FAFAFAF9 00000001FAFAFAF9 00000001FAFAFAF9 00000001FAFAFAF9 00000001FAFAFAF9 00000001FAFAFAF9 00000001FAFAFAF9 00000001FAFAFAF9 00000001FAFAFAF9 00000001FAFAFAF9 00000001FAFAFAF9 00000001FAFAFAF9 00000001FAFAFAF9 00000001FAFAFAF9 00000001FAFAFAF9 00000001FAFAFAF9 
[TC_DEBUG]     [3264] 0000000266666664 0000000266666664 0000000266666664 0000000266666664 0000000266666664 0000000266666664 0000000266666664 0000000266666664 0000000266666664 0000000266666664 0000000266666664 0000000266666664 0000000266666664 0000000266666664 0000000266666664 0000000266666664 0000000266666664 0000000266666664 0000000266666664 0000000266666664 0000000266666664 0000000266666664 0000000266666664 0000000266666664 0000000266666664 0000000266666664 0000000266666664 0000000266666664 0000000266666664 0000000266666664 0000000266666664 0000000266666664 
[TC_DEBUG]     [3296] 00000002D3D3D3D1 00000002D3D3D3D1 00000002D3D3D3D1 00000002D3D3D3D1 00000002D3D3D3D1 00000002D3D3D3D1 00000002D3D3D3D1 00000002D3D3D3D1 00000002D3D3D3D1 00000002D3D3D3D1 00000002D3D3D3D1 00000002D3D3D3D1 00000002D3D3D3D1 00000002D3D3D3D1 00000002D3D3D3D1 00000002D3D3D3D1 00000002D3D3D3D1 00000002D3D3D3D1 00000002D3D3D3D1 00000002D3D3D3D1 00000002D3D3D3D1 00000002D3D3D3D1 00000002D3D3D3D1 00000002D3D3D3D1 00000002D3D3D3D1 00000002D3D3D3D1 00000002D3D3D3D1 00000002D3D3D3D1 00000002D3D3D3D1 00000002D3D3D3D1 00000002D3D3D3D1 00000002D3D3D3D1 
[TC_DEBUG]     [3328] 0000000343434340 0000000343434340 0000000343434340 0000000343434340 0000000343434340 0000000343434340 0000000343434340 0000000343434340 0000000343434340 0000000343434340 0000000343434340 0000000343434340 0000000343434340 0000000343434340 0000000343434340 0000000343434340 0000000343434340 0000000343434340 0000000343434340 0000000343434340 0000000343434340 0000000343434340 0000000343434340 0000000343434340 0000000343434340 0000000343434340 0000000343434340 0000000343434340 0000000343434340 0000000343434340 0000000343434340 0000000343434340 
[TC_DEBUG]     [3360] 00000003B4B4B4B1 00000003B4B4B4B1 00000003B4B4B4B1 00000003B4B4B4B1 00000003B4B4B4B1 00000003B4B4B4B1 00000003B4B4B4B1 00000003B4B4B4B1 00000003B4B4B4B1 00000003B4B4B4B1 00000003B4B4B4B1 00000003B4B4B4B1 00000003B4B4B4B1 00000003B4B4B4B1 00000003B4B4B4B1 00000003B4B4B4B1 00000003B4B4B4B1 00000003B4B4B4B1 00000003B4B4B4B1 00000003B4B4B4B1 00000003B4B4B4B1 00000003B4B4B4B1 00000003B4B4B4B1 00000003B4B4B4B1 00000003B4B4B4B1 00000003B4B4B4B1 00000003B4B4B4B1 00000003B4B4B4B1 00000003B4B4B4B1 00000003B4B4B4B1 00000003B4B4B4B1 00000003B4B4B4B1 
[TC_DEBUG]     [3392] 0000000428282824 0000000428282824 0000000428282824 0000000428282824 0000000428282824 0000000428282824 0000000428282824 0000000428282824 0000000428282824 0000000428282824 0000000428282824 0000000428282824 0000000428282824 0000000428282824 0000000428282824 0000000428282824 0000000428282824 0000000428282824 0000000428282824 0000000428282824 0000000428282824 0000000428282824 0000000428282824 0000000428282824 0000000428282824 0000000428282824 0000000428282824 0000000428282824 0000000428282824 0000000428282824 0000000428282824 0000000428282824 
[TC_DEBUG]     [3424] 000000049D9D9D99 000000049D9D9D99 000000049D9D9D99 000000049D9D9D99 000000049D9D9D99 000000049D9D9D99 000000049D9D9D99 000000049D9D9D99 000000049D9D9D99 000000049D9D9D99 000000049D9D9D99 000000049D9D9D99 000000049D9D9D99 000000049D9D9D99 000000049D9D9D99 000000049D9D9D99 000000049D9D9D99 000000049D9D9D99 000000049D9D9D99 000000049D9D9D99 000000049D9D9D99 000000049D9D9D99 000000049D9D9D99 000000049D9D9D99 000000049D9D9D99 000000049D9D9D99 000000049D9D9D99 000000049D9D9D99 000000049D9D9D99 000000049D9D9D99 000000049D9D9D99 000000049D9D9D99 
[TC_DEBUG]     [3456] 0000000515151510 0000000515151510 0000000515151510 0000000515151510 0000000515151510 0000000515151510 0000000515151510 0000000515151510 0000000515151510 0000000515151510 0000000515151510 0000000515151510 0000000515151510 0000000515151510 0000000515151510 0000000515151510 0000000515151510 0000000515151510 0000000515151510 0000000515151510 0000000515151510 0000000515151510 0000000515151510 0000000515151510 0000000515151510 0000000515151510 0000000515151510 0000000515151510 0000000515151510 0000000515151510 0000000515151510 0000000515151510 
[TC_DEBUG]     [3488] 000000058E8E8E89 000000058E8E8E89 000000058E8E8E89 000000058E8E8E89 000000058E8E8E89 000000058E8E8E89 000000058E8E8E89 000000058E8E8E89 000000058E8E8E89 000000058E8E8E89 000000058E8E8E89 000000058E8E8E89 000000058E8E8E89 000000058E8E8E89 000000058E8E8E89 000000058E8E8E89 000000058E8E8E89 000000058E8E8E89 000000058E8E8E89 000000058E8E8E89 000000058E8E8E89 000000058E8E8E89 000000058E8E8E89 000000058E8E8E89 000000058E8E8E89 000000058E8E8E89 000000058E8E8E89 000000058E8E8E89 000000058E8E8E89 000000058E8E8E89 000000058E8E8E89 000000058E8E8E89 
[TC_DEBUG]     [3520] 000000060A0A0A04 000000060A0A0A04 000000060A0A0A04 000000060A0A0A04 000000060A0A0A04 000000060A0A0A04 000000060A0A0A04 000000060A0A0A04 000000060A0A0A04 000000060A0A0A04 000000060A0A0A04 000000060A0A0A04 000000060A0A0A04 000000060A0A0A04 000000060A0A0A04 000000060A0A0A04 000000060A0A0A04 000000060A0A0A04 000000060A0A0A04 000000060A0A0A04 000000060A0A0A04 000000060A0A0A04 000000060A0A0A04 000000060A0A0A04 000000060A0A0A04 000000060A0A0A04 000000060A0A0A04 000000060A0A0A04 000000060A0A0A04 000000060A0A0A04 000000060A0A0A04 000000060A0A0A04 
[TC_DEBUG]     [3552] 0000000687878781 0000000687878781 0000000687878781 0000000687878781 0000000687878781 0000000687878781 0000000687878781 0000000687878781 0000000687878781 0000000687878781 0000000687878781 0000000687878781 0000000687878781 0000000687878781 0000000687878781 0000000687878781 0000000687878781 0000000687878781 0000000687878781 0000000687878781 0000000687878781 0000000687878781 0000000687878781 0000000687878781 0000000687878781 0000000687878781 0000000687878781 0000000687878781 0000000687878781 0000000687878781 0000000687878781 0000000687878781 
[TC_DEBUG]     [3584] 0000000707070700 0000000707070700 0000000707070700 0000000707070700 0000000707070700 0000000707070700 0000000707070700 0000000707070700 0000000707070700 0000000707070700 0000000707070700 0000000707070700 0000000707070700 0000000707070700 0000000707070700 0000000707070700 0000000707070700 0000000707070700 0000000707070700 0000000707070700 0000000707070700 0000000707070700 0000000707070700 0000000707070700 0000000707070700 0000000707070700 0000000707070700 0000000707070700 0000000707070700 0000000707070700 0000000707070700 0000000707070700 
[TC_DEBUG]     [3616] 0000000788888881 0000000788888881 0000000788888881 0000000788888881 0000000788888881 0000000788888881 0000000788888881 0000000788888881 0000000788888881 0000000788888881 0000000788888881 0000000788888881 0000000788888881 0000000788888881 0000000788888881 0000000788888881 0000000788888881 0000000788888881 0000000788888881 0000000788888881 0000000788888881 0000000788888881 0000000788888881 0000000788888881 0000000788888881 0000000788888881 0000000788888881 0000000788888881 0000000788888881 0000000788888881 0000000788888881 0000000788888881 
[TC_DEBUG]     [3648] 000000080C0C0C04 000000080C0C0C04 000000080C0C0C04 000000080C0C0C04 000000080C0C0C04 000000080C0C0C04 000000080C0C0C04 000000080C0C0C04 000000080C0C0C04 000000080C0C0C04 000000080C0C0C04 000000080C0C0C04 000000080C0C0C04 000000080C0C0C04 000000080C0C0C04 000000080C0C0C04 000000080C0C0C04 000000080C0C0C04 000000080C0C0C04 000000080C0C0C04 000000080C0C0C04 000000080C0C0C04 000000080C0C0C04 000000080C0C0C04 000000080C0C0C04 000000080C0C0C04 000000080C0C0C04 000000080C0C0C04 000000080C0C0C04 000000080C0C0C04 000000080C0C0C04 000000080C0C0C04 
[TC_DEBUG]     [3680] 0000000891919189 0000000891919189 0000000891919189 0000000891919189 0000000891919189 0000000891919189 0000000891919189 0000000891919189 0000000891919189 0000000891919189 0000000891919189 0000000891919189 0000000891919189 0000000891919189 0000000891919189 0000000891919189 0000000891919189 0000000891919189 0000000891919189 0000000891919189 0000000891919189 0000000891919189 0000000891919189 0000000891919189 0000000891919189 0000000891919189 0000000891919189 0000000891919189 0000000891919189 0000000891919189 0000000891919189 0000000891919189 
[TC_DEBUG]     [3712] 0000000919191910 0000000919191910 0000000919191910 0000000919191910 0000000919191910 0000000919191910 0000000919191910 0000000919191910 0000000919191910 0000000919191910 0000000919191910 0000000919191910 0000000919191910 0000000919191910 0000000919191910 0000000919191910 0000000919191910 0000000919191910 0000000919191910 0000000919191910 0000000919191910 0000000919191910 0000000919191910 0000000919191910 0000000919191910 0000000919191910 0000000919191910 0000000919191910 0000000919191910 0000000919191910 0000000919191910 0000000919191910 
[TC_DEBUG]     [3744] 00000009A2A2A299 00000009A2A2A299 00000009A2A2A299 00000009A2A2A299 00000009A2A2A299 00000009A2A2A299 00000009A2A2A299 00000009A2A2A299 00000009A2A2A299 00000009A2A2A299 00000009A2A2A299 00000009A2A2A299 00000009A2A2A299 00000009A2A2A299 00000009A2A2A299 00000009A2A2A299 00000009A2A2A299 00000009A2A2A299 00000009A2A2A299 00000009A2A2A299 00000009A2A2A299 00000009A2A2A299 00000009A2A2A299 00000009A2A2A299 00000009A2A2A299 00000009A2A2A299 00000009A2A2A299 00000009A2A2A299 00000009A2A2A299 00000009A2A2A299 00000009A2A2A299 00000009A2A2A299 
[TC_DEBUG]     [3776] 0000000A2E2E2E24 0000000A2E2E2E24 0000000A2E2E2E24 0000000A2E2E2E24 0000000A2E2E2E24 0000000A2E2E2E24 0000000A2E2E2E24 0000000A2E2E2E24 0000000A2E2E2E24 0000000A2E2E2E24 0000000A2E2E2E24 0000000A2E2E2E24 0000000A2E2E2E24 0000000A2E2E2E24 0000000A2E2E2E24 0000000A2E2E2E24 0000000A2E2E2E24 0000000A2E2E2E24 0000000A2E2E2E24 0000000A2E2E2E24 0000000A2E2E2E24 0000000A2E2E2E24 0000000A2E2E2E24 0000000A2E2E2E24 0000000A2E2E2E24 0000000A2E2E2E24 0000000A2E2E2E24 0000000A2E2E2E24 0000000A2E2E2E24 0000000A2E2E2E24 0000000A2E2E2E24 0000000A2E2E2E24 
[TC_DEBUG]     [3808] 0000000ABBBBBBB1 0000000ABBBBBBB1 0000000ABBBBBBB1 0000000ABBBBBBB1 0000000ABBBBBBB1 0000000ABBBBBBB1 0000000ABBBBBBB1 0000000ABBBBBBB1 0000000ABBBBBBB1 0000000ABBBBBBB1 0000000ABBBBBBB1 0000000ABBBBBBB1 0000000ABBBBBBB1 0000000ABBBBBBB1 0000000ABBBBBBB1 0000000ABBBBBBB1 0000000ABBBBBBB1 0000000ABBBBBBB1 0000000ABBBBBBB1 0000000ABBBBBBB1 0000000ABBBBBBB1 0000000ABBBBBBB1 0000000ABBBBBBB1 0000000ABBBBBBB1 0000000ABBBBBBB1 0000000ABBBBBBB1 0000000ABBBBBBB1 0000000ABBBBBBB1 0000000ABBBBBBB1 0000000ABBBBBBB1 0000000ABBBBBBB1 0000000ABBBBBBB1 
[TC_DEBUG]     [3840] 0000000B4B4B4B40 0000000B4B4B4B40 0000000B4B4B4B40 0000000B4B4B4B40 0000000B4B4B4B40 0000000B4B4B4B40 0000000B4B4B4B40 0000000B4B4B4B40 0000000B4B4B4B40 0000000B4B4B4B40 0000000B4B4B4B40 0000000B4B4B4B40 0000000B4B4B4B40 0000000B4B4B4B40 0000000B4B4B4B40 0000000B4B4B4B40 0000000B4B4B4B40 0000000B4B4B4B40 0000000B4B4B4B40 0000000B4B4B4B40 0000000B4B4B4B40 0000000B4B4B4B40 0000000B4B4B4B40 0000000B4B4B4B40 0000000B4B4B4B40 0000000B4B4B4B40 0000000B4B4B4B40 0000000B4B4B4B40 0000000B4B4B4B40 0000000B4B4B4B40 0000000B4B4B4B40 0000000B4B4B4B40 
[TC_DEBUG]     [3872] 0000000BDCDCDCD1 0000000BDCDCDCD1 0000000BDCDCDCD1 0000000BDCDCDCD1 0000000BDCDCDCD1 0000000BDCDCDCD1 0000000BDCDCDCD1 0000000BDCDCDCD1 0000000BDCDCDCD1 0000000BDCDCDCD1 0000000BDCDCDCD1 0000000BDCDCDCD1 0000000BDCDCDCD1 0000000BDCDCDCD1 0000000BDCDCDCD1 0000000BDCDCDCD1 0000000BDCDCDCD1 0000000BDCDCDCD1 0000000BDCDCDCD1 0000000BDCDCDCD1 0000000BDCDCDCD1 0000000BDCDCDCD1 0000000BDCDCDCD1 0000000BDCDCDCD1 0000000BDCDCDCD1 0000000BDCDCDCD1 0000000BDCDCDCD1 0000000BDCDCDCD1 0000000BDCDCDCD1 0000000BDCDCDCD1 0000000BDCDCDCD1 0000000BDCDCDCD1 
[TC_DEBUG]     [3904] 0000000C70707064 0000000C70707064 0000000C70707064 0000000C70707064 0000000C70707064 0000000C70707064 0000000C70707064 0000000C70707064 0000000C70707064 0000000C70707064 0000000C70707064 0000000C70707064 0000000C70707064 0000000C70707064 0000000C70707064 0000000C70707064 0000000C70707064 0000000C70707064 0000000C70707064 0000000C70707064 0000000C70707064 0000000C70707064 0000000C70707064 0000000C70707064 0000000C70707064 0000000C70707064 0000000C70707064 0000000C70707064 0000000C70707064 0000000C70707064 0000000C70707064 0000000C70707064 
[TC_DEBUG]     [3936] 0000000D060605F9 0000000D060605F9 0000000D060605F9 0000000D060605F9 0000000D060605F9 0000000D060605F9 0000000D060605F9 0000000D060605F9 0000000D060605F9 0000000D060605F9 0000000D060605F9 0000000D060605F9 0000000D060605F9 0000000D060605F9 0000000D060605F9 0000000D060605F9 0000000D060605F9 0000000D060605F9 0000000D060605F9 0000000D060605F9 0000000D060605F9 0000000D060605F9 0000000D060605F9 0000000D060605F9 0000000D060605F9 0000000D060605F9 0000000D060605F9 0000000D060605F9 0000000D060605F9 0000000D060605F9 0000000D060605F9 0000000D060605F9 
[TC_DEBUG]     [3968] 0000000D9D9D9D90 0000000D9D9D9D90 0000000D9D9D9D90 0000000D9D9D9D90 0000000D9D9D9D90 0000000D9D9D9D90 0000000D9D9D9D90 0000000D9D9D9D90 0000000D9D9D9D90 0000000D9D9D9D90 0000000D9D9D9D90 0000000D9D9D9D90 0000000D9D9D9D90 0000000D9D9D9D90 0000000D9D9D9D90 0000000D9D9D9D90 0000000D9D9D9D90 0000000D9D9D9D90 0000000D9D9D9D90 0000000D9D9D9D90 0000000D9D9D9D90 0000000D9D9D9D90 0000000D9D9D9D90 0000000D9D9D9D90 0000000D9D9D9D90 0000000D9D9D9D90 0000000D9D9D9D90 0000000D9D9D9D90 0000000D9D9D9D90 0000000D9D9D9D90 0000000D9D9D9D90 0000000D9D9D9D90 
[TC_DEBUG]     [4000] 0000000E37373729 0000000E37373729 0000000E37373729 0000000E37373729 0000000E37373729 0000000E37373729 0000000E37373729 0000000E37373729 0000000E37373729 0000000E37373729 0000000E37373729 0000000E37373729 0000000E37373729 0000000E37373729 0000000E37373729 0000000E37373729 0000000E37373729 0000000E37373729 0000000E37373729 0000000E37373729 0000000E37373729 0000000E37373729 0000000E37373729 0000000E37373729 0000000E37373729 0000000E37373729 0000000E37373729 0000000E37373729 0000000E37373729 0000000E37373729 0000000E37373729 0000000E37373729 
[TC_DEBUG]     [4032] 0000000ED2D2D2C4 0000000ED2D2D2C4 0000000ED2D2D2C4 0000000ED2D2D2C4 0000000ED2D2D2C4 0000000ED2D2D2C4 0000000ED2D2D2C4 0000000ED2D2D2C4 0000000ED2D2D2C4 0000000ED2D2D2C4 0000000ED2D2D2C4 0000000ED2D2D2C4 0000000ED2D2D2C4 0000000ED2D2D2C4 0000000ED2D2D2C4 0000000ED2D2D2C4 0000000ED2D2D2C4 0000000ED2D2D2C4 0000000ED2D2D2C4 0000000ED2D2D2C4 0000000ED2D2D2C4 0000000ED2D2D2C4 0000000ED2D2D2C4 0000000ED2D2D2C4 0000000ED2D2D2C4 0000000ED2D2D2C4 0000000ED2D2D2C4 0000000ED2D2D2C4 0000000ED2D2D2C4 0000000ED2D2D2C4 0000000ED2D2D2C4 0000000ED2D2D2C4 
[TC_DEBUG]     [4064] 0000000F70707061 0000000F70707061 0000000F70707061 0000000F70707061 0000000F70707061 0000000F70707061 0000000F70707061 0000000F70707061 0000000F70707061 0000000F70707061 0000000F70707061 0000000F70707061 0000000F70707061 0000000F70707061 0000000F70707061 0000000F70707061 0000000F70707061 0000000F70707061 0000000F70707061 0000000F70707061 0000000F70707061 0000000F70707061 0000000F70707061 0000000F70707061 0000000F70707061 0000000F70707061 0000000F70707061 0000000F70707061 0000000F70707061 0000000F70707061 0000000F70707061 0000000F70707061 
[TC] tc.st.quant.shift PC=0x8000034C  Encoding=0x220B355B
[TC_DEBUG]   AccBuffer (base=0x50000000, 4096 elements):
[TC_DEBUG]     [0000] 00000000 00000000 00000000 00000000 00000000 00000000 00000000 00000000 00000000 00000000 00000000 00000000 00000000 00000000 00000000 00000000 00000000 00000000 00000000 00000000 00000000 00000000 00000000 00000000 00000000 00000000 00000000 00000000 00000000 00000000 00000000 00000000 
[TC_DEBUG]     [0032] 00010101 00010101 00010101 00010101 00010101 00010101 00010101 00010101 00010101 00010101 00010101 00010101 00010101 00010101 00010101 00010101 00010101 00010101 00010101 00010101 00010101 00010101 00010101 00010101 00010101 00010101 00010101 00010101 00010101 00010101 00010101 00010101 
[TC_DEBUG]     [0064] 00040404 00040404 00040404 00040404 00040404 00040404 00040404 00040404 00040404 00040404 00040404 00040404 00040404 00040404 00040404 00040404 00040404 00040404 00040404 00040404 00040404 00040404 00040404 00040404 00040404 00040404 00040404 00040404 00040404 00040404 00040404 00040404 
[TC_DEBUG]     [0096] 00090909 00090909 00090909 00090909 00090909 00090909 00090909 00090909 00090909 00090909 00090909 00090909 00090909 00090909 00090909 00090909 00090909 00090909 00090909 00090909 00090909 00090909 00090909 00090909 00090909 00090909 00090909 00090909 00090909 00090909 00090909 00090909 
[TC_DEBUG]     [0128] 00101010 00101010 00101010 00101010 00101010 00101010 00101010 00101010 00101010 00101010 00101010 00101010 00101010 00101010 00101010 00101010 00101010 00101010 00101010 00101010 00101010 00101010 00101010 00101010 00101010 00101010 00101010 00101010 00101010 00101010 00101010 00101010 
[TC_DEBUG]     [0160] 00191919 00191919 00191919 00191919 00191919 00191919 00191919 00191919 00191919 00191919 00191919 00191919 00191919 00191919 00191919 00191919 00191919 00191919 00191919 00191919 00191919 00191919 00191919 00191919 00191919 00191919 00191919 00191919 00191919 00191919 00191919 00191919 
[TC_DEBUG]     [0192] 00242424 00242424 00242424 00242424 00242424 00242424 00242424 00242424 00242424 00242424 00242424 00242424 00242424 00242424 00242424 00242424 00242424 00242424 00242424 00242424 00242424 00242424 00242424 00242424 00242424 00242424 00242424 00242424 00242424 00242424 00242424 00242424 
[TC_DEBUG]     [0224] 00313131 00313131 00313131 00313131 00313131 00313131 00313131 00313131 00313131 00313131 00313131 00313131 00313131 00313131 00313131 00313131 00313131 00313131 00313131 00313131 00313131 00313131 00313131 00313131 00313131 00313131 00313131 00313131 00313131 00313131 00313131 00313131 
[TC_DEBUG]     [0256] 00404040 00404040 00404040 00404040 00404040 00404040 00404040 00404040 00404040 00404040 00404040 00404040 00404040 00404040 00404040 00404040 00404040 00404040 00404040 00404040 00404040 00404040 00404040 00404040 00404040 00404040 00404040 00404040 00404040 00404040 00404040 00404040 
[TC_DEBUG]     [0288] 00515151 00515151 00515151 00515151 00515151 00515151 00515151 00515151 00515151 00515151 00515151 00515151 00515151 00515151 00515151 00515151 00515151 00515151 00515151 00515151 00515151 00515151 00515151 00515151 00515151 00515151 00515151 00515151 00515151 00515151 00515151 00515151 
[TC_DEBUG]     [0320] 00646464 00646464 00646464 00646464 00646464 00646464 00646464 00646464 00646464 00646464 00646464 00646464 00646464 00646464 00646464 00646464 00646464 00646464 00646464 00646464 00646464 00646464 00646464 00646464 00646464 00646464 00646464 00646464 00646464 00646464 00646464 00646464 
[TC_DEBUG]     [0352] 00797979 00797979 00797979 00797979 00797979 00797979 00797979 00797979 00797979 00797979 00797979 00797979 00797979 00797979 00797979 00797979 00797979 00797979 00797979 00797979 00797979 00797979 00797979 00797979 00797979 00797979 00797979 00797979 00797979 00797979 00797979 00797979 
[TC_DEBUG]     [0384] 00909090 00909090 00909090 00909090 00909090 00909090 00909090 00909090 00909090 00909090 00909090 00909090 00909090 00909090 00909090 00909090 00909090 00909090 00909090 00909090 00909090 00909090 00909090 00909090 00909090 00909090 00909090 00909090 00909090 00909090 00909090 00909090 
[TC_DEBUG]     [0416] 00A9A9A9 00A9A9A9 00A9A9A9 00A9A9A9 00A9A9A9 00A9A9A9 00A9A9A9 00A9A9A9 00A9A9A9 00A9A9A9 00A9A9A9 00A9A9A9 00A9A9A9 00A9A9A9 00A9A9A9 00A9A9A9 00A9A9A9 00A9A9A9 00A9A9A9 00A9A9A9 00A9A9A9 00A9A9A9 00A9A9A9 00A9A9A9 00A9A9A9 00A9A9A9 00A9A9A9 00A9A9A9 00A9A9A9 00A9A9A9 00A9A9A9 00A9A9A9 
[TC_DEBUG]     [0448] 00C4C4C4 00C4C4C4 00C4C4C4 00C4C4C4 00C4C4C4 00C4C4C4 00C4C4C4 00C4C4C4 00C4C4C4 00C4C4C4 00C4C4C4 00C4C4C4 00C4C4C4 00C4C4C4 00C4C4C4 00C4C4C4 00C4C4C4 00C4C4C4 00C4C4C4 00C4C4C4 00C4C4C4 00C4C4C4 00C4C4C4 00C4C4C4 00C4C4C4 00C4C4C4 00C4C4C4 00C4C4C4 00C4C4C4 00C4C4C4 00C4C4C4 00C4C4C4 
[TC_DEBUG]     [0480] 00E1E1E1 00E1E1E1 00E1E1E1 00E1E1E1 00E1E1E1 00E1E1E1 00E1E1E1 00E1E1E1 00E1E1E1 00E1E1E1 00E1E1E1 00E1E1E1 00E1E1E1 00E1E1E1 00E1E1E1 00E1E1E1 00E1E1E1 00E1E1E1 00E1E1E1 00E1E1E1 00E1E1E1 00E1E1E1 00E1E1E1 00E1E1E1 00E1E1E1 00E1E1E1 00E1E1E1 00E1E1E1 00E1E1E1 00E1E1E1 00E1E1E1 00E1E1E1 
[TC_DEBUG]     [0512] 01010101 01010101 01010101 01010101 01010101 01010101 01010101 01010101 01010101 01010101 01010101 01010101 01010101 01010101 01010101 01010101 01010101 01010101 01010101 01010101 01010101 01010101 01010101 01010101 01010101 01010101 01010101 01010101 01010101 01010101 01010101 01010101 
[TC_DEBUG]     [0544] 01222222 01222222 01222222 01222222 01222222 01222222 01222222 01222222 01222222 01222222 01222222 01222222 01222222 01222222 01222222 01222222 01222222 01222222 01222222 01222222 01222222 01222222 01222222 01222222 01222222 01222222 01222222 01222222 01222222 01222222 01222222 01222222 
[TC_DEBUG]     [0576] 01454545 01454545 01454545 01454545 01454545 01454545 01454545 01454545 01454545 01454545 01454545 01454545 01454545 01454545 01454545 01454545 01454545 01454545 01454545 01454545 01454545 01454545 01454545 01454545 01454545 01454545 01454545 01454545 01454545 01454545 01454545 01454545 
[TC_DEBUG]     [0608] 016A6A6A 016A6A6A 016A6A6A 016A6A6A 016A6A6A 016A6A6A 016A6A6A 016A6A6A 016A6A6A 016A6A6A 016A6A6A 016A6A6A 016A6A6A 016A6A6A 016A6A6A 016A6A6A 016A6A6A 016A6A6A 016A6A6A 016A6A6A 016A6A6A 016A6A6A 016A6A6A 016A6A6A 016A6A6A 016A6A6A 016A6A6A 016A6A6A 016A6A6A 016A6A6A 016A6A6A 016A6A6A 
[TC_DEBUG]     [0640] 01919191 01919191 01919191 01919191 01919191 01919191 01919191 01919191 01919191 01919191 01919191 01919191 01919191 01919191 01919191 01919191 01919191 01919191 01919191 01919191 01919191 01919191 01919191 01919191 01919191 01919191 01919191 01919191 01919191 01919191 01919191 01919191 
[TC_DEBUG]     [0672] 01BABABA 01BABABA 01BABABA 01BABABA 01BABABA 01BABABA 01BABABA 01BABABA 01BABABA 01BABABA 01BABABA 01BABABA 01BABABA 01BABABA 01BABABA 01BABABA 01BABABA 01BABABA 01BABABA 01BABABA 01BABABA 01BABABA 01BABABA 01BABABA 01BABABA 01BABABA 01BABABA 01BABABA 01BABABA 01BABABA 01BABABA 01BABABA 
[TC_DEBUG]     [0704] 01E5E5E5 01E5E5E5 01E5E5E5 01E5E5E5 01E5E5E5 01E5E5E5 01E5E5E5 01E5E5E5 01E5E5E5 01E5E5E5 01E5E5E5 01E5E5E5 01E5E5E5 01E5E5E5 01E5E5E5 01E5E5E5 01E5E5E5 01E5E5E5 01E5E5E5 01E5E5E5 01E5E5E5 01E5E5E5 01E5E5E5 01E5E5E5 01E5E5E5 01E5E5E5 01E5E5E5 01E5E5E5 01E5E5E5 01E5E5E5 01E5E5E5 01E5E5E5 
[TC_DEBUG]     [0736] 02131313 02131313 02131313 02131313 02131313 02131313 02131313 02131313 02131313 02131313 02131313 02131313 02131313 02131313 02131313 02131313 02131313 02131313 02131313 02131313 02131313 02131313 02131313 02131313 02131313 02131313 02131313 02131313 02131313 02131313 02131313 02131313 
[TC_DEBUG]     [0768] 02424242 02424242 02424242 02424242 02424242 02424242 02424242 02424242 02424242 02424242 02424242 02424242 02424242 02424242 02424242 02424242 02424242 02424242 02424242 02424242 02424242 02424242 02424242 02424242 02424242 02424242 02424242 02424242 02424242 02424242 02424242 02424242 
[TC_DEBUG]     [0800] 02737373 02737373 02737373 02737373 02737373 02737373 02737373 02737373 02737373 02737373 02737373 02737373 02737373 02737373 02737373 02737373 02737373 02737373 02737373 02737373 02737373 02737373 02737373 02737373 02737373 02737373 02737373 02737373 02737373 02737373 02737373 02737373 
[TC_DEBUG]     [0832] 02A6A6A6 02A6A6A6 02A6A6A6 02A6A6A6 02A6A6A6 02A6A6A6 02A6A6A6 02A6A6A6 02A6A6A6 02A6A6A6 02A6A6A6 02A6A6A6 02A6A6A6 02A6A6A6 02A6A6A6 02A6A6A6 02A6A6A6 02A6A6A6 02A6A6A6 02A6A6A6 02A6A6A6 02A6A6A6 02A6A6A6 02A6A6A6 02A6A6A6 02A6A6A6 02A6A6A6 02A6A6A6 02A6A6A6 02A6A6A6 02A6A6A6 02A6A6A6 
[TC_DEBUG]     [0864] 02DBDBDB 02DBDBDB 02DBDBDB 02DBDBDB 02DBDBDB 02DBDBDB 02DBDBDB 02DBDBDB 02DBDBDB 02DBDBDB 02DBDBDB 02DBDBDB 02DBDBDB 02DBDBDB 02DBDBDB 02DBDBDB 02DBDBDB 02DBDBDB 02DBDBDB 02DBDBDB 02DBDBDB 02DBDBDB 02DBDBDB 02DBDBDB 02DBDBDB 02DBDBDB 02DBDBDB 02DBDBDB 02DBDBDB 02DBDBDB 02DBDBDB 02DBDBDB 
[TC_DEBUG]     [0896] 03131313 03131313 03131313 03131313 03131313 03131313 03131313 03131313 03131313 03131313 03131313 03131313 03131313 03131313 03131313 03131313 03131313 03131313 03131313 03131313 03131313 03131313 03131313 03131313 03131313 03131313 03131313 03131313 03131313 03131313 03131313 03131313 
[TC_DEBUG]     [0928] 034C4C4C 034C4C4C 034C4C4C 034C4C4C 034C4C4C 034C4C4C 034C4C4C 034C4C4C 034C4C4C 034C4C4C 034C4C4C 034C4C4C 034C4C4C 034C4C4C 034C4C4C 034C4C4C 034C4C4C 034C4C4C 034C4C4C 034C4C4C 034C4C4C 034C4C4C 034C4C4C 034C4C4C 034C4C4C 034C4C4C 034C4C4C 034C4C4C 034C4C4C 034C4C4C 034C4C4C 034C4C4C 
[TC_DEBUG]     [0960] 03878787 03878787 03878787 03878787 03878787 03878787 03878787 03878787 03878787 03878787 03878787 03878787 03878787 03878787 03878787 03878787 03878787 03878787 03878787 03878787 03878787 03878787 03878787 03878787 03878787 03878787 03878787 03878787 03878787 03878787 03878787 03878787 
[TC_DEBUG]     [0992] 03C4C4C4 03C4C4C4 03C4C4C4 03C4C4C4 03C4C4C4 03C4C4C4 03C4C4C4 03C4C4C4 03C4C4C4 03C4C4C4 03C4C4C4 03C4C4C4 03C4C4C4 03C4C4C4 03C4C4C4 03C4C4C4 03C4C4C4 03C4C4C4 03C4C4C4 03C4C4C4 03C4C4C4 03C4C4C4 03C4C4C4 03C4C4C4 03C4C4C4 03C4C4C4 03C4C4C4 03C4C4C4 03C4C4C4 03C4C4C4 03C4C4C4 03C4C4C4 
[TC_DEBUG]     [1024] 00000000 00000000 00000000 00000000 00000000 00000000 00000000 00000000 00000000 00000000 00000000 00000000 00000000 00000000 00000000 00000000 00000000 00000000 00000000 00000000 00000000 00000000 00000000 00000000 00000000 00000000 00000000 00000000 00000000 00000000 00000000 00000000 
[TC_DEBUG]     [1056] 00212121 00212121 00212121 00212121 00212121 00212121 00212121 00212121 00212121 00212121 00212121 00212121 00212121 00212121 00212121 00212121 00212121 00212121 00212121 00212121 00212121 00212121 00212121 00212121 00212121 00212121 00212121 00212121 00212121 00212121 00212121 00212121 
[TC_DEBUG]     [1088] 00444444 00444444 00444444 00444444 00444444 00444444 00444444 00444444 00444444 00444444 00444444 00444444 00444444 00444444 00444444 00444444 00444444 00444444 00444444 00444444 00444444 00444444 00444444 00444444 00444444 00444444 00444444 00444444 00444444 00444444 00444444 00444444 
[TC_DEBUG]     [1120] 00696969 00696969 00696969 00696969 00696969 00696969 00696969 00696969 00696969 00696969 00696969 00696969 00696969 00696969 00696969 00696969 00696969 00696969 00696969 00696969 00696969 00696969 00696969 00696969 00696969 00696969 00696969 00696969 00696969 00696969 00696969 00696969 
[TC_DEBUG]     [1152] 00909090 00909090 00909090 00909090 00909090 00909090 00909090 00909090 00909090 00909090 00909090 00909090 00909090 00909090 00909090 00909090 00909090 00909090 00909090 00909090 00909090 00909090 00909090 00909090 00909090 00909090 00909090 00909090 00909090 00909090 00909090 00909090 
[TC_DEBUG]     [1184] 00B9B9B9 00B9B9B9 00B9B9B9 00B9B9B9 00B9B9B9 00B9B9B9 00B9B9B9 00B9B9B9 00B9B9B9 00B9B9B9 00B9B9B9 00B9B9B9 00B9B9B9 00B9B9B9 00B9B9B9 00B9B9B9 00B9B9B9 00B9B9B9 00B9B9B9 00B9B9B9 00B9B9B9 00B9B9B9 00B9B9B9 00B9B9B9 00B9B9B9 00B9B9B9 00B9B9B9 00B9B9B9 00B9B9B9 00B9B9B9 00B9B9B9 00B9B9B9 
[TC_DEBUG]     [1216] 00E4E4E4 00E4E4E4 00E4E4E4 00E4E4E4 00E4E4E4 00E4E4E4 00E4E4E4 00E4E4E4 00E4E4E4 00E4E4E4 00E4E4E4 00E4E4E4 00E4E4E4 00E4E4E4 00E4E4E4 00E4E4E4 00E4E4E4 00E4E4E4 00E4E4E4 00E4E4E4 00E4E4E4 00E4E4E4 00E4E4E4 00E4E4E4 00E4E4E4 00E4E4E4 00E4E4E4 00E4E4E4 00E4E4E4 00E4E4E4 00E4E4E4 00E4E4E4 
[TC_DEBUG]     [1248] 01121212 01121212 01121212 01121212 01121212 01121212 01121212 01121212 01121212 01121212 01121212 01121212 01121212 01121212 01121212 01121212 01121212 01121212 01121212 01121212 01121212 01121212 01121212 01121212 01121212 01121212 01121212 01121212 01121212 01121212 01121212 01121212 
[TC_DEBUG]     [1280] 01414141 01414141 01414141 01414141 01414141 01414141 01414141 01414141 01414141 01414141 01414141 01414141 01414141 01414141 01414141 01414141 01414141 01414141 01414141 01414141 01414141 01414141 01414141 01414141 01414141 01414141 01414141 01414141 01414141 01414141 01414141 01414141 
[TC_DEBUG]     [1312] 01727272 01727272 01727272 01727272 01727272 01727272 01727272 01727272 01727272 01727272 01727272 01727272 01727272 01727272 01727272 01727272 01727272 01727272 01727272 01727272 01727272 01727272 01727272 01727272 01727272 01727272 01727272 01727272 01727272 01727272 01727272 01727272 
[TC_DEBUG]     [1344] 01A5A5A5 01A5A5A5 01A5A5A5 01A5A5A5 01A5A5A5 01A5A5A5 01A5A5A5 01A5A5A5 01A5A5A5 01A5A5A5 01A5A5A5 01A5A5A5 01A5A5A5 01A5A5A5 01A5A5A5 01A5A5A5 01A5A5A5 01A5A5A5 01A5A5A5 01A5A5A5 01A5A5A5 01A5A5A5 01A5A5A5 01A5A5A5 01A5A5A5 01A5A5A5 01A5A5A5 01A5A5A5 01A5A5A5 01A5A5A5 01A5A5A5 01A5A5A5 
[TC_DEBUG]     [1376] 01DADADA 01DADADA 01DADADA 01DADADA 01DADADA 01DADADA 01DADADA 01DADADA 01DADADA 01DADADA 01DADADA 01DADADA 01DADADA 01DADADA 01DADADA 01DADADA 01DADADA 01DADADA 01DADADA 01DADADA 01DADADA 01DADADA 01DADADA 01DADADA 01DADADA 01DADADA 01DADADA 01DADADA 01DADADA 01DADADA 01DADADA 01DADADA 
[TC_DEBUG]     [1408] 02121212 02121212 02121212 02121212 02121212 02121212 02121212 02121212 02121212 02121212 02121212 02121212 02121212 02121212 02121212 02121212 02121212 02121212 02121212 02121212 02121212 02121212 02121212 02121212 02121212 02121212 02121212 02121212 02121212 02121212 02121212 02121212 
[TC_DEBUG]     [1440] 024B4B4B 024B4B4B 024B4B4B 024B4B4B 024B4B4B 024B4B4B 024B4B4B 024B4B4B 024B4B4B 024B4B4B 024B4B4B 024B4B4B 024B4B4B 024B4B4B 024B4B4B 024B4B4B 024B4B4B 024B4B4B 024B4B4B 024B4B4B 024B4B4B 024B4B4B 024B4B4B 024B4B4B 024B4B4B 024B4B4B 024B4B4B 024B4B4B 024B4B4B 024B4B4B 024B4B4B 024B4B4B 
[TC_DEBUG]     [1472] 02868686 02868686 02868686 02868686 02868686 02868686 02868686 02868686 02868686 02868686 02868686 02868686 02868686 02868686 02868686 02868686 02868686 02868686 02868686 02868686 02868686 02868686 02868686 02868686 02868686 02868686 02868686 02868686 02868686 02868686 02868686 02868686 
[TC_DEBUG]     [1504] 02C3C3C3 02C3C3C3 02C3C3C3 02C3C3C3 02C3C3C3 02C3C3C3 02C3C3C3 02C3C3C3 02C3C3C3 02C3C3C3 02C3C3C3 02C3C3C3 02C3C3C3 02C3C3C3 02C3C3C3 02C3C3C3 02C3C3C3 02C3C3C3 02C3C3C3 02C3C3C3 02C3C3C3 02C3C3C3 02C3C3C3 02C3C3C3 02C3C3C3 02C3C3C3 02C3C3C3 02C3C3C3 02C3C3C3 02C3C3C3 02C3C3C3 02C3C3C3 
[TC_DEBUG]     [1536] 03030303 03030303 03030303 03030303 03030303 03030303 03030303 03030303 03030303 03030303 03030303 03030303 03030303 03030303 03030303 03030303 03030303 03030303 03030303 03030303 03030303 03030303 03030303 03030303 03030303 03030303 03030303 03030303 03030303 03030303 03030303 03030303 
[TC_DEBUG]     [1568] 03444444 03444444 03444444 03444444 03444444 03444444 03444444 03444444 03444444 03444444 03444444 03444444 03444444 03444444 03444444 03444444 03444444 03444444 03444444 03444444 03444444 03444444 03444444 03444444 03444444 03444444 03444444 03444444 03444444 03444444 03444444 03444444 
[TC_DEBUG]     [1600] 03878787 03878787 03878787 03878787 03878787 03878787 03878787 03878787 03878787 03878787 03878787 03878787 03878787 03878787 03878787 03878787 03878787 03878787 03878787 03878787 03878787 03878787 03878787 03878787 03878787 03878787 03878787 03878787 03878787 03878787 03878787 03878787 
[TC_DEBUG]     [1632] 03CCCCCC 03CCCCCC 03CCCCCC 03CCCCCC 03CCCCCC 03CCCCCC 03CCCCCC 03CCCCCC 03CCCCCC 03CCCCCC 03CCCCCC 03CCCCCC 03CCCCCC 03CCCCCC 03CCCCCC 03CCCCCC 03CCCCCC 03CCCCCC 03CCCCCC 03CCCCCC 03CCCCCC 03CCCCCC 03CCCCCC 03CCCCCC 03CCCCCC 03CCCCCC 03CCCCCC 03CCCCCC 03CCCCCC 03CCCCCC 03CCCCCC 03CCCCCC 
[TC_DEBUG]     [1664] 04141414 04141414 04141414 04141414 04141414 04141414 04141414 04141414 04141414 04141414 04141414 04141414 04141414 04141414 04141414 04141414 04141414 04141414 04141414 04141414 04141414 04141414 04141414 04141414 04141414 04141414 04141414 04141414 04141414 04141414 04141414 04141414 
[TC_DEBUG]     [1696] 045D5D5D 045D5D5D 045D5D5D 045D5D5D 045D5D5D 045D5D5D 045D5D5D 045D5D5D 045D5D5D 045D5D5D 045D5D5D 045D5D5D 045D5D5D 045D5D5D 045D5D5D 045D5D5D 045D5D5D 045D5D5D 045D5D5D 045D5D5D 045D5D5D 045D5D5D 045D5D5D 045D5D5D 045D5D5D 045D5D5D 045D5D5D 045D5D5D 045D5D5D 045D5D5D 045D5D5D 045D5D5D 
[TC_DEBUG]     [1728] 04A8A8A8 04A8A8A8 04A8A8A8 04A8A8A8 04A8A8A8 04A8A8A8 04A8A8A8 04A8A8A8 04A8A8A8 04A8A8A8 04A8A8A8 04A8A8A8 04A8A8A8 04A8A8A8 04A8A8A8 04A8A8A8 04A8A8A8 04A8A8A8 04A8A8A8 04A8A8A8 04A8A8A8 04A8A8A8 04A8A8A8 04A8A8A8 04A8A8A8 04A8A8A8 04A8A8A8 04A8A8A8 04A8A8A8 04A8A8A8 04A8A8A8 04A8A8A8 
[TC_DEBUG]     [1760] 04F5F5F5 04F5F5F5 04F5F5F5 04F5F5F5 04F5F5F5 04F5F5F5 04F5F5F5 04F5F5F5 04F5F5F5 04F5F5F5 04F5F5F5 04F5F5F5 04F5F5F5 04F5F5F5 04F5F5F5 04F5F5F5 04F5F5F5 04F5F5F5 04F5F5F5 04F5F5F5 04F5F5F5 04F5F5F5 04F5F5F5 04F5F5F5 04F5F5F5 04F5F5F5 04F5F5F5 04F5F5F5 04F5F5F5 04F5F5F5 04F5F5F5 04F5F5F5 
[TC_DEBUG]     [1792] 05454545 05454545 05454545 05454545 05454545 05454545 05454545 05454545 05454545 05454545 05454545 05454545 05454545 05454545 05454545 05454545 05454545 05454545 05454545 05454545 05454545 05454545 05454545 05454545 05454545 05454545 05454545 05454545 05454545 05454545 05454545 05454545 
[TC_DEBUG]     [1824] 05969696 05969696 05969696 05969696 05969696 05969696 05969696 05969696 05969696 05969696 05969696 05969696 05969696 05969696 05969696 05969696 05969696 05969696 05969696 05969696 05969696 05969696 05969696 05969696 05969696 05969696 05969696 05969696 05969696 05969696 05969696 05969696 
[TC_DEBUG]     [1856] 05E9E9E9 05E9E9E9 05E9E9E9 05E9E9E9 05E9E9E9 05E9E9E9 05E9E9E9 05E9E9E9 05E9E9E9 05E9E9E9 05E9E9E9 05E9E9E9 05E9E9E9 05E9E9E9 05E9E9E9 05E9E9E9 05E9E9E9 05E9E9E9 05E9E9E9 05E9E9E9 05E9E9E9 05E9E9E9 05E9E9E9 05E9E9E9 05E9E9E9 05E9E9E9 05E9E9E9 05E9E9E9 05E9E9E9 05E9E9E9 05E9E9E9 05E9E9E9 
[TC_DEBUG]     [1888] 063F3F3F 063F3F3F 063F3F3F 063F3F3F 063F3F3F 063F3F3F 063F3F3F 063F3F3F 063F3F3F 063F3F3F 063F3F3F 063F3F3F 063F3F3F 063F3F3F 063F3F3F 063F3F3F 063F3F3F 063F3F3F 063F3F3F 063F3F3F 063F3F3F 063F3F3F 063F3F3F 063F3F3F 063F3F3F 063F3F3F 063F3F3F 063F3F3F 063F3F3F 063F3F3F 063F3F3F 063F3F3F 
[TC_DEBUG]     [1920] 06969696 06969696 06969696 06969696 06969696 06969696 06969696 06969696 06969696 06969696 06969696 06969696 06969696 06969696 06969696 06969696 06969696 06969696 06969696 06969696 06969696 06969696 06969696 06969696 06969696 06969696 06969696 06969696 06969696 06969696 06969696 06969696 
[TC_DEBUG]     [1952] 06EFEFEF 06EFEFEF 06EFEFEF 06EFEFEF 06EFEFEF 06EFEFEF 06EFEFEF 06EFEFEF 06EFEFEF 06EFEFEF 06EFEFEF 06EFEFEF 06EFEFEF 06EFEFEF 06EFEFEF 06EFEFEF 06EFEFEF 06EFEFEF 06EFEFEF 06EFEFEF 06EFEFEF 06EFEFEF 06EFEFEF 06EFEFEF 06EFEFEF 06EFEFEF 06EFEFEF 06EFEFEF 06EFEFEF 06EFEFEF 06EFEFEF 06EFEFEF 
[TC_DEBUG]     [1984] 074B4B4B 074B4B4B 074B4B4B 074B4B4B 074B4B4B 074B4B4B 074B4B4B 074B4B4B 074B4B4B 074B4B4B 074B4B4B 074B4B4B 074B4B4B 074B4B4B 074B4B4B 074B4B4B 074B4B4B 074B4B4B 074B4B4B 074B4B4B 074B4B4B 074B4B4B 074B4B4B 074B4B4B 074B4B4B 074B4B4B 074B4B4B 074B4B4B 074B4B4B 074B4B4B 074B4B4B 074B4B4B 
[TC_DEBUG]     [2016] 07A8A8A8 07A8A8A8 07A8A8A8 07A8A8A8 07A8A8A8 07A8A8A8 07A8A8A8 07A8A8A8 07A8A8A8 07A8A8A8 07A8A8A8 07A8A8A8 07A8A8A8 07A8A8A8 07A8A8A8 07A8A8A8 07A8A8A8 07A8A8A8 07A8A8A8 07A8A8A8 07A8A8A8 07A8A8A8 07A8A8A8 07A8A8A8 07A8A8A8 07A8A8A8 07A8A8A8 07A8A8A8 07A8A8A8 07A8A8A8 07A8A8A8 07A8A8A8 
[TC_DEBUG]     [2048] 00000000 00000000 00000000 00000000 00000000 00000000 00000000 00000000 00000000 00000000 00000000 00000000 00000000 00000000 00000000 00000000 00000000 00000000 00000000 00000000 00000000 00000000 00000000 00000000 00000000 00000000 00000000 00000000 00000000 00000000 00000000 00000000 
[TC_DEBUG]     [2080] 00414141 00414141 00414141 00414141 00414141 00414141 00414141 00414141 00414141 00414141 00414141 00414141 00414141 00414141 00414141 00414141 00414141 00414141 00414141 00414141 00414141 00414141 00414141 00414141 00414141 00414141 00414141 00414141 00414141 00414141 00414141 00414141 
[TC_DEBUG]     [2112] 00848484 00848484 00848484 00848484 00848484 00848484 00848484 00848484 00848484 00848484 00848484 00848484 00848484 00848484 00848484 00848484 00848484 00848484 00848484 00848484 00848484 00848484 00848484 00848484 00848484 00848484 00848484 00848484 00848484 00848484 00848484 00848484 
[TC_DEBUG]     [2144] 00C9C9C9 00C9C9C9 00C9C9C9 00C9C9C9 00C9C9C9 00C9C9C9 00C9C9C9 00C9C9C9 00C9C9C9 00C9C9C9 00C9C9C9 00C9C9C9 00C9C9C9 00C9C9C9 00C9C9C9 00C9C9C9 00C9C9C9 00C9C9C9 00C9C9C9 00C9C9C9 00C9C9C9 00C9C9C9 00C9C9C9 00C9C9C9 00C9C9C9 00C9C9C9 00C9C9C9 00C9C9C9 00C9C9C9 00C9C9C9 00C9C9C9 00C9C9C9 
[TC_DEBUG]     [2176] 01111111 01111111 01111111 01111111 01111111 01111111 01111111 01111111 01111111 01111111 01111111 01111111 01111111 01111111 01111111 01111111 01111111 01111111 01111111 01111111 01111111 01111111 01111111 01111111 01111111 01111111 01111111 01111111 01111111 01111111 01111111 01111111 
[TC_DEBUG]     [2208] 015A5A5A 015A5A5A 015A5A5A 015A5A5A 015A5A5A 015A5A5A 015A5A5A 015A5A5A 015A5A5A 015A5A5A 015A5A5A 015A5A5A 015A5A5A 015A5A5A 015A5A5A 015A5A5A 015A5A5A 015A5A5A 015A5A5A 015A5A5A 015A5A5A 015A5A5A 015A5A5A 015A5A5A 015A5A5A 015A5A5A 015A5A5A 015A5A5A 015A5A5A 015A5A5A 015A5A5A 015A5A5A 
[TC_DEBUG]     [2240] 01A5A5A5 01A5A5A5 01A5A5A5 01A5A5A5 01A5A5A5 01A5A5A5 01A5A5A5 01A5A5A5 01A5A5A5 01A5A5A5 01A5A5A5 01A5A5A5 01A5A5A5 01A5A5A5 01A5A5A5 01A5A5A5 01A5A5A5 01A5A5A5 01A5A5A5 01A5A5A5 01A5A5A5 01A5A5A5 01A5A5A5 01A5A5A5 01A5A5A5 01A5A5A5 01A5A5A5 01A5A5A5 01A5A5A5 01A5A5A5 01A5A5A5 01A5A5A5 
[TC_DEBUG]     [2272] 01F2F2F2 01F2F2F2 01F2F2F2 01F2F2F2 01F2F2F2 01F2F2F2 01F2F2F2 01F2F2F2 01F2F2F2 01F2F2F2 01F2F2F2 01F2F2F2 01F2F2F2 01F2F2F2 01F2F2F2 01F2F2F2 01F2F2F2 01F2F2F2 01F2F2F2 01F2F2F2 01F2F2F2 01F2F2F2 01F2F2F2 01F2F2F2 01F2F2F2 01F2F2F2 01F2F2F2 01F2F2F2 01F2F2F2 01F2F2F2 01F2F2F2 01F2F2F2 
[TC_DEBUG]     [2304] 02424242 02424242 02424242 02424242 02424242 02424242 02424242 02424242 02424242 02424242 02424242 02424242 02424242 02424242 02424242 02424242 02424242 02424242 02424242 02424242 02424242 02424242 02424242 02424242 02424242 02424242 02424242 02424242 02424242 02424242 02424242 02424242 
[TC_DEBUG]     [2336] 02939393 02939393 02939393 02939393 02939393 02939393 02939393 02939393 02939393 02939393 02939393 02939393 02939393 02939393 02939393 02939393 02939393 02939393 02939393 02939393 02939393 02939393 02939393 02939393 02939393 02939393 02939393 02939393 02939393 02939393 02939393 02939393 
[TC_DEBUG]     [2368] 02E6E6E6 02E6E6E6 02E6E6E6 02E6E6E6 02E6E6E6 02E6E6E6 02E6E6E6 02E6E6E6 02E6E6E6 02E6E6E6 02E6E6E6 02E6E6E6 02E6E6E6 02E6E6E6 02E6E6E6 02E6E6E6 02E6E6E6 02E6E6E6 02E6E6E6 02E6E6E6 02E6E6E6 02E6E6E6 02E6E6E6 02E6E6E6 02E6E6E6 02E6E6E6 02E6E6E6 02E6E6E6 02E6E6E6 02E6E6E6 02E6E6E6 02E6E6E6 
[TC_DEBUG]     [2400] 033C3C3C 033C3C3C 033C3C3C 033C3C3C 033C3C3C 033C3C3C 033C3C3C 033C3C3C 033C3C3C 033C3C3C 033C3C3C 033C3C3C 033C3C3C 033C3C3C 033C3C3C 033C3C3C 033C3C3C 033C3C3C 033C3C3C 033C3C3C 033C3C3C 033C3C3C 033C3C3C 033C3C3C 033C3C3C 033C3C3C 033C3C3C 033C3C3C 033C3C3C 033C3C3C 033C3C3C 033C3C3C 
[TC_DEBUG]     [2432] 03939393 03939393 03939393 03939393 03939393 03939393 03939393 03939393 03939393 03939393 03939393 03939393 03939393 03939393 03939393 03939393 03939393 03939393 03939393 03939393 03939393 03939393 03939393 03939393 03939393 03939393 03939393 03939393 03939393 03939393 03939393 03939393 
[TC_DEBUG]     [2464] 03ECECEC 03ECECEC 03ECECEC 03ECECEC 03ECECEC 03ECECEC 03ECECEC 03ECECEC 03ECECEC 03ECECEC 03ECECEC 03ECECEC 03ECECEC 03ECECEC 03ECECEC 03ECECEC 03ECECEC 03ECECEC 03ECECEC 03ECECEC 03ECECEC 03ECECEC 03ECECEC 03ECECEC 03ECECEC 03ECECEC 03ECECEC 03ECECEC 03ECECEC 03ECECEC 03ECECEC 03ECECEC 
[TC_DEBUG]     [2496] 04484848 04484848 04484848 04484848 04484848 04484848 04484848 04484848 04484848 04484848 04484848 04484848 04484848 04484848 04484848 04484848 04484848 04484848 04484848 04484848 04484848 04484848 04484848 04484848 04484848 04484848 04484848 04484848 04484848 04484848 04484848 04484848 
[TC_DEBUG]     [2528] 04A5A5A5 04A5A5A5 04A5A5A5 04A5A5A5 04A5A5A5 04A5A5A5 04A5A5A5 04A5A5A5 04A5A5A5 04A5A5A5 04A5A5A5 04A5A5A5 04A5A5A5 04A5A5A5 04A5A5A5 04A5A5A5 04A5A5A5 04A5A5A5 04A5A5A5 04A5A5A5 04A5A5A5 04A5A5A5 04A5A5A5 04A5A5A5 04A5A5A5 04A5A5A5 04A5A5A5 04A5A5A5 04A5A5A5 04A5A5A5 04A5A5A5 04A5A5A5 
[TC_DEBUG]     [2560] 05050505 05050505 05050505 05050505 05050505 05050505 05050505 05050505 05050505 05050505 05050505 05050505 05050505 05050505 05050505 05050505 05050505 05050505 05050505 05050505 05050505 05050505 05050505 05050505 05050505 05050505 05050505 05050505 05050505 05050505 05050505 05050505 
[TC_DEBUG]     [2592] 05666666 05666666 05666666 05666666 05666666 05666666 05666666 05666666 05666666 05666666 05666666 05666666 05666666 05666666 05666666 05666666 05666666 05666666 05666666 05666666 05666666 05666666 05666666 05666666 05666666 05666666 05666666 05666666 05666666 05666666 05666666 05666666 
[TC_DEBUG]     [2624] 05C9C9C9 05C9C9C9 05C9C9C9 05C9C9C9 05C9C9C9 05C9C9C9 05C9C9C9 05C9C9C9 05C9C9C9 05C9C9C9 05C9C9C9 05C9C9C9 05C9C9C9 05C9C9C9 05C9C9C9 05C9C9C9 05C9C9C9 05C9C9C9 05C9C9C9 05C9C9C9 05C9C9C9 05C9C9C9 05C9C9C9 05C9C9C9 05C9C9C9 05C9C9C9 05C9C9C9 05C9C9C9 05C9C9C9 05C9C9C9 05C9C9C9 05C9C9C9 
[TC_DEBUG]     [2656] 062F2F2F 062F2F2F 062F2F2F 062F2F2F 062F2F2F 062F2F2F 062F2F2F 062F2F2F 062F2F2F 062F2F2F 062F2F2F 062F2F2F 062F2F2F 062F2F2F 062F2F2F 062F2F2F 062F2F2F 062F2F2F 062F2F2F 062F2F2F 062F2F2F 062F2F2F 062F2F2F 062F2F2F 062F2F2F 062F2F2F 062F2F2F 062F2F2F 062F2F2F 062F2F2F 062F2F2F 062F2F2F 
[TC_DEBUG]     [2688] 06969696 06969696 06969696 06969696 06969696 06969696 06969696 06969696 06969696 06969696 06969696 06969696 06969696 06969696 06969696 06969696 06969696 06969696 06969696 06969696 06969696 06969696 06969696 06969696 06969696 06969696 06969696 06969696 06969696 06969696 06969696 06969696 
[TC_DEBUG]     [2720] 06FFFFFF 06FFFFFF 06FFFFFF 06FFFFFF 06FFFFFF 06FFFFFF 06FFFFFF 06FFFFFF 06FFFFFF 06FFFFFF 06FFFFFF 06FFFFFF 06FFFFFF 06FFFFFF 06FFFFFF 06FFFFFF 06FFFFFF 06FFFFFF 06FFFFFF 06FFFFFF 06FFFFFF 06FFFFFF 06FFFFFF 06FFFFFF 06FFFFFF 06FFFFFF 06FFFFFF 06FFFFFF 06FFFFFF 06FFFFFF 06FFFFFF 06FFFFFF 
[TC_DEBUG]     [2752] 076B6B6B 076B6B6B 076B6B6B 076B6B6B 076B6B6B 076B6B6B 076B6B6B 076B6B6B 076B6B6B 076B6B6B 076B6B6B 076B6B6B 076B6B6B 076B6B6B 076B6B6B 076B6B6B 076B6B6B 076B6B6B 076B6B6B 076B6B6B 076B6B6B 076B6B6B 076B6B6B 076B6B6B 076B6B6B 076B6B6B 076B6B6B 076B6B6B 076B6B6B 076B6B6B 076B6B6B 076B6B6B 
[TC_DEBUG]     [2784] 07D8D8D8 07D8D8D8 07D8D8D8 07D8D8D8 07D8D8D8 07D8D8D8 07D8D8D8 07D8D8D8 07D8D8D8 07D8D8D8 07D8D8D8 07D8D8D8 07D8D8D8 07D8D8D8 07D8D8D8 07D8D8D8 07D8D8D8 07D8D8D8 07D8D8D8 07D8D8D8 07D8D8D8 07D8D8D8 07D8D8D8 07D8D8D8 07D8D8D8 07D8D8D8 07D8D8D8 07D8D8D8 07D8D8D8 07D8D8D8 07D8D8D8 07D8D8D8 
[TC_DEBUG]     [2816] 08484848 08484848 08484848 08484848 08484848 08484848 08484848 08484848 08484848 08484848 08484848 08484848 08484848 08484848 08484848 08484848 08484848 08484848 08484848 08484848 08484848 08484848 08484848 08484848 08484848 08484848 08484848 08484848 08484848 08484848 08484848 08484848 
[TC_DEBUG]     [2848] 08B9B9B9 08B9B9B9 08B9B9B9 08B9B9B9 08B9B9B9 08B9B9B9 08B9B9B9 08B9B9B9 08B9B9B9 08B9B9B9 08B9B9B9 08B9B9B9 08B9B9B9 08B9B9B9 08B9B9B9 08B9B9B9 08B9B9B9 08B9B9B9 08B9B9B9 08B9B9B9 08B9B9B9 08B9B9B9 08B9B9B9 08B9B9B9 08B9B9B9 08B9B9B9 08B9B9B9 08B9B9B9 08B9B9B9 08B9B9B9 08B9B9B9 08B9B9B9 
[TC_DEBUG]     [2880] 092D2D2D 092D2D2D 092D2D2D 092D2D2D 092D2D2D 092D2D2D 092D2D2D 092D2D2D 092D2D2D 092D2D2D 092D2D2D 092D2D2D 092D2D2D 092D2D2D 092D2D2D 092D2D2D 092D2D2D 092D2D2D 092D2D2D 092D2D2D 092D2D2D 092D2D2D 092D2D2D 092D2D2D 092D2D2D 092D2D2D 092D2D2D 092D2D2D 092D2D2D 092D2D2D 092D2D2D 092D2D2D 
[TC_DEBUG]     [2912] 09A2A2A2 09A2A2A2 09A2A2A2 09A2A2A2 09A2A2A2 09A2A2A2 09A2A2A2 09A2A2A2 09A2A2A2 09A2A2A2 09A2A2A2 09A2A2A2 09A2A2A2 09A2A2A2 09A2A2A2 09A2A2A2 09A2A2A2 09A2A2A2 09A2A2A2 09A2A2A2 09A2A2A2 09A2A2A2 09A2A2A2 09A2A2A2 09A2A2A2 09A2A2A2 09A2A2A2 09A2A2A2 09A2A2A2 09A2A2A2 09A2A2A2 09A2A2A2 
[TC_DEBUG]     [2944] 0A1A1A1A 0A1A1A1A 0A1A1A1A 0A1A1A1A 0A1A1A1A 0A1A1A1A 0A1A1A1A 0A1A1A1A 0A1A1A1A 0A1A1A1A 0A1A1A1A 0A1A1A1A 0A1A1A1A 0A1A1A1A 0A1A1A1A 0A1A1A1A 0A1A1A1A 0A1A1A1A 0A1A1A1A 0A1A1A1A 0A1A1A1A 0A1A1A1A 0A1A1A1A 0A1A1A1A 0A1A1A1A 0A1A1A1A 0A1A1A1A 0A1A1A1A 0A1A1A1A 0A1A1A1A 0A1A1A1A 0A1A1A1A 
[TC_DEBUG]     [2976] 0A939393 0A939393 0A939393 0A939393 0A939393 0A939393 0A939393 0A939393 0A939393 0A939393 0A939393 0A939393 0A939393 0A939393 0A939393 0A939393 0A939393 0A939393 0A939393 0A939393 0A939393 0A939393 0A939393 0A939393 0A939393 0A939393 0A939393 0A939393 0A939393 0A939393 0A939393 0A939393 
[TC_DEBUG]     [3008] 0B0F0F0F 0B0F0F0F 0B0F0F0F 0B0F0F0F 0B0F0F0F 0B0F0F0F 0B0F0F0F 0B0F0F0F 0B0F0F0F 0B0F0F0F 0B0F0F0F 0B0F0F0F 0B0F0F0F 0B0F0F0F 0B0F0F0F 0B0F0F0F 0B0F0F0F 0B0F0F0F 0B0F0F0F 0B0F0F0F 0B0F0F0F 0B0F0F0F 0B0F0F0F 0B0F0F0F 0B0F0F0F 0B0F0F0F 0B0F0F0F 0B0F0F0F 0B0F0F0F 0B0F0F0F 0B0F0F0F 0B0F0F0F 
[TC_DEBUG]     [3040] 0B8C8C8C 0B8C8C8C 0B8C8C8C 0B8C8C8C 0B8C8C8C 0B8C8C8C 0B8C8C8C 0B8C8C8C 0B8C8C8C 0B8C8C8C 0B8C8C8C 0B8C8C8C 0B8C8C8C 0B8C8C8C 0B8C8C8C 0B8C8C8C 0B8C8C8C 0B8C8C8C 0B8C8C8C 0B8C8C8C 0B8C8C8C 0B8C8C8C 0B8C8C8C 0B8C8C8C 0B8C8C8C 0B8C8C8C 0B8C8C8C 0B8C8C8C 0B8C8C8C 0B8C8C8C 0B8C8C8C 0B8C8C8C 
[TC_DEBUG]     [3072] 00000000 00000000 00000000 00000000 00000000 00000000 00000000 00000000 00000000 00000000 00000000 00000000 00000000 00000000 00000000 00000000 00000000 00000000 00000000 00000000 00000000 00000000 00000000 00000000 00000000 00000000 00000000 00000000 00000000 00000000 00000000 00000000 
[TC_DEBUG]     [3104] 00616161 00616161 00616161 00616161 00616161 00616161 00616161 00616161 00616161 00616161 00616161 00616161 00616161 00616161 00616161 00616161 00616161 00616161 00616161 00616161 00616161 00616161 00616161 00616161 00616161 00616161 00616161 00616161 00616161 00616161 00616161 00616161 
[TC_DEBUG]     [3136] 00C4C4C4 00C4C4C4 00C4C4C4 00C4C4C4 00C4C4C4 00C4C4C4 00C4C4C4 00C4C4C4 00C4C4C4 00C4C4C4 00C4C4C4 00C4C4C4 00C4C4C4 00C4C4C4 00C4C4C4 00C4C4C4 00C4C4C4 00C4C4C4 00C4C4C4 00C4C4C4 00C4C4C4 00C4C4C4 00C4C4C4 00C4C4C4 00C4C4C4 00C4C4C4 00C4C4C4 00C4C4C4 00C4C4C4 00C4C4C4 00C4C4C4 00C4C4C4 
[TC_DEBUG]     [3168] 012A2A2A 012A2A2A 012A2A2A 012A2A2A 012A2A2A 012A2A2A 012A2A2A 012A2A2A 012A2A2A 012A2A2A 012A2A2A 012A2A2A 012A2A2A 012A2A2A 012A2A2A 012A2A2A 012A2A2A 012A2A2A 012A2A2A 012A2A2A 012A2A2A 012A2A2A 012A2A2A 012A2A2A 012A2A2A 012A2A2A 012A2A2A 012A2A2A 012A2A2A 012A2A2A 012A2A2A 012A2A2A 
[TC_DEBUG]     [3200] 01919191 01919191 01919191 01919191 01919191 01919191 01919191 01919191 01919191 01919191 01919191 01919191 01919191 01919191 01919191 01919191 01919191 01919191 01919191 01919191 01919191 01919191 01919191 01919191 01919191 01919191 01919191 01919191 01919191 01919191 01919191 01919191 
[TC_DEBUG]     [3232] 01FAFAFA 01FAFAFA 01FAFAFA 01FAFAFA 01FAFAFA 01FAFAFA 01FAFAFA 01FAFAFA 01FAFAFA 01FAFAFA 01FAFAFA 01FAFAFA 01FAFAFA 01FAFAFA 01FAFAFA 01FAFAFA 01FAFAFA 01FAFAFA 01FAFAFA 01FAFAFA 01FAFAFA 01FAFAFA 01FAFAFA 01FAFAFA 01FAFAFA 01FAFAFA 01FAFAFA 01FAFAFA 01FAFAFA 01FAFAFA 01FAFAFA 01FAFAFA 
[TC_DEBUG]     [3264] 02666666 02666666 02666666 02666666 02666666 02666666 02666666 02666666 02666666 02666666 02666666 02666666 02666666 02666666 02666666 02666666 02666666 02666666 02666666 02666666 02666666 02666666 02666666 02666666 02666666 02666666 02666666 02666666 02666666 02666666 02666666 02666666 
[TC_DEBUG]     [3296] 02D3D3D3 02D3D3D3 02D3D3D3 02D3D3D3 02D3D3D3 02D3D3D3 02D3D3D3 02D3D3D3 02D3D3D3 02D3D3D3 02D3D3D3 02D3D3D3 02D3D3D3 02D3D3D3 02D3D3D3 02D3D3D3 02D3D3D3 02D3D3D3 02D3D3D3 02D3D3D3 02D3D3D3 02D3D3D3 02D3D3D3 02D3D3D3 02D3D3D3 02D3D3D3 02D3D3D3 02D3D3D3 02D3D3D3 02D3D3D3 02D3D3D3 02D3D3D3 
[TC_DEBUG]     [3328] 03434343 03434343 03434343 03434343 03434343 03434343 03434343 03434343 03434343 03434343 03434343 03434343 03434343 03434343 03434343 03434343 03434343 03434343 03434343 03434343 03434343 03434343 03434343 03434343 03434343 03434343 03434343 03434343 03434343 03434343 03434343 03434343 
[TC_DEBUG]     [3360] 03B4B4B4 03B4B4B4 03B4B4B4 03B4B4B4 03B4B4B4 03B4B4B4 03B4B4B4 03B4B4B4 03B4B4B4 03B4B4B4 03B4B4B4 03B4B4B4 03B4B4B4 03B4B4B4 03B4B4B4 03B4B4B4 03B4B4B4 03B4B4B4 03B4B4B4 03B4B4B4 03B4B4B4 03B4B4B4 03B4B4B4 03B4B4B4 03B4B4B4 03B4B4B4 03B4B4B4 03B4B4B4 03B4B4B4 03B4B4B4 03B4B4B4 03B4B4B4 
[TC_DEBUG]     [3392] 04282828 04282828 04282828 04282828 04282828 04282828 04282828 04282828 04282828 04282828 04282828 04282828 04282828 04282828 04282828 04282828 04282828 04282828 04282828 04282828 04282828 04282828 04282828 04282828 04282828 04282828 04282828 04282828 04282828 04282828 04282828 04282828 
[TC_DEBUG]     [3424] 049D9D9D 049D9D9D 049D9D9D 049D9D9D 049D9D9D 049D9D9D 049D9D9D 049D9D9D 049D9D9D 049D9D9D 049D9D9D 049D9D9D 049D9D9D 049D9D9D 049D9D9D 049D9D9D 049D9D9D 049D9D9D 049D9D9D 049D9D9D 049D9D9D 049D9D9D 049D9D9D 049D9D9D 049D9D9D 049D9D9D 049D9D9D 049D9D9D 049D9D9D 049D9D9D 049D9D9D 049D9D9D 
[TC_DEBUG]     [3456] 05151515 05151515 05151515 05151515 05151515 05151515 05151515 05151515 05151515 05151515 05151515 05151515 05151515 05151515 05151515 05151515 05151515 05151515 05151515 05151515 05151515 05151515 05151515 05151515 05151515 05151515 05151515 05151515 05151515 05151515 05151515 05151515 
[TC_DEBUG]     [3488] 058E8E8E 058E8E8E 058E8E8E 058E8E8E 058E8E8E 058E8E8E 058E8E8E 058E8E8E 058E8E8E 058E8E8E 058E8E8E 058E8E8E 058E8E8E 058E8E8E 058E8E8E 058E8E8E 058E8E8E 058E8E8E 058E8E8E 058E8E8E 058E8E8E 058E8E8E 058E8E8E 058E8E8E 058E8E8E 058E8E8E 058E8E8E 058E8E8E 058E8E8E 058E8E8E 058E8E8E 058E8E8E 
[TC_DEBUG]     [3520] 060A0A0A 060A0A0A 060A0A0A 060A0A0A 060A0A0A 060A0A0A 060A0A0A 060A0A0A 060A0A0A 060A0A0A 060A0A0A 060A0A0A 060A0A0A 060A0A0A 060A0A0A 060A0A0A 060A0A0A 060A0A0A 060A0A0A 060A0A0A 060A0A0A 060A0A0A 060A0A0A 060A0A0A 060A0A0A 060A0A0A 060A0A0A 060A0A0A 060A0A0A 060A0A0A 060A0A0A 060A0A0A 
[TC_DEBUG]     [3552] 06878787 06878787 06878787 06878787 06878787 06878787 06878787 06878787 06878787 06878787 06878787 06878787 06878787 06878787 06878787 06878787 06878787 06878787 06878787 06878787 06878787 06878787 06878787 06878787 06878787 06878787 06878787 06878787 06878787 06878787 06878787 06878787 
[TC_DEBUG]     [3584] 07070707 07070707 07070707 07070707 07070707 07070707 07070707 07070707 07070707 07070707 07070707 07070707 07070707 07070707 07070707 07070707 07070707 07070707 07070707 07070707 07070707 07070707 07070707 07070707 07070707 07070707 07070707 07070707 07070707 07070707 07070707 07070707 
[TC_DEBUG]     [3616] 07888888 07888888 07888888 07888888 07888888 07888888 07888888 07888888 07888888 07888888 07888888 07888888 07888888 07888888 07888888 07888888 07888888 07888888 07888888 07888888 07888888 07888888 07888888 07888888 07888888 07888888 07888888 07888888 07888888 07888888 07888888 07888888 
[TC_DEBUG]     [3648] 080C0C0C 080C0C0C 080C0C0C 080C0C0C 080C0C0C 080C0C0C 080C0C0C 080C0C0C 080C0C0C 080C0C0C 080C0C0C 080C0C0C 080C0C0C 080C0C0C 080C0C0C 080C0C0C 080C0C0C 080C0C0C 080C0C0C 080C0C0C 080C0C0C 080C0C0C 080C0C0C 080C0C0C 080C0C0C 080C0C0C 080C0C0C 080C0C0C 080C0C0C 080C0C0C 080C0C0C 080C0C0C 
[TC_DEBUG]     [3680] 08919191 08919191 08919191 08919191 08919191 08919191 08919191 08919191 08919191 08919191 08919191 08919191 08919191 08919191 08919191 08919191 08919191 08919191 08919191 08919191 08919191 08919191 08919191 08919191 08919191 08919191 08919191 08919191 08919191 08919191 08919191 08919191 
[TC_DEBUG]     [3712] 09191919 09191919 09191919 09191919 09191919 09191919 09191919 09191919 09191919 09191919 09191919 09191919 09191919 09191919 09191919 09191919 09191919 09191919 09191919 09191919 09191919 09191919 09191919 09191919 09191919 09191919 09191919 09191919 09191919 09191919 09191919 09191919 
[TC_DEBUG]     [3744] 09A2A2A2 09A2A2A2 09A2A2A2 09A2A2A2 09A2A2A2 09A2A2A2 09A2A2A2 09A2A2A2 09A2A2A2 09A2A2A2 09A2A2A2 09A2A2A2 09A2A2A2 09A2A2A2 09A2A2A2 09A2A2A2 09A2A2A2 09A2A2A2 09A2A2A2 09A2A2A2 09A2A2A2 09A2A2A2 09A2A2A2 09A2A2A2 09A2A2A2 09A2A2A2 09A2A2A2 09A2A2A2 09A2A2A2 09A2A2A2 09A2A2A2 09A2A2A2 
[TC_DEBUG]     [3776] 0A2E2E2E 0A2E2E2E 0A2E2E2E 0A2E2E2E 0A2E2E2E 0A2E2E2E 0A2E2E2E 0A2E2E2E 0A2E2E2E 0A2E2E2E 0A2E2E2E 0A2E2E2E 0A2E2E2E 0A2E2E2E 0A2E2E2E 0A2E2E2E 0A2E2E2E 0A2E2E2E 0A2E2E2E 0A2E2E2E 0A2E2E2E 0A2E2E2E 0A2E2E2E 0A2E2E2E 0A2E2E2E 0A2E2E2E 0A2E2E2E 0A2E2E2E 0A2E2E2E 0A2E2E2E 0A2E2E2E 0A2E2E2E 
[TC_DEBUG]     [3808] 0ABBBBBB 0ABBBBBB 0ABBBBBB 0ABBBBBB 0ABBBBBB 0ABBBBBB 0ABBBBBB 0ABBBBBB 0ABBBBBB 0ABBBBBB 0ABBBBBB 0ABBBBBB 0ABBBBBB 0ABBBBBB 0ABBBBBB 0ABBBBBB 0ABBBBBB 0ABBBBBB 0ABBBBBB 0ABBBBBB 0ABBBBBB 0ABBBBBB 0ABBBBBB 0ABBBBBB 0ABBBBBB 0ABBBBBB 0ABBBBBB 0ABBBBBB 0ABBBBBB 0ABBBBBB 0ABBBBBB 0ABBBBBB 
[TC_DEBUG]     [3840] 0B4B4B4B 0B4B4B4B 0B4B4B4B 0B4B4B4B 0B4B4B4B 0B4B4B4B 0B4B4B4B 0B4B4B4B 0B4B4B4B 0B4B4B4B 0B4B4B4B 0B4B4B4B 0B4B4B4B 0B4B4B4B 0B4B4B4B 0B4B4B4B 0B4B4B4B 0B4B4B4B 0B4B4B4B 0B4B4B4B 0B4B4B4B 0B4B4B4B 0B4B4B4B 0B4B4B4B 0B4B4B4B 0B4B4B4B 0B4B4B4B 0B4B4B4B 0B4B4B4B 0B4B4B4B 0B4B4B4B 0B4B4B4B 
[TC_DEBUG]     [3872] 0BDCDCDC 0BDCDCDC 0BDCDCDC 0BDCDCDC 0BDCDCDC 0BDCDCDC 0BDCDCDC 0BDCDCDC 0BDCDCDC 0BDCDCDC 0BDCDCDC 0BDCDCDC 0BDCDCDC 0BDCDCDC 0BDCDCDC 0BDCDCDC 0BDCDCDC 0BDCDCDC 0BDCDCDC 0BDCDCDC 0BDCDCDC 0BDCDCDC 0BDCDCDC 0BDCDCDC 0BDCDCDC 0BDCDCDC 0BDCDCDC 0BDCDCDC 0BDCDCDC 0BDCDCDC 0BDCDCDC 0BDCDCDC 
[TC_DEBUG]     [3904] 0C707070 0C707070 0C707070 0C707070 0C707070 0C707070 0C707070 0C707070 0C707070 0C707070 0C707070 0C707070 0C707070 0C707070 0C707070 0C707070 0C707070 0C707070 0C707070 0C707070 0C707070 0C707070 0C707070 0C707070 0C707070 0C707070 0C707070 0C707070 0C707070 0C707070 0C707070 0C707070 
[TC_DEBUG]     [3936] 0D060605 0D060605 0D060605 0D060605 0D060605 0D060605 0D060605 0D060605 0D060605 0D060605 0D060605 0D060605 0D060605 0D060605 0D060605 0D060605 0D060605 0D060605 0D060605 0D060605 0D060605 0D060605 0D060605 0D060605 0D060605 0D060605 0D060605 0D060605 0D060605 0D060605 0D060605 0D060605 
[TC_DEBUG]     [3968] 0D9D9D9D 0D9D9D9D 0D9D9D9D 0D9D9D9D 0D9D9D9D 0D9D9D9D 0D9D9D9D 0D9D9D9D 0D9D9D9D 0D9D9D9D 0D9D9D9D 0D9D9D9D 0D9D9D9D 0D9D9D9D 0D9D9D9D 0D9D9D9D 0D9D9D9D 0D9D9D9D 0D9D9D9D 0D9D9D9D 0D9D9D9D 0D9D9D9D 0D9D9D9D 0D9D9D9D 0D9D9D9D 0D9D9D9D 0D9D9D9D 0D9D9D9D 0D9D9D9D 0D9D9D9D 0D9D9D9D 0D9D9D9D 
[TC_DEBUG]     [4000] 0E373737 0E373737 0E373737 0E373737 0E373737 0E373737 0E373737 0E373737 0E373737 0E373737 0E373737 0E373737 0E373737 0E373737 0E373737 0E373737 0E373737 0E373737 0E373737 0E373737 0E373737 0E373737 0E373737 0E373737 0E373737 0E373737 0E373737 0E373737 0E373737 0E373737 0E373737 0E373737 
[TC_DEBUG]     [4032] 0ED2D2D2 0ED2D2D2 0ED2D2D2 0ED2D2D2 0ED2D2D2 0ED2D2D2 0ED2D2D2 0ED2D2D2 0ED2D2D2 0ED2D2D2 0ED2D2D2 0ED2D2D2 0ED2D2D2 0ED2D2D2 0ED2D2D2 0ED2D2D2 0ED2D2D2 0ED2D2D2 0ED2D2D2 0ED2D2D2 0ED2D2D2 0ED2D2D2 0ED2D2D2 0ED2D2D2 0ED2D2D2 0ED2D2D2 0ED2D2D2 0ED2D2D2 0ED2D2D2 0ED2D2D2 0ED2D2D2 0ED2D2D2 
[TC_DEBUG]     [4064] 0F707070 0F707070 0F707070 0F707070 0F707070 0F707070 0F707070 0F707070 0F707070 0F707070 0F707070 0F707070 0F707070 0F707070 0F707070 0F707070 0F707070 0F707070 0F707070 0F707070 0F707070 0F707070 0F707070 0F707070 0F707070 0F707070 0F707070 0F707070 0F707070 0F707070 0F707070 0F707070 
Computing: quant_reg >> 8
Test 1 completed

=== Test 2: tc.quant 4x1 top (Top Data) ===
[TC] tc.st.init       PC=0x80000384  Encoding=0x0A0B355B
[TC_DEBUG] tc.st.init: trs1=0, rs1v=0x50000000, rs2v=0x01000000
[TC_DEBUG]   M2=4, M1=32, N2=1, N1=32
[TC_DEBUG]   startpoint_left=0, size_left=0
[TC_DEBUG]   startpoint_top=0, size_top=1
[TC_DEBUG]   TopData (tr0, 32 int32 elements):
[TC_DEBUG]     [0000] 00000000 01010101 02020202 03030303 04040404 05050505 06060606 07070707 08080808 09090909 0A0A0A0A 0B0B0B0B 0C0C0C0C 0D0D0D0D 0E0E0E0E 0F0F0F0F 10101010 11111111 12121212 13131313 14141414 15151515 16161616 17171717 18181818 19191919 1A1A1A1A 1B1B1B1B 1C1C1C1C 1D1D1D1D 1E1E1E1E 1F1F1F1F 
[TC_DEBUG]   AccBuffer (base=0x50000000, 4096 elements):
[TC_DEBUG]     [0000] 00000000 01010101 02020202 03030303 04040404 05050505 06060606 07070707 08080808 09090909 0A0A0A0A 0B0B0B0B 0C0C0C0C 0D0D0D0D 0E0E0E0E 0F0F0F0F 10101010 11111111 12121212 13131313 14141414 15151515 16161616 17171717 18181818 19191919 1A1A1A1A 1B1B1B1B 1C1C1C1C 1D1D1D1D 1E1E1E1E 1F1F1F1F 
[TC_DEBUG]     [0032] 00000000 01010101 02020202 03030303 04040404 05050505 06060606 07070707 08080808 09090909 0A0A0A0A 0B0B0B0B 0C0C0C0C 0D0D0D0D 0E0E0E0E 0F0F0F0F 10101010 11111111 12121212 13131313 14141414 15151515 16161616 17171717 18181818 19191919 1A1A1A1A 1B1B1B1B 1C1C1C1C 1D1D1D1D 1E1E1E1E 1F1F1F1F 
[TC_DEBUG]     [0064] 00000000 01010101 02020202 03030303 04040404 05050505 06060606 07070707 08080808 09090909 0A0A0A0A 0B0B0B0B 0C0C0C0C 0D0D0D0D 0E0E0E0E 0F0F0F0F 10101010 11111111 12121212 13131313 14141414 15151515 16161616 17171717 18181818 19191919 1A1A1A1A 1B1B1B1B 1C1C1C1C 1D1D1D1D 1E1E1E1E 1F1F1F1F 
[TC_DEBUG]     [0096] 00000000 01010101 02020202 03030303 04040404 05050505 06060606 07070707 08080808 09090909 0A0A0A0A 0B0B0B0B 0C0C0C0C 0D0D0D0D 0E0E0E0E 0F0F0F0F 10101010 11111111 12121212 13131313 14141414 15151515 16161616 17171717 18181818 19191919 1A1A1A1A 1B1B1B1B 1C1C1C1C 1D1D1D1D 1E1E1E1E 1F1F1F1F 
[TC_DEBUG]     [0128] 00000000 01010101 02020202 03030303 04040404 05050505 06060606 07070707 08080808 09090909 0A0A0A0A 0B0B0B0B 0C0C0C0C 0D0D0D0D 0E0E0E0E 0F0F0F0F 10101010 11111111 12121212 13131313 14141414 15151515 16161616 17171717 18181818 19191919 1A1A1A1A 1B1B1B1B 1C1C1C1C 1D1D1D1D 1E1E1E1E 1F1F1F1F 
[TC_DEBUG]     [0160] 00000000 01010101 02020202 03030303 04040404 05050505 06060606 07070707 08080808 09090909 0A0A0A0A 0B0B0B0B 0C0C0C0C 0D0D0D0D 0E0E0E0E 0F0F0F0F 10101010 11111111 12121212 13131313 14141414 15151515 16161616 17171717 18181818 19191919 1A1A1A1A 1B1B1B1B 1C1C1C1C 1D1D1D1D 1E1E1E1E 1F1F1F1F 
[TC_DEBUG]     [0192] 00000000 01010101 02020202 03030303 04040404 05050505 06060606 07070707 08080808 09090909 0A0A0A0A 0B0B0B0B 0C0C0C0C 0D0D0D0D 0E0E0E0E 0F0F0F0F 10101010 11111111 12121212 13131313 14141414 15151515 16161616 17171717 18181818 19191919 1A1A1A1A 1B1B1B1B 1C1C1C1C 1D1D1D1D 1E1E1E1E 1F1F1F1F 
[TC_DEBUG]     [0224] 00000000 01010101 02020202 03030303 04040404 05050505 06060606 07070707 08080808 09090909 0A0A0A0A 0B0B0B0B 0C0C0C0C 0D0D0D0D 0E0E0E0E 0F0F0F0F 10101010 11111111 12121212 13131313 14141414 15151515 16161616 17171717 18181818 19191919 1A1A1A1A 1B1B1B1B 1C1C1C1C 1D1D1D1D 1E1E1E1E 1F1F1F1F 
[TC_DEBUG]     [0256] 00000000 01010101 02020202 03030303 04040404 05050505 06060606 07070707 08080808 09090909 0A0A0A0A 0B0B0B0B 0C0C0C0C 0D0D0D0D 0E0E0E0E 0F0F0F0F 10101010 11111111 12121212 13131313 14141414 15151515 16161616 17171717 18181818 19191919 1A1A1A1A 1B1B1B1B 1C1C1C1C 1D1D1D1D 1E1E1E1E 1F1F1F1F 
[TC_DEBUG]     [0288] 00000000 01010101 02020202 03030303 04040404 05050505 06060606 07070707 08080808 09090909 0A0A0A0A 0B0B0B0B 0C0C0C0C 0D0D0D0D 0E0E0E0E 0F0F0F0F 10101010 11111111 12121212 13131313 14141414 15151515 16161616 17171717 18181818 19191919 1A1A1A1A 1B1B1B1B 1C1C1C1C 1D1D1D1D 1E1E1E1E 1F1F1F1F 
[TC_DEBUG]     [0320] 00000000 01010101 02020202 03030303 04040404 05050505 06060606 07070707 08080808 09090909 0A0A0A0A 0B0B0B0B 0C0C0C0C 0D0D0D0D 0E0E0E0E 0F0F0F0F 10101010 11111111 12121212 13131313 14141414 15151515 16161616 17171717 18181818 19191919 1A1A1A1A 1B1B1B1B 1C1C1C1C 1D1D1D1D 1E1E1E1E 1F1F1F1F 
[TC_DEBUG]     [0352] 00000000 01010101 02020202 03030303 04040404 05050505 06060606 07070707 08080808 09090909 0A0A0A0A 0B0B0B0B 0C0C0C0C 0D0D0D0D 0E0E0E0E 0F0F0F0F 10101010 11111111 12121212 13131313 14141414 15151515 16161616 17171717 18181818 19191919 1A1A1A1A 1B1B1B1B 1C1C1C1C 1D1D1D1D 1E1E1E1E 1F1F1F1F 
[TC_DEBUG]     [0384] 00000000 01010101 02020202 03030303 04040404 05050505 06060606 07070707 08080808 09090909 0A0A0A0A 0B0B0B0B 0C0C0C0C 0D0D0D0D 0E0E0E0E 0F0F0F0F 10101010 11111111 12121212 13131313 14141414 15151515 16161616 17171717 18181818 19191919 1A1A1A1A 1B1B1B1B 1C1C1C1C 1D1D1D1D 1E1E1E1E 1F1F1F1F 
[TC_DEBUG]     [0416] 00000000 01010101 02020202 03030303 04040404 05050505 06060606 07070707 08080808 09090909 0A0A0A0A 0B0B0B0B 0C0C0C0C 0D0D0D0D 0E0E0E0E 0F0F0F0F 10101010 11111111 12121212 13131313 14141414 15151515 16161616 17171717 18181818 19191919 1A1A1A1A 1B1B1B1B 1C1C1C1C 1D1D1D1D 1E1E1E1E 1F1F1F1F 
[TC_DEBUG]     [0448] 00000000 01010101 02020202 03030303 04040404 05050505 06060606 07070707 08080808 09090909 0A0A0A0A 0B0B0B0B 0C0C0C0C 0D0D0D0D 0E0E0E0E 0F0F0F0F 10101010 11111111 12121212 13131313 14141414 15151515 16161616 17171717 18181818 19191919 1A1A1A1A 1B1B1B1B 1C1C1C1C 1D1D1D1D 1E1E1E1E 1F1F1F1F 
[TC_DEBUG]     [0480] 00000000 01010101 02020202 03030303 04040404 05050505 06060606 07070707 08080808 09090909 0A0A0A0A 0B0B0B0B 0C0C0C0C 0D0D0D0D 0E0E0E0E 0F0F0F0F 10101010 11111111 12121212 13131313 14141414 15151515 16161616 17171717 18181818 19191919 1A1A1A1A 1B1B1B1B 1C1C1C1C 1D1D1D1D 1E1E1E1E 1F1F1F1F 
[TC_DEBUG]     [0512] 00000000 01010101 02020202 03030303 04040404 05050505 06060606 07070707 08080808 09090909 0A0A0A0A 0B0B0B0B 0C0C0C0C 0D0D0D0D 0E0E0E0E 0F0F0F0F 10101010 11111111 12121212 13131313 14141414 15151515 16161616 17171717 18181818 19191919 1A1A1A1A 1B1B1B1B 1C1C1C1C 1D1D1D1D 1E1E1E1E 1F1F1F1F 
[TC_DEBUG]     [0544] 00000000 01010101 02020202 03030303 04040404 05050505 06060606 07070707 08080808 09090909 0A0A0A0A 0B0B0B0B 0C0C0C0C 0D0D0D0D 0E0E0E0E 0F0F0F0F 10101010 11111111 12121212 13131313 14141414 15151515 16161616 17171717 18181818 19191919 1A1A1A1A 1B1B1B1B 1C1C1C1C 1D1D1D1D 1E1E1E1E 1F1F1F1F 
[TC_DEBUG]     [0576] 00000000 01010101 02020202 03030303 04040404 05050505 06060606 07070707 08080808 09090909 0A0A0A0A 0B0B0B0B 0C0C0C0C 0D0D0D0D 0E0E0E0E 0F0F0F0F 10101010 11111111 12121212 13131313 14141414 15151515 16161616 17171717 18181818 19191919 1A1A1A1A 1B1B1B1B 1C1C1C1C 1D1D1D1D 1E1E1E1E 1F1F1F1F 
[TC_DEBUG]     [0608] 00000000 01010101 02020202 03030303 04040404 05050505 06060606 07070707 08080808 09090909 0A0A0A0A 0B0B0B0B 0C0C0C0C 0D0D0D0D 0E0E0E0E 0F0F0F0F 10101010 11111111 12121212 13131313 14141414 15151515 16161616 17171717 18181818 19191919 1A1A1A1A 1B1B1B1B 1C1C1C1C 1D1D1D1D 1E1E1E1E 1F1F1F1F 
[TC_DEBUG]     [0640] 00000000 01010101 02020202 03030303 04040404 05050505 06060606 07070707 08080808 09090909 0A0A0A0A 0B0B0B0B 0C0C0C0C 0D0D0D0D 0E0E0E0E 0F0F0F0F 10101010 11111111 12121212 13131313 14141414 15151515 16161616 17171717 18181818 19191919 1A1A1A1A 1B1B1B1B 1C1C1C1C 1D1D1D1D 1E1E1E1E 1F1F1F1F 
[TC_DEBUG]     [0672] 00000000 01010101 02020202 03030303 04040404 05050505 06060606 07070707 08080808 09090909 0A0A0A0A 0B0B0B0B 0C0C0C0C 0D0D0D0D 0E0E0E0E 0F0F0F0F 10101010 11111111 12121212 13131313 14141414 15151515 16161616 17171717 18181818 19191919 1A1A1A1A 1B1B1B1B 1C1C1C1C 1D1D1D1D 1E1E1E1E 1F1F1F1F 
[TC_DEBUG]     [0704] 00000000 01010101 02020202 03030303 04040404 05050505 06060606 07070707 08080808 09090909 0A0A0A0A 0B0B0B0B 0C0C0C0C 0D0D0D0D 0E0E0E0E 0F0F0F0F 10101010 11111111 12121212 13131313 14141414 15151515 16161616 17171717 18181818 19191919 1A1A1A1A 1B1B1B1B 1C1C1C1C 1D1D1D1D 1E1E1E1E 1F1F1F1F 
[TC_DEBUG]     [0736] 00000000 01010101 02020202 03030303 04040404 05050505 06060606 07070707 08080808 09090909 0A0A0A0A 0B0B0B0B 0C0C0C0C 0D0D0D0D 0E0E0E0E 0F0F0F0F 10101010 11111111 12121212 13131313 14141414 15151515 16161616 17171717 18181818 19191919 1A1A1A1A 1B1B1B1B 1C1C1C1C 1D1D1D1D 1E1E1E1E 1F1F1F1F 
[TC_DEBUG]     [0768] 00000000 01010101 02020202 03030303 04040404 05050505 06060606 07070707 08080808 09090909 0A0A0A0A 0B0B0B0B 0C0C0C0C 0D0D0D0D 0E0E0E0E 0F0F0F0F 10101010 11111111 12121212 13131313 14141414 15151515 16161616 17171717 18181818 19191919 1A1A1A1A 1B1B1B1B 1C1C1C1C 1D1D1D1D 1E1E1E1E 1F1F1F1F 
[TC_DEBUG]     [0800] 00000000 01010101 02020202 03030303 04040404 05050505 06060606 07070707 08080808 09090909 0A0A0A0A 0B0B0B0B 0C0C0C0C 0D0D0D0D 0E0E0E0E 0F0F0F0F 10101010 11111111 12121212 13131313 14141414 15151515 16161616 17171717 18181818 19191919 1A1A1A1A 1B1B1B1B 1C1C1C1C 1D1D1D1D 1E1E1E1E 1F1F1F1F 
[TC_DEBUG]     [0832] 00000000 01010101 02020202 03030303 04040404 05050505 06060606 07070707 08080808 09090909 0A0A0A0A 0B0B0B0B 0C0C0C0C 0D0D0D0D 0E0E0E0E 0F0F0F0F 10101010 11111111 12121212 13131313 14141414 15151515 16161616 17171717 18181818 19191919 1A1A1A1A 1B1B1B1B 1C1C1C1C 1D1D1D1D 1E1E1E1E 1F1F1F1F 
[TC_DEBUG]     [0864] 00000000 01010101 02020202 03030303 04040404 05050505 06060606 07070707 08080808 09090909 0A0A0A0A 0B0B0B0B 0C0C0C0C 0D0D0D0D 0E0E0E0E 0F0F0F0F 10101010 11111111 12121212 13131313 14141414 15151515 16161616 17171717 18181818 19191919 1A1A1A1A 1B1B1B1B 1C1C1C1C 1D1D1D1D 1E1E1E1E 1F1F1F1F 
[TC_DEBUG]     [0896] 00000000 01010101 02020202 03030303 04040404 05050505 06060606 07070707 08080808 09090909 0A0A0A0A 0B0B0B0B 0C0C0C0C 0D0D0D0D 0E0E0E0E 0F0F0F0F 10101010 11111111 12121212 13131313 14141414 15151515 16161616 17171717 18181818 19191919 1A1A1A1A 1B1B1B1B 1C1C1C1C 1D1D1D1D 1E1E1E1E 1F1F1F1F 
[TC_DEBUG]     [0928] 00000000 01010101 02020202 03030303 04040404 05050505 06060606 07070707 08080808 09090909 0A0A0A0A 0B0B0B0B 0C0C0C0C 0D0D0D0D 0E0E0E0E 0F0F0F0F 10101010 11111111 12121212 13131313 14141414 15151515 16161616 17171717 18181818 19191919 1A1A1A1A 1B1B1B1B 1C1C1C1C 1D1D1D1D 1E1E1E1E 1F1F1F1F 
[TC_DEBUG]     [0960] 00000000 01010101 02020202 03030303 04040404 05050505 06060606 07070707 08080808 09090909 0A0A0A0A 0B0B0B0B 0C0C0C0C 0D0D0D0D 0E0E0E0E 0F0F0F0F 10101010 11111111 12121212 13131313 14141414 15151515 16161616 17171717 18181818 19191919 1A1A1A1A 1B1B1B1B 1C1C1C1C 1D1D1D1D 1E1E1E1E 1F1F1F1F 
[TC_DEBUG]     [0992] 00000000 01010101 02020202 03030303 04040404 05050505 06060606 07070707 08080808 09090909 0A0A0A0A 0B0B0B0B 0C0C0C0C 0D0D0D0D 0E0E0E0E 0F0F0F0F 10101010 11111111 12121212 13131313 14141414 15151515 16161616 17171717 18181818 19191919 1A1A1A1A 1B1B1B1B 1C1C1C1C 1D1D1D1D 1E1E1E1E 1F1F1F1F 
[TC_DEBUG]     [1024] 00000000 01010101 02020202 03030303 04040404 05050505 06060606 07070707 08080808 09090909 0A0A0A0A 0B0B0B0B 0C0C0C0C 0D0D0D0D 0E0E0E0E 0F0F0F0F 10101010 11111111 12121212 13131313 14141414 15151515 16161616 17171717 18181818 19191919 1A1A1A1A 1B1B1B1B 1C1C1C1C 1D1D1D1D 1E1E1E1E 1F1F1F1F 
[TC_DEBUG]     [1056] 00000000 01010101 02020202 03030303 04040404 05050505 06060606 07070707 08080808 09090909 0A0A0A0A 0B0B0B0B 0C0C0C0C 0D0D0D0D 0E0E0E0E 0F0F0F0F 10101010 11111111 12121212 13131313 14141414 15151515 16161616 17171717 18181818 19191919 1A1A1A1A 1B1B1B1B 1C1C1C1C 1D1D1D1D 1E1E1E1E 1F1F1F1F 
[TC_DEBUG]     [1088] 00000000 01010101 02020202 03030303 04040404 05050505 06060606 07070707 08080808 09090909 0A0A0A0A 0B0B0B0B 0C0C0C0C 0D0D0D0D 0E0E0E0E 0F0F0F0F 10101010 11111111 12121212 13131313 14141414 15151515 16161616 17171717 18181818 19191919 1A1A1A1A 1B1B1B1B 1C1C1C1C 1D1D1D1D 1E1E1E1E 1F1F1F1F 
[TC_DEBUG]     [1120] 00000000 01010101 02020202 03030303 04040404 05050505 06060606 07070707 08080808 09090909 0A0A0A0A 0B0B0B0B 0C0C0C0C 0D0D0D0D 0E0E0E0E 0F0F0F0F 10101010 11111111 12121212 13131313 14141414 15151515 16161616 17171717 18181818 19191919 1A1A1A1A 1B1B1B1B 1C1C1C1C 1D1D1D1D 1E1E1E1E 1F1F1F1F 
[TC_DEBUG]     [1152] 00000000 01010101 02020202 03030303 04040404 05050505 06060606 07070707 08080808 09090909 0A0A0A0A 0B0B0B0B 0C0C0C0C 0D0D0D0D 0E0E0E0E 0F0F0F0F 10101010 11111111 12121212 13131313 14141414 15151515 16161616 17171717 18181818 19191919 1A1A1A1A 1B1B1B1B 1C1C1C1C 1D1D1D1D 1E1E1E1E 1F1F1F1F 
[TC_DEBUG]     [1184] 00000000 01010101 02020202 03030303 04040404 05050505 06060606 07070707 08080808 09090909 0A0A0A0A 0B0B0B0B 0C0C0C0C 0D0D0D0D 0E0E0E0E 0F0F0F0F 10101010 11111111 12121212 13131313 14141414 15151515 16161616 17171717 18181818 19191919 1A1A1A1A 1B1B1B1B 1C1C1C1C 1D1D1D1D 1E1E1E1E 1F1F1F1F 
[TC_DEBUG]     [1216] 00000000 01010101 02020202 03030303 04040404 05050505 06060606 07070707 08080808 09090909 0A0A0A0A 0B0B0B0B 0C0C0C0C 0D0D0D0D 0E0E0E0E 0F0F0F0F 10101010 11111111 12121212 13131313 14141414 15151515 16161616 17171717 18181818 19191919 1A1A1A1A 1B1B1B1B 1C1C1C1C 1D1D1D1D 1E1E1E1E 1F1F1F1F 
[TC_DEBUG]     [1248] 00000000 01010101 02020202 03030303 04040404 05050505 06060606 07070707 08080808 09090909 0A0A0A0A 0B0B0B0B 0C0C0C0C 0D0D0D0D 0E0E0E0E 0F0F0F0F 10101010 11111111 12121212 13131313 14141414 15151515 16161616 17171717 18181818 19191919 1A1A1A1A 1B1B1B1B 1C1C1C1C 1D1D1D1D 1E1E1E1E 1F1F1F1F 
[TC_DEBUG]     [1280] 00000000 01010101 02020202 03030303 04040404 05050505 06060606 07070707 08080808 09090909 0A0A0A0A 0B0B0B0B 0C0C0C0C 0D0D0D0D 0E0E0E0E 0F0F0F0F 10101010 11111111 12121212 13131313 14141414 15151515 16161616 17171717 18181818 19191919 1A1A1A1A 1B1B1B1B 1C1C1C1C 1D1D1D1D 1E1E1E1E 1F1F1F1F 
[TC_DEBUG]     [1312] 00000000 01010101 02020202 03030303 04040404 05050505 06060606 07070707 08080808 09090909 0A0A0A0A 0B0B0B0B 0C0C0C0C 0D0D0D0D 0E0E0E0E 0F0F0F0F 10101010 11111111 12121212 13131313 14141414 15151515 16161616 17171717 18181818 19191919 1A1A1A1A 1B1B1B1B 1C1C1C1C 1D1D1D1D 1E1E1E1E 1F1F1F1F 
[TC_DEBUG]     [1344] 00000000 01010101 02020202 03030303 04040404 05050505 06060606 07070707 08080808 09090909 0A0A0A0A 0B0B0B0B 0C0C0C0C 0D0D0D0D 0E0E0E0E 0F0F0F0F 10101010 11111111 12121212 13131313 14141414 15151515 16161616 17171717 18181818 19191919 1A1A1A1A 1B1B1B1B 1C1C1C1C 1D1D1D1D 1E1E1E1E 1F1F1F1F 
[TC_DEBUG]     [1376] 00000000 01010101 02020202 03030303 04040404 05050505 06060606 07070707 08080808 09090909 0A0A0A0A 0B0B0B0B 0C0C0C0C 0D0D0D0D 0E0E0E0E 0F0F0F0F 10101010 11111111 12121212 13131313 14141414 15151515 16161616 17171717 18181818 19191919 1A1A1A1A 1B1B1B1B 1C1C1C1C 1D1D1D1D 1E1E1E1E 1F1F1F1F 
[TC_DEBUG]     [1408] 00000000 01010101 02020202 03030303 04040404 05050505 06060606 07070707 08080808 09090909 0A0A0A0A 0B0B0B0B 0C0C0C0C 0D0D0D0D 0E0E0E0E 0F0F0F0F 10101010 11111111 12121212 13131313 14141414 15151515 16161616 17171717 18181818 19191919 1A1A1A1A 1B1B1B1B 1C1C1C1C 1D1D1D1D 1E1E1E1E 1F1F1F1F 
[TC_DEBUG]     [1440] 00000000 01010101 02020202 03030303 04040404 05050505 06060606 07070707 08080808 09090909 0A0A0A0A 0B0B0B0B 0C0C0C0C 0D0D0D0D 0E0E0E0E 0F0F0F0F 10101010 11111111 12121212 13131313 14141414 15151515 16161616 17171717 18181818 19191919 1A1A1A1A 1B1B1B1B 1C1C1C1C 1D1D1D1D 1E1E1E1E 1F1F1F1F 
[TC_DEBUG]     [1472] 00000000 01010101 02020202 03030303 04040404 05050505 06060606 07070707 08080808 09090909 0A0A0A0A 0B0B0B0B 0C0C0C0C 0D0D0D0D 0E0E0E0E 0F0F0F0F 10101010 11111111 12121212 13131313 14141414 15151515 16161616 17171717 18181818 19191919 1A1A1A1A 1B1B1B1B 1C1C1C1C 1D1D1D1D 1E1E1E1E 1F1F1F1F 
[TC_DEBUG]     [1504] 00000000 01010101 02020202 03030303 04040404 05050505 06060606 07070707 08080808 09090909 0A0A0A0A 0B0B0B0B 0C0C0C0C 0D0D0D0D 0E0E0E0E 0F0F0F0F 10101010 11111111 12121212 13131313 14141414 15151515 16161616 17171717 18181818 19191919 1A1A1A1A 1B1B1B1B 1C1C1C1C 1D1D1D1D 1E1E1E1E 1F1F1F1F 
[TC_DEBUG]     [1536] 00000000 01010101 02020202 03030303 04040404 05050505 06060606 07070707 08080808 09090909 0A0A0A0A 0B0B0B0B 0C0C0C0C 0D0D0D0D 0E0E0E0E 0F0F0F0F 10101010 11111111 12121212 13131313 14141414 15151515 16161616 17171717 18181818 19191919 1A1A1A1A 1B1B1B1B 1C1C1C1C 1D1D1D1D 1E1E1E1E 1F1F1F1F 
[TC_DEBUG]     [1568] 00000000 01010101 02020202 03030303 04040404 05050505 06060606 07070707 08080808 09090909 0A0A0A0A 0B0B0B0B 0C0C0C0C 0D0D0D0D 0E0E0E0E 0F0F0F0F 10101010 11111111 12121212 13131313 14141414 15151515 16161616 17171717 18181818 19191919 1A1A1A1A 1B1B1B1B 1C1C1C1C 1D1D1D1D 1E1E1E1E 1F1F1F1F 
[TC_DEBUG]     [1600] 00000000 01010101 02020202 03030303 04040404 05050505 06060606 07070707 08080808 09090909 0A0A0A0A 0B0B0B0B 0C0C0C0C 0D0D0D0D 0E0E0E0E 0F0F0F0F 10101010 11111111 12121212 13131313 14141414 15151515 16161616 17171717 18181818 19191919 1A1A1A1A 1B1B1B1B 1C1C1C1C 1D1D1D1D 1E1E1E1E 1F1F1F1F 
[TC_DEBUG]     [1632] 00000000 01010101 02020202 03030303 04040404 05050505 06060606 07070707 08080808 09090909 0A0A0A0A 0B0B0B0B 0C0C0C0C 0D0D0D0D 0E0E0E0E 0F0F0F0F 10101010 11111111 12121212 13131313 14141414 15151515 16161616 17171717 18181818 19191919 1A1A1A1A 1B1B1B1B 1C1C1C1C 1D1D1D1D 1E1E1E1E 1F1F1F1F 
[TC_DEBUG]     [1664] 00000000 01010101 02020202 03030303 04040404 05050505 06060606 07070707 08080808 09090909 0A0A0A0A 0B0B0B0B 0C0C0C0C 0D0D0D0D 0E0E0E0E 0F0F0F0F 10101010 11111111 12121212 13131313 14141414 15151515 16161616 17171717 18181818 19191919 1A1A1A1A 1B1B1B1B 1C1C1C1C 1D1D1D1D 1E1E1E1E 1F1F1F1F 
[TC_DEBUG]     [1696] 00000000 01010101 02020202 03030303 04040404 05050505 06060606 07070707 08080808 09090909 0A0A0A0A 0B0B0B0B 0C0C0C0C 0D0D0D0D 0E0E0E0E 0F0F0F0F 10101010 11111111 12121212 13131313 14141414 15151515 16161616 17171717 18181818 19191919 1A1A1A1A 1B1B1B1B 1C1C1C1C 1D1D1D1D 1E1E1E1E 1F1F1F1F 
[TC_DEBUG]     [1728] 00000000 01010101 02020202 03030303 04040404 05050505 06060606 07070707 08080808 09090909 0A0A0A0A 0B0B0B0B 0C0C0C0C 0D0D0D0D 0E0E0E0E 0F0F0F0F 10101010 11111111 12121212 13131313 14141414 15151515 16161616 17171717 18181818 19191919 1A1A1A1A 1B1B1B1B 1C1C1C1C 1D1D1D1D 1E1E1E1E 1F1F1F1F 
[TC_DEBUG]     [1760] 00000000 01010101 02020202 03030303 04040404 05050505 06060606 07070707 08080808 09090909 0A0A0A0A 0B0B0B0B 0C0C0C0C 0D0D0D0D 0E0E0E0E 0F0F0F0F 10101010 11111111 12121212 13131313 14141414 15151515 16161616 17171717 18181818 19191919 1A1A1A1A 1B1B1B1B 1C1C1C1C 1D1D1D1D 1E1E1E1E 1F1F1F1F 
[TC_DEBUG]     [1792] 00000000 01010101 02020202 03030303 04040404 05050505 06060606 07070707 08080808 09090909 0A0A0A0A 0B0B0B0B 0C0C0C0C 0D0D0D0D 0E0E0E0E 0F0F0F0F 10101010 11111111 12121212 13131313 14141414 15151515 16161616 17171717 18181818 19191919 1A1A1A1A 1B1B1B1B 1C1C1C1C 1D1D1D1D 1E1E1E1E 1F1F1F1F 
[TC_DEBUG]     [1824] 00000000 01010101 02020202 03030303 04040404 05050505 06060606 07070707 08080808 09090909 0A0A0A0A 0B0B0B0B 0C0C0C0C 0D0D0D0D 0E0E0E0E 0F0F0F0F 10101010 11111111 12121212 13131313 14141414 15151515 16161616 17171717 18181818 19191919 1A1A1A1A 1B1B1B1B 1C1C1C1C 1D1D1D1D 1E1E1E1E 1F1F1F1F 
[TC_DEBUG]     [1856] 00000000 01010101 02020202 03030303 04040404 05050505 06060606 07070707 08080808 09090909 0A0A0A0A 0B0B0B0B 0C0C0C0C 0D0D0D0D 0E0E0E0E 0F0F0F0F 10101010 11111111 12121212 13131313 14141414 15151515 16161616 17171717 18181818 19191919 1A1A1A1A 1B1B1B1B 1C1C1C1C 1D1D1D1D 1E1E1E1E 1F1F1F1F 
[TC_DEBUG]     [1888] 00000000 01010101 02020202 03030303 04040404 05050505 06060606 07070707 08080808 09090909 0A0A0A0A 0B0B0B0B 0C0C0C0C 0D0D0D0D 0E0E0E0E 0F0F0F0F 10101010 11111111 12121212 13131313 14141414 15151515 16161616 17171717 18181818 19191919 1A1A1A1A 1B1B1B1B 1C1C1C1C 1D1D1D1D 1E1E1E1E 1F1F1F1F 
[TC_DEBUG]     [1920] 00000000 01010101 02020202 03030303 04040404 05050505 06060606 07070707 08080808 09090909 0A0A0A0A 0B0B0B0B 0C0C0C0C 0D0D0D0D 0E0E0E0E 0F0F0F0F 10101010 11111111 12121212 13131313 14141414 15151515 16161616 17171717 18181818 19191919 1A1A1A1A 1B1B1B1B 1C1C1C1C 1D1D1D1D 1E1E1E1E 1F1F1F1F 
[TC_DEBUG]     [1952] 00000000 01010101 02020202 03030303 04040404 05050505 06060606 07070707 08080808 09090909 0A0A0A0A 0B0B0B0B 0C0C0C0C 0D0D0D0D 0E0E0E0E 0F0F0F0F 10101010 11111111 12121212 13131313 14141414 15151515 16161616 17171717 18181818 19191919 1A1A1A1A 1B1B1B1B 1C1C1C1C 1D1D1D1D 1E1E1E1E 1F1F1F1F 
[TC_DEBUG]     [1984] 00000000 01010101 02020202 03030303 04040404 05050505 06060606 07070707 08080808 09090909 0A0A0A0A 0B0B0B0B 0C0C0C0C 0D0D0D0D 0E0E0E0E 0F0F0F0F 10101010 11111111 12121212 13131313 14141414 15151515 16161616 17171717 18181818 19191919 1A1A1A1A 1B1B1B1B 1C1C1C1C 1D1D1D1D 1E1E1E1E 1F1F1F1F 
[TC_DEBUG]     [2016] 00000000 01010101 02020202 03030303 04040404 05050505 06060606 07070707 08080808 09090909 0A0A0A0A 0B0B0B0B 0C0C0C0C 0D0D0D0D 0E0E0E0E 0F0F0F0F 10101010 11111111 12121212 13131313 14141414 15151515 16161616 17171717 18181818 19191919 1A1A1A1A 1B1B1B1B 1C1C1C1C 1D1D1D1D 1E1E1E1E 1F1F1F1F 
[TC_DEBUG]     [2048] 00000000 01010101 02020202 03030303 04040404 05050505 06060606 07070707 08080808 09090909 0A0A0A0A 0B0B0B0B 0C0C0C0C 0D0D0D0D 0E0E0E0E 0F0F0F0F 10101010 11111111 12121212 13131313 14141414 15151515 16161616 17171717 18181818 19191919 1A1A1A1A 1B1B1B1B 1C1C1C1C 1D1D1D1D 1E1E1E1E 1F1F1F1F 
[TC_DEBUG]     [2080] 00000000 01010101 02020202 03030303 04040404 05050505 06060606 07070707 08080808 09090909 0A0A0A0A 0B0B0B0B 0C0C0C0C 0D0D0D0D 0E0E0E0E 0F0F0F0F 10101010 11111111 12121212 13131313 14141414 15151515 16161616 17171717 18181818 19191919 1A1A1A1A 1B1B1B1B 1C1C1C1C 1D1D1D1D 1E1E1E1E 1F1F1F1F 
[TC_DEBUG]     [2112] 00000000 01010101 02020202 03030303 04040404 05050505 06060606 07070707 08080808 09090909 0A0A0A0A 0B0B0B0B 0C0C0C0C 0D0D0D0D 0E0E0E0E 0F0F0F0F 10101010 11111111 12121212 13131313 14141414 15151515 16161616 17171717 18181818 19191919 1A1A1A1A 1B1B1B1B 1C1C1C1C 1D1D1D1D 1E1E1E1E 1F1F1F1F 
[TC_DEBUG]     [2144] 00000000 01010101 02020202 03030303 04040404 05050505 06060606 07070707 08080808 09090909 0A0A0A0A 0B0B0B0B 0C0C0C0C 0D0D0D0D 0E0E0E0E 0F0F0F0F 10101010 11111111 12121212 13131313 14141414 15151515 16161616 17171717 18181818 19191919 1A1A1A1A 1B1B1B1B 1C1C1C1C 1D1D1D1D 1E1E1E1E 1F1F1F1F 
[TC_DEBUG]     [2176] 00000000 01010101 02020202 03030303 04040404 05050505 06060606 07070707 08080808 09090909 0A0A0A0A 0B0B0B0B 0C0C0C0C 0D0D0D0D 0E0E0E0E 0F0F0F0F 10101010 11111111 12121212 13131313 14141414 15151515 16161616 17171717 18181818 19191919 1A1A1A1A 1B1B1B1B 1C1C1C1C 1D1D1D1D 1E1E1E1E 1F1F1F1F 
[TC_DEBUG]     [2208] 00000000 01010101 02020202 03030303 04040404 05050505 06060606 07070707 08080808 09090909 0A0A0A0A 0B0B0B0B 0C0C0C0C 0D0D0D0D 0E0E0E0E 0F0F0F0F 10101010 11111111 12121212 13131313 14141414 15151515 16161616 17171717 18181818 19191919 1A1A1A1A 1B1B1B1B 1C1C1C1C 1D1D1D1D 1E1E1E1E 1F1F1F1F 
[TC_DEBUG]     [2240] 00000000 01010101 02020202 03030303 04040404 05050505 06060606 07070707 08080808 09090909 0A0A0A0A 0B0B0B0B 0C0C0C0C 0D0D0D0D 0E0E0E0E 0F0F0F0F 10101010 11111111 12121212 13131313 14141414 15151515 16161616 17171717 18181818 19191919 1A1A1A1A 1B1B1B1B 1C1C1C1C 1D1D1D1D 1E1E1E1E 1F1F1F1F 
[TC_DEBUG]     [2272] 00000000 01010101 02020202 03030303 04040404 05050505 06060606 07070707 08080808 09090909 0A0A0A0A 0B0B0B0B 0C0C0C0C 0D0D0D0D 0E0E0E0E 0F0F0F0F 10101010 11111111 12121212 13131313 14141414 15151515 16161616 17171717 18181818 19191919 1A1A1A1A 1B1B1B1B 1C1C1C1C 1D1D1D1D 1E1E1E1E 1F1F1F1F 
[TC_DEBUG]     [2304] 00000000 01010101 02020202 03030303 04040404 05050505 06060606 07070707 08080808 09090909 0A0A0A0A 0B0B0B0B 0C0C0C0C 0D0D0D0D 0E0E0E0E 0F0F0F0F 10101010 11111111 12121212 13131313 14141414 15151515 16161616 17171717 18181818 19191919 1A1A1A1A 1B1B1B1B 1C1C1C1C 1D1D1D1D 1E1E1E1E 1F1F1F1F 
[TC_DEBUG]     [2336] 00000000 01010101 02020202 03030303 04040404 05050505 06060606 07070707 08080808 09090909 0A0A0A0A 0B0B0B0B 0C0C0C0C 0D0D0D0D 0E0E0E0E 0F0F0F0F 10101010 11111111 12121212 13131313 14141414 15151515 16161616 17171717 18181818 19191919 1A1A1A1A 1B1B1B1B 1C1C1C1C 1D1D1D1D 1E1E1E1E 1F1F1F1F 
[TC_DEBUG]     [2368] 00000000 01010101 02020202 03030303 04040404 05050505 06060606 07070707 08080808 09090909 0A0A0A0A 0B0B0B0B 0C0C0C0C 0D0D0D0D 0E0E0E0E 0F0F0F0F 10101010 11111111 12121212 13131313 14141414 15151515 16161616 17171717 18181818 19191919 1A1A1A1A 1B1B1B1B 1C1C1C1C 1D1D1D1D 1E1E1E1E 1F1F1F1F 
[TC_DEBUG]     [2400] 00000000 01010101 02020202 03030303 04040404 05050505 06060606 07070707 08080808 09090909 0A0A0A0A 0B0B0B0B 0C0C0C0C 0D0D0D0D 0E0E0E0E 0F0F0F0F 10101010 11111111 12121212 13131313 14141414 15151515 16161616 17171717 18181818 19191919 1A1A1A1A 1B1B1B1B 1C1C1C1C 1D1D1D1D 1E1E1E1E 1F1F1F1F 
[TC_DEBUG]     [2432] 00000000 01010101 02020202 03030303 04040404 05050505 06060606 07070707 08080808 09090909 0A0A0A0A 0B0B0B0B 0C0C0C0C 0D0D0D0D 0E0E0E0E 0F0F0F0F 10101010 11111111 12121212 13131313 14141414 15151515 16161616 17171717 18181818 19191919 1A1A1A1A 1B1B1B1B 1C1C1C1C 1D1D1D1D 1E1E1E1E 1F1F1F1F 
[TC_DEBUG]     [2464] 00000000 01010101 02020202 03030303 04040404 05050505 06060606 07070707 08080808 09090909 0A0A0A0A 0B0B0B0B 0C0C0C0C 0D0D0D0D 0E0E0E0E 0F0F0F0F 10101010 11111111 12121212 13131313 14141414 15151515 16161616 17171717 18181818 19191919 1A1A1A1A 1B1B1B1B 1C1C1C1C 1D1D1D1D 1E1E1E1E 1F1F1F1F 
[TC_DEBUG]     [2496] 00000000 01010101 02020202 03030303 04040404 05050505 06060606 07070707 08080808 09090909 0A0A0A0A 0B0B0B0B 0C0C0C0C 0D0D0D0D 0E0E0E0E 0F0F0F0F 10101010 11111111 12121212 13131313 14141414 15151515 16161616 17171717 18181818 19191919 1A1A1A1A 1B1B1B1B 1C1C1C1C 1D1D1D1D 1E1E1E1E 1F1F1F1F 
[TC_DEBUG]     [2528] 00000000 01010101 02020202 03030303 04040404 05050505 06060606 07070707 08080808 09090909 0A0A0A0A 0B0B0B0B 0C0C0C0C 0D0D0D0D 0E0E0E0E 0F0F0F0F 10101010 11111111 12121212 13131313 14141414 15151515 16161616 17171717 18181818 19191919 1A1A1A1A 1B1B1B1B 1C1C1C1C 1D1D1D1D 1E1E1E1E 1F1F1F1F 
[TC_DEBUG]     [2560] 00000000 01010101 02020202 03030303 04040404 05050505 06060606 07070707 08080808 09090909 0A0A0A0A 0B0B0B0B 0C0C0C0C 0D0D0D0D 0E0E0E0E 0F0F0F0F 10101010 11111111 12121212 13131313 14141414 15151515 16161616 17171717 18181818 19191919 1A1A1A1A 1B1B1B1B 1C1C1C1C 1D1D1D1D 1E1E1E1E 1F1F1F1F 
[TC_DEBUG]     [2592] 00000000 01010101 02020202 03030303 04040404 05050505 06060606 07070707 08080808 09090909 0A0A0A0A 0B0B0B0B 0C0C0C0C 0D0D0D0D 0E0E0E0E 0F0F0F0F 10101010 11111111 12121212 13131313 14141414 15151515 16161616 17171717 18181818 19191919 1A1A1A1A 1B1B1B1B 1C1C1C1C 1D1D1D1D 1E1E1E1E 1F1F1F1F 
[TC_DEBUG]     [2624] 00000000 01010101 02020202 03030303 04040404 05050505 06060606 07070707 08080808 09090909 0A0A0A0A 0B0B0B0B 0C0C0C0C 0D0D0D0D 0E0E0E0E 0F0F0F0F 10101010 11111111 12121212 13131313 14141414 15151515 16161616 17171717 18181818 19191919 1A1A1A1A 1B1B1B1B 1C1C1C1C 1D1D1D1D 1E1E1E1E 1F1F1F1F 
[TC_DEBUG]     [2656] 00000000 01010101 02020202 03030303 04040404 05050505 06060606 07070707 08080808 09090909 0A0A0A0A 0B0B0B0B 0C0C0C0C 0D0D0D0D 0E0E0E0E 0F0F0F0F 10101010 11111111 12121212 13131313 14141414 15151515 16161616 17171717 18181818 19191919 1A1A1A1A 1B1B1B1B 1C1C1C1C 1D1D1D1D 1E1E1E1E 1F1F1F1F 
[TC_DEBUG]     [2688] 00000000 01010101 02020202 03030303 04040404 05050505 06060606 07070707 08080808 09090909 0A0A0A0A 0B0B0B0B 0C0C0C0C 0D0D0D0D 0E0E0E0E 0F0F0F0F 10101010 11111111 12121212 13131313 14141414 15151515 16161616 17171717 18181818 19191919 1A1A1A1A 1B1B1B1B 1C1C1C1C 1D1D1D1D 1E1E1E1E 1F1F1F1F 
[TC_DEBUG]     [2720] 00000000 01010101 02020202 03030303 04040404 05050505 06060606 07070707 08080808 09090909 0A0A0A0A 0B0B0B0B 0C0C0C0C 0D0D0D0D 0E0E0E0E 0F0F0F0F 10101010 11111111 12121212 13131313 14141414 15151515 16161616 17171717 18181818 19191919 1A1A1A1A 1B1B1B1B 1C1C1C1C 1D1D1D1D 1E1E1E1E 1F1F1F1F 
[TC_DEBUG]     [2752] 00000000 01010101 02020202 03030303 04040404 05050505 06060606 07070707 08080808 09090909 0A0A0A0A 0B0B0B0B 0C0C0C0C 0D0D0D0D 0E0E0E0E 0F0F0F0F 10101010 11111111 12121212 13131313 14141414 15151515 16161616 17171717 18181818 19191919 1A1A1A1A 1B1B1B1B 1C1C1C1C 1D1D1D1D 1E1E1E1E 1F1F1F1F 
[TC_DEBUG]     [2784] 00000000 01010101 02020202 03030303 04040404 05050505 06060606 07070707 08080808 09090909 0A0A0A0A 0B0B0B0B 0C0C0C0C 0D0D0D0D 0E0E0E0E 0F0F0F0F 10101010 11111111 12121212 13131313 14141414 15151515 16161616 17171717 18181818 19191919 1A1A1A1A 1B1B1B1B 1C1C1C1C 1D1D1D1D 1E1E1E1E 1F1F1F1F 
[TC_DEBUG]     [2816] 00000000 01010101 02020202 03030303 04040404 05050505 06060606 07070707 08080808 09090909 0A0A0A0A 0B0B0B0B 0C0C0C0C 0D0D0D0D 0E0E0E0E 0F0F0F0F 10101010 11111111 12121212 13131313 14141414 15151515 16161616 17171717 18181818 19191919 1A1A1A1A 1B1B1B1B 1C1C1C1C 1D1D1D1D 1E1E1E1E 1F1F1F1F 
[TC_DEBUG]     [2848] 00000000 01010101 02020202 03030303 04040404 05050505 06060606 07070707 08080808 09090909 0A0A0A0A 0B0B0B0B 0C0C0C0C 0D0D0D0D 0E0E0E0E 0F0F0F0F 10101010 11111111 12121212 13131313 14141414 15151515 16161616 17171717 18181818 19191919 1A1A1A1A 1B1B1B1B 1C1C1C1C 1D1D1D1D 1E1E1E1E 1F1F1F1F 
[TC_DEBUG]     [2880] 00000000 01010101 02020202 03030303 04040404 05050505 06060606 07070707 08080808 09090909 0A0A0A0A 0B0B0B0B 0C0C0C0C 0D0D0D0D 0E0E0E0E 0F0F0F0F 10101010 11111111 12121212 13131313 14141414 15151515 16161616 17171717 18181818 19191919 1A1A1A1A 1B1B1B1B 1C1C1C1C 1D1D1D1D 1E1E1E1E 1F1F1F1F 
[TC_DEBUG]     [2912] 00000000 01010101 02020202 03030303 04040404 05050505 06060606 07070707 08080808 09090909 0A0A0A0A 0B0B0B0B 0C0C0C0C 0D0D0D0D 0E0E0E0E 0F0F0F0F 10101010 11111111 12121212 13131313 14141414 15151515 16161616 17171717 18181818 19191919 1A1A1A1A 1B1B1B1B 1C1C1C1C 1D1D1D1D 1E1E1E1E 1F1F1F1F 
[TC_DEBUG]     [2944] 00000000 01010101 02020202 03030303 04040404 05050505 06060606 07070707 08080808 09090909 0A0A0A0A 0B0B0B0B 0C0C0C0C 0D0D0D0D 0E0E0E0E 0F0F0F0F 10101010 11111111 12121212 13131313 14141414 15151515 16161616 17171717 18181818 19191919 1A1A1A1A 1B1B1B1B 1C1C1C1C 1D1D1D1D 1E1E1E1E 1F1F1F1F 
[TC_DEBUG]     [2976] 00000000 01010101 02020202 03030303 04040404 05050505 06060606 07070707 08080808 09090909 0A0A0A0A 0B0B0B0B 0C0C0C0C 0D0D0D0D 0E0E0E0E 0F0F0F0F 10101010 11111111 12121212 13131313 14141414 15151515 16161616 17171717 18181818 19191919 1A1A1A1A 1B1B1B1B 1C1C1C1C 1D1D1D1D 1E1E1E1E 1F1F1F1F 
[TC_DEBUG]     [3008] 00000000 01010101 02020202 03030303 04040404 05050505 06060606 07070707 08080808 09090909 0A0A0A0A 0B0B0B0B 0C0C0C0C 0D0D0D0D 0E0E0E0E 0F0F0F0F 10101010 11111111 12121212 13131313 14141414 15151515 16161616 17171717 18181818 19191919 1A1A1A1A 1B1B1B1B 1C1C1C1C 1D1D1D1D 1E1E1E1E 1F1F1F1F 
[TC_DEBUG]     [3040] 00000000 01010101 02020202 03030303 04040404 05050505 06060606 07070707 08080808 09090909 0A0A0A0A 0B0B0B0B 0C0C0C0C 0D0D0D0D 0E0E0E0E 0F0F0F0F 10101010 11111111 12121212 13131313 14141414 15151515 16161616 17171717 18181818 19191919 1A1A1A1A 1B1B1B1B 1C1C1C1C 1D1D1D1D 1E1E1E1E 1F1F1F1F 
[TC_DEBUG]     [3072] 00000000 01010101 02020202 03030303 04040404 05050505 06060606 07070707 08080808 09090909 0A0A0A0A 0B0B0B0B 0C0C0C0C 0D0D0D0D 0E0E0E0E 0F0F0F0F 10101010 11111111 12121212 13131313 14141414 15151515 16161616 17171717 18181818 19191919 1A1A1A1A 1B1B1B1B 1C1C1C1C 1D1D1D1D 1E1E1E1E 1F1F1F1F 
[TC_DEBUG]     [3104] 00000000 01010101 02020202 03030303 04040404 05050505 06060606 07070707 08080808 09090909 0A0A0A0A 0B0B0B0B 0C0C0C0C 0D0D0D0D 0E0E0E0E 0F0F0F0F 10101010 11111111 12121212 13131313 14141414 15151515 16161616 17171717 18181818 19191919 1A1A1A1A 1B1B1B1B 1C1C1C1C 1D1D1D1D 1E1E1E1E 1F1F1F1F 
[TC_DEBUG]     [3136] 00000000 01010101 02020202 03030303 04040404 05050505 06060606 07070707 08080808 09090909 0A0A0A0A 0B0B0B0B 0C0C0C0C 0D0D0D0D 0E0E0E0E 0F0F0F0F 10101010 11111111 12121212 13131313 14141414 15151515 16161616 17171717 18181818 19191919 1A1A1A1A 1B1B1B1B 1C1C1C1C 1D1D1D1D 1E1E1E1E 1F1F1F1F 
[TC_DEBUG]     [3168] 00000000 01010101 02020202 03030303 04040404 05050505 06060606 07070707 08080808 09090909 0A0A0A0A 0B0B0B0B 0C0C0C0C 0D0D0D0D 0E0E0E0E 0F0F0F0F 10101010 11111111 12121212 13131313 14141414 15151515 16161616 17171717 18181818 19191919 1A1A1A1A 1B1B1B1B 1C1C1C1C 1D1D1D1D 1E1E1E1E 1F1F1F1F 
[TC_DEBUG]     [3200] 00000000 01010101 02020202 03030303 04040404 05050505 06060606 07070707 08080808 09090909 0A0A0A0A 0B0B0B0B 0C0C0C0C 0D0D0D0D 0E0E0E0E 0F0F0F0F 10101010 11111111 12121212 13131313 14141414 15151515 16161616 17171717 18181818 19191919 1A1A1A1A 1B1B1B1B 1C1C1C1C 1D1D1D1D 1E1E1E1E 1F1F1F1F 
[TC_DEBUG]     [3232] 00000000 01010101 02020202 03030303 04040404 05050505 06060606 07070707 08080808 09090909 0A0A0A0A 0B0B0B0B 0C0C0C0C 0D0D0D0D 0E0E0E0E 0F0F0F0F 10101010 11111111 12121212 13131313 14141414 15151515 16161616 17171717 18181818 19191919 1A1A1A1A 1B1B1B1B 1C1C1C1C 1D1D1D1D 1E1E1E1E 1F1F1F1F 
[TC_DEBUG]     [3264] 00000000 01010101 02020202 03030303 04040404 05050505 06060606 07070707 08080808 09090909 0A0A0A0A 0B0B0B0B 0C0C0C0C 0D0D0D0D 0E0E0E0E 0F0F0F0F 10101010 11111111 12121212 13131313 14141414 15151515 16161616 17171717 18181818 19191919 1A1A1A1A 1B1B1B1B 1C1C1C1C 1D1D1D1D 1E1E1E1E 1F1F1F1F 
[TC_DEBUG]     [3296] 00000000 01010101 02020202 03030303 04040404 05050505 06060606 07070707 08080808 09090909 0A0A0A0A 0B0B0B0B 0C0C0C0C 0D0D0D0D 0E0E0E0E 0F0F0F0F 10101010 11111111 12121212 13131313 14141414 15151515 16161616 17171717 18181818 19191919 1A1A1A1A 1B1B1B1B 1C1C1C1C 1D1D1D1D 1E1E1E1E 1F1F1F1F 
[TC_DEBUG]     [3328] 00000000 01010101 02020202 03030303 04040404 05050505 06060606 07070707 08080808 09090909 0A0A0A0A 0B0B0B0B 0C0C0C0C 0D0D0D0D 0E0E0E0E 0F0F0F0F 10101010 11111111 12121212 13131313 14141414 15151515 16161616 17171717 18181818 19191919 1A1A1A1A 1B1B1B1B 1C1C1C1C 1D1D1D1D 1E1E1E1E 1F1F1F1F 
[TC_DEBUG]     [3360] 00000000 01010101 02020202 03030303 04040404 05050505 06060606 07070707 08080808 09090909 0A0A0A0A 0B0B0B0B 0C0C0C0C 0D0D0D0D 0E0E0E0E 0F0F0F0F 10101010 11111111 12121212 13131313 14141414 15151515 16161616 17171717 18181818 19191919 1A1A1A1A 1B1B1B1B 1C1C1C1C 1D1D1D1D 1E1E1E1E 1F1F1F1F 
[TC_DEBUG]     [3392] 00000000 01010101 02020202 03030303 04040404 05050505 06060606 07070707 08080808 09090909 0A0A0A0A 0B0B0B0B 0C0C0C0C 0D0D0D0D 0E0E0E0E 0F0F0F0F 10101010 11111111 12121212 13131313 14141414 15151515 16161616 17171717 18181818 19191919 1A1A1A1A 1B1B1B1B 1C1C1C1C 1D1D1D1D 1E1E1E1E 1F1F1F1F 
[TC_DEBUG]     [3424] 00000000 01010101 02020202 03030303 04040404 05050505 06060606 07070707 08080808 09090909 0A0A0A0A 0B0B0B0B 0C0C0C0C 0D0D0D0D 0E0E0E0E 0F0F0F0F 10101010 11111111 12121212 13131313 14141414 15151515 16161616 17171717 18181818 19191919 1A1A1A1A 1B1B1B1B 1C1C1C1C 1D1D1D1D 1E1E1E1E 1F1F1F1F 
[TC_DEBUG]     [3456] 00000000 01010101 02020202 03030303 04040404 05050505 06060606 07070707 08080808 09090909 0A0A0A0A 0B0B0B0B 0C0C0C0C 0D0D0D0D 0E0E0E0E 0F0F0F0F 10101010 11111111 12121212 13131313 14141414 15151515 16161616 17171717 18181818 19191919 1A1A1A1A 1B1B1B1B 1C1C1C1C 1D1D1D1D 1E1E1E1E 1F1F1F1F 
[TC_DEBUG]     [3488] 00000000 01010101 02020202 03030303 04040404 05050505 06060606 07070707 08080808 09090909 0A0A0A0A 0B0B0B0B 0C0C0C0C 0D0D0D0D 0E0E0E0E 0F0F0F0F 10101010 11111111 12121212 13131313 14141414 15151515 16161616 17171717 18181818 19191919 1A1A1A1A 1B1B1B1B 1C1C1C1C 1D1D1D1D 1E1E1E1E 1F1F1F1F 
[TC_DEBUG]     [3520] 00000000 01010101 02020202 03030303 04040404 05050505 06060606 07070707 08080808 09090909 0A0A0A0A 0B0B0B0B 0C0C0C0C 0D0D0D0D 0E0E0E0E 0F0F0F0F 10101010 11111111 12121212 13131313 14141414 15151515 16161616 17171717 18181818 19191919 1A1A1A1A 1B1B1B1B 1C1C1C1C 1D1D1D1D 1E1E1E1E 1F1F1F1F 
[TC_DEBUG]     [3552] 00000000 01010101 02020202 03030303 04040404 05050505 06060606 07070707 08080808 09090909 0A0A0A0A 0B0B0B0B 0C0C0C0C 0D0D0D0D 0E0E0E0E 0F0F0F0F 10101010 11111111 12121212 13131313 14141414 15151515 16161616 17171717 18181818 19191919 1A1A1A1A 1B1B1B1B 1C1C1C1C 1D1D1D1D 1E1E1E1E 1F1F1F1F 
[TC_DEBUG]     [3584] 00000000 01010101 02020202 03030303 04040404 05050505 06060606 07070707 08080808 09090909 0A0A0A0A 0B0B0B0B 0C0C0C0C 0D0D0D0D 0E0E0E0E 0F0F0F0F 10101010 11111111 12121212 13131313 14141414 15151515 16161616 17171717 18181818 19191919 1A1A1A1A 1B1B1B1B 1C1C1C1C 1D1D1D1D 1E1E1E1E 1F1F1F1F 
[TC_DEBUG]     [3616] 00000000 01010101 02020202 03030303 04040404 05050505 06060606 07070707 08080808 09090909 0A0A0A0A 0B0B0B0B 0C0C0C0C 0D0D0D0D 0E0E0E0E 0F0F0F0F 10101010 11111111 12121212 13131313 14141414 15151515 16161616 17171717 18181818 19191919 1A1A1A1A 1B1B1B1B 1C1C1C1C 1D1D1D1D 1E1E1E1E 1F1F1F1F 
[TC_DEBUG]     [3648] 00000000 01010101 02020202 03030303 04040404 05050505 06060606 07070707 08080808 09090909 0A0A0A0A 0B0B0B0B 0C0C0C0C 0D0D0D0D 0E0E0E0E 0F0F0F0F 10101010 11111111 12121212 13131313 14141414 15151515 16161616 17171717 18181818 19191919 1A1A1A1A 1B1B1B1B 1C1C1C1C 1D1D1D1D 1E1E1E1E 1F1F1F1F 
[TC_DEBUG]     [3680] 00000000 01010101 02020202 03030303 04040404 05050505 06060606 07070707 08080808 09090909 0A0A0A0A 0B0B0B0B 0C0C0C0C 0D0D0D0D 0E0E0E0E 0F0F0F0F 10101010 11111111 12121212 13131313 14141414 15151515 16161616 17171717 18181818 19191919 1A1A1A1A 1B1B1B1B 1C1C1C1C 1D1D1D1D 1E1E1E1E 1F1F1F1F 
[TC_DEBUG]     [3712] 00000000 01010101 02020202 03030303 04040404 05050505 06060606 07070707 08080808 09090909 0A0A0A0A 0B0B0B0B 0C0C0C0C 0D0D0D0D 0E0E0E0E 0F0F0F0F 10101010 11111111 12121212 13131313 14141414 15151515 16161616 17171717 18181818 19191919 1A1A1A1A 1B1B1B1B 1C1C1C1C 1D1D1D1D 1E1E1E1E 1F1F1F1F 
[TC_DEBUG]     [3744] 00000000 01010101 02020202 03030303 04040404 05050505 06060606 07070707 08080808 09090909 0A0A0A0A 0B0B0B0B 0C0C0C0C 0D0D0D0D 0E0E0E0E 0F0F0F0F 10101010 11111111 12121212 13131313 14141414 15151515 16161616 17171717 18181818 19191919 1A1A1A1A 1B1B1B1B 1C1C1C1C 1D1D1D1D 1E1E1E1E 1F1F1F1F 
[TC_DEBUG]     [3776] 00000000 01010101 02020202 03030303 04040404 05050505 06060606 07070707 08080808 09090909 0A0A0A0A 0B0B0B0B 0C0C0C0C 0D0D0D0D 0E0E0E0E 0F0F0F0F 10101010 11111111 12121212 13131313 14141414 15151515 16161616 17171717 18181818 19191919 1A1A1A1A 1B1B1B1B 1C1C1C1C 1D1D1D1D 1E1E1E1E 1F1F1F1F 
[TC_DEBUG]     [3808] 00000000 01010101 02020202 03030303 04040404 05050505 06060606 07070707 08080808 09090909 0A0A0A0A 0B0B0B0B 0C0C0C0C 0D0D0D0D 0E0E0E0E 0F0F0F0F 10101010 11111111 12121212 13131313 14141414 15151515 16161616 17171717 18181818 19191919 1A1A1A1A 1B1B1B1B 1C1C1C1C 1D1D1D1D 1E1E1E1E 1F1F1F1F 
[TC_DEBUG]     [3840] 00000000 01010101 02020202 03030303 04040404 05050505 06060606 07070707 08080808 09090909 0A0A0A0A 0B0B0B0B 0C0C0C0C 0D0D0D0D 0E0E0E0E 0F0F0F0F 10101010 11111111 12121212 13131313 14141414 15151515 16161616 17171717 18181818 19191919 1A1A1A1A 1B1B1B1B 1C1C1C1C 1D1D1D1D 1E1E1E1E 1F1F1F1F 
[TC_DEBUG]     [3872] 00000000 01010101 02020202 03030303 04040404 05050505 06060606 07070707 08080808 09090909 0A0A0A0A 0B0B0B0B 0C0C0C0C 0D0D0D0D 0E0E0E0E 0F0F0F0F 10101010 11111111 12121212 13131313 14141414 15151515 16161616 17171717 18181818 19191919 1A1A1A1A 1B1B1B1B 1C1C1C1C 1D1D1D1D 1E1E1E1E 1F1F1F1F 
[TC_DEBUG]     [3904] 00000000 01010101 02020202 03030303 04040404 05050505 06060606 07070707 08080808 09090909 0A0A0A0A 0B0B0B0B 0C0C0C0C 0D0D0D0D 0E0E0E0E 0F0F0F0F 10101010 11111111 12121212 13131313 14141414 15151515 16161616 17171717 18181818 19191919 1A1A1A1A 1B1B1B1B 1C1C1C1C 1D1D1D1D 1E1E1E1E 1F1F1F1F 
[TC_DEBUG]     [3936] 00000000 01010101 02020202 03030303 04040404 05050505 06060606 07070707 08080808 09090909 0A0A0A0A 0B0B0B0B 0C0C0C0C 0D0D0D0D 0E0E0E0E 0F0F0F0F 10101010 11111111 12121212 13131313 14141414 15151515 16161616 17171717 18181818 19191919 1A1A1A1A 1B1B1B1B 1C1C1C1C 1D1D1D1D 1E1E1E1E 1F1F1F1F 
[TC_DEBUG]     [3968] 00000000 01010101 02020202 03030303 04040404 05050505 06060606 07070707 08080808 09090909 0A0A0A0A 0B0B0B0B 0C0C0C0C 0D0D0D0D 0E0E0E0E 0F0F0F0F 10101010 11111111 12121212 13131313 14141414 15151515 16161616 17171717 18181818 19191919 1A1A1A1A 1B1B1B1B 1C1C1C1C 1D1D1D1D 1E1E1E1E 1F1F1F1F 
[TC_DEBUG]     [4000] 00000000 01010101 02020202 03030303 04040404 05050505 06060606 07070707 08080808 09090909 0A0A0A0A 0B0B0B0B 0C0C0C0C 0D0D0D0D 0E0E0E0E 0F0F0F0F 10101010 11111111 12121212 13131313 14141414 15151515 16161616 17171717 18181818 19191919 1A1A1A1A 1B1B1B1B 1C1C1C1C 1D1D1D1D 1E1E1E1E 1F1F1F1F 
[TC_DEBUG]     [4032] 00000000 01010101 02020202 03030303 04040404 05050505 06060606 07070707 08080808 09090909 0A0A0A0A 0B0B0B0B 0C0C0C0C 0D0D0D0D 0E0E0E0E 0F0F0F0F 10101010 11111111 12121212 13131313 14141414 15151515 16161616 17171717 18181818 19191919 1A1A1A1A 1B1B1B1B 1C1C1C1C 1D1D1D1D 1E1E1E1E 1F1F1F1F 
[TC_DEBUG]     [4064] 00000000 01010101 02020202 03030303 04040404 05050505 06060606 07070707 08080808 09090909 0A0A0A0A 0B0B0B0B 0C0C0C0C 0D0D0D0D 0E0E0E0E 0F0F0F0F 10101010 11111111 12121212 13131313 14141414 15151515 16161616 17171717 18181818 19191919 1A1A1A1A 1B1B1B1B 1C1C1C1C 1D1D1D1D 1E1E1E1E 1F1F1F1F 
[TC] tc.quant         PC=0x80000388  Encoding=0x121B355B
[TC_DEBUG]   QuantReg (4096 int64 elements):
[TC_DEBUG]     [0000] 0000000000000000 0000000001010101 0000000004040404 0000000009090909 0000000010101010 0000000019191919 0000000024242424 0000000031313131 0000000040404040 0000000051515151 0000000064646464 0000000079797979 0000000090909090 00000000A9A9A9A9 00000000C4C4C4C4 00000000E1E1E1E1 0000000101010100 0000000122222221 0000000145454544 000000016A6A6A69 0000000191919190 00000001BABABAB9 00000001E5E5E5E4 0000000213131311 0000000242424240 0000000273737371 00000002A6A6A6A4 00000002DBDBDBD9 0000000313131310 000000034C4C4C49 0000000387878784 00000003C4C4C4C1 
[TC_DEBUG]     [0032] 0000000000000000 0000000001010101 0000000004040404 0000000009090909 0000000010101010 0000000019191919 0000000024242424 0000000031313131 0000000040404040 0000000051515151 0000000064646464 0000000079797979 0000000090909090 00000000A9A9A9A9 00000000C4C4C4C4 00000000E1E1E1E1 0000000101010100 0000000122222221 0000000145454544 000000016A6A6A69 0000000191919190 00000001BABABAB9 00000001E5E5E5E4 0000000213131311 0000000242424240 0000000273737371 00000002A6A6A6A4 00000002DBDBDBD9 0000000313131310 000000034C4C4C49 0000000387878784 00000003C4C4C4C1 
[TC_DEBUG]     [0064] 0000000000000000 0000000001010101 0000000004040404 0000000009090909 0000000010101010 0000000019191919 0000000024242424 0000000031313131 0000000040404040 0000000051515151 0000000064646464 0000000079797979 0000000090909090 00000000A9A9A9A9 00000000C4C4C4C4 00000000E1E1E1E1 0000000101010100 0000000122222221 0000000145454544 000000016A6A6A69 0000000191919190 00000001BABABAB9 00000001E5E5E5E4 0000000213131311 0000000242424240 0000000273737371 00000002A6A6A6A4 00000002DBDBDBD9 0000000313131310 000000034C4C4C49 0000000387878784 00000003C4C4C4C1 
[TC_DEBUG]     [0096] 0000000000000000 0000000001010101 0000000004040404 0000000009090909 0000000010101010 0000000019191919 0000000024242424 0000000031313131 0000000040404040 0000000051515151 0000000064646464 0000000079797979 0000000090909090 00000000A9A9A9A9 00000000C4C4C4C4 00000000E1E1E1E1 0000000101010100 0000000122222221 0000000145454544 000000016A6A6A69 0000000191919190 00000001BABABAB9 00000001E5E5E5E4 0000000213131311 0000000242424240 0000000273737371 00000002A6A6A6A4 00000002DBDBDBD9 0000000313131310 000000034C4C4C49 0000000387878784 00000003C4C4C4C1 
[TC_DEBUG]     [0128] 0000000000000000 0000000001010101 0000000004040404 0000000009090909 0000000010101010 0000000019191919 0000000024242424 0000000031313131 0000000040404040 0000000051515151 0000000064646464 0000000079797979 0000000090909090 00000000A9A9A9A9 00000000C4C4C4C4 00000000E1E1E1E1 0000000101010100 0000000122222221 0000000145454544 000000016A6A6A69 0000000191919190 00000001BABABAB9 00000001E5E5E5E4 0000000213131311 0000000242424240 0000000273737371 00000002A6A6A6A4 00000002DBDBDBD9 0000000313131310 000000034C4C4C49 0000000387878784 00000003C4C4C4C1 
[TC_DEBUG]     [0160] 0000000000000000 0000000001010101 0000000004040404 0000000009090909 0000000010101010 0000000019191919 0000000024242424 0000000031313131 0000000040404040 0000000051515151 0000000064646464 0000000079797979 0000000090909090 00000000A9A9A9A9 00000000C4C4C4C4 00000000E1E1E1E1 0000000101010100 0000000122222221 0000000145454544 000000016A6A6A69 0000000191919190 00000001BABABAB9 00000001E5E5E5E4 0000000213131311 0000000242424240 0000000273737371 00000002A6A6A6A4 00000002DBDBDBD9 0000000313131310 000000034C4C4C49 0000000387878784 00000003C4C4C4C1 
[TC_DEBUG]     [0192] 0000000000000000 0000000001010101 0000000004040404 0000000009090909 0000000010101010 0000000019191919 0000000024242424 0000000031313131 0000000040404040 0000000051515151 0000000064646464 0000000079797979 0000000090909090 00000000A9A9A9A9 00000000C4C4C4C4 00000000E1E1E1E1 0000000101010100 0000000122222221 0000000145454544 000000016A6A6A69 0000000191919190 00000001BABABAB9 00000001E5E5E5E4 0000000213131311 0000000242424240 0000000273737371 00000002A6A6A6A4 00000002DBDBDBD9 0000000313131310 000000034C4C4C49 0000000387878784 00000003C4C4C4C1 
[TC_DEBUG]     [0224] 0000000000000000 0000000001010101 0000000004040404 0000000009090909 0000000010101010 0000000019191919 0000000024242424 0000000031313131 0000000040404040 0000000051515151 0000000064646464 0000000079797979 0000000090909090 00000000A9A9A9A9 00000000C4C4C4C4 00000000E1E1E1E1 0000000101010100 0000000122222221 0000000145454544 000000016A6A6A69 0000000191919190 00000001BABABAB9 00000001E5E5E5E4 0000000213131311 0000000242424240 0000000273737371 00000002A6A6A6A4 00000002DBDBDBD9 0000000313131310 000000034C4C4C49 0000000387878784 00000003C4C4C4C1 
[TC_DEBUG]     [0256] 0000000000000000 0000000001010101 0000000004040404 0000000009090909 0000000010101010 0000000019191919 0000000024242424 0000000031313131 0000000040404040 0000000051515151 0000000064646464 0000000079797979 0000000090909090 00000000A9A9A9A9 00000000C4C4C4C4 00000000E1E1E1E1 0000000101010100 0000000122222221 0000000145454544 000000016A6A6A69 0000000191919190 00000001BABABAB9 00000001E5E5E5E4 0000000213131311 0000000242424240 0000000273737371 00000002A6A6A6A4 00000002DBDBDBD9 0000000313131310 000000034C4C4C49 0000000387878784 00000003C4C4C4C1 
[TC_DEBUG]     [0288] 0000000000000000 0000000001010101 0000000004040404 0000000009090909 0000000010101010 0000000019191919 0000000024242424 0000000031313131 0000000040404040 0000000051515151 0000000064646464 0000000079797979 0000000090909090 00000000A9A9A9A9 00000000C4C4C4C4 00000000E1E1E1E1 0000000101010100 0000000122222221 0000000145454544 000000016A6A6A69 0000000191919190 00000001BABABAB9 00000001E5E5E5E4 0000000213131311 0000000242424240 0000000273737371 00000002A6A6A6A4 00000002DBDBDBD9 0000000313131310 000000034C4C4C49 0000000387878784 00000003C4C4C4C1 
[TC_DEBUG]     [0320] 0000000000000000 0000000001010101 0000000004040404 0000000009090909 0000000010101010 0000000019191919 0000000024242424 0000000031313131 0000000040404040 0000000051515151 0000000064646464 0000000079797979 0000000090909090 00000000A9A9A9A9 00000000C4C4C4C4 00000000E1E1E1E1 0000000101010100 0000000122222221 0000000145454544 000000016A6A6A69 0000000191919190 00000001BABABAB9 00000001E5E5E5E4 0000000213131311 0000000242424240 0000000273737371 00000002A6A6A6A4 00000002DBDBDBD9 0000000313131310 000000034C4C4C49 0000000387878784 00000003C4C4C4C1 
[TC_DEBUG]     [0352] 0000000000000000 0000000001010101 0000000004040404 0000000009090909 0000000010101010 0000000019191919 0000000024242424 0000000031313131 0000000040404040 0000000051515151 0000000064646464 0000000079797979 0000000090909090 00000000A9A9A9A9 00000000C4C4C4C4 00000000E1E1E1E1 0000000101010100 0000000122222221 0000000145454544 000000016A6A6A69 0000000191919190 00000001BABABAB9 00000001E5E5E5E4 0000000213131311 0000000242424240 0000000273737371 00000002A6A6A6A4 00000002DBDBDBD9 0000000313131310 000000034C4C4C49 0000000387878784 00000003C4C4C4C1 
[TC_DEBUG]     [0384] 0000000000000000 0000000001010101 0000000004040404 0000000009090909 0000000010101010 0000000019191919 0000000024242424 0000000031313131 0000000040404040 0000000051515151 0000000064646464 0000000079797979 0000000090909090 00000000A9A9A9A9 00000000C4C4C4C4 00000000E1E1E1E1 0000000101010100 0000000122222221 0000000145454544 000000016A6A6A69 0000000191919190 00000001BABABAB9 00000001E5E5E5E4 0000000213131311 0000000242424240 0000000273737371 00000002A6A6A6A4 00000002DBDBDBD9 0000000313131310 000000034C4C4C49 0000000387878784 00000003C4C4C4C1 
[TC_DEBUG]     [0416] 0000000000000000 0000000001010101 0000000004040404 0000000009090909 0000000010101010 0000000019191919 0000000024242424 0000000031313131 0000000040404040 0000000051515151 0000000064646464 0000000079797979 0000000090909090 00000000A9A9A9A9 00000000C4C4C4C4 00000000E1E1E1E1 0000000101010100 0000000122222221 0000000145454544 000000016A6A6A69 0000000191919190 00000001BABABAB9 00000001E5E5E5E4 0000000213131311 0000000242424240 0000000273737371 00000002A6A6A6A4 00000002DBDBDBD9 0000000313131310 000000034C4C4C49 0000000387878784 00000003C4C4C4C1 
[TC_DEBUG]     [0448] 0000000000000000 0000000001010101 0000000004040404 0000000009090909 0000000010101010 0000000019191919 0000000024242424 0000000031313131 0000000040404040 0000000051515151 0000000064646464 0000000079797979 0000000090909090 00000000A9A9A9A9 00000000C4C4C4C4 00000000E1E1E1E1 0000000101010100 0000000122222221 0000000145454544 000000016A6A6A69 0000000191919190 00000001BABABAB9 00000001E5E5E5E4 0000000213131311 0000000242424240 0000000273737371 00000002A6A6A6A4 00000002DBDBDBD9 0000000313131310 000000034C4C4C49 0000000387878784 00000003C4C4C4C1 
[TC_DEBUG]     [0480] 0000000000000000 0000000001010101 0000000004040404 0000000009090909 0000000010101010 0000000019191919 0000000024242424 0000000031313131 0000000040404040 0000000051515151 0000000064646464 0000000079797979 0000000090909090 00000000A9A9A9A9 00000000C4C4C4C4 00000000E1E1E1E1 0000000101010100 0000000122222221 0000000145454544 000000016A6A6A69 0000000191919190 00000001BABABAB9 00000001E5E5E5E4 0000000213131311 0000000242424240 0000000273737371 00000002A6A6A6A4 00000002DBDBDBD9 0000000313131310 000000034C4C4C49 0000000387878784 00000003C4C4C4C1 
[TC_DEBUG]     [0512] 0000000000000000 0000000001010101 0000000004040404 0000000009090909 0000000010101010 0000000019191919 0000000024242424 0000000031313131 0000000040404040 0000000051515151 0000000064646464 0000000079797979 0000000090909090 00000000A9A9A9A9 00000000C4C4C4C4 00000000E1E1E1E1 0000000101010100 0000000122222221 0000000145454544 000000016A6A6A69 0000000191919190 00000001BABABAB9 00000001E5E5E5E4 0000000213131311 0000000242424240 0000000273737371 00000002A6A6A6A4 00000002DBDBDBD9 0000000313131310 000000034C4C4C49 0000000387878784 00000003C4C4C4C1 
[TC_DEBUG]     [0544] 0000000000000000 0000000001010101 0000000004040404 0000000009090909 0000000010101010 0000000019191919 0000000024242424 0000000031313131 0000000040404040 0000000051515151 0000000064646464 0000000079797979 0000000090909090 00000000A9A9A9A9 00000000C4C4C4C4 00000000E1E1E1E1 0000000101010100 0000000122222221 0000000145454544 000000016A6A6A69 0000000191919190 00000001BABABAB9 00000001E5E5E5E4 0000000213131311 0000000242424240 0000000273737371 00000002A6A6A6A4 00000002DBDBDBD9 0000000313131310 000000034C4C4C49 0000000387878784 00000003C4C4C4C1 
[TC_DEBUG]     [0576] 0000000000000000 0000000001010101 0000000004040404 0000000009090909 0000000010101010 0000000019191919 0000000024242424 0000000031313131 0000000040404040 0000000051515151 0000000064646464 0000000079797979 0000000090909090 00000000A9A9A9A9 00000000C4C4C4C4 00000000E1E1E1E1 0000000101010100 0000000122222221 0000000145454544 000000016A6A6A69 0000000191919190 00000001BABABAB9 00000001E5E5E5E4 0000000213131311 0000000242424240 0000000273737371 00000002A6A6A6A4 00000002DBDBDBD9 0000000313131310 000000034C4C4C49 0000000387878784 00000003C4C4C4C1 
[TC_DEBUG]     [0608] 0000000000000000 0000000001010101 0000000004040404 0000000009090909 0000000010101010 0000000019191919 0000000024242424 0000000031313131 0000000040404040 0000000051515151 0000000064646464 0000000079797979 0000000090909090 00000000A9A9A9A9 00000000C4C4C4C4 00000000E1E1E1E1 0000000101010100 0000000122222221 0000000145454544 000000016A6A6A69 0000000191919190 00000001BABABAB9 00000001E5E5E5E4 0000000213131311 0000000242424240 0000000273737371 00000002A6A6A6A4 00000002DBDBDBD9 0000000313131310 000000034C4C4C49 0000000387878784 00000003C4C4C4C1 
[TC_DEBUG]     [0640] 0000000000000000 0000000001010101 0000000004040404 0000000009090909 0000000010101010 0000000019191919 0000000024242424 0000000031313131 0000000040404040 0000000051515151 0000000064646464 0000000079797979 0000000090909090 00000000A9A9A9A9 00000000C4C4C4C4 00000000E1E1E1E1 0000000101010100 0000000122222221 0000000145454544 000000016A6A6A69 0000000191919190 00000001BABABAB9 00000001E5E5E5E4 0000000213131311 0000000242424240 0000000273737371 00000002A6A6A6A4 00000002DBDBDBD9 0000000313131310 000000034C4C4C49 0000000387878784 00000003C4C4C4C1 
[TC_DEBUG]     [0672] 0000000000000000 0000000001010101 0000000004040404 0000000009090909 0000000010101010 0000000019191919 0000000024242424 0000000031313131 0000000040404040 0000000051515151 0000000064646464 0000000079797979 0000000090909090 00000000A9A9A9A9 00000000C4C4C4C4 00000000E1E1E1E1 0000000101010100 0000000122222221 0000000145454544 000000016A6A6A69 0000000191919190 00000001BABABAB9 00000001E5E5E5E4 0000000213131311 0000000242424240 0000000273737371 00000002A6A6A6A4 00000002DBDBDBD9 0000000313131310 000000034C4C4C49 0000000387878784 00000003C4C4C4C1 
[TC_DEBUG]     [0704] 0000000000000000 0000000001010101 0000000004040404 0000000009090909 0000000010101010 0000000019191919 0000000024242424 0000000031313131 0000000040404040 0000000051515151 0000000064646464 0000000079797979 0000000090909090 00000000A9A9A9A9 00000000C4C4C4C4 00000000E1E1E1E1 0000000101010100 0000000122222221 0000000145454544 000000016A6A6A69 0000000191919190 00000001BABABAB9 00000001E5E5E5E4 0000000213131311 0000000242424240 0000000273737371 00000002A6A6A6A4 00000002DBDBDBD9 0000000313131310 000000034C4C4C49 0000000387878784 00000003C4C4C4C1 
[TC_DEBUG]     [0736] 0000000000000000 0000000001010101 0000000004040404 0000000009090909 0000000010101010 0000000019191919 0000000024242424 0000000031313131 0000000040404040 0000000051515151 0000000064646464 0000000079797979 0000000090909090 00000000A9A9A9A9 00000000C4C4C4C4 00000000E1E1E1E1 0000000101010100 0000000122222221 0000000145454544 000000016A6A6A69 0000000191919190 00000001BABABAB9 00000001E5E5E5E4 0000000213131311 0000000242424240 0000000273737371 00000002A6A6A6A4 00000002DBDBDBD9 0000000313131310 000000034C4C4C49 0000000387878784 00000003C4C4C4C1 
[TC_DEBUG]     [0768] 0000000000000000 0000000001010101 0000000004040404 0000000009090909 0000000010101010 0000000019191919 0000000024242424 0000000031313131 0000000040404040 0000000051515151 0000000064646464 0000000079797979 0000000090909090 00000000A9A9A9A9 00000000C4C4C4C4 00000000E1E1E1E1 0000000101010100 0000000122222221 0000000145454544 000000016A6A6A69 0000000191919190 00000001BABABAB9 00000001E5E5E5E4 0000000213131311 0000000242424240 0000000273737371 00000002A6A6A6A4 00000002DBDBDBD9 0000000313131310 000000034C4C4C49 0000000387878784 00000003C4C4C4C1 
[TC_DEBUG]     [0800] 0000000000000000 0000000001010101 0000000004040404 0000000009090909 0000000010101010 0000000019191919 0000000024242424 0000000031313131 0000000040404040 0000000051515151 0000000064646464 0000000079797979 0000000090909090 00000000A9A9A9A9 00000000C4C4C4C4 00000000E1E1E1E1 0000000101010100 0000000122222221 0000000145454544 000000016A6A6A69 0000000191919190 00000001BABABAB9 00000001E5E5E5E4 0000000213131311 0000000242424240 0000000273737371 00000002A6A6A6A4 00000002DBDBDBD9 0000000313131310 000000034C4C4C49 0000000387878784 00000003C4C4C4C1 
[TC_DEBUG]     [0832] 0000000000000000 0000000001010101 0000000004040404 0000000009090909 0000000010101010 0000000019191919 0000000024242424 0000000031313131 0000000040404040 0000000051515151 0000000064646464 0000000079797979 0000000090909090 00000000A9A9A9A9 00000000C4C4C4C4 00000000E1E1E1E1 0000000101010100 0000000122222221 0000000145454544 000000016A6A6A69 0000000191919190 00000001BABABAB9 00000001E5E5E5E4 0000000213131311 0000000242424240 0000000273737371 00000002A6A6A6A4 00000002DBDBDBD9 0000000313131310 000000034C4C4C49 0000000387878784 00000003C4C4C4C1 
[TC_DEBUG]     [0864] 0000000000000000 0000000001010101 0000000004040404 0000000009090909 0000000010101010 0000000019191919 0000000024242424 0000000031313131 0000000040404040 0000000051515151 0000000064646464 0000000079797979 0000000090909090 00000000A9A9A9A9 00000000C4C4C4C4 00000000E1E1E1E1 0000000101010100 0000000122222221 0000000145454544 000000016A6A6A69 0000000191919190 00000001BABABAB9 00000001E5E5E5E4 0000000213131311 0000000242424240 0000000273737371 00000002A6A6A6A4 00000002DBDBDBD9 0000000313131310 000000034C4C4C49 0000000387878784 00000003C4C4C4C1 
[TC_DEBUG]     [0896] 0000000000000000 0000000001010101 0000000004040404 0000000009090909 0000000010101010 0000000019191919 0000000024242424 0000000031313131 0000000040404040 0000000051515151 0000000064646464 0000000079797979 0000000090909090 00000000A9A9A9A9 00000000C4C4C4C4 00000000E1E1E1E1 0000000101010100 0000000122222221 0000000145454544 000000016A6A6A69 0000000191919190 00000001BABABAB9 00000001E5E5E5E4 0000000213131311 0000000242424240 0000000273737371 00000002A6A6A6A4 00000002DBDBDBD9 0000000313131310 000000034C4C4C49 0000000387878784 00000003C4C4C4C1 
[TC_DEBUG]     [0928] 0000000000000000 0000000001010101 0000000004040404 0000000009090909 0000000010101010 0000000019191919 0000000024242424 0000000031313131 0000000040404040 0000000051515151 0000000064646464 0000000079797979 0000000090909090 00000000A9A9A9A9 00000000C4C4C4C4 00000000E1E1E1E1 0000000101010100 0000000122222221 0000000145454544 000000016A6A6A69 0000000191919190 00000001BABABAB9 00000001E5E5E5E4 0000000213131311 0000000242424240 0000000273737371 00000002A6A6A6A4 00000002DBDBDBD9 0000000313131310 000000034C4C4C49 0000000387878784 00000003C4C4C4C1 
[TC_DEBUG]     [0960] 0000000000000000 0000000001010101 0000000004040404 0000000009090909 0000000010101010 0000000019191919 0000000024242424 0000000031313131 0000000040404040 0000000051515151 0000000064646464 0000000079797979 0000000090909090 00000000A9A9A9A9 00000000C4C4C4C4 00000000E1E1E1E1 0000000101010100 0000000122222221 0000000145454544 000000016A6A6A69 0000000191919190 00000001BABABAB9 00000001E5E5E5E4 0000000213131311 0000000242424240 0000000273737371 00000002A6A6A6A4 00000002DBDBDBD9 0000000313131310 000000034C4C4C49 0000000387878784 00000003C4C4C4C1 
[TC_DEBUG]     [0992] 0000000000000000 0000000001010101 0000000004040404 0000000009090909 0000000010101010 0000000019191919 0000000024242424 0000000031313131 0000000040404040 0000000051515151 0000000064646464 0000000079797979 0000000090909090 00000000A9A9A9A9 00000000C4C4C4C4 00000000E1E1E1E1 0000000101010100 0000000122222221 0000000145454544 000000016A6A6A69 0000000191919190 00000001BABABAB9 00000001E5E5E5E4 0000000213131311 0000000242424240 0000000273737371 00000002A6A6A6A4 00000002DBDBDBD9 0000000313131310 000000034C4C4C49 0000000387878784 00000003C4C4C4C1 
[TC_DEBUG]     [1024] 0000000000000000 0000000001010101 0000000004040404 0000000009090909 0000000010101010 0000000019191919 0000000024242424 0000000031313131 0000000040404040 0000000051515151 0000000064646464 0000000079797979 0000000090909090 00000000A9A9A9A9 00000000C4C4C4C4 00000000E1E1E1E1 0000000101010100 0000000122222221 0000000145454544 000000016A6A6A69 0000000191919190 00000001BABABAB9 00000001E5E5E5E4 0000000213131311 0000000242424240 0000000273737371 00000002A6A6A6A4 00000002DBDBDBD9 0000000313131310 000000034C4C4C49 0000000387878784 00000003C4C4C4C1 
[TC_DEBUG]     [1056] 0000000000000000 0000000001010101 0000000004040404 0000000009090909 0000000010101010 0000000019191919 0000000024242424 0000000031313131 0000000040404040 0000000051515151 0000000064646464 0000000079797979 0000000090909090 00000000A9A9A9A9 00000000C4C4C4C4 00000000E1E1E1E1 0000000101010100 0000000122222221 0000000145454544 000000016A6A6A69 0000000191919190 00000001BABABAB9 00000001E5E5E5E4 0000000213131311 0000000242424240 0000000273737371 00000002A6A6A6A4 00000002DBDBDBD9 0000000313131310 000000034C4C4C49 0000000387878784 00000003C4C4C4C1 
[TC_DEBUG]     [1088] 0000000000000000 0000000001010101 0000000004040404 0000000009090909 0000000010101010 0000000019191919 0000000024242424 0000000031313131 0000000040404040 0000000051515151 0000000064646464 0000000079797979 0000000090909090 00000000A9A9A9A9 00000000C4C4C4C4 00000000E1E1E1E1 0000000101010100 0000000122222221 0000000145454544 000000016A6A6A69 0000000191919190 00000001BABABAB9 00000001E5E5E5E4 0000000213131311 0000000242424240 0000000273737371 00000002A6A6A6A4 00000002DBDBDBD9 0000000313131310 000000034C4C4C49 0000000387878784 00000003C4C4C4C1 
[TC_DEBUG]     [1120] 0000000000000000 0000000001010101 0000000004040404 0000000009090909 0000000010101010 0000000019191919 0000000024242424 0000000031313131 0000000040404040 0000000051515151 0000000064646464 0000000079797979 0000000090909090 00000000A9A9A9A9 00000000C4C4C4C4 00000000E1E1E1E1 0000000101010100 0000000122222221 0000000145454544 000000016A6A6A69 0000000191919190 00000001BABABAB9 00000001E5E5E5E4 0000000213131311 0000000242424240 0000000273737371 00000002A6A6A6A4 00000002DBDBDBD9 0000000313131310 000000034C4C4C49 0000000387878784 00000003C4C4C4C1 
[TC_DEBUG]     [1152] 0000000000000000 0000000001010101 0000000004040404 0000000009090909 0000000010101010 0000000019191919 0000000024242424 0000000031313131 0000000040404040 0000000051515151 0000000064646464 0000000079797979 0000000090909090 00000000A9A9A9A9 00000000C4C4C4C4 00000000E1E1E1E1 0000000101010100 0000000122222221 0000000145454544 000000016A6A6A69 0000000191919190 00000001BABABAB9 00000001E5E5E5E4 0000000213131311 0000000242424240 0000000273737371 00000002A6A6A6A4 00000002DBDBDBD9 0000000313131310 000000034C4C4C49 0000000387878784 00000003C4C4C4C1 
[TC_DEBUG]     [1184] 0000000000000000 0000000001010101 0000000004040404 0000000009090909 0000000010101010 0000000019191919 0000000024242424 0000000031313131 0000000040404040 0000000051515151 0000000064646464 0000000079797979 0000000090909090 00000000A9A9A9A9 00000000C4C4C4C4 00000000E1E1E1E1 0000000101010100 0000000122222221 0000000145454544 000000016A6A6A69 0000000191919190 00000001BABABAB9 00000001E5E5E5E4 0000000213131311 0000000242424240 0000000273737371 00000002A6A6A6A4 00000002DBDBDBD9 0000000313131310 000000034C4C4C49 0000000387878784 00000003C4C4C4C1 
[TC_DEBUG]     [1216] 0000000000000000 0000000001010101 0000000004040404 0000000009090909 0000000010101010 0000000019191919 0000000024242424 0000000031313131 0000000040404040 0000000051515151 0000000064646464 0000000079797979 0000000090909090 00000000A9A9A9A9 00000000C4C4C4C4 00000000E1E1E1E1 0000000101010100 0000000122222221 0000000145454544 000000016A6A6A69 0000000191919190 00000001BABABAB9 00000001E5E5E5E4 0000000213131311 0000000242424240 0000000273737371 00000002A6A6A6A4 00000002DBDBDBD9 0000000313131310 000000034C4C4C49 0000000387878784 00000003C4C4C4C1 
[TC_DEBUG]     [1248] 0000000000000000 0000000001010101 0000000004040404 0000000009090909 0000000010101010 0000000019191919 0000000024242424 0000000031313131 0000000040404040 0000000051515151 0000000064646464 0000000079797979 0000000090909090 00000000A9A9A9A9 00000000C4C4C4C4 00000000E1E1E1E1 0000000101010100 0000000122222221 0000000145454544 000000016A6A6A69 0000000191919190 00000001BABABAB9 00000001E5E5E5E4 0000000213131311 0000000242424240 0000000273737371 00000002A6A6A6A4 00000002DBDBDBD9 0000000313131310 000000034C4C4C49 0000000387878784 00000003C4C4C4C1 
[TC_DEBUG]     [1280] 0000000000000000 0000000001010101 0000000004040404 0000000009090909 0000000010101010 0000000019191919 0000000024242424 0000000031313131 0000000040404040 0000000051515151 0000000064646464 0000000079797979 0000000090909090 00000000A9A9A9A9 00000000C4C4C4C4 00000000E1E1E1E1 0000000101010100 0000000122222221 0000000145454544 000000016A6A6A69 0000000191919190 00000001BABABAB9 00000001E5E5E5E4 0000000213131311 0000000242424240 0000000273737371 00000002A6A6A6A4 00000002DBDBDBD9 0000000313131310 000000034C4C4C49 0000000387878784 00000003C4C4C4C1 
[TC_DEBUG]     [1312] 0000000000000000 0000000001010101 0000000004040404 0000000009090909 0000000010101010 0000000019191919 0000000024242424 0000000031313131 0000000040404040 0000000051515151 0000000064646464 0000000079797979 0000000090909090 00000000A9A9A9A9 00000000C4C4C4C4 00000000E1E1E1E1 0000000101010100 0000000122222221 0000000145454544 000000016A6A6A69 0000000191919190 00000001BABABAB9 00000001E5E5E5E4 0000000213131311 0000000242424240 0000000273737371 00000002A6A6A6A4 00000002DBDBDBD9 0000000313131310 000000034C4C4C49 0000000387878784 00000003C4C4C4C1 
[TC_DEBUG]     [1344] 0000000000000000 0000000001010101 0000000004040404 0000000009090909 0000000010101010 0000000019191919 0000000024242424 0000000031313131 0000000040404040 0000000051515151 0000000064646464 0000000079797979 0000000090909090 00000000A9A9A9A9 00000000C4C4C4C4 00000000E1E1E1E1 0000000101010100 0000000122222221 0000000145454544 000000016A6A6A69 0000000191919190 00000001BABABAB9 00000001E5E5E5E4 0000000213131311 0000000242424240 0000000273737371 00000002A6A6A6A4 00000002DBDBDBD9 0000000313131310 000000034C4C4C49 0000000387878784 00000003C4C4C4C1 
[TC_DEBUG]     [1376] 0000000000000000 0000000001010101 0000000004040404 0000000009090909 0000000010101010 0000000019191919 0000000024242424 0000000031313131 0000000040404040 0000000051515151 0000000064646464 0000000079797979 0000000090909090 00000000A9A9A9A9 00000000C4C4C4C4 00000000E1E1E1E1 0000000101010100 0000000122222221 0000000145454544 000000016A6A6A69 0000000191919190 00000001BABABAB9 00000001E5E5E5E4 0000000213131311 0000000242424240 0000000273737371 00000002A6A6A6A4 00000002DBDBDBD9 0000000313131310 000000034C4C4C49 0000000387878784 00000003C4C4C4C1 
[TC_DEBUG]     [1408] 0000000000000000 0000000001010101 0000000004040404 0000000009090909 0000000010101010 0000000019191919 0000000024242424 0000000031313131 0000000040404040 0000000051515151 0000000064646464 0000000079797979 0000000090909090 00000000A9A9A9A9 00000000C4C4C4C4 00000000E1E1E1E1 0000000101010100 0000000122222221 0000000145454544 000000016A6A6A69 0000000191919190 00000001BABABAB9 00000001E5E5E5E4 0000000213131311 0000000242424240 0000000273737371 00000002A6A6A6A4 00000002DBDBDBD9 0000000313131310 000000034C4C4C49 0000000387878784 00000003C4C4C4C1 
[TC_DEBUG]     [1440] 0000000000000000 0000000001010101 0000000004040404 0000000009090909 0000000010101010 0000000019191919 0000000024242424 0000000031313131 0000000040404040 0000000051515151 0000000064646464 0000000079797979 0000000090909090 00000000A9A9A9A9 00000000C4C4C4C4 00000000E1E1E1E1 0000000101010100 0000000122222221 0000000145454544 000000016A6A6A69 0000000191919190 00000001BABABAB9 00000001E5E5E5E4 0000000213131311 0000000242424240 0000000273737371 00000002A6A6A6A4 00000002DBDBDBD9 0000000313131310 000000034C4C4C49 0000000387878784 00000003C4C4C4C1 
[TC_DEBUG]     [1472] 0000000000000000 0000000001010101 0000000004040404 0000000009090909 0000000010101010 0000000019191919 0000000024242424 0000000031313131 0000000040404040 0000000051515151 0000000064646464 0000000079797979 0000000090909090 00000000A9A9A9A9 00000000C4C4C4C4 00000000E1E1E1E1 0000000101010100 0000000122222221 0000000145454544 000000016A6A6A69 0000000191919190 00000001BABABAB9 00000001E5E5E5E4 0000000213131311 0000000242424240 0000000273737371 00000002A6A6A6A4 00000002DBDBDBD9 0000000313131310 000000034C4C4C49 0000000387878784 00000003C4C4C4C1 
[TC_DEBUG]     [1504] 0000000000000000 0000000001010101 0000000004040404 0000000009090909 0000000010101010 0000000019191919 0000000024242424 0000000031313131 0000000040404040 0000000051515151 0000000064646464 0000000079797979 0000000090909090 00000000A9A9A9A9 00000000C4C4C4C4 00000000E1E1E1E1 0000000101010100 0000000122222221 0000000145454544 000000016A6A6A69 0000000191919190 00000001BABABAB9 00000001E5E5E5E4 0000000213131311 0000000242424240 0000000273737371 00000002A6A6A6A4 00000002DBDBDBD9 0000000313131310 000000034C4C4C49 0000000387878784 00000003C4C4C4C1 
[TC_DEBUG]     [1536] 0000000000000000 0000000001010101 0000000004040404 0000000009090909 0000000010101010 0000000019191919 0000000024242424 0000000031313131 0000000040404040 0000000051515151 0000000064646464 0000000079797979 0000000090909090 00000000A9A9A9A9 00000000C4C4C4C4 00000000E1E1E1E1 0000000101010100 0000000122222221 0000000145454544 000000016A6A6A69 0000000191919190 00000001BABABAB9 00000001E5E5E5E4 0000000213131311 0000000242424240 0000000273737371 00000002A6A6A6A4 00000002DBDBDBD9 0000000313131310 000000034C4C4C49 0000000387878784 00000003C4C4C4C1 
[TC_DEBUG]     [1568] 0000000000000000 0000000001010101 0000000004040404 0000000009090909 0000000010101010 0000000019191919 0000000024242424 0000000031313131 0000000040404040 0000000051515151 0000000064646464 0000000079797979 0000000090909090 00000000A9A9A9A9 00000000C4C4C4C4 00000000E1E1E1E1 0000000101010100 0000000122222221 0000000145454544 000000016A6A6A69 0000000191919190 00000001BABABAB9 00000001E5E5E5E4 0000000213131311 0000000242424240 0000000273737371 00000002A6A6A6A4 00000002DBDBDBD9 0000000313131310 000000034C4C4C49 0000000387878784 00000003C4C4C4C1 
[TC_DEBUG]     [1600] 0000000000000000 0000000001010101 0000000004040404 0000000009090909 0000000010101010 0000000019191919 0000000024242424 0000000031313131 0000000040404040 0000000051515151 0000000064646464 0000000079797979 0000000090909090 00000000A9A9A9A9 00000000C4C4C4C4 00000000E1E1E1E1 0000000101010100 0000000122222221 0000000145454544 000000016A6A6A69 0000000191919190 00000001BABABAB9 00000001E5E5E5E4 0000000213131311 0000000242424240 0000000273737371 00000002A6A6A6A4 00000002DBDBDBD9 0000000313131310 000000034C4C4C49 0000000387878784 00000003C4C4C4C1 
[TC_DEBUG]     [1632] 0000000000000000 0000000001010101 0000000004040404 0000000009090909 0000000010101010 0000000019191919 0000000024242424 0000000031313131 0000000040404040 0000000051515151 0000000064646464 0000000079797979 0000000090909090 00000000A9A9A9A9 00000000C4C4C4C4 00000000E1E1E1E1 0000000101010100 0000000122222221 0000000145454544 000000016A6A6A69 0000000191919190 00000001BABABAB9 00000001E5E5E5E4 0000000213131311 0000000242424240 0000000273737371 00000002A6A6A6A4 00000002DBDBDBD9 0000000313131310 000000034C4C4C49 0000000387878784 00000003C4C4C4C1 
[TC_DEBUG]     [1664] 0000000000000000 0000000001010101 0000000004040404 0000000009090909 0000000010101010 0000000019191919 0000000024242424 0000000031313131 0000000040404040 0000000051515151 0000000064646464 0000000079797979 0000000090909090 00000000A9A9A9A9 00000000C4C4C4C4 00000000E1E1E1E1 0000000101010100 0000000122222221 0000000145454544 000000016A6A6A69 0000000191919190 00000001BABABAB9 00000001E5E5E5E4 0000000213131311 0000000242424240 0000000273737371 00000002A6A6A6A4 00000002DBDBDBD9 0000000313131310 000000034C4C4C49 0000000387878784 00000003C4C4C4C1 
[TC_DEBUG]     [1696] 0000000000000000 0000000001010101 0000000004040404 0000000009090909 0000000010101010 0000000019191919 0000000024242424 0000000031313131 0000000040404040 0000000051515151 0000000064646464 0000000079797979 0000000090909090 00000000A9A9A9A9 00000000C4C4C4C4 00000000E1E1E1E1 0000000101010100 0000000122222221 0000000145454544 000000016A6A6A69 0000000191919190 00000001BABABAB9 00000001E5E5E5E4 0000000213131311 0000000242424240 0000000273737371 00000002A6A6A6A4 00000002DBDBDBD9 0000000313131310 000000034C4C4C49 0000000387878784 00000003C4C4C4C1 
[TC_DEBUG]     [1728] 0000000000000000 0000000001010101 0000000004040404 0000000009090909 0000000010101010 0000000019191919 0000000024242424 0000000031313131 0000000040404040 0000000051515151 0000000064646464 0000000079797979 0000000090909090 00000000A9A9A9A9 00000000C4C4C4C4 00000000E1E1E1E1 0000000101010100 0000000122222221 0000000145454544 000000016A6A6A69 0000000191919190 00000001BABABAB9 00000001E5E5E5E4 0000000213131311 0000000242424240 0000000273737371 00000002A6A6A6A4 00000002DBDBDBD9 0000000313131310 000000034C4C4C49 0000000387878784 00000003C4C4C4C1 
[TC_DEBUG]     [1760] 0000000000000000 0000000001010101 0000000004040404 0000000009090909 0000000010101010 0000000019191919 0000000024242424 0000000031313131 0000000040404040 0000000051515151 0000000064646464 0000000079797979 0000000090909090 00000000A9A9A9A9 00000000C4C4C4C4 00000000E1E1E1E1 0000000101010100 0000000122222221 0000000145454544 000000016A6A6A69 0000000191919190 00000001BABABAB9 00000001E5E5E5E4 0000000213131311 0000000242424240 0000000273737371 00000002A6A6A6A4 00000002DBDBDBD9 0000000313131310 000000034C4C4C49 0000000387878784 00000003C4C4C4C1 
[TC_DEBUG]     [1792] 0000000000000000 0000000001010101 0000000004040404 0000000009090909 0000000010101010 0000000019191919 0000000024242424 0000000031313131 0000000040404040 0000000051515151 0000000064646464 0000000079797979 0000000090909090 00000000A9A9A9A9 00000000C4C4C4C4 00000000E1E1E1E1 0000000101010100 0000000122222221 0000000145454544 000000016A6A6A69 0000000191919190 00000001BABABAB9 00000001E5E5E5E4 0000000213131311 0000000242424240 0000000273737371 00000002A6A6A6A4 00000002DBDBDBD9 0000000313131310 000000034C4C4C49 0000000387878784 00000003C4C4C4C1 
[TC_DEBUG]     [1824] 0000000000000000 0000000001010101 0000000004040404 0000000009090909 0000000010101010 0000000019191919 0000000024242424 0000000031313131 0000000040404040 0000000051515151 0000000064646464 0000000079797979 0000000090909090 00000000A9A9A9A9 00000000C4C4C4C4 00000000E1E1E1E1 0000000101010100 0000000122222221 0000000145454544 000000016A6A6A69 0000000191919190 00000001BABABAB9 00000001E5E5E5E4 0000000213131311 0000000242424240 0000000273737371 00000002A6A6A6A4 00000002DBDBDBD9 0000000313131310 000000034C4C4C49 0000000387878784 00000003C4C4C4C1 
[TC_DEBUG]     [1856] 0000000000000000 0000000001010101 0000000004040404 0000000009090909 0000000010101010 0000000019191919 0000000024242424 0000000031313131 0000000040404040 0000000051515151 0000000064646464 0000000079797979 0000000090909090 00000000A9A9A9A9 00000000C4C4C4C4 00000000E1E1E1E1 0000000101010100 0000000122222221 0000000145454544 000000016A6A6A69 0000000191919190 00000001BABABAB9 00000001E5E5E5E4 0000000213131311 0000000242424240 0000000273737371 00000002A6A6A6A4 00000002DBDBDBD9 0000000313131310 000000034C4C4C49 0000000387878784 00000003C4C4C4C1 
[TC_DEBUG]     [1888] 0000000000000000 0000000001010101 0000000004040404 0000000009090909 0000000010101010 0000000019191919 0000000024242424 0000000031313131 0000000040404040 0000000051515151 0000000064646464 0000000079797979 0000000090909090 00000000A9A9A9A9 00000000C4C4C4C4 00000000E1E1E1E1 0000000101010100 0000000122222221 0000000145454544 000000016A6A6A69 0000000191919190 00000001BABABAB9 00000001E5E5E5E4 0000000213131311 0000000242424240 0000000273737371 00000002A6A6A6A4 00000002DBDBDBD9 0000000313131310 000000034C4C4C49 0000000387878784 00000003C4C4C4C1 
[TC_DEBUG]     [1920] 0000000000000000 0000000001010101 0000000004040404 0000000009090909 0000000010101010 0000000019191919 0000000024242424 0000000031313131 0000000040404040 0000000051515151 0000000064646464 0000000079797979 0000000090909090 00000000A9A9A9A9 00000000C4C4C4C4 00000000E1E1E1E1 0000000101010100 0000000122222221 0000000145454544 000000016A6A6A69 0000000191919190 00000001BABABAB9 00000001E5E5E5E4 0000000213131311 0000000242424240 0000000273737371 00000002A6A6A6A4 00000002DBDBDBD9 0000000313131310 000000034C4C4C49 0000000387878784 00000003C4C4C4C1 
[TC_DEBUG]     [1952] 0000000000000000 0000000001010101 0000000004040404 0000000009090909 0000000010101010 0000000019191919 0000000024242424 0000000031313131 0000000040404040 0000000051515151 0000000064646464 0000000079797979 0000000090909090 00000000A9A9A9A9 00000000C4C4C4C4 00000000E1E1E1E1 0000000101010100 0000000122222221 0000000145454544 000000016A6A6A69 0000000191919190 00000001BABABAB9 00000001E5E5E5E4 0000000213131311 0000000242424240 0000000273737371 00000002A6A6A6A4 00000002DBDBDBD9 0000000313131310 000000034C4C4C49 0000000387878784 00000003C4C4C4C1 
[TC_DEBUG]     [1984] 0000000000000000 0000000001010101 0000000004040404 0000000009090909 0000000010101010 0000000019191919 0000000024242424 0000000031313131 0000000040404040 0000000051515151 0000000064646464 0000000079797979 0000000090909090 00000000A9A9A9A9 00000000C4C4C4C4 00000000E1E1E1E1 0000000101010100 0000000122222221 0000000145454544 000000016A6A6A69 0000000191919190 00000001BABABAB9 00000001E5E5E5E4 0000000213131311 0000000242424240 0000000273737371 00000002A6A6A6A4 00000002DBDBDBD9 0000000313131310 000000034C4C4C49 0000000387878784 00000003C4C4C4C1 
[TC_DEBUG]     [2016] 0000000000000000 0000000001010101 0000000004040404 0000000009090909 0000000010101010 0000000019191919 0000000024242424 0000000031313131 0000000040404040 0000000051515151 0000000064646464 0000000079797979 0000000090909090 00000000A9A9A9A9 00000000C4C4C4C4 00000000E1E1E1E1 0000000101010100 0000000122222221 0000000145454544 000000016A6A6A69 0000000191919190 00000001BABABAB9 00000001E5E5E5E4 0000000213131311 0000000242424240 0000000273737371 00000002A6A6A6A4 00000002DBDBDBD9 0000000313131310 000000034C4C4C49 0000000387878784 00000003C4C4C4C1 
[TC_DEBUG]     [2048] 0000000000000000 0000000001010101 0000000004040404 0000000009090909 0000000010101010 0000000019191919 0000000024242424 0000000031313131 0000000040404040 0000000051515151 0000000064646464 0000000079797979 0000000090909090 00000000A9A9A9A9 00000000C4C4C4C4 00000000E1E1E1E1 0000000101010100 0000000122222221 0000000145454544 000000016A6A6A69 0000000191919190 00000001BABABAB9 00000001E5E5E5E4 0000000213131311 0000000242424240 0000000273737371 00000002A6A6A6A4 00000002DBDBDBD9 0000000313131310 000000034C4C4C49 0000000387878784 00000003C4C4C4C1 
[TC_DEBUG]     [2080] 0000000000000000 0000000001010101 0000000004040404 0000000009090909 0000000010101010 0000000019191919 0000000024242424 0000000031313131 0000000040404040 0000000051515151 0000000064646464 0000000079797979 0000000090909090 00000000A9A9A9A9 00000000C4C4C4C4 00000000E1E1E1E1 0000000101010100 0000000122222221 0000000145454544 000000016A6A6A69 0000000191919190 00000001BABABAB9 00000001E5E5E5E4 0000000213131311 0000000242424240 0000000273737371 00000002A6A6A6A4 00000002DBDBDBD9 0000000313131310 000000034C4C4C49 0000000387878784 00000003C4C4C4C1 
[TC_DEBUG]     [2112] 0000000000000000 0000000001010101 0000000004040404 0000000009090909 0000000010101010 0000000019191919 0000000024242424 0000000031313131 0000000040404040 0000000051515151 0000000064646464 0000000079797979 0000000090909090 00000000A9A9A9A9 00000000C4C4C4C4 00000000E1E1E1E1 0000000101010100 0000000122222221 0000000145454544 000000016A6A6A69 0000000191919190 00000001BABABAB9 00000001E5E5E5E4 0000000213131311 0000000242424240 0000000273737371 00000002A6A6A6A4 00000002DBDBDBD9 0000000313131310 000000034C4C4C49 0000000387878784 00000003C4C4C4C1 
[TC_DEBUG]     [2144] 0000000000000000 0000000001010101 0000000004040404 0000000009090909 0000000010101010 0000000019191919 0000000024242424 0000000031313131 0000000040404040 0000000051515151 0000000064646464 0000000079797979 0000000090909090 00000000A9A9A9A9 00000000C4C4C4C4 00000000E1E1E1E1 0000000101010100 0000000122222221 0000000145454544 000000016A6A6A69 0000000191919190 00000001BABABAB9 00000001E5E5E5E4 0000000213131311 0000000242424240 0000000273737371 00000002A6A6A6A4 00000002DBDBDBD9 0000000313131310 000000034C4C4C49 0000000387878784 00000003C4C4C4C1 
[TC_DEBUG]     [2176] 0000000000000000 0000000001010101 0000000004040404 0000000009090909 0000000010101010 0000000019191919 0000000024242424 0000000031313131 0000000040404040 0000000051515151 0000000064646464 0000000079797979 0000000090909090 00000000A9A9A9A9 00000000C4C4C4C4 00000000E1E1E1E1 0000000101010100 0000000122222221 0000000145454544 000000016A6A6A69 0000000191919190 00000001BABABAB9 00000001E5E5E5E4 0000000213131311 0000000242424240 0000000273737371 00000002A6A6A6A4 00000002DBDBDBD9 0000000313131310 000000034C4C4C49 0000000387878784 00000003C4C4C4C1 
[TC_DEBUG]     [2208] 0000000000000000 0000000001010101 0000000004040404 0000000009090909 0000000010101010 0000000019191919 0000000024242424 0000000031313131 0000000040404040 0000000051515151 0000000064646464 0000000079797979 0000000090909090 00000000A9A9A9A9 00000000C4C4C4C4 00000000E1E1E1E1 0000000101010100 0000000122222221 0000000145454544 000000016A6A6A69 0000000191919190 00000001BABABAB9 00000001E5E5E5E4 0000000213131311 0000000242424240 0000000273737371 00000002A6A6A6A4 00000002DBDBDBD9 0000000313131310 000000034C4C4C49 0000000387878784 00000003C4C4C4C1 
[TC_DEBUG]     [2240] 0000000000000000 0000000001010101 0000000004040404 0000000009090909 0000000010101010 0000000019191919 0000000024242424 0000000031313131 0000000040404040 0000000051515151 0000000064646464 0000000079797979 0000000090909090 00000000A9A9A9A9 00000000C4C4C4C4 00000000E1E1E1E1 0000000101010100 0000000122222221 0000000145454544 000000016A6A6A69 0000000191919190 00000001BABABAB9 00000001E5E5E5E4 0000000213131311 0000000242424240 0000000273737371 00000002A6A6A6A4 00000002DBDBDBD9 0000000313131310 000000034C4C4C49 0000000387878784 00000003C4C4C4C1 
[TC_DEBUG]     [2272] 0000000000000000 0000000001010101 0000000004040404 0000000009090909 0000000010101010 0000000019191919 0000000024242424 0000000031313131 0000000040404040 0000000051515151 0000000064646464 0000000079797979 0000000090909090 00000000A9A9A9A9 00000000C4C4C4C4 00000000E1E1E1E1 0000000101010100 0000000122222221 0000000145454544 000000016A6A6A69 0000000191919190 00000001BABABAB9 00000001E5E5E5E4 0000000213131311 0000000242424240 0000000273737371 00000002A6A6A6A4 00000002DBDBDBD9 0000000313131310 000000034C4C4C49 0000000387878784 00000003C4C4C4C1 
[TC_DEBUG]     [2304] 0000000000000000 0000000001010101 0000000004040404 0000000009090909 0000000010101010 0000000019191919 0000000024242424 0000000031313131 0000000040404040 0000000051515151 0000000064646464 0000000079797979 0000000090909090 00000000A9A9A9A9 00000000C4C4C4C4 00000000E1E1E1E1 0000000101010100 0000000122222221 0000000145454544 000000016A6A6A69 0000000191919190 00000001BABABAB9 00000001E5E5E5E4 0000000213131311 0000000242424240 0000000273737371 00000002A6A6A6A4 00000002DBDBDBD9 0000000313131310 000000034C4C4C49 0000000387878784 00000003C4C4C4C1 
[TC_DEBUG]     [2336] 0000000000000000 0000000001010101 0000000004040404 0000000009090909 0000000010101010 0000000019191919 0000000024242424 0000000031313131 0000000040404040 0000000051515151 0000000064646464 0000000079797979 0000000090909090 00000000A9A9A9A9 00000000C4C4C4C4 00000000E1E1E1E1 0000000101010100 0000000122222221 0000000145454544 000000016A6A6A69 0000000191919190 00000001BABABAB9 00000001E5E5E5E4 0000000213131311 0000000242424240 0000000273737371 00000002A6A6A6A4 00000002DBDBDBD9 0000000313131310 000000034C4C4C49 0000000387878784 00000003C4C4C4C1 
[TC_DEBUG]     [2368] 0000000000000000 0000000001010101 0000000004040404 0000000009090909 0000000010101010 0000000019191919 0000000024242424 0000000031313131 0000000040404040 0000000051515151 0000000064646464 0000000079797979 0000000090909090 00000000A9A9A9A9 00000000C4C4C4C4 00000000E1E1E1E1 0000000101010100 0000000122222221 0000000145454544 000000016A6A6A69 0000000191919190 00000001BABABAB9 00000001E5E5E5E4 0000000213131311 0000000242424240 0000000273737371 00000002A6A6A6A4 00000002DBDBDBD9 0000000313131310 000000034C4C4C49 0000000387878784 00000003C4C4C4C1 
[TC_DEBUG]     [2400] 0000000000000000 0000000001010101 0000000004040404 0000000009090909 0000000010101010 0000000019191919 0000000024242424 0000000031313131 0000000040404040 0000000051515151 0000000064646464 0000000079797979 0000000090909090 00000000A9A9A9A9 00000000C4C4C4C4 00000000E1E1E1E1 0000000101010100 0000000122222221 0000000145454544 000000016A6A6A69 0000000191919190 00000001BABABAB9 00000001E5E5E5E4 0000000213131311 0000000242424240 0000000273737371 00000002A6A6A6A4 00000002DBDBDBD9 0000000313131310 000000034C4C4C49 0000000387878784 00000003C4C4C4C1 
[TC_DEBUG]     [2432] 0000000000000000 0000000001010101 0000000004040404 0000000009090909 0000000010101010 0000000019191919 0000000024242424 0000000031313131 0000000040404040 0000000051515151 0000000064646464 0000000079797979 0000000090909090 00000000A9A9A9A9 00000000C4C4C4C4 00000000E1E1E1E1 0000000101010100 0000000122222221 0000000145454544 000000016A6A6A69 0000000191919190 00000001BABABAB9 00000001E5E5E5E4 0000000213131311 0000000242424240 0000000273737371 00000002A6A6A6A4 00000002DBDBDBD9 0000000313131310 000000034C4C4C49 0000000387878784 00000003C4C4C4C1 
[TC_DEBUG]     [2464] 0000000000000000 0000000001010101 0000000004040404 0000000009090909 0000000010101010 0000000019191919 0000000024242424 0000000031313131 0000000040404040 0000000051515151 0000000064646464 0000000079797979 0000000090909090 00000000A9A9A9A9 00000000C4C4C4C4 00000000E1E1E1E1 0000000101010100 0000000122222221 0000000145454544 000000016A6A6A69 0000000191919190 00000001BABABAB9 00000001E5E5E5E4 0000000213131311 0000000242424240 0000000273737371 00000002A6A6A6A4 00000002DBDBDBD9 0000000313131310 000000034C4C4C49 0000000387878784 00000003C4C4C4C1 
[TC_DEBUG]     [2496] 0000000000000000 0000000001010101 0000000004040404 0000000009090909 0000000010101010 0000000019191919 0000000024242424 0000000031313131 0000000040404040 0000000051515151 0000000064646464 0000000079797979 0000000090909090 00000000A9A9A9A9 00000000C4C4C4C4 00000000E1E1E1E1 0000000101010100 0000000122222221 0000000145454544 000000016A6A6A69 0000000191919190 00000001BABABAB9 00000001E5E5E5E4 0000000213131311 0000000242424240 0000000273737371 00000002A6A6A6A4 00000002DBDBDBD9 0000000313131310 000000034C4C4C49 0000000387878784 00000003C4C4C4C1 
[TC_DEBUG]     [2528] 0000000000000000 0000000001010101 0000000004040404 0000000009090909 0000000010101010 0000000019191919 0000000024242424 0000000031313131 0000000040404040 0000000051515151 0000000064646464 0000000079797979 0000000090909090 00000000A9A9A9A9 00000000C4C4C4C4 00000000E1E1E1E1 0000000101010100 0000000122222221 0000000145454544 000000016A6A6A69 0000000191919190 00000001BABABAB9 00000001E5E5E5E4 0000000213131311 0000000242424240 0000000273737371 00000002A6A6A6A4 00000002DBDBDBD9 0000000313131310 000000034C4C4C49 0000000387878784 00000003C4C4C4C1 
[TC_DEBUG]     [2560] 0000000000000000 0000000001010101 0000000004040404 0000000009090909 0000000010101010 0000000019191919 0000000024242424 0000000031313131 0000000040404040 0000000051515151 0000000064646464 0000000079797979 0000000090909090 00000000A9A9A9A9 00000000C4C4C4C4 00000000E1E1E1E1 0000000101010100 0000000122222221 0000000145454544 000000016A6A6A69 0000000191919190 00000001BABABAB9 00000001E5E5E5E4 0000000213131311 0000000242424240 0000000273737371 00000002A6A6A6A4 00000002DBDBDBD9 0000000313131310 000000034C4C4C49 0000000387878784 00000003C4C4C4C1 
[TC_DEBUG]     [2592] 0000000000000000 0000000001010101 0000000004040404 0000000009090909 0000000010101010 0000000019191919 0000000024242424 0000000031313131 0000000040404040 0000000051515151 0000000064646464 0000000079797979 0000000090909090 00000000A9A9A9A9 00000000C4C4C4C4 00000000E1E1E1E1 0000000101010100 0000000122222221 0000000145454544 000000016A6A6A69 0000000191919190 00000001BABABAB9 00000001E5E5E5E4 0000000213131311 0000000242424240 0000000273737371 00000002A6A6A6A4 00000002DBDBDBD9 0000000313131310 000000034C4C4C49 0000000387878784 00000003C4C4C4C1 
[TC_DEBUG]     [2624] 0000000000000000 0000000001010101 0000000004040404 0000000009090909 0000000010101010 0000000019191919 0000000024242424 0000000031313131 0000000040404040 0000000051515151 0000000064646464 0000000079797979 0000000090909090 00000000A9A9A9A9 00000000C4C4C4C4 00000000E1E1E1E1 0000000101010100 0000000122222221 0000000145454544 000000016A6A6A69 0000000191919190 00000001BABABAB9 00000001E5E5E5E4 0000000213131311 0000000242424240 0000000273737371 00000002A6A6A6A4 00000002DBDBDBD9 0000000313131310 000000034C4C4C49 0000000387878784 00000003C4C4C4C1 
[TC_DEBUG]     [2656] 0000000000000000 0000000001010101 0000000004040404 0000000009090909 0000000010101010 0000000019191919 0000000024242424 0000000031313131 0000000040404040 0000000051515151 0000000064646464 0000000079797979 0000000090909090 00000000A9A9A9A9 00000000C4C4C4C4 00000000E1E1E1E1 0000000101010100 0000000122222221 0000000145454544 000000016A6A6A69 0000000191919190 00000001BABABAB9 00000001E5E5E5E4 0000000213131311 0000000242424240 0000000273737371 00000002A6A6A6A4 00000002DBDBDBD9 0000000313131310 000000034C4C4C49 0000000387878784 00000003C4C4C4C1 
[TC_DEBUG]     [2688] 0000000000000000 0000000001010101 0000000004040404 0000000009090909 0000000010101010 0000000019191919 0000000024242424 0000000031313131 0000000040404040 0000000051515151 0000000064646464 0000000079797979 0000000090909090 00000000A9A9A9A9 00000000C4C4C4C4 00000000E1E1E1E1 0000000101010100 0000000122222221 0000000145454544 000000016A6A6A69 0000000191919190 00000001BABABAB9 00000001E5E5E5E4 0000000213131311 0000000242424240 0000000273737371 00000002A6A6A6A4 00000002DBDBDBD9 0000000313131310 000000034C4C4C49 0000000387878784 00000003C4C4C4C1 
[TC_DEBUG]     [2720] 0000000000000000 0000000001010101 0000000004040404 0000000009090909 0000000010101010 0000000019191919 0000000024242424 0000000031313131 0000000040404040 0000000051515151 0000000064646464 0000000079797979 0000000090909090 00000000A9A9A9A9 00000000C4C4C4C4 00000000E1E1E1E1 0000000101010100 0000000122222221 0000000145454544 000000016A6A6A69 0000000191919190 00000001BABABAB9 00000001E5E5E5E4 0000000213131311 0000000242424240 0000000273737371 00000002A6A6A6A4 00000002DBDBDBD9 0000000313131310 000000034C4C4C49 0000000387878784 00000003C4C4C4C1 
[TC_DEBUG]     [2752] 0000000000000000 0000000001010101 0000000004040404 0000000009090909 0000000010101010 0000000019191919 0000000024242424 0000000031313131 0000000040404040 0000000051515151 0000000064646464 0000000079797979 0000000090909090 00000000A9A9A9A9 00000000C4C4C4C4 00000000E1E1E1E1 0000000101010100 0000000122222221 0000000145454544 000000016A6A6A69 0000000191919190 00000001BABABAB9 00000001E5E5E5E4 0000000213131311 0000000242424240 0000000273737371 00000002A6A6A6A4 00000002DBDBDBD9 0000000313131310 000000034C4C4C49 0000000387878784 00000003C4C4C4C1 
[TC_DEBUG]     [2784] 0000000000000000 0000000001010101 0000000004040404 0000000009090909 0000000010101010 0000000019191919 0000000024242424 0000000031313131 0000000040404040 0000000051515151 0000000064646464 0000000079797979 0000000090909090 00000000A9A9A9A9 00000000C4C4C4C4 00000000E1E1E1E1 0000000101010100 0000000122222221 0000000145454544 000000016A6A6A69 0000000191919190 00000001BABABAB9 00000001E5E5E5E4 0000000213131311 0000000242424240 0000000273737371 00000002A6A6A6A4 00000002DBDBDBD9 0000000313131310 000000034C4C4C49 0000000387878784 00000003C4C4C4C1 
[TC_DEBUG]     [2816] 0000000000000000 0000000001010101 0000000004040404 0000000009090909 0000000010101010 0000000019191919 0000000024242424 0000000031313131 0000000040404040 0000000051515151 0000000064646464 0000000079797979 0000000090909090 00000000A9A9A9A9 00000000C4C4C4C4 00000000E1E1E1E1 0000000101010100 0000000122222221 0000000145454544 000000016A6A6A69 0000000191919190 00000001BABABAB9 00000001E5E5E5E4 0000000213131311 0000000242424240 0000000273737371 00000002A6A6A6A4 00000002DBDBDBD9 0000000313131310 000000034C4C4C49 0000000387878784 00000003C4C4C4C1 
[TC_DEBUG]     [2848] 0000000000000000 0000000001010101 0000000004040404 0000000009090909 0000000010101010 0000000019191919 0000000024242424 0000000031313131 0000000040404040 0000000051515151 0000000064646464 0000000079797979 0000000090909090 00000000A9A9A9A9 00000000C4C4C4C4 00000000E1E1E1E1 0000000101010100 0000000122222221 0000000145454544 000000016A6A6A69 0000000191919190 00000001BABABAB9 00000001E5E5E5E4 0000000213131311 0000000242424240 0000000273737371 00000002A6A6A6A4 00000002DBDBDBD9 0000000313131310 000000034C4C4C49 0000000387878784 00000003C4C4C4C1 
[TC_DEBUG]     [2880] 0000000000000000 0000000001010101 0000000004040404 0000000009090909 0000000010101010 0000000019191919 0000000024242424 0000000031313131 0000000040404040 0000000051515151 0000000064646464 0000000079797979 0000000090909090 00000000A9A9A9A9 00000000C4C4C4C4 00000000E1E1E1E1 0000000101010100 0000000122222221 0000000145454544 000000016A6A6A69 0000000191919190 00000001BABABAB9 00000001E5E5E5E4 0000000213131311 0000000242424240 0000000273737371 00000002A6A6A6A4 00000002DBDBDBD9 0000000313131310 000000034C4C4C49 0000000387878784 00000003C4C4C4C1 
[TC_DEBUG]     [2912] 0000000000000000 0000000001010101 0000000004040404 0000000009090909 0000000010101010 0000000019191919 0000000024242424 0000000031313131 0000000040404040 0000000051515151 0000000064646464 0000000079797979 0000000090909090 00000000A9A9A9A9 00000000C4C4C4C4 00000000E1E1E1E1 0000000101010100 0000000122222221 0000000145454544 000000016A6A6A69 0000000191919190 00000001BABABAB9 00000001E5E5E5E4 0000000213131311 0000000242424240 0000000273737371 00000002A6A6A6A4 00000002DBDBDBD9 0000000313131310 000000034C4C4C49 0000000387878784 00000003C4C4C4C1 
[TC_DEBUG]     [2944] 0000000000000000 0000000001010101 0000000004040404 0000000009090909 0000000010101010 0000000019191919 0000000024242424 0000000031313131 0000000040404040 0000000051515151 0000000064646464 0000000079797979 0000000090909090 00000000A9A9A9A9 00000000C4C4C4C4 00000000E1E1E1E1 0000000101010100 0000000122222221 0000000145454544 000000016A6A6A69 0000000191919190 00000001BABABAB9 00000001E5E5E5E4 0000000213131311 0000000242424240 0000000273737371 00000002A6A6A6A4 00000002DBDBDBD9 0000000313131310 000000034C4C4C49 0000000387878784 00000003C4C4C4C1 
[TC_DEBUG]     [2976] 0000000000000000 0000000001010101 0000000004040404 0000000009090909 0000000010101010 0000000019191919 0000000024242424 0000000031313131 0000000040404040 0000000051515151 0000000064646464 0000000079797979 0000000090909090 00000000A9A9A9A9 00000000C4C4C4C4 00000000E1E1E1E1 0000000101010100 0000000122222221 0000000145454544 000000016A6A6A69 0000000191919190 00000001BABABAB9 00000001E5E5E5E4 0000000213131311 0000000242424240 0000000273737371 00000002A6A6A6A4 00000002DBDBDBD9 0000000313131310 000000034C4C4C49 0000000387878784 00000003C4C4C4C1 
[TC_DEBUG]     [3008] 0000000000000000 0000000001010101 0000000004040404 0000000009090909 0000000010101010 0000000019191919 0000000024242424 0000000031313131 0000000040404040 0000000051515151 0000000064646464 0000000079797979 0000000090909090 00000000A9A9A9A9 00000000C4C4C4C4 00000000E1E1E1E1 0000000101010100 0000000122222221 0000000145454544 000000016A6A6A69 0000000191919190 00000001BABABAB9 00000001E5E5E5E4 0000000213131311 0000000242424240 0000000273737371 00000002A6A6A6A4 00000002DBDBDBD9 0000000313131310 000000034C4C4C49 0000000387878784 00000003C4C4C4C1 
[TC_DEBUG]     [3040] 0000000000000000 0000000001010101 0000000004040404 0000000009090909 0000000010101010 0000000019191919 0000000024242424 0000000031313131 0000000040404040 0000000051515151 0000000064646464 0000000079797979 0000000090909090 00000000A9A9A9A9 00000000C4C4C4C4 00000000E1E1E1E1 0000000101010100 0000000122222221 0000000145454544 000000016A6A6A69 0000000191919190 00000001BABABAB9 00000001E5E5E5E4 0000000213131311 0000000242424240 0000000273737371 00000002A6A6A6A4 00000002DBDBDBD9 0000000313131310 000000034C4C4C49 0000000387878784 00000003C4C4C4C1 
[TC_DEBUG]     [3072] 0000000000000000 0000000001010101 0000000004040404 0000000009090909 0000000010101010 0000000019191919 0000000024242424 0000000031313131 0000000040404040 0000000051515151 0000000064646464 0000000079797979 0000000090909090 00000000A9A9A9A9 00000000C4C4C4C4 00000000E1E1E1E1 0000000101010100 0000000122222221 0000000145454544 000000016A6A6A69 0000000191919190 00000001BABABAB9 00000001E5E5E5E4 0000000213131311 0000000242424240 0000000273737371 00000002A6A6A6A4 00000002DBDBDBD9 0000000313131310 000000034C4C4C49 0000000387878784 00000003C4C4C4C1 
[TC_DEBUG]     [3104] 0000000000000000 0000000001010101 0000000004040404 0000000009090909 0000000010101010 0000000019191919 0000000024242424 0000000031313131 0000000040404040 0000000051515151 0000000064646464 0000000079797979 0000000090909090 00000000A9A9A9A9 00000000C4C4C4C4 00000000E1E1E1E1 0000000101010100 0000000122222221 0000000145454544 000000016A6A6A69 0000000191919190 00000001BABABAB9 00000001E5E5E5E4 0000000213131311 0000000242424240 0000000273737371 00000002A6A6A6A4 00000002DBDBDBD9 0000000313131310 000000034C4C4C49 0000000387878784 00000003C4C4C4C1 
[TC_DEBUG]     [3136] 0000000000000000 0000000001010101 0000000004040404 0000000009090909 0000000010101010 0000000019191919 0000000024242424 0000000031313131 0000000040404040 0000000051515151 0000000064646464 0000000079797979 0000000090909090 00000000A9A9A9A9 00000000C4C4C4C4 00000000E1E1E1E1 0000000101010100 0000000122222221 0000000145454544 000000016A6A6A69 0000000191919190 00000001BABABAB9 00000001E5E5E5E4 0000000213131311 0000000242424240 0000000273737371 00000002A6A6A6A4 00000002DBDBDBD9 0000000313131310 000000034C4C4C49 0000000387878784 00000003C4C4C4C1 
[TC_DEBUG]     [3168] 0000000000000000 0000000001010101 0000000004040404 0000000009090909 0000000010101010 0000000019191919 0000000024242424 0000000031313131 0000000040404040 0000000051515151 0000000064646464 0000000079797979 0000000090909090 00000000A9A9A9A9 00000000C4C4C4C4 00000000E1E1E1E1 0000000101010100 0000000122222221 0000000145454544 000000016A6A6A69 0000000191919190 00000001BABABAB9 00000001E5E5E5E4 0000000213131311 0000000242424240 0000000273737371 00000002A6A6A6A4 00000002DBDBDBD9 0000000313131310 000000034C4C4C49 0000000387878784 00000003C4C4C4C1 
[TC_DEBUG]     [3200] 0000000000000000 0000000001010101 0000000004040404 0000000009090909 0000000010101010 0000000019191919 0000000024242424 0000000031313131 0000000040404040 0000000051515151 0000000064646464 0000000079797979 0000000090909090 00000000A9A9A9A9 00000000C4C4C4C4 00000000E1E1E1E1 0000000101010100 0000000122222221 0000000145454544 000000016A6A6A69 0000000191919190 00000001BABABAB9 00000001E5E5E5E4 0000000213131311 0000000242424240 0000000273737371 00000002A6A6A6A4 00000002DBDBDBD9 0000000313131310 000000034C4C4C49 0000000387878784 00000003C4C4C4C1 
[TC_DEBUG]     [3232] 0000000000000000 0000000001010101 0000000004040404 0000000009090909 0000000010101010 0000000019191919 0000000024242424 0000000031313131 0000000040404040 0000000051515151 0000000064646464 0000000079797979 0000000090909090 00000000A9A9A9A9 00000000C4C4C4C4 00000000E1E1E1E1 0000000101010100 0000000122222221 0000000145454544 000000016A6A6A69 0000000191919190 00000001BABABAB9 00000001E5E5E5E4 0000000213131311 0000000242424240 0000000273737371 00000002A6A6A6A4 00000002DBDBDBD9 0000000313131310 000000034C4C4C49 0000000387878784 00000003C4C4C4C1 
[TC_DEBUG]     [3264] 0000000000000000 0000000001010101 0000000004040404 0000000009090909 0000000010101010 0000000019191919 0000000024242424 0000000031313131 0000000040404040 0000000051515151 0000000064646464 0000000079797979 0000000090909090 00000000A9A9A9A9 00000000C4C4C4C4 00000000E1E1E1E1 0000000101010100 0000000122222221 0000000145454544 000000016A6A6A69 0000000191919190 00000001BABABAB9 00000001E5E5E5E4 0000000213131311 0000000242424240 0000000273737371 00000002A6A6A6A4 00000002DBDBDBD9 0000000313131310 000000034C4C4C49 0000000387878784 00000003C4C4C4C1 
[TC_DEBUG]     [3296] 0000000000000000 0000000001010101 0000000004040404 0000000009090909 0000000010101010 0000000019191919 0000000024242424 0000000031313131 0000000040404040 0000000051515151 0000000064646464 0000000079797979 0000000090909090 00000000A9A9A9A9 00000000C4C4C4C4 00000000E1E1E1E1 0000000101010100 0000000122222221 0000000145454544 000000016A6A6A69 0000000191919190 00000001BABABAB9 00000001E5E5E5E4 0000000213131311 0000000242424240 0000000273737371 00000002A6A6A6A4 00000002DBDBDBD9 0000000313131310 000000034C4C4C49 0000000387878784 00000003C4C4C4C1 
[TC_DEBUG]     [3328] 0000000000000000 0000000001010101 0000000004040404 0000000009090909 0000000010101010 0000000019191919 0000000024242424 0000000031313131 0000000040404040 0000000051515151 0000000064646464 0000000079797979 0000000090909090 00000000A9A9A9A9 00000000C4C4C4C4 00000000E1E1E1E1 0000000101010100 0000000122222221 0000000145454544 000000016A6A6A69 0000000191919190 00000001BABABAB9 00000001E5E5E5E4 0000000213131311 0000000242424240 0000000273737371 00000002A6A6A6A4 00000002DBDBDBD9 0000000313131310 000000034C4C4C49 0000000387878784 00000003C4C4C4C1 
[TC_DEBUG]     [3360] 0000000000000000 0000000001010101 0000000004040404 0000000009090909 0000000010101010 0000000019191919 0000000024242424 0000000031313131 0000000040404040 0000000051515151 0000000064646464 0000000079797979 0000000090909090 00000000A9A9A9A9 00000000C4C4C4C4 00000000E1E1E1E1 0000000101010100 0000000122222221 0000000145454544 000000016A6A6A69 0000000191919190 00000001BABABAB9 00000001E5E5E5E4 0000000213131311 0000000242424240 0000000273737371 00000002A6A6A6A4 00000002DBDBDBD9 0000000313131310 000000034C4C4C49 0000000387878784 00000003C4C4C4C1 
[TC_DEBUG]     [3392] 0000000000000000 0000000001010101 0000000004040404 0000000009090909 0000000010101010 0000000019191919 0000000024242424 0000000031313131 0000000040404040 0000000051515151 0000000064646464 0000000079797979 0000000090909090 00000000A9A9A9A9 00000000C4C4C4C4 00000000E1E1E1E1 0000000101010100 0000000122222221 0000000145454544 000000016A6A6A69 0000000191919190 00000001BABABAB9 00000001E5E5E5E4 0000000213131311 0000000242424240 0000000273737371 00000002A6A6A6A4 00000002DBDBDBD9 0000000313131310 000000034C4C4C49 0000000387878784 00000003C4C4C4C1 
[TC_DEBUG]     [3424] 0000000000000000 0000000001010101 0000000004040404 0000000009090909 0000000010101010 0000000019191919 0000000024242424 0000000031313131 0000000040404040 0000000051515151 0000000064646464 0000000079797979 0000000090909090 00000000A9A9A9A9 00000000C4C4C4C4 00000000E1E1E1E1 0000000101010100 0000000122222221 0000000145454544 000000016A6A6A69 0000000191919190 00000001BABABAB9 00000001E5E5E5E4 0000000213131311 0000000242424240 0000000273737371 00000002A6A6A6A4 00000002DBDBDBD9 0000000313131310 000000034C4C4C49 0000000387878784 00000003C4C4C4C1 
[TC_DEBUG]     [3456] 0000000000000000 0000000001010101 0000000004040404 0000000009090909 0000000010101010 0000000019191919 0000000024242424 0000000031313131 0000000040404040 0000000051515151 0000000064646464 0000000079797979 0000000090909090 00000000A9A9A9A9 00000000C4C4C4C4 00000000E1E1E1E1 0000000101010100 0000000122222221 0000000145454544 000000016A6A6A69 0000000191919190 00000001BABABAB9 00000001E5E5E5E4 0000000213131311 0000000242424240 0000000273737371 00000002A6A6A6A4 00000002DBDBDBD9 0000000313131310 000000034C4C4C49 0000000387878784 00000003C4C4C4C1 
[TC_DEBUG]     [3488] 0000000000000000 0000000001010101 0000000004040404 0000000009090909 0000000010101010 0000000019191919 0000000024242424 0000000031313131 0000000040404040 0000000051515151 0000000064646464 0000000079797979 0000000090909090 00000000A9A9A9A9 00000000C4C4C4C4 00000000E1E1E1E1 0000000101010100 0000000122222221 0000000145454544 000000016A6A6A69 0000000191919190 00000001BABABAB9 00000001E5E5E5E4 0000000213131311 0000000242424240 0000000273737371 00000002A6A6A6A4 00000002DBDBDBD9 0000000313131310 000000034C4C4C49 0000000387878784 00000003C4C4C4C1 
[TC_DEBUG]     [3520] 0000000000000000 0000000001010101 0000000004040404 0000000009090909 0000000010101010 0000000019191919 0000000024242424 0000000031313131 0000000040404040 0000000051515151 0000000064646464 0000000079797979 0000000090909090 00000000A9A9A9A9 00000000C4C4C4C4 00000000E1E1E1E1 0000000101010100 0000000122222221 0000000145454544 000000016A6A6A69 0000000191919190 00000001BABABAB9 00000001E5E5E5E4 0000000213131311 0000000242424240 0000000273737371 00000002A6A6A6A4 00000002DBDBDBD9 0000000313131310 000000034C4C4C49 0000000387878784 00000003C4C4C4C1 
[TC_DEBUG]     [3552] 0000000000000000 0000000001010101 0000000004040404 0000000009090909 0000000010101010 0000000019191919 0000000024242424 0000000031313131 0000000040404040 0000000051515151 0000000064646464 0000000079797979 0000000090909090 00000000A9A9A9A9 00000000C4C4C4C4 00000000E1E1E1E1 0000000101010100 0000000122222221 0000000145454544 000000016A6A6A69 0000000191919190 00000001BABABAB9 00000001E5E5E5E4 0000000213131311 0000000242424240 0000000273737371 00000002A6A6A6A4 00000002DBDBDBD9 0000000313131310 000000034C4C4C49 0000000387878784 00000003C4C4C4C1 
[TC_DEBUG]     [3584] 0000000000000000 0000000001010101 0000000004040404 0000000009090909 0000000010101010 0000000019191919 0000000024242424 0000000031313131 0000000040404040 0000000051515151 0000000064646464 0000000079797979 0000000090909090 00000000A9A9A9A9 00000000C4C4C4C4 00000000E1E1E1E1 0000000101010100 0000000122222221 0000000145454544 000000016A6A6A69 0000000191919190 00000001BABABAB9 00000001E5E5E5E4 0000000213131311 0000000242424240 0000000273737371 00000002A6A6A6A4 00000002DBDBDBD9 0000000313131310 000000034C4C4C49 0000000387878784 00000003C4C4C4C1 
[TC_DEBUG]     [3616] 0000000000000000 0000000001010101 0000000004040404 0000000009090909 0000000010101010 0000000019191919 0000000024242424 0000000031313131 0000000040404040 0000000051515151 0000000064646464 0000000079797979 0000000090909090 00000000A9A9A9A9 00000000C4C4C4C4 00000000E1E1E1E1 0000000101010100 0000000122222221 0000000145454544 000000016A6A6A69 0000000191919190 00000001BABABAB9 00000001E5E5E5E4 0000000213131311 0000000242424240 0000000273737371 00000002A6A6A6A4 00000002DBDBDBD9 0000000313131310 000000034C4C4C49 0000000387878784 00000003C4C4C4C1 
[TC_DEBUG]     [3648] 0000000000000000 0000000001010101 0000000004040404 0000000009090909 0000000010101010 0000000019191919 0000000024242424 0000000031313131 0000000040404040 0000000051515151 0000000064646464 0000000079797979 0000000090909090 00000000A9A9A9A9 00000000C4C4C4C4 00000000E1E1E1E1 0000000101010100 0000000122222221 0000000145454544 000000016A6A6A69 0000000191919190 00000001BABABAB9 00000001E5E5E5E4 0000000213131311 0000000242424240 0000000273737371 00000002A6A6A6A4 00000002DBDBDBD9 0000000313131310 000000034C4C4C49 0000000387878784 00000003C4C4C4C1 
[TC_DEBUG]     [3680] 0000000000000000 0000000001010101 0000000004040404 0000000009090909 0000000010101010 0000000019191919 0000000024242424 0000000031313131 0000000040404040 0000000051515151 0000000064646464 0000000079797979 0000000090909090 00000000A9A9A9A9 00000000C4C4C4C4 00000000E1E1E1E1 0000000101010100 0000000122222221 0000000145454544 000000016A6A6A69 0000000191919190 00000001BABABAB9 00000001E5E5E5E4 0000000213131311 0000000242424240 0000000273737371 00000002A6A6A6A4 00000002DBDBDBD9 0000000313131310 000000034C4C4C49 0000000387878784 00000003C4C4C4C1 
[TC_DEBUG]     [3712] 0000000000000000 0000000001010101 0000000004040404 0000000009090909 0000000010101010 0000000019191919 0000000024242424 0000000031313131 0000000040404040 0000000051515151 0000000064646464 0000000079797979 0000000090909090 00000000A9A9A9A9 00000000C4C4C4C4 00000000E1E1E1E1 0000000101010100 0000000122222221 0000000145454544 000000016A6A6A69 0000000191919190 00000001BABABAB9 00000001E5E5E5E4 0000000213131311 0000000242424240 0000000273737371 00000002A6A6A6A4 00000002DBDBDBD9 0000000313131310 000000034C4C4C49 0000000387878784 00000003C4C4C4C1 
[TC_DEBUG]     [3744] 0000000000000000 0000000001010101 0000000004040404 0000000009090909 0000000010101010 0000000019191919 0000000024242424 0000000031313131 0000000040404040 0000000051515151 0000000064646464 0000000079797979 0000000090909090 00000000A9A9A9A9 00000000C4C4C4C4 00000000E1E1E1E1 0000000101010100 0000000122222221 0000000145454544 000000016A6A6A69 0000000191919190 00000001BABABAB9 00000001E5E5E5E4 0000000213131311 0000000242424240 0000000273737371 00000002A6A6A6A4 00000002DBDBDBD9 0000000313131310 000000034C4C4C49 0000000387878784 00000003C4C4C4C1 
[TC_DEBUG]     [3776] 0000000000000000 0000000001010101 0000000004040404 0000000009090909 0000000010101010 0000000019191919 0000000024242424 0000000031313131 0000000040404040 0000000051515151 0000000064646464 0000000079797979 0000000090909090 00000000A9A9A9A9 00000000C4C4C4C4 00000000E1E1E1E1 0000000101010100 0000000122222221 0000000145454544 000000016A6A6A69 0000000191919190 00000001BABABAB9 00000001E5E5E5E4 0000000213131311 0000000242424240 0000000273737371 00000002A6A6A6A4 00000002DBDBDBD9 0000000313131310 000000034C4C4C49 0000000387878784 00000003C4C4C4C1 
[TC_DEBUG]     [3808] 0000000000000000 0000000001010101 0000000004040404 0000000009090909 0000000010101010 0000000019191919 0000000024242424 0000000031313131 0000000040404040 0000000051515151 0000000064646464 0000000079797979 0000000090909090 00000000A9A9A9A9 00000000C4C4C4C4 00000000E1E1E1E1 0000000101010100 0000000122222221 0000000145454544 000000016A6A6A69 0000000191919190 00000001BABABAB9 00000001E5E5E5E4 0000000213131311 0000000242424240 0000000273737371 00000002A6A6A6A4 00000002DBDBDBD9 0000000313131310 000000034C4C4C49 0000000387878784 00000003C4C4C4C1 
[TC_DEBUG]     [3840] 0000000000000000 0000000001010101 0000000004040404 0000000009090909 0000000010101010 0000000019191919 0000000024242424 0000000031313131 0000000040404040 0000000051515151 0000000064646464 0000000079797979 0000000090909090 00000000A9A9A9A9 00000000C4C4C4C4 00000000E1E1E1E1 0000000101010100 0000000122222221 0000000145454544 000000016A6A6A69 0000000191919190 00000001BABABAB9 00000001E5E5E5E4 0000000213131311 0000000242424240 0000000273737371 00000002A6A6A6A4 00000002DBDBDBD9 0000000313131310 000000034C4C4C49 0000000387878784 00000003C4C4C4C1 
[TC_DEBUG]     [3872] 0000000000000000 0000000001010101 0000000004040404 0000000009090909 0000000010101010 0000000019191919 0000000024242424 0000000031313131 0000000040404040 0000000051515151 0000000064646464 0000000079797979 0000000090909090 00000000A9A9A9A9 00000000C4C4C4C4 00000000E1E1E1E1 0000000101010100 0000000122222221 0000000145454544 000000016A6A6A69 0000000191919190 00000001BABABAB9 00000001E5E5E5E4 0000000213131311 0000000242424240 0000000273737371 00000002A6A6A6A4 00000002DBDBDBD9 0000000313131310 000000034C4C4C49 0000000387878784 00000003C4C4C4C1 
[TC_DEBUG]     [3904] 0000000000000000 0000000001010101 0000000004040404 0000000009090909 0000000010101010 0000000019191919 0000000024242424 0000000031313131 0000000040404040 0000000051515151 0000000064646464 0000000079797979 0000000090909090 00000000A9A9A9A9 00000000C4C4C4C4 00000000E1E1E1E1 0000000101010100 0000000122222221 0000000145454544 000000016A6A6A69 0000000191919190 00000001BABABAB9 00000001E5E5E5E4 0000000213131311 0000000242424240 0000000273737371 00000002A6A6A6A4 00000002DBDBDBD9 0000000313131310 000000034C4C4C49 0000000387878784 00000003C4C4C4C1 
[TC_DEBUG]     [3936] 0000000000000000 0000000001010101 0000000004040404 0000000009090909 0000000010101010 0000000019191919 0000000024242424 0000000031313131 0000000040404040 0000000051515151 0000000064646464 0000000079797979 0000000090909090 00000000A9A9A9A9 00000000C4C4C4C4 00000000E1E1E1E1 0000000101010100 0000000122222221 0000000145454544 000000016A6A6A69 0000000191919190 00000001BABABAB9 00000001E5E5E5E4 0000000213131311 0000000242424240 0000000273737371 00000002A6A6A6A4 00000002DBDBDBD9 0000000313131310 000000034C4C4C49 0000000387878784 00000003C4C4C4C1 
[TC_DEBUG]     [3968] 0000000000000000 0000000001010101 0000000004040404 0000000009090909 0000000010101010 0000000019191919 0000000024242424 0000000031313131 0000000040404040 0000000051515151 0000000064646464 0000000079797979 0000000090909090 00000000A9A9A9A9 00000000C4C4C4C4 00000000E1E1E1E1 0000000101010100 0000000122222221 0000000145454544 000000016A6A6A69 0000000191919190 00000001BABABAB9 00000001E5E5E5E4 0000000213131311 0000000242424240 0000000273737371 00000002A6A6A6A4 00000002DBDBDBD9 0000000313131310 000000034C4C4C49 0000000387878784 00000003C4C4C4C1 
[TC_DEBUG]     [4000] 0000000000000000 0000000001010101 0000000004040404 0000000009090909 0000000010101010 0000000019191919 0000000024242424 0000000031313131 0000000040404040 0000000051515151 0000000064646464 0000000079797979 0000000090909090 00000000A9A9A9A9 00000000C4C4C4C4 00000000E1E1E1E1 0000000101010100 0000000122222221 0000000145454544 000000016A6A6A69 0000000191919190 00000001BABABAB9 00000001E5E5E5E4 0000000213131311 0000000242424240 0000000273737371 00000002A6A6A6A4 00000002DBDBDBD9 0000000313131310 000000034C4C4C49 0000000387878784 00000003C4C4C4C1 
[TC_DEBUG]     [4032] 0000000000000000 0000000001010101 0000000004040404 0000000009090909 0000000010101010 0000000019191919 0000000024242424 0000000031313131 0000000040404040 0000000051515151 0000000064646464 0000000079797979 0000000090909090 00000000A9A9A9A9 00000000C4C4C4C4 00000000E1E1E1E1 0000000101010100 0000000122222221 0000000145454544 000000016A6A6A69 0000000191919190 00000001BABABAB9 00000001E5E5E5E4 0000000213131311 0000000242424240 0000000273737371 00000002A6A6A6A4 00000002DBDBDBD9 0000000313131310 000000034C4C4C49 0000000387878784 00000003C4C4C4C1 
[TC_DEBUG]     [4064] 0000000000000000 0000000001010101 0000000004040404 0000000009090909 0000000010101010 0000000019191919 0000000024242424 0000000031313131 0000000040404040 0000000051515151 0000000064646464 0000000079797979 0000000090909090 00000000A9A9A9A9 00000000C4C4C4C4 00000000E1E1E1E1 0000000101010100 0000000122222221 0000000145454544 000000016A6A6A69 0000000191919190 00000001BABABAB9 00000001E5E5E5E4 0000000213131311 0000000242424240 0000000273737371 00000002A6A6A6A4 00000002DBDBDBD9 0000000313131310 000000034C4C4C49 0000000387878784 00000003C4C4C4C1 
[TC] tc.st.quant.shift PC=0x80000390  Encoding=0x220B355B
[TC_DEBUG]   AccBuffer (base=0x50000000, 4096 elements):
[TC_DEBUG]     [0000] 00000000 01010100 04040400 09090900 10101000 19191900 24242400 31313100 40404000 51515100 64646400 79797900 90909000 A9A9A900 C4C4C400 E1E1E100 01010000 22222100 45454400 6A6A6900 91919000 BABAB900 E5E5E400 13131100 42424000 73737100 A6A6A400 DBDBD900 13131000 4C4C4900 87878400 C4C4C100 
[TC_DEBUG]     [0032] 00000000 01010100 04040400 09090900 10101000 19191900 24242400 31313100 40404000 51515100 64646400 79797900 90909000 A9A9A900 C4C4C400 E1E1E100 01010000 22222100 45454400 6A6A6900 91919000 BABAB900 E5E5E400 13131100 42424000 73737100 A6A6A400 DBDBD900 13131000 4C4C4900 87878400 C4C4C100 
[TC_DEBUG]     [0064] 00000000 01010100 04040400 09090900 10101000 19191900 24242400 31313100 40404000 51515100 64646400 79797900 90909000 A9A9A900 C4C4C400 E1E1E100 01010000 22222100 45454400 6A6A6900 91919000 BABAB900 E5E5E400 13131100 42424000 73737100 A6A6A400 DBDBD900 13131000 4C4C4900 87878400 C4C4C100 
[TC_DEBUG]     [0096] 00000000 01010100 04040400 09090900 10101000 19191900 24242400 31313100 40404000 51515100 64646400 79797900 90909000 A9A9A900 C4C4C400 E1E1E100 01010000 22222100 45454400 6A6A6900 91919000 BABAB900 E5E5E400 13131100 42424000 73737100 A6A6A400 DBDBD900 13131000 4C4C4900 87878400 C4C4C100 
[TC_DEBUG]     [0128] 00000000 01010100 04040400 09090900 10101000 19191900 24242400 31313100 40404000 51515100 64646400 79797900 90909000 A9A9A900 C4C4C400 E1E1E100 01010000 22222100 45454400 6A6A6900 91919000 BABAB900 E5E5E400 13131100 42424000 73737100 A6A6A400 DBDBD900 13131000 4C4C4900 87878400 C4C4C100 
[TC_DEBUG]     [0160] 00000000 01010100 04040400 09090900 10101000 19191900 24242400 31313100 40404000 51515100 64646400 79797900 90909000 A9A9A900 C4C4C400 E1E1E100 01010000 22222100 45454400 6A6A6900 91919000 BABAB900 E5E5E400 13131100 42424000 73737100 A6A6A400 DBDBD900 13131000 4C4C4900 87878400 C4C4C100 
[TC_DEBUG]     [0192] 00000000 01010100 04040400 09090900 10101000 19191900 24242400 31313100 40404000 51515100 64646400 79797900 90909000 A9A9A900 C4C4C400 E1E1E100 01010000 22222100 45454400 6A6A6900 91919000 BABAB900 E5E5E400 13131100 42424000 73737100 A6A6A400 DBDBD900 13131000 4C4C4900 87878400 C4C4C100 
[TC_DEBUG]     [0224] 00000000 01010100 04040400 09090900 10101000 19191900 24242400 31313100 40404000 51515100 64646400 79797900 90909000 A9A9A900 C4C4C400 E1E1E100 01010000 22222100 45454400 6A6A6900 91919000 BABAB900 E5E5E400 13131100 42424000 73737100 A6A6A400 DBDBD900 13131000 4C4C4900 87878400 C4C4C100 
[TC_DEBUG]     [0256] 00000000 01010100 04040400 09090900 10101000 19191900 24242400 31313100 40404000 51515100 64646400 79797900 90909000 A9A9A900 C4C4C400 E1E1E100 01010000 22222100 45454400 6A6A6900 91919000 BABAB900 E5E5E400 13131100 42424000 73737100 A6A6A400 DBDBD900 13131000 4C4C4900 87878400 C4C4C100 
[TC_DEBUG]     [0288] 00000000 01010100 04040400 09090900 10101000 19191900 24242400 31313100 40404000 51515100 64646400 79797900 90909000 A9A9A900 C4C4C400 E1E1E100 01010000 22222100 45454400 6A6A6900 91919000 BABAB900 E5E5E400 13131100 42424000 73737100 A6A6A400 DBDBD900 13131000 4C4C4900 87878400 C4C4C100 
[TC_DEBUG]     [0320] 00000000 01010100 04040400 09090900 10101000 19191900 24242400 31313100 40404000 51515100 64646400 79797900 90909000 A9A9A900 C4C4C400 E1E1E100 01010000 22222100 45454400 6A6A6900 91919000 BABAB900 E5E5E400 13131100 42424000 73737100 A6A6A400 DBDBD900 13131000 4C4C4900 87878400 C4C4C100 
[TC_DEBUG]     [0352] 00000000 01010100 04040400 09090900 10101000 19191900 24242400 31313100 40404000 51515100 64646400 79797900 90909000 A9A9A900 C4C4C400 E1E1E100 01010000 22222100 45454400 6A6A6900 91919000 BABAB900 E5E5E400 13131100 42424000 73737100 A6A6A400 DBDBD900 13131000 4C4C4900 87878400 C4C4C100 
[TC_DEBUG]     [0384] 00000000 01010100 04040400 09090900 10101000 19191900 24242400 31313100 40404000 51515100 64646400 79797900 90909000 A9A9A900 C4C4C400 E1E1E100 01010000 22222100 45454400 6A6A6900 91919000 BABAB900 E5E5E400 13131100 42424000 73737100 A6A6A400 DBDBD900 13131000 4C4C4900 87878400 C4C4C100 
[TC_DEBUG]     [0416] 00000000 01010100 04040400 09090900 10101000 19191900 24242400 31313100 40404000 51515100 64646400 79797900 90909000 A9A9A900 C4C4C400 E1E1E100 01010000 22222100 45454400 6A6A6900 91919000 BABAB900 E5E5E400 13131100 42424000 73737100 A6A6A400 DBDBD900 13131000 4C4C4900 87878400 C4C4C100 
[TC_DEBUG]     [0448] 00000000 01010100 04040400 09090900 10101000 19191900 24242400 31313100 40404000 51515100 64646400 79797900 90909000 A9A9A900 C4C4C400 E1E1E100 01010000 22222100 45454400 6A6A6900 91919000 BABAB900 E5E5E400 13131100 42424000 73737100 A6A6A400 DBDBD900 13131000 4C4C4900 87878400 C4C4C100 
[TC_DEBUG]     [0480] 00000000 01010100 04040400 09090900 10101000 19191900 24242400 31313100 40404000 51515100 64646400 79797900 90909000 A9A9A900 C4C4C400 E1E1E100 01010000 22222100 45454400 6A6A6900 91919000 BABAB900 E5E5E400 13131100 42424000 73737100 A6A6A400 DBDBD900 13131000 4C4C4900 87878400 C4C4C100 
[TC_DEBUG]     [0512] 00000000 01010100 04040400 09090900 10101000 19191900 24242400 31313100 40404000 51515100 64646400 79797900 90909000 A9A9A900 C4C4C400 E1E1E100 01010000 22222100 45454400 6A6A6900 91919000 BABAB900 E5E5E400 13131100 42424000 73737100 A6A6A400 DBDBD900 13131000 4C4C4900 87878400 C4C4C100 
[TC_DEBUG]     [0544] 00000000 01010100 04040400 09090900 10101000 19191900 24242400 31313100 40404000 51515100 64646400 79797900 90909000 A9A9A900 C4C4C400 E1E1E100 01010000 22222100 45454400 6A6A6900 91919000 BABAB900 E5E5E400 13131100 42424000 73737100 A6A6A400 DBDBD900 13131000 4C4C4900 87878400 C4C4C100 
[TC_DEBUG]     [0576] 00000000 01010100 04040400 09090900 10101000 19191900 24242400 31313100 40404000 51515100 64646400 79797900 90909000 A9A9A900 C4C4C400 E1E1E100 01010000 22222100 45454400 6A6A6900 91919000 BABAB900 E5E5E400 13131100 42424000 73737100 A6A6A400 DBDBD900 13131000 4C4C4900 87878400 C4C4C100 
[TC_DEBUG]     [0608] 00000000 01010100 04040400 09090900 10101000 19191900 24242400 31313100 40404000 51515100 64646400 79797900 90909000 A9A9A900 C4C4C400 E1E1E100 01010000 22222100 45454400 6A6A6900 91919000 BABAB900 E5E5E400 13131100 42424000 73737100 A6A6A400 DBDBD900 13131000 4C4C4900 87878400 C4C4C100 
[TC_DEBUG]     [0640] 00000000 01010100 04040400 09090900 10101000 19191900 24242400 31313100 40404000 51515100 64646400 79797900 90909000 A9A9A900 C4C4C400 E1E1E100 01010000 22222100 45454400 6A6A6900 91919000 BABAB900 E5E5E400 13131100 42424000 73737100 A6A6A400 DBDBD900 13131000 4C4C4900 87878400 C4C4C100 
[TC_DEBUG]     [0672] 00000000 01010100 04040400 09090900 10101000 19191900 24242400 31313100 40404000 51515100 64646400 79797900 90909000 A9A9A900 C4C4C400 E1E1E100 01010000 22222100 45454400 6A6A6900 91919000 BABAB900 E5E5E400 13131100 42424000 73737100 A6A6A400 DBDBD900 13131000 4C4C4900 87878400 C4C4C100 
[TC_DEBUG]     [0704] 00000000 01010100 04040400 09090900 10101000 19191900 24242400 31313100 40404000 51515100 64646400 79797900 90909000 A9A9A900 C4C4C400 E1E1E100 01010000 22222100 45454400 6A6A6900 91919000 BABAB900 E5E5E400 13131100 42424000 73737100 A6A6A400 DBDBD900 13131000 4C4C4900 87878400 C4C4C100 
[TC_DEBUG]     [0736] 00000000 01010100 04040400 09090900 10101000 19191900 24242400 31313100 40404000 51515100 64646400 79797900 90909000 A9A9A900 C4C4C400 E1E1E100 01010000 22222100 45454400 6A6A6900 91919000 BABAB900 E5E5E400 13131100 42424000 73737100 A6A6A400 DBDBD900 13131000 4C4C4900 87878400 C4C4C100 
[TC_DEBUG]     [0768] 00000000 01010100 04040400 09090900 10101000 19191900 24242400 31313100 40404000 51515100 64646400 79797900 90909000 A9A9A900 C4C4C400 E1E1E100 01010000 22222100 45454400 6A6A6900 91919000 BABAB900 E5E5E400 13131100 42424000 73737100 A6A6A400 DBDBD900 13131000 4C4C4900 87878400 C4C4C100 
[TC_DEBUG]     [0800] 00000000 01010100 04040400 09090900 10101000 19191900 24242400 31313100 40404000 51515100 64646400 79797900 90909000 A9A9A900 C4C4C400 E1E1E100 01010000 22222100 45454400 6A6A6900 91919000 BABAB900 E5E5E400 13131100 42424000 73737100 A6A6A400 DBDBD900 13131000 4C4C4900 87878400 C4C4C100 
[TC_DEBUG]     [0832] 00000000 01010100 04040400 09090900 10101000 19191900 24242400 31313100 40404000 51515100 64646400 79797900 90909000 A9A9A900 C4C4C400 E1E1E100 01010000 22222100 45454400 6A6A6900 91919000 BABAB900 E5E5E400 13131100 42424000 73737100 A6A6A400 DBDBD900 13131000 4C4C4900 87878400 C4C4C100 
[TC_DEBUG]     [0864] 00000000 01010100 04040400 09090900 10101000 19191900 24242400 31313100 40404000 51515100 64646400 79797900 90909000 A9A9A900 C4C4C400 E1E1E100 01010000 22222100 45454400 6A6A6900 91919000 BABAB900 E5E5E400 13131100 42424000 73737100 A6A6A400 DBDBD900 13131000 4C4C4900 87878400 C4C4C100 
[TC_DEBUG]     [0896] 00000000 01010100 04040400 09090900 10101000 19191900 24242400 31313100 40404000 51515100 64646400 79797900 90909000 A9A9A900 C4C4C400 E1E1E100 01010000 22222100 45454400 6A6A6900 91919000 BABAB900 E5E5E400 13131100 42424000 73737100 A6A6A400 DBDBD900 13131000 4C4C4900 87878400 C4C4C100 
[TC_DEBUG]     [0928] 00000000 01010100 04040400 09090900 10101000 19191900 24242400 31313100 40404000 51515100 64646400 79797900 90909000 A9A9A900 C4C4C400 E1E1E100 01010000 22222100 45454400 6A6A6900 91919000 BABAB900 E5E5E400 13131100 42424000 73737100 A6A6A400 DBDBD900 13131000 4C4C4900 87878400 C4C4C100 
[TC_DEBUG]     [0960] 00000000 01010100 04040400 09090900 10101000 19191900 24242400 31313100 40404000 51515100 64646400 79797900 90909000 A9A9A900 C4C4C400 E1E1E100 01010000 22222100 45454400 6A6A6900 91919000 BABAB900 E5E5E400 13131100 42424000 73737100 A6A6A400 DBDBD900 13131000 4C4C4900 87878400 C4C4C100 
[TC_DEBUG]     [0992] 00000000 01010100 04040400 09090900 10101000 19191900 24242400 31313100 40404000 51515100 64646400 79797900 90909000 A9A9A900 C4C4C400 E1E1E100 01010000 22222100 45454400 6A6A6900 91919000 BABAB900 E5E5E400 13131100 42424000 73737100 A6A6A400 DBDBD900 13131000 4C4C4900 87878400 C4C4C100 
[TC_DEBUG]     [1024] 00000000 01010100 04040400 09090900 10101000 19191900 24242400 31313100 40404000 51515100 64646400 79797900 90909000 A9A9A900 C4C4C400 E1E1E100 01010000 22222100 45454400 6A6A6900 91919000 BABAB900 E5E5E400 13131100 42424000 73737100 A6A6A400 DBDBD900 13131000 4C4C4900 87878400 C4C4C100 
[TC_DEBUG]     [1056] 00000000 01010100 04040400 09090900 10101000 19191900 24242400 31313100 40404000 51515100 64646400 79797900 90909000 A9A9A900 C4C4C400 E1E1E100 01010000 22222100 45454400 6A6A6900 91919000 BABAB900 E5E5E400 13131100 42424000 73737100 A6A6A400 DBDBD900 13131000 4C4C4900 87878400 C4C4C100 
[TC_DEBUG]     [1088] 00000000 01010100 04040400 09090900 10101000 19191900 24242400 31313100 40404000 51515100 64646400 79797900 90909000 A9A9A900 C4C4C400 E1E1E100 01010000 22222100 45454400 6A6A6900 91919000 BABAB900 E5E5E400 13131100 42424000 73737100 A6A6A400 DBDBD900 13131000 4C4C4900 87878400 C4C4C100 
[TC_DEBUG]     [1120] 00000000 01010100 04040400 09090900 10101000 19191900 24242400 31313100 40404000 51515100 64646400 79797900 90909000 A9A9A900 C4C4C400 E1E1E100 01010000 22222100 45454400 6A6A6900 91919000 BABAB900 E5E5E400 13131100 42424000 73737100 A6A6A400 DBDBD900 13131000 4C4C4900 87878400 C4C4C100 
[TC_DEBUG]     [1152] 00000000 01010100 04040400 09090900 10101000 19191900 24242400 31313100 40404000 51515100 64646400 79797900 90909000 A9A9A900 C4C4C400 E1E1E100 01010000 22222100 45454400 6A6A6900 91919000 BABAB900 E5E5E400 13131100 42424000 73737100 A6A6A400 DBDBD900 13131000 4C4C4900 87878400 C4C4C100 
[TC_DEBUG]     [1184] 00000000 01010100 04040400 09090900 10101000 19191900 24242400 31313100 40404000 51515100 64646400 79797900 90909000 A9A9A900 C4C4C400 E1E1E100 01010000 22222100 45454400 6A6A6900 91919000 BABAB900 E5E5E400 13131100 42424000 73737100 A6A6A400 DBDBD900 13131000 4C4C4900 87878400 C4C4C100 
[TC_DEBUG]     [1216] 00000000 01010100 04040400 09090900 10101000 19191900 24242400 31313100 40404000 51515100 64646400 79797900 90909000 A9A9A900 C4C4C400 E1E1E100 01010000 22222100 45454400 6A6A6900 91919000 BABAB900 E5E5E400 13131100 42424000 73737100 A6A6A400 DBDBD900 13131000 4C4C4900 87878400 C4C4C100 
[TC_DEBUG]     [1248] 00000000 01010100 04040400 09090900 10101000 19191900 24242400 31313100 40404000 51515100 64646400 79797900 90909000 A9A9A900 C4C4C400 E1E1E100 01010000 22222100 45454400 6A6A6900 91919000 BABAB900 E5E5E400 13131100 42424000 73737100 A6A6A400 DBDBD900 13131000 4C4C4900 87878400 C4C4C100 
[TC_DEBUG]     [1280] 00000000 01010100 04040400 09090900 10101000 19191900 24242400 31313100 40404000 51515100 64646400 79797900 90909000 A9A9A900 C4C4C400 E1E1E100 01010000 22222100 45454400 6A6A6900 91919000 BABAB900 E5E5E400 13131100 42424000 73737100 A6A6A400 DBDBD900 13131000 4C4C4900 87878400 C4C4C100 
[TC_DEBUG]     [1312] 00000000 01010100 04040400 09090900 10101000 19191900 24242400 31313100 40404000 51515100 64646400 79797900 90909000 A9A9A900 C4C4C400 E1E1E100 01010000 22222100 45454400 6A6A6900 91919000 BABAB900 E5E5E400 13131100 42424000 73737100 A6A6A400 DBDBD900 13131000 4C4C4900 87878400 C4C4C100 
[TC_DEBUG]     [1344] 00000000 01010100 04040400 09090900 10101000 19191900 24242400 31313100 40404000 51515100 64646400 79797900 90909000 A9A9A900 C4C4C400 E1E1E100 01010000 22222100 45454400 6A6A6900 91919000 BABAB900 E5E5E400 13131100 42424000 73737100 A6A6A400 DBDBD900 13131000 4C4C4900 87878400 C4C4C100 
[TC_DEBUG]     [1376] 00000000 01010100 04040400 09090900 10101000 19191900 24242400 31313100 40404000 51515100 64646400 79797900 90909000 A9A9A900 C4C4C400 E1E1E100 01010000 22222100 45454400 6A6A6900 91919000 BABAB900 E5E5E400 13131100 42424000 73737100 A6A6A400 DBDBD900 13131000 4C4C4900 87878400 C4C4C100 
[TC_DEBUG]     [1408] 00000000 01010100 04040400 09090900 10101000 19191900 24242400 31313100 40404000 51515100 64646400 79797900 90909000 A9A9A900 C4C4C400 E1E1E100 01010000 22222100 45454400 6A6A6900 91919000 BABAB900 E5E5E400 13131100 42424000 73737100 A6A6A400 DBDBD900 13131000 4C4C4900 87878400 C4C4C100 
[TC_DEBUG]     [1440] 00000000 01010100 04040400 09090900 10101000 19191900 24242400 31313100 40404000 51515100 64646400 79797900 90909000 A9A9A900 C4C4C400 E1E1E100 01010000 22222100 45454400 6A6A6900 91919000 BABAB900 E5E5E400 13131100 42424000 73737100 A6A6A400 DBDBD900 13131000 4C4C4900 87878400 C4C4C100 
[TC_DEBUG]     [1472] 00000000 01010100 04040400 09090900 10101000 19191900 24242400 31313100 40404000 51515100 64646400 79797900 90909000 A9A9A900 C4C4C400 E1E1E100 01010000 22222100 45454400 6A6A6900 91919000 BABAB900 E5E5E400 13131100 42424000 73737100 A6A6A400 DBDBD900 13131000 4C4C4900 87878400 C4C4C100 
[TC_DEBUG]     [1504] 00000000 01010100 04040400 09090900 10101000 19191900 24242400 31313100 40404000 51515100 64646400 79797900 90909000 A9A9A900 C4C4C400 E1E1E100 01010000 22222100 45454400 6A6A6900 91919000 BABAB900 E5E5E400 13131100 42424000 73737100 A6A6A400 DBDBD900 13131000 4C4C4900 87878400 C4C4C100 
[TC_DEBUG]     [1536] 00000000 01010100 04040400 09090900 10101000 19191900 24242400 31313100 40404000 51515100 64646400 79797900 90909000 A9A9A900 C4C4C400 E1E1E100 01010000 22222100 45454400 6A6A6900 91919000 BABAB900 E5E5E400 13131100 42424000 73737100 A6A6A400 DBDBD900 13131000 4C4C4900 87878400 C4C4C100 
[TC_DEBUG]     [1568] 00000000 01010100 04040400 09090900 10101000 19191900 24242400 31313100 40404000 51515100 64646400 79797900 90909000 A9A9A900 C4C4C400 E1E1E100 01010000 22222100 45454400 6A6A6900 91919000 BABAB900 E5E5E400 13131100 42424000 73737100 A6A6A400 DBDBD900 13131000 4C4C4900 87878400 C4C4C100 
[TC_DEBUG]     [1600] 00000000 01010100 04040400 09090900 10101000 19191900 24242400 31313100 40404000 51515100 64646400 79797900 90909000 A9A9A900 C4C4C400 E1E1E100 01010000 22222100 45454400 6A6A6900 91919000 BABAB900 E5E5E400 13131100 42424000 73737100 A6A6A400 DBDBD900 13131000 4C4C4900 87878400 C4C4C100 
[TC_DEBUG]     [1632] 00000000 01010100 04040400 09090900 10101000 19191900 24242400 31313100 40404000 51515100 64646400 79797900 90909000 A9A9A900 C4C4C400 E1E1E100 01010000 22222100 45454400 6A6A6900 91919000 BABAB900 E5E5E400 13131100 42424000 73737100 A6A6A400 DBDBD900 13131000 4C4C4900 87878400 C4C4C100 
[TC_DEBUG]     [1664] 00000000 01010100 04040400 09090900 10101000 19191900 24242400 31313100 40404000 51515100 64646400 79797900 90909000 A9A9A900 C4C4C400 E1E1E100 01010000 22222100 45454400 6A6A6900 91919000 BABAB900 E5E5E400 13131100 42424000 73737100 A6A6A400 DBDBD900 13131000 4C4C4900 87878400 C4C4C100 
[TC_DEBUG]     [1696] 00000000 01010100 04040400 09090900 10101000 19191900 24242400 31313100 40404000 51515100 64646400 79797900 90909000 A9A9A900 C4C4C400 E1E1E100 01010000 22222100 45454400 6A6A6900 91919000 BABAB900 E5E5E400 13131100 42424000 73737100 A6A6A400 DBDBD900 13131000 4C4C4900 87878400 C4C4C100 
[TC_DEBUG]     [1728] 00000000 01010100 04040400 09090900 10101000 19191900 24242400 31313100 40404000 51515100 64646400 79797900 90909000 A9A9A900 C4C4C400 E1E1E100 01010000 22222100 45454400 6A6A6900 91919000 BABAB900 E5E5E400 13131100 42424000 73737100 A6A6A400 DBDBD900 13131000 4C4C4900 87878400 C4C4C100 
[TC_DEBUG]     [1760] 00000000 01010100 04040400 09090900 10101000 19191900 24242400 31313100 40404000 51515100 64646400 79797900 90909000 A9A9A900 C4C4C400 E1E1E100 01010000 22222100 45454400 6A6A6900 91919000 BABAB900 E5E5E400 13131100 42424000 73737100 A6A6A400 DBDBD900 13131000 4C4C4900 87878400 C4C4C100 
[TC_DEBUG]     [1792] 00000000 01010100 04040400 09090900 10101000 19191900 24242400 31313100 40404000 51515100 64646400 79797900 90909000 A9A9A900 C4C4C400 E1E1E100 01010000 22222100 45454400 6A6A6900 91919000 BABAB900 E5E5E400 13131100 42424000 73737100 A6A6A400 DBDBD900 13131000 4C4C4900 87878400 C4C4C100 
[TC_DEBUG]     [1824] 00000000 01010100 04040400 09090900 10101000 19191900 24242400 31313100 40404000 51515100 64646400 79797900 90909000 A9A9A900 C4C4C400 E1E1E100 01010000 22222100 45454400 6A6A6900 91919000 BABAB900 E5E5E400 13131100 42424000 73737100 A6A6A400 DBDBD900 13131000 4C4C4900 87878400 C4C4C100 
[TC_DEBUG]     [1856] 00000000 01010100 04040400 09090900 10101000 19191900 24242400 31313100 40404000 51515100 64646400 79797900 90909000 A9A9A900 C4C4C400 E1E1E100 01010000 22222100 45454400 6A6A6900 91919000 BABAB900 E5E5E400 13131100 42424000 73737100 A6A6A400 DBDBD900 13131000 4C4C4900 87878400 C4C4C100 
[TC_DEBUG]     [1888] 00000000 01010100 04040400 09090900 10101000 19191900 24242400 31313100 40404000 51515100 64646400 79797900 90909000 A9A9A900 C4C4C400 E1E1E100 01010000 22222100 45454400 6A6A6900 91919000 BABAB900 E5E5E400 13131100 42424000 73737100 A6A6A400 DBDBD900 13131000 4C4C4900 87878400 C4C4C100 
[TC_DEBUG]     [1920] 00000000 01010100 04040400 09090900 10101000 19191900 24242400 31313100 40404000 51515100 64646400 79797900 90909000 A9A9A900 C4C4C400 E1E1E100 01010000 22222100 45454400 6A6A6900 91919000 BABAB900 E5E5E400 13131100 42424000 73737100 A6A6A400 DBDBD900 13131000 4C4C4900 87878400 C4C4C100 
[TC_DEBUG]     [1952] 00000000 01010100 04040400 09090900 10101000 19191900 24242400 31313100 40404000 51515100 64646400 79797900 90909000 A9A9A900 C4C4C400 E1E1E100 01010000 22222100 45454400 6A6A6900 91919000 BABAB900 E5E5E400 13131100 42424000 73737100 A6A6A400 DBDBD900 13131000 4C4C4900 87878400 C4C4C100 
[TC_DEBUG]     [1984] 00000000 01010100 04040400 09090900 10101000 19191900 24242400 31313100 40404000 51515100 64646400 79797900 90909000 A9A9A900 C4C4C400 E1E1E100 01010000 22222100 45454400 6A6A6900 91919000 BABAB900 E5E5E400 13131100 42424000 73737100 A6A6A400 DBDBD900 13131000 4C4C4900 87878400 C4C4C100 
[TC_DEBUG]     [2016] 00000000 01010100 04040400 09090900 10101000 19191900 24242400 31313100 40404000 51515100 64646400 79797900 90909000 A9A9A900 C4C4C400 E1E1E100 01010000 22222100 45454400 6A6A6900 91919000 BABAB900 E5E5E400 13131100 42424000 73737100 A6A6A400 DBDBD900 13131000 4C4C4900 87878400 C4C4C100 
[TC_DEBUG]     [2048] 00000000 01010100 04040400 09090900 10101000 19191900 24242400 31313100 40404000 51515100 64646400 79797900 90909000 A9A9A900 C4C4C400 E1E1E100 01010000 22222100 45454400 6A6A6900 91919000 BABAB900 E5E5E400 13131100 42424000 73737100 A6A6A400 DBDBD900 13131000 4C4C4900 87878400 C4C4C100 
[TC_DEBUG]     [2080] 00000000 01010100 04040400 09090900 10101000 19191900 24242400 31313100 40404000 51515100 64646400 79797900 90909000 A9A9A900 C4C4C400 E1E1E100 01010000 22222100 45454400 6A6A6900 91919000 BABAB900 E5E5E400 13131100 42424000 73737100 A6A6A400 DBDBD900 13131000 4C4C4900 87878400 C4C4C100 
[TC_DEBUG]     [2112] 00000000 01010100 04040400 09090900 10101000 19191900 24242400 31313100 40404000 51515100 64646400 79797900 90909000 A9A9A900 C4C4C400 E1E1E100 01010000 22222100 45454400 6A6A6900 91919000 BABAB900 E5E5E400 13131100 42424000 73737100 A6A6A400 DBDBD900 13131000 4C4C4900 87878400 C4C4C100 
[TC_DEBUG]     [2144] 00000000 01010100 04040400 09090900 10101000 19191900 24242400 31313100 40404000 51515100 64646400 79797900 90909000 A9A9A900 C4C4C400 E1E1E100 01010000 22222100 45454400 6A6A6900 91919000 BABAB900 E5E5E400 13131100 42424000 73737100 A6A6A400 DBDBD900 13131000 4C4C4900 87878400 C4C4C100 
[TC_DEBUG]     [2176] 00000000 01010100 04040400 09090900 10101000 19191900 24242400 31313100 40404000 51515100 64646400 79797900 90909000 A9A9A900 C4C4C400 E1E1E100 01010000 22222100 45454400 6A6A6900 91919000 BABAB900 E5E5E400 13131100 42424000 73737100 A6A6A400 DBDBD900 13131000 4C4C4900 87878400 C4C4C100 
[TC_DEBUG]     [2208] 00000000 01010100 04040400 09090900 10101000 19191900 24242400 31313100 40404000 51515100 64646400 79797900 90909000 A9A9A900 C4C4C400 E1E1E100 01010000 22222100 45454400 6A6A6900 91919000 BABAB900 E5E5E400 13131100 42424000 73737100 A6A6A400 DBDBD900 13131000 4C4C4900 87878400 C4C4C100 
[TC_DEBUG]     [2240] 00000000 01010100 04040400 09090900 10101000 19191900 24242400 31313100 40404000 51515100 64646400 79797900 90909000 A9A9A900 C4C4C400 E1E1E100 01010000 22222100 45454400 6A6A6900 91919000 BABAB900 E5E5E400 13131100 42424000 73737100 A6A6A400 DBDBD900 13131000 4C4C4900 87878400 C4C4C100 
[TC_DEBUG]     [2272] 00000000 01010100 04040400 09090900 10101000 19191900 24242400 31313100 40404000 51515100 64646400 79797900 90909000 A9A9A900 C4C4C400 E1E1E100 01010000 22222100 45454400 6A6A6900 91919000 BABAB900 E5E5E400 13131100 42424000 73737100 A6A6A400 DBDBD900 13131000 4C4C4900 87878400 C4C4C100 
[TC_DEBUG]     [2304] 00000000 01010100 04040400 09090900 10101000 19191900 24242400 31313100 40404000 51515100 64646400 79797900 90909000 A9A9A900 C4C4C400 E1E1E100 01010000 22222100 45454400 6A6A6900 91919000 BABAB900 E5E5E400 13131100 42424000 73737100 A6A6A400 DBDBD900 13131000 4C4C4900 87878400 C4C4C100 
[TC_DEBUG]     [2336] 00000000 01010100 04040400 09090900 10101000 19191900 24242400 31313100 40404000 51515100 64646400 79797900 90909000 A9A9A900 C4C4C400 E1E1E100 01010000 22222100 45454400 6A6A6900 91919000 BABAB900 E5E5E400 13131100 42424000 73737100 A6A6A400 DBDBD900 13131000 4C4C4900 87878400 C4C4C100 
[TC_DEBUG]     [2368] 00000000 01010100 04040400 09090900 10101000 19191900 24242400 31313100 40404000 51515100 64646400 79797900 90909000 A9A9A900 C4C4C400 E1E1E100 01010000 22222100 45454400 6A6A6900 91919000 BABAB900 E5E5E400 13131100 42424000 73737100 A6A6A400 DBDBD900 13131000 4C4C4900 87878400 C4C4C100 
[TC_DEBUG]     [2400] 00000000 01010100 04040400 09090900 10101000 19191900 24242400 31313100 40404000 51515100 64646400 79797900 90909000 A9A9A900 C4C4C400 E1E1E100 01010000 22222100 45454400 6A6A6900 91919000 BABAB900 E5E5E400 13131100 42424000 73737100 A6A6A400 DBDBD900 13131000 4C4C4900 87878400 C4C4C100 
[TC_DEBUG]     [2432] 00000000 01010100 04040400 09090900 10101000 19191900 24242400 31313100 40404000 51515100 64646400 79797900 90909000 A9A9A900 C4C4C400 E1E1E100 01010000 22222100 45454400 6A6A6900 91919000 BABAB900 E5E5E400 13131100 42424000 73737100 A6A6A400 DBDBD900 13131000 4C4C4900 87878400 C4C4C100 
[TC_DEBUG]     [2464] 00000000 01010100 04040400 09090900 10101000 19191900 24242400 31313100 40404000 51515100 64646400 79797900 90909000 A9A9A900 C4C4C400 E1E1E100 01010000 22222100 45454400 6A6A6900 91919000 BABAB900 E5E5E400 13131100 42424000 73737100 A6A6A400 DBDBD900 13131000 4C4C4900 87878400 C4C4C100 
[TC_DEBUG]     [2496] 00000000 01010100 04040400 09090900 10101000 19191900 24242400 31313100 40404000 51515100 64646400 79797900 90909000 A9A9A900 C4C4C400 E1E1E100 01010000 22222100 45454400 6A6A6900 91919000 BABAB900 E5E5E400 13131100 42424000 73737100 A6A6A400 DBDBD900 13131000 4C4C4900 87878400 C4C4C100 
[TC_DEBUG]     [2528] 00000000 01010100 04040400 09090900 10101000 19191900 24242400 31313100 40404000 51515100 64646400 79797900 90909000 A9A9A900 C4C4C400 E1E1E100 01010000 22222100 45454400 6A6A6900 91919000 BABAB900 E5E5E400 13131100 42424000 73737100 A6A6A400 DBDBD900 13131000 4C4C4900 87878400 C4C4C100 
[TC_DEBUG]     [2560] 00000000 01010100 04040400 09090900 10101000 19191900 24242400 31313100 40404000 51515100 64646400 79797900 90909000 A9A9A900 C4C4C400 E1E1E100 01010000 22222100 45454400 6A6A6900 91919000 BABAB900 E5E5E400 13131100 42424000 73737100 A6A6A400 DBDBD900 13131000 4C4C4900 87878400 C4C4C100 
[TC_DEBUG]     [2592] 00000000 01010100 04040400 09090900 10101000 19191900 24242400 31313100 40404000 51515100 64646400 79797900 90909000 A9A9A900 C4C4C400 E1E1E100 01010000 22222100 45454400 6A6A6900 91919000 BABAB900 E5E5E400 13131100 42424000 73737100 A6A6A400 DBDBD900 13131000 4C4C4900 87878400 C4C4C100 
[TC_DEBUG]     [2624] 00000000 01010100 04040400 09090900 10101000 19191900 24242400 31313100 40404000 51515100 64646400 79797900 90909000 A9A9A900 C4C4C400 E1E1E100 01010000 22222100 45454400 6A6A6900 91919000 BABAB900 E5E5E400 13131100 42424000 73737100 A6A6A400 DBDBD900 13131000 4C4C4900 87878400 C4C4C100 
[TC_DEBUG]     [2656] 00000000 01010100 04040400 09090900 10101000 19191900 24242400 31313100 40404000 51515100 64646400 79797900 90909000 A9A9A900 C4C4C400 E1E1E100 01010000 22222100 45454400 6A6A6900 91919000 BABAB900 E5E5E400 13131100 42424000 73737100 A6A6A400 DBDBD900 13131000 4C4C4900 87878400 C4C4C100 
[TC_DEBUG]     [2688] 00000000 01010100 04040400 09090900 10101000 19191900 24242400 31313100 40404000 51515100 64646400 79797900 90909000 A9A9A900 C4C4C400 E1E1E100 01010000 22222100 45454400 6A6A6900 91919000 BABAB900 E5E5E400 13131100 42424000 73737100 A6A6A400 DBDBD900 13131000 4C4C4900 87878400 C4C4C100 
[TC_DEBUG]     [2720] 00000000 01010100 04040400 09090900 10101000 19191900 24242400 31313100 40404000 51515100 64646400 79797900 90909000 A9A9A900 C4C4C400 E1E1E100 01010000 22222100 45454400 6A6A6900 91919000 BABAB900 E5E5E400 13131100 42424000 73737100 A6A6A400 DBDBD900 13131000 4C4C4900 87878400 C4C4C100 
[TC_DEBUG]     [2752] 00000000 01010100 04040400 09090900 10101000 19191900 24242400 31313100 40404000 51515100 64646400 79797900 90909000 A9A9A900 C4C4C400 E1E1E100 01010000 22222100 45454400 6A6A6900 91919000 BABAB900 E5E5E400 13131100 42424000 73737100 A6A6A400 DBDBD900 13131000 4C4C4900 87878400 C4C4C100 
[TC_DEBUG]     [2784] 00000000 01010100 04040400 09090900 10101000 19191900 24242400 31313100 40404000 51515100 64646400 79797900 90909000 A9A9A900 C4C4C400 E1E1E100 01010000 22222100 45454400 6A6A6900 91919000 BABAB900 E5E5E400 13131100 42424000 73737100 A6A6A400 DBDBD900 13131000 4C4C4900 87878400 C4C4C100 
[TC_DEBUG]     [2816] 00000000 01010100 04040400 09090900 10101000 19191900 24242400 31313100 40404000 51515100 64646400 79797900 90909000 A9A9A900 C4C4C400 E1E1E100 01010000 22222100 45454400 6A6A6900 91919000 BABAB900 E5E5E400 13131100 42424000 73737100 A6A6A400 DBDBD900 13131000 4C4C4900 87878400 C4C4C100 
[TC_DEBUG]     [2848] 00000000 01010100 04040400 09090900 10101000 19191900 24242400 31313100 40404000 51515100 64646400 79797900 90909000 A9A9A900 C4C4C400 E1E1E100 01010000 22222100 45454400 6A6A6900 91919000 BABAB900 E5E5E400 13131100 42424000 73737100 A6A6A400 DBDBD900 13131000 4C4C4900 87878400 C4C4C100 
[TC_DEBUG]     [2880] 00000000 01010100 04040400 09090900 10101000 19191900 24242400 31313100 40404000 51515100 64646400 79797900 90909000 A9A9A900 C4C4C400 E1E1E100 01010000 22222100 45454400 6A6A6900 91919000 BABAB900 E5E5E400 13131100 42424000 73737100 A6A6A400 DBDBD900 13131000 4C4C4900 87878400 C4C4C100 
[TC_DEBUG]     [2912] 00000000 01010100 04040400 09090900 10101000 19191900 24242400 31313100 40404000 51515100 64646400 79797900 90909000 A9A9A900 C4C4C400 E1E1E100 01010000 22222100 45454400 6A6A6900 91919000 BABAB900 E5E5E400 13131100 42424000 73737100 A6A6A400 DBDBD900 13131000 4C4C4900 87878400 C4C4C100 
[TC_DEBUG]     [2944] 00000000 01010100 04040400 09090900 10101000 19191900 24242400 31313100 40404000 51515100 64646400 79797900 90909000 A9A9A900 C4C4C400 E1E1E100 01010000 22222100 45454400 6A6A6900 91919000 BABAB900 E5E5E400 13131100 42424000 73737100 A6A6A400 DBDBD900 13131000 4C4C4900 87878400 C4C4C100 
[TC_DEBUG]     [2976] 00000000 01010100 04040400 09090900 10101000 19191900 24242400 31313100 40404000 51515100 64646400 79797900 90909000 A9A9A900 C4C4C400 E1E1E100 01010000 22222100 45454400 6A6A6900 91919000 BABAB900 E5E5E400 13131100 42424000 73737100 A6A6A400 DBDBD900 13131000 4C4C4900 87878400 C4C4C100 
[TC_DEBUG]     [3008] 00000000 01010100 04040400 09090900 10101000 19191900 24242400 31313100 40404000 51515100 64646400 79797900 90909000 A9A9A900 C4C4C400 E1E1E100 01010000 22222100 45454400 6A6A6900 91919000 BABAB900 E5E5E400 13131100 42424000 73737100 A6A6A400 DBDBD900 13131000 4C4C4900 87878400 C4C4C100 
[TC_DEBUG]     [3040] 00000000 01010100 04040400 09090900 10101000 19191900 24242400 31313100 40404000 51515100 64646400 79797900 90909000 A9A9A900 C4C4C400 E1E1E100 01010000 22222100 45454400 6A6A6900 91919000 BABAB900 E5E5E400 13131100 42424000 73737100 A6A6A400 DBDBD900 13131000 4C4C4900 87878400 C4C4C100 
[TC_DEBUG]     [3072] 00000000 01010100 04040400 09090900 10101000 19191900 24242400 31313100 40404000 51515100 64646400 79797900 90909000 A9A9A900 C4C4C400 E1E1E100 01010000 22222100 45454400 6A6A6900 91919000 BABAB900 E5E5E400 13131100 42424000 73737100 A6A6A400 DBDBD900 13131000 4C4C4900 87878400 C4C4C100 
[TC_DEBUG]     [3104] 00000000 01010100 04040400 09090900 10101000 19191900 24242400 31313100 40404000 51515100 64646400 79797900 90909000 A9A9A900 C4C4C400 E1E1E100 01010000 22222100 45454400 6A6A6900 91919000 BABAB900 E5E5E400 13131100 42424000 73737100 A6A6A400 DBDBD900 13131000 4C4C4900 87878400 C4C4C100 
[TC_DEBUG]     [3136] 00000000 01010100 04040400 09090900 10101000 19191900 24242400 31313100 40404000 51515100 64646400 79797900 90909000 A9A9A900 C4C4C400 E1E1E100 01010000 22222100 45454400 6A6A6900 91919000 BABAB900 E5E5E400 13131100 42424000 73737100 A6A6A400 DBDBD900 13131000 4C4C4900 87878400 C4C4C100 
[TC_DEBUG]     [3168] 00000000 01010100 04040400 09090900 10101000 19191900 24242400 31313100 40404000 51515100 64646400 79797900 90909000 A9A9A900 C4C4C400 E1E1E100 01010000 22222100 45454400 6A6A6900 91919000 BABAB900 E5E5E400 13131100 42424000 73737100 A6A6A400 DBDBD900 13131000 4C4C4900 87878400 C4C4C100 
[TC_DEBUG]     [3200] 00000000 01010100 04040400 09090900 10101000 19191900 24242400 31313100 40404000 51515100 64646400 79797900 90909000 A9A9A900 C4C4C400 E1E1E100 01010000 22222100 45454400 6A6A6900 91919000 BABAB900 E5E5E400 13131100 42424000 73737100 A6A6A400 DBDBD900 13131000 4C4C4900 87878400 C4C4C100 
[TC_DEBUG]     [3232] 00000000 01010100 04040400 09090900 10101000 19191900 24242400 31313100 40404000 51515100 64646400 79797900 90909000 A9A9A900 C4C4C400 E1E1E100 01010000 22222100 45454400 6A6A6900 91919000 BABAB900 E5E5E400 13131100 42424000 73737100 A6A6A400 DBDBD900 13131000 4C4C4900 87878400 C4C4C100 
[TC_DEBUG]     [3264] 00000000 01010100 04040400 09090900 10101000 19191900 24242400 31313100 40404000 51515100 64646400 79797900 90909000 A9A9A900 C4C4C400 E1E1E100 01010000 22222100 45454400 6A6A6900 91919000 BABAB900 E5E5E400 13131100 42424000 73737100 A6A6A400 DBDBD900 13131000 4C4C4900 87878400 C4C4C100 
[TC_DEBUG]     [3296] 00000000 01010100 04040400 09090900 10101000 19191900 24242400 31313100 40404000 51515100 64646400 79797900 90909000 A9A9A900 C4C4C400 E1E1E100 01010000 22222100 45454400 6A6A6900 91919000 BABAB900 E5E5E400 13131100 42424000 73737100 A6A6A400 DBDBD900 13131000 4C4C4900 87878400 C4C4C100 
[TC_DEBUG]     [3328] 00000000 01010100 04040400 09090900 10101000 19191900 24242400 31313100 40404000 51515100 64646400 79797900 90909000 A9A9A900 C4C4C400 E1E1E100 01010000 22222100 45454400 6A6A6900 91919000 BABAB900 E5E5E400 13131100 42424000 73737100 A6A6A400 DBDBD900 13131000 4C4C4900 87878400 C4C4C100 
[TC_DEBUG]     [3360] 00000000 01010100 04040400 09090900 10101000 19191900 24242400 31313100 40404000 51515100 64646400 79797900 90909000 A9A9A900 C4C4C400 E1E1E100 01010000 22222100 45454400 6A6A6900 91919000 BABAB900 E5E5E400 13131100 42424000 73737100 A6A6A400 DBDBD900 13131000 4C4C4900 87878400 C4C4C100 
[TC_DEBUG]     [3392] 00000000 01010100 04040400 09090900 10101000 19191900 24242400 31313100 40404000 51515100 64646400 79797900 90909000 A9A9A900 C4C4C400 E1E1E100 01010000 22222100 45454400 6A6A6900 91919000 BABAB900 E5E5E400 13131100 42424000 73737100 A6A6A400 DBDBD900 13131000 4C4C4900 87878400 C4C4C100 
[TC_DEBUG]     [3424] 00000000 01010100 04040400 09090900 10101000 19191900 24242400 31313100 40404000 51515100 64646400 79797900 90909000 A9A9A900 C4C4C400 E1E1E100 01010000 22222100 45454400 6A6A6900 91919000 BABAB900 E5E5E400 13131100 42424000 73737100 A6A6A400 DBDBD900 13131000 4C4C4900 87878400 C4C4C100 
[TC_DEBUG]     [3456] 00000000 01010100 04040400 09090900 10101000 19191900 24242400 31313100 40404000 51515100 64646400 79797900 90909000 A9A9A900 C4C4C400 E1E1E100 01010000 22222100 45454400 6A6A6900 91919000 BABAB900 E5E5E400 13131100 42424000 73737100 A6A6A400 DBDBD900 13131000 4C4C4900 87878400 C4C4C100 
[TC_DEBUG]     [3488] 00000000 01010100 04040400 09090900 10101000 19191900 24242400 31313100 40404000 51515100 64646400 79797900 90909000 A9A9A900 C4C4C400 E1E1E100 01010000 22222100 45454400 6A6A6900 91919000 BABAB900 E5E5E400 13131100 42424000 73737100 A6A6A400 DBDBD900 13131000 4C4C4900 87878400 C4C4C100 
[TC_DEBUG]     [3520] 00000000 01010100 04040400 09090900 10101000 19191900 24242400 31313100 40404000 51515100 64646400 79797900 90909000 A9A9A900 C4C4C400 E1E1E100 01010000 22222100 45454400 6A6A6900 91919000 BABAB900 E5E5E400 13131100 42424000 73737100 A6A6A400 DBDBD900 13131000 4C4C4900 87878400 C4C4C100 
[TC_DEBUG]     [3552] 00000000 01010100 04040400 09090900 10101000 19191900 24242400 31313100 40404000 51515100 64646400 79797900 90909000 A9A9A900 C4C4C400 E1E1E100 01010000 22222100 45454400 6A6A6900 91919000 BABAB900 E5E5E400 13131100 42424000 73737100 A6A6A400 DBDBD900 13131000 4C4C4900 87878400 C4C4C100 
[TC_DEBUG]     [3584] 00000000 01010100 04040400 09090900 10101000 19191900 24242400 31313100 40404000 51515100 64646400 79797900 90909000 A9A9A900 C4C4C400 E1E1E100 01010000 22222100 45454400 6A6A6900 91919000 BABAB900 E5E5E400 13131100 42424000 73737100 A6A6A400 DBDBD900 13131000 4C4C4900 87878400 C4C4C100 
[TC_DEBUG]     [3616] 00000000 01010100 04040400 09090900 10101000 19191900 24242400 31313100 40404000 51515100 64646400 79797900 90909000 A9A9A900 C4C4C400 E1E1E100 01010000 22222100 45454400 6A6A6900 91919000 BABAB900 E5E5E400 13131100 42424000 73737100 A6A6A400 DBDBD900 13131000 4C4C4900 87878400 C4C4C100 
[TC_DEBUG]     [3648] 00000000 01010100 04040400 09090900 10101000 19191900 24242400 31313100 40404000 51515100 64646400 79797900 90909000 A9A9A900 C4C4C400 E1E1E100 01010000 22222100 45454400 6A6A6900 91919000 BABAB900 E5E5E400 13131100 42424000 73737100 A6A6A400 DBDBD900 13131000 4C4C4900 87878400 C4C4C100 
[TC_DEBUG]     [3680] 00000000 01010100 04040400 09090900 10101000 19191900 24242400 31313100 40404000 51515100 64646400 79797900 90909000 A9A9A900 C4C4C400 E1E1E100 01010000 22222100 45454400 6A6A6900 91919000 BABAB900 E5E5E400 13131100 42424000 73737100 A6A6A400 DBDBD900 13131000 4C4C4900 87878400 C4C4C100 
[TC_DEBUG]     [3712] 00000000 01010100 04040400 09090900 10101000 19191900 24242400 31313100 40404000 51515100 64646400 79797900 90909000 A9A9A900 C4C4C400 E1E1E100 01010000 22222100 45454400 6A6A6900 91919000 BABAB900 E5E5E400 13131100 42424000 73737100 A6A6A400 DBDBD900 13131000 4C4C4900 87878400 C4C4C100 
[TC_DEBUG]     [3744] 00000000 01010100 04040400 09090900 10101000 19191900 24242400 31313100 40404000 51515100 64646400 79797900 90909000 A9A9A900 C4C4C400 E1E1E100 01010000 22222100 45454400 6A6A6900 91919000 BABAB900 E5E5E400 13131100 42424000 73737100 A6A6A400 DBDBD900 13131000 4C4C4900 87878400 C4C4C100 
[TC_DEBUG]     [3776] 00000000 01010100 04040400 09090900 10101000 19191900 24242400 31313100 40404000 51515100 64646400 79797900 90909000 A9A9A900 C4C4C400 E1E1E100 01010000 22222100 45454400 6A6A6900 91919000 BABAB900 E5E5E400 13131100 42424000 73737100 A6A6A400 DBDBD900 13131000 4C4C4900 87878400 C4C4C100 
[TC_DEBUG]     [3808] 00000000 01010100 04040400 09090900 10101000 19191900 24242400 31313100 40404000 51515100 64646400 79797900 90909000 A9A9A900 C4C4C400 E1E1E100 01010000 22222100 45454400 6A6A6900 91919000 BABAB900 E5E5E400 13131100 42424000 73737100 A6A6A400 DBDBD900 13131000 4C4C4900 87878400 C4C4C100 
[TC_DEBUG]     [3840] 00000000 01010100 04040400 09090900 10101000 19191900 24242400 31313100 40404000 51515100 64646400 79797900 90909000 A9A9A900 C4C4C400 E1E1E100 01010000 22222100 45454400 6A6A6900 91919000 BABAB900 E5E5E400 13131100 42424000 73737100 A6A6A400 DBDBD900 13131000 4C4C4900 87878400 C4C4C100 
[TC_DEBUG]     [3872] 00000000 01010100 04040400 09090900 10101000 19191900 24242400 31313100 40404000 51515100 64646400 79797900 90909000 A9A9A900 C4C4C400 E1E1E100 01010000 22222100 45454400 6A6A6900 91919000 BABAB900 E5E5E400 13131100 42424000 73737100 A6A6A400 DBDBD900 13131000 4C4C4900 87878400 C4C4C100 
[TC_DEBUG]     [3904] 00000000 01010100 04040400 09090900 10101000 19191900 24242400 31313100 40404000 51515100 64646400 79797900 90909000 A9A9A900 C4C4C400 E1E1E100 01010000 22222100 45454400 6A6A6900 91919000 BABAB900 E5E5E400 13131100 42424000 73737100 A6A6A400 DBDBD900 13131000 4C4C4900 87878400 C4C4C100 
[TC_DEBUG]     [3936] 00000000 01010100 04040400 09090900 10101000 19191900 24242400 31313100 40404000 51515100 64646400 79797900 90909000 A9A9A900 C4C4C400 E1E1E100 01010000 22222100 45454400 6A6A6900 91919000 BABAB900 E5E5E400 13131100 42424000 73737100 A6A6A400 DBDBD900 13131000 4C4C4900 87878400 C4C4C100 
[TC_DEBUG]     [3968] 00000000 01010100 04040400 09090900 10101000 19191900 24242400 31313100 40404000 51515100 64646400 79797900 90909000 A9A9A900 C4C4C400 E1E1E100 01010000 22222100 45454400 6A6A6900 91919000 BABAB900 E5E5E400 13131100 42424000 73737100 A6A6A400 DBDBD900 13131000 4C4C4900 87878400 C4C4C100 
[TC_DEBUG]     [4000] 00000000 01010100 04040400 09090900 10101000 19191900 24242400 31313100 40404000 51515100 64646400 79797900 90909000 A9A9A900 C4C4C400 E1E1E100 01010000 22222100 45454400 6A6A6900 91919000 BABAB900 E5E5E400 13131100 42424000 73737100 A6A6A400 DBDBD900 13131000 4C4C4900 87878400 C4C4C100 
[TC_DEBUG]     [4032] 00000000 01010100 04040400 09090900 10101000 19191900 24242400 31313100 40404000 51515100 64646400 79797900 90909000 A9A9A900 C4C4C400 E1E1E100 01010000 22222100 45454400 6A6A6900 91919000 BABAB900 E5E5E400 13131100 42424000 73737100 A6A6A400 DBDBD900 13131000 4C4C4900 87878400 C4C4C100 
[TC_DEBUG]     [4064] 00000000 01010100 04040400 09090900 10101000 19191900 24242400 31313100 40404000 51515100 64646400 79797900 90909000 A9A9A900 C4C4C400 E1E1E100 01010000 22222100 45454400 6A6A6900 91919000 BABAB900 E5E5E400 13131100 42424000 73737100 A6A6A400 DBDBD900 13131000 4C4C4900 87878400 C4C4C100 
Computing: quant_reg << 8
Test 2 completed

======================================================================
All tc.quant tests completed!
======================================================================
