======================================================================
TensorComp tc.st.mma ISA Tests (C version)
======================================================================

Instruction Encoding:
  - Opcode: 0x5B (CUSTOM-2)
  - Eng_ID: 01 (TensorComp)
  - st: 1 (store type)
  - mode3: 011 (Standard MMA)
  - Base encoding: 0x4592805B (with rs1=x5, imm6=0)

MMA Computation (Latest Spec):
  - Input: Top Reg [G,N,K] × Left Reg [G,M,K]
  - Output: [M,N] matrix to acc_buffer
  - Computation: acc += top_reg[g][m][k] * left_reg[g][n][k]
  - Constraint: top_tmask_ld MUST equal left_tmask_ld
  - Data type: int8 input, int32 output (accumulation)

Memory regions:
  - Top Reg data: 0x40000000 - 0x40008000 (32KB)
  - Left Reg data: 0x40010000 - 0x40018000 (32KB)
  - Acc buffer: 0x40020000 - 0x40030000 (64KB)

Test scenarios:
  - Test 1: 64x64 MMA  (Top:[8,64,4], Left:[8,64,4])
  - Test 2: 128x32 MMA (Top:[8,32,4], Left:[8,128,4])


--- Test 1: 64x64 MMA ---
  Configuration:
    - Top Reg: [8, 64, 4]  (G=8, N=64, K=4)
    - Left Reg: [8, 64, 4] (G=8, M=64, K=4)
    - Output: [64, 64] = 4096 int32 values (16KB)
    - top_tmask_ld = left_tmask_ld = 0x01 (single group enabled)
    - top_twidth_ld = 256 bytes → N = 64
    - left_twidth_ld = 256 bytes → M = 64
  Loading data to Top Reg from 0x40000000...
[TC-DISP] exec_tensorcomp called
[TC-DISP] engine_id=1, mop3=0, st=0, mode3=2, funct2=0
[TC-DISP] Calling exec_tc_ld_top
[TC-EXEC] tc_ld_top: imm6=0, rs1v=0x40000000, mask=0x00000001, width=256
[TC-EXEC] base_addr: 0x40000000
[TC-VERIFY] Load #0: addr=0x40000000, offset=0, bytes=256
[TC-VERIFY] Loaded data: 
00 00 00 00 00 00 00 00 00 00 00 00 00 00 00 00 00 00 00 00 00 00 00 00 00 00 00 00 00 00 00 00 00 00 00 00 00 00 00 00 00 00 00 00 00 00 00 00 00 00 00 00 00 00 00 00 00 00 00 00 00 00 00 00 00 00 00 00 00 00 00 00 00 00 00 00 00 00 00 00 00 00 00 00 00 00 00 00 00 00 00 00 00 00 00 00 00 00 00 00 00 00 00 00 00 00 00 00 00 00 00 00 00 00 00 00 00 00 00 00 00 00 00 00 00 00 00 00 
01 00 00 00 01 00 00 00 01 00 00 00 01 00 00 00 01 00 00 00 01 00 00 00 01 00 00 00 01 00 00 00 01 00 00 00 01 00 00 00 01 00 00 00 01 00 00 00 01 00 00 00 01 00 00 00 01 00 00 00 01 00 00 00 01 00 00 00 01 00 00 00 01 00 00 00 01 00 00 00 01 00 00 00 01 00 00 00 01 00 00 00 01 00 00 00 01 00 00 00 01 00 00 00 01 00 00 00 01 00 00 00 01 00 00 00 01 00 00 00 01 00 00 00 01 00 00 00 
  Loading data to Left Reg from 0x40000800...
[TC-DISP] exec_tensorcomp called
[TC-DISP] engine_id=1, mop3=0, st=0, mode3=1, funct2=0
[TC-VERIFY] Load #0: addr=0x40000800, offset=0, bytes=256
[TC-VERIFY] Loaded data: 
10 00 00 00 10 00 00 00 10 00 00 00 10 00 00 00 10 00 00 00 10 00 00 00 10 00 00 00 10 00 00 00 10 00 00 00 10 00 00 00 10 00 00 00 10 00 00 00 10 00 00 00 10 00 00 00 10 00 00 00 10 00 00 00 10 00 00 00 10 00 00 00 10 00 00 00 10 00 00 00 10 00 00 00 10 00 00 00 10 00 00 00 10 00 00 00 10 00 00 00 10 00 00 00 10 00 00 00 10 00 00 00 10 00 00 00 10 00 00 00 10 00 00 00 10 00 00 00 
11 00 00 00 11 00 00 00 11 00 00 00 11 00 00 00 11 00 00 00 11 00 00 00 11 00 00 00 11 00 00 00 11 00 00 00 11 00 00 00 11 00 00 00 11 00 00 00 11 00 00 00 11 00 00 00 11 00 00 00 11 00 00 00 11 00 00 00 11 00 00 00 11 00 00 00 11 00 00 00 11 00 00 00 11 00 00 00 11 00 00 00 11 00 00 00 11 00 00 00 11 00 00 00 11 00 00 00 11 00 00 00 11 00 00 00 11 00 00 00 11 00 00 00 11 00 00 00 

  Executing MMA computation...
[TC-DISP] exec_tensorcomp called
[TC-DISP] engine_id=1, mop3=0, st=1, mode3=3, funct2=0
[TC-VERIFY] Acc buffer dump (int32, 32 values per line):
  [   0]        0        0        0        0        0        0        0        0        0        0        0        0        0        0        0        0        0        0        0        0        0        0        0        0        0        0        0        0        0        0        0        0 
  [   1]       16       16       16       16       16       16       16       16       16       16       16       16       16       16       16       16       16       16       16       16       16       16       16       16       16       16       16       16       16       16       16       16 
  [   2]        0        0        0        0        0        0        0        0        0        0        0        0        0        0        0        0        0        0        0        0        0        0        0        0        0        0        0        0        0        0        0        0 
  [   3]       16       16       16       16       16       16       16       16       16       16       16       16       16       16       16       16       16       16       16       16       16       16       16       16       16       16       16       16       16       16       16       16 
  [   4]        0        0        0        0        0        0        0        0        0        0        0        0        0        0        0        0        0        0        0        0        0        0        0        0        0        0        0        0        0        0        0        0 
  [   5]       16       16       16       16       16       16       16       16       16       16       16       16       16       16       16       16       16       16       16       16       16       16       16       16       16       16       16       16       16       16       16       16 
  [   6]        0        0        0        0        0        0        0        0        0        0        0        0        0        0        0        0        0        0        0        0        0        0        0        0        0        0        0        0        0        0        0        0 
  [   7]       16       16       16       16       16       16       16       16       16       16       16       16       16       16       16       16       16       16       16       16       16       16       16       16       16       16       16       16       16       16       16       16 
  [   8]        0        0        0        0        0        0        0        0        0        0        0        0        0        0        0        0        0        0        0        0        0        0        0        0        0        0        0        0        0        0        0        0 
  [   9]       16       16       16       16       16       16       16       16       16       16       16       16       16       16       16       16       16       16       16       16       16       16       16       16       16       16       16       16       16       16       16       16 
  [  10]        0        0        0        0        0        0        0        0        0        0        0        0        0        0        0        0        0        0        0        0        0        0        0        0        0        0        0        0        0        0        0        0 
  [  11]       16       16       16       16       16       16       16       16       16       16       16       16       16       16       16       16       16       16       16       16       16       16       16       16       16       16       16       16       16       16       16       16 
  [  12]        0        0        0        0        0        0        0        0        0        0        0        0        0        0        0        0        0        0        0        0        0        0        0        0        0        0        0        0        0        0        0        0 
  [  13]       16       16       16       16       16       16       16       16       16       16       16       16       16       16       16       16       16       16       16       16       16       16       16       16       16       16       16       16       16       16       16       16 
  [  14]        0        0        0        0        0        0        0        0        0        0        0        0        0        0        0        0        0        0        0        0        0        0        0        0        0        0        0        0        0        0        0        0 
  [  15]       16       16       16       16       16       16       16       16       16       16       16       16       16       16       16       16       16       16       16       16       16       16       16       16       16       16       16       16       16       16       16       16 
  [  16]        0        0        0        0        0        0        0        0        0        0        0        0        0        0        0        0        0        0        0        0        0        0        0        0        0        0        0        0        0        0        0        0 
  [  17]       16       16       16       16       16       16       16       16       16       16       16       16       16       16       16       16       16       16       16       16       16       16       16       16       16       16       16       16       16       16       16       16 
  [  18]        0        0        0        0        0        0        0        0        0        0        0        0        0        0        0        0        0        0        0        0        0        0        0        0        0        0        0        0        0        0        0        0 
  [  19]       16       16       16       16       16       16       16       16       16       16       16       16       16       16       16       16       16       16       16       16       16       16       16       16       16       16       16       16       16       16       16       16 
  [  20]        0        0        0        0        0        0        0        0        0        0        0        0        0        0        0        0        0        0        0        0        0        0        0        0        0        0        0        0        0        0        0        0 
  [  21]       16       16       16       16       16       16       16       16       16       16       16       16       16       16       16       16       16       16       16       16       16       16       16       16       16       16       16       16       16       16       16       16 
  [  22]        0        0        0        0        0        0        0        0        0        0        0        0        0        0        0        0        0        0        0        0        0        0        0        0        0        0        0        0        0        0        0        0 
  [  23]       16       16       16       16       16       16       16       16       16       16       16       16       16       16       16       16       16       16       16       16       16       16       16       16       16       16       16       16       16       16       16       16 
  [  24]        0        0        0        0        0        0        0        0        0        0        0        0        0        0        0        0        0        0        0        0        0        0        0        0        0        0        0        0        0        0        0        0 
  [  25]       16       16       16       16       16       16       16       16       16       16       16       16       16       16       16       16       16       16       16       16       16       16       16       16       16       16       16       16       16       16       16       16 
  [  26]        0        0        0        0        0        0        0        0        0        0        0        0        0        0        0        0        0        0        0        0        0        0        0        0        0        0        0        0        0        0        0        0 
  [  27]       16       16       16       16       16       16       16       16       16       16       16       16       16       16       16       16       16       16       16       16       16       16       16       16       16       16       16       16       16       16       16       16 
  [  28]        0        0        0        0        0        0        0        0        0        0        0        0        0        0        0        0        0        0        0        0        0        0        0        0        0        0        0        0        0        0        0        0 
  [  29]       16       16       16       16       16       16       16       16       16       16       16       16       16       16       16       16       16       16       16       16       16       16       16       16       16       16       16       16       16       16       16       16 
  [  30]        0        0        0        0        0        0        0        0        0        0        0        0        0        0        0        0        0        0        0        0        0        0        0        0        0        0        0        0        0        0        0        0 
  [  31]       16       16       16       16       16       16       16       16       16       16       16       16       16       16       16       16       16       16       16       16       16       16       16       16       16       16       16       16       16       16       16       16 
  [  32]        0        0        0        0        0        0        0        0        0        0        0        0        0        0        0        0        0        0        0        0        0        0        0        0        0        0        0        0        0        0        0        0 
  [  33]       16       16       16       16       16       16       16       16       16       16       16       16       16       16       16       16       16       16       16       16       16       16       16       16       16       16       16       16       16       16       16       16 
  [  34]        0        0        0        0        0        0        0        0        0        0        0        0        0        0        0        0        0        0        0        0        0        0        0        0        0        0        0        0        0        0        0        0 
  [  35]       16       16       16       16       16       16       16       16       16       16       16       16       16       16       16       16       16       16       16       16       16       16       16       16       16       16       16       16       16       16       16       16 
  [  36]        0        0        0        0        0        0        0        0        0        0        0        0        0        0        0        0        0        0        0        0        0        0        0        0        0        0        0        0        0        0        0        0 
  [  37]       16       16       16       16       16       16       16       16       16       16       16       16       16       16       16       16       16       16       16       16       16       16       16       16       16       16       16       16       16       16       16       16 
  [  38]        0        0        0        0        0        0        0        0        0        0        0        0        0        0        0        0        0        0        0        0        0        0        0        0        0        0        0        0        0        0        0        0 
  [  39]       16       16       16       16       16       16       16       16       16       16       16       16       16       16       16       16       16       16       16       16       16       16       16       16       16       16       16       16       16       16       16       16 
  [  40]        0        0        0        0        0        0        0        0        0        0        0        0        0        0        0        0        0        0        0        0        0        0        0        0        0        0        0        0        0        0        0        0 
  [  41]       16       16       16       16       16       16       16       16       16       16       16       16       16       16       16       16       16       16       16       16       16       16       16       16       16       16       16       16       16       16       16       16 
  [  42]        0        0        0        0        0        0        0        0        0        0        0        0        0        0        0        0        0        0        0        0        0        0        0        0        0        0        0        0        0        0        0        0 
  [  43]       16       16       16       16       16       16       16       16       16       16       16       16       16       16       16       16       16       16       16       16       16       16       16       16       16       16       16       16       16       16       16       16 
  [  44]        0        0        0        0        0        0        0        0        0        0        0        0        0        0        0        0        0        0        0        0        0        0        0        0        0        0        0        0        0        0        0        0 
  [  45]       16       16       16       16       16       16       16       16       16       16       16       16       16       16       16       16       16       16       16       16       16       16       16       16       16       16       16       16       16       16       16       16 
  [  46]        0        0        0        0        0        0        0        0        0        0        0        0        0        0        0        0        0        0        0        0        0        0        0        0        0        0        0        0        0        0        0        0 
  [  47]       16       16       16       16       16       16       16       16       16       16       16       16       16       16       16       16       16       16       16       16       16       16       16       16       16       16       16       16       16       16       16       16 
  [  48]        0        0        0        0        0        0        0        0        0        0        0        0        0        0        0        0        0        0        0        0        0        0        0        0        0        0        0        0        0        0        0        0 
  [  49]       16       16       16       16       16       16       16       16       16       16       16       16       16       16       16       16       16       16       16       16       16       16       16       16       16       16       16       16       16       16       16       16 
  [  50]        0        0        0        0        0        0        0        0        0        0        0        0        0        0        0        0        0        0        0        0        0        0        0        0        0        0        0        0        0        0        0        0 
  [  51]       16       16       16       16       16       16       16       16       16       16       16       16       16       16       16       16       16       16       16       16       16       16       16       16       16       16       16       16       16       16       16       16 
  [  52]        0        0        0        0        0        0        0        0        0        0        0        0        0        0        0        0        0        0        0        0        0        0        0        0        0        0        0        0        0        0        0        0 
  [  53]       16       16       16       16       16       16       16       16       16       16       16       16       16       16       16       16       16       16       16       16       16       16       16       16       16       16       16       16       16       16       16       16 
  [  54]        0        0        0        0        0        0        0        0        0        0        0        0        0        0        0        0        0        0        0        0        0        0        0        0        0        0        0        0        0        0        0        0 
  [  55]       16       16       16       16       16       16       16       16       16       16       16       16       16       16       16       16       16       16       16       16       16       16       16       16       16       16       16       16       16       16       16       16 
  [  56]        0        0        0        0        0        0        0        0        0        0        0        0        0        0        0        0        0        0        0        0        0        0        0        0        0        0        0        0        0        0        0        0 
  [  57]       16       16       16       16       16       16       16       16       16       16       16       16       16       16       16       16       16       16       16       16       16       16       16       16       16       16       16       16       16       16       16       16 
  [  58]        0        0        0        0        0        0        0        0        0        0        0        0        0        0        0        0        0        0        0        0        0        0        0        0        0        0        0        0        0        0        0        0 
  [  59]       16       16       16       16       16       16       16       16       16       16       16       16       16       16       16       16       16       16       16       16       16       16       16       16       16       16       16       16       16       16       16       16 
  [  60]        0        0        0        0        0        0        0        0        0        0        0        0        0        0        0        0        0        0        0        0        0        0        0        0        0        0        0        0        0        0        0        0 
  [  61]       16       16       16       16       16       16       16       16       16       16       16       16       16       16       16       16       16       16       16       16       16       16       16       16       16       16       16       16       16       16       16       16 
  [  62]        0        0        0        0        0        0        0        0        0        0        0        0        0        0        0        0        0        0        0        0        0        0        0        0        0        0        0        0        0        0        0        0 
  [  63]       16       16       16       16       16       16       16       16       16       16       16       16       16       16       16       16       16       16       16       16       16       16       16       16       16       16       16       16       16       16       16       16 
  [  64]        0        0        0        0        0        0        0        0        0        0        0        0        0        0        0        0        0        0        0        0        0        0        0        0        0        0        0        0        0        0        0        0 
  [  65]       17       17       17       17       17       17       17       17       17       17       17       17       17       17       17       17       17       17       17       17       17       17       17       17       17       17       17       17       17       17       17       17 
  [  66]        0        0        0        0        0        0        0        0        0        0        0        0        0        0        0        0        0        0        0        0        0        0        0        0        0        0        0        0        0        0        0        0 
  [  67]       17       17       17       17       17       17       17       17       17       17       17       17       17       17       17       17       17       17       17       17       17       17       17       17       17       17       17       17       17       17       17       17 
  [  68]        0        0        0        0        0        0        0        0        0        0        0        0        0        0        0        0        0        0        0        0        0        0        0        0        0        0        0        0        0        0        0        0 
  [  69]       17       17       17       17       17       17       17       17       17       17       17       17       17       17       17       17       17       17       17       17       17       17       17       17       17       17       17       17       17       17       17       17 
  [  70]        0        0        0        0        0        0        0        0        0        0        0        0        0        0        0        0        0        0        0        0        0        0        0        0        0        0        0        0        0        0        0        0 
  [  71]       17       17       17       17       17       17       17       17       17       17       17       17       17       17       17       17       17       17       17       17       17       17       17       17       17       17       17       17       17       17       17       17 
  [  72]        0        0        0        0        0        0        0        0        0        0        0        0        0        0        0        0        0        0        0        0        0        0        0        0        0        0        0        0        0        0        0        0 
  [  73]       17       17       17       17       17       17       17       17       17       17       17       17       17       17       17       17       17       17       17       17       17       17       17       17       17       17       17       17       17       17       17       17 
  [  74]        0        0        0        0        0        0        0        0        0        0        0        0        0        0        0        0        0        0        0        0        0        0        0        0        0        0        0        0        0        0        0        0 
  [  75]       17       17       17       17       17       17       17       17       17       17       17       17       17       17       17       17       17       17       17       17       17       17       17       17       17       17       17       17       17       17       17       17 
  [  76]        0        0        0        0        0        0        0        0        0        0        0        0        0        0        0        0        0        0        0        0        0        0        0        0        0        0        0        0        0        0        0        0 
  [  77]       17       17       17       17       17       17       17       17       17       17       17       17       17       17       17       17       17       17       17       17       17       17       17       17       17       17       17       17       17       17       17       17 
  [  78]        0        0        0        0        0        0        0        0        0        0        0        0        0        0        0        0        0        0        0        0        0        0        0        0        0        0        0        0        0        0        0        0 
  [  79]       17       17       17       17       17       17       17       17       17       17       17       17       17       17       17       17       17       17       17       17       17       17       17       17       17       17       17       17       17       17       17       17 
  [  80]        0        0        0        0        0        0        0        0        0        0        0        0        0        0        0        0        0        0        0        0        0        0        0        0        0        0        0        0        0        0        0        0 
  [  81]       17       17       17       17       17       17       17       17       17       17       17       17       17       17       17       17       17       17       17       17       17       17       17       17       17       17       17       17       17       17       17       17 
  [  82]        0        0        0        0        0        0        0        0        0        0        0        0        0        0        0        0        0        0        0        0        0        0        0        0        0        0        0        0        0        0        0        0 
  [  83]       17       17       17       17       17       17       17       17       17       17       17       17       17       17       17       17       17       17       17       17       17       17       17       17       17       17       17       17       17       17       17       17 
  [  84]        0        0        0        0        0        0        0        0        0        0        0        0        0        0        0        0        0        0        0        0        0        0        0        0        0        0        0        0        0        0        0        0 
  [  85]       17       17       17       17       17       17       17       17       17       17       17       17       17       17       17       17       17       17       17       17       17       17       17       17       17       17       17       17       17       17       17       17 
  [  86]        0        0        0        0        0        0        0        0        0        0        0        0        0        0        0        0        0        0        0        0        0        0        0        0        0        0        0        0        0        0        0        0 
  [  87]       17       17       17       17       17       17       17       17       17       17       17       17       17       17       17       17       17       17       17       17       17       17       17       17       17       17       17       17       17       17       17       17 
  [  88]        0        0        0        0        0        0        0        0        0        0        0        0        0        0        0        0        0        0        0        0        0        0        0        0        0        0        0        0        0        0        0        0 
  [  89]       17       17       17       17       17       17       17       17       17       17       17       17       17       17       17       17       17       17       17       17       17       17       17       17       17       17       17       17       17       17       17       17 
  [  90]        0        0        0        0        0        0        0        0        0        0        0        0        0        0        0        0        0        0        0        0        0        0        0        0        0        0        0        0        0        0        0        0 
  [  91]       17       17       17       17       17       17       17       17       17       17       17       17       17       17       17       17       17       17       17       17       17       17       17       17       17       17       17       17       17       17       17       17 
  [  92]        0        0        0        0        0        0        0        0        0        0        0        0        0        0        0        0        0        0        0        0        0        0        0        0        0        0        0        0        0        0        0        0 
  [  93]       17       17       17       17       17       17       17       17       17       17       17       17       17       17       17       17       17       17       17       17       17       17       17       17       17       17       17       17       17       17       17       17 
  [  94]        0        0        0        0        0        0        0        0        0        0        0        0        0        0        0        0        0        0        0        0        0        0        0        0        0        0        0        0        0        0        0        0 
  [  95]       17       17       17       17       17       17       17       17       17       17       17       17       17       17       17       17       17       17       17       17       17       17       17       17       17       17       17       17       17       17       17       17 
  [  96]        0        0        0        0        0        0        0        0        0        0        0        0        0        0        0        0        0        0        0        0        0        0        0        0        0        0        0        0        0        0        0        0 
  [  97]       17       17       17       17       17       17       17       17       17       17       17       17       17       17       17       17       17       17       17       17       17       17       17       17       17       17       17       17       17       17       17       17 
  [  98]        0        0        0        0        0        0        0        0        0        0        0        0        0        0        0        0        0        0        0        0        0        0        0        0        0        0        0        0        0        0        0        0 
  [  99]       17       17       17       17       17       17       17       17       17       17       17       17       17       17       17       17       17       17       17       17       17       17       17       17       17       17       17       17       17       17       17       17 
  [ 100]        0        0        0        0        0        0        0        0        0        0        0        0        0        0        0        0        0        0        0        0        0        0        0        0        0        0        0        0        0        0        0        0 
  [ 101]       17       17       17       17       17       17       17       17       17       17       17       17       17       17       17       17       17       17       17       17       17       17       17       17       17       17       17       17       17       17       17       17 
  [ 102]        0        0        0        0        0        0        0        0        0        0        0        0        0        0        0        0        0        0        0        0        0        0        0        0        0        0        0        0        0        0        0        0 
  [ 103]       17       17       17       17       17       17       17       17       17       17       17       17       17       17       17       17       17       17       17       17       17       17       17       17       17       17       17       17       17       17       17       17 
  [ 104]        0        0        0        0        0        0        0        0        0        0        0        0        0        0        0        0        0        0        0        0        0        0        0        0        0        0        0        0        0        0        0        0 
  [ 105]       17       17       17       17       17       17       17       17       17       17       17       17       17       17       17       17       17       17       17       17       17       17       17       17       17       17       17       17       17       17       17       17 
  [ 106]        0        0        0        0        0        0        0        0        0        0        0        0        0        0        0        0        0        0        0        0        0        0        0        0        0        0        0        0        0        0        0        0 
  [ 107]       17       17       17       17       17       17       17       17       17       17       17       17       17       17       17       17       17       17       17       17       17       17       17       17       17       17       17       17       17       17       17       17 
  [ 108]        0        0        0        0        0        0        0        0        0        0        0        0        0        0        0        0        0        0        0        0        0        0        0        0        0        0        0        0        0        0        0        0 
  [ 109]       17       17       17       17       17       17       17       17       17       17       17       17       17       17       17       17       17       17       17       17       17       17       17       17       17       17       17       17       17       17       17       17 
  [ 110]        0        0        0        0        0        0        0        0        0        0        0        0        0        0        0        0        0        0        0        0        0        0        0        0        0        0        0        0        0        0        0        0 
  [ 111]       17       17       17       17       17       17       17       17       17       17       17       17       17       17       17       17       17       17       17       17       17       17       17       17       17       17       17       17       17       17       17       17 
  [ 112]        0        0        0        0        0        0        0        0        0        0        0        0        0        0        0        0        0        0        0        0        0        0        0        0        0        0        0        0        0        0        0        0 
  [ 113]       17       17       17       17       17       17       17       17       17       17       17       17       17       17       17       17       17       17       17       17       17       17       17       17       17       17       17       17       17       17       17       17 
  [ 114]        0        0        0        0        0        0        0        0        0        0        0        0        0        0        0        0        0        0        0        0        0        0        0        0        0        0        0        0        0        0        0        0 
  [ 115]       17       17       17       17       17       17       17       17       17       17       17       17       17       17       17       17       17       17       17       17       17       17       17       17       17       17       17       17       17       17       17       17 
  [ 116]        0        0        0        0        0        0        0        0        0        0        0        0        0        0        0        0        0        0        0        0        0        0        0        0        0        0        0        0        0        0        0        0 
  [ 117]       17       17       17       17       17       17       17       17       17       17       17       17       17       17       17       17       17       17       17       17       17       17       17       17       17       17       17       17       17       17       17       17 
  [ 118]        0        0        0        0        0        0        0        0        0        0        0        0        0        0        0        0        0        0        0        0        0        0        0        0        0        0        0        0        0        0        0        0 
  [ 119]       17       17       17       17       17       17       17       17       17       17       17       17       17       17       17       17       17       17       17       17       17       17       17       17       17       17       17       17       17       17       17       17 
  [ 120]        0        0        0        0        0        0        0        0        0        0        0        0        0        0        0        0        0        0        0        0        0        0        0        0        0        0        0        0        0        0        0        0 
  [ 121]       17       17       17       17       17       17       17       17       17       17       17       17       17       17       17       17       17       17       17       17       17       17       17       17       17       17       17       17       17       17       17       17 
  [ 122]        0        0        0        0        0        0        0        0        0        0        0        0        0        0        0        0        0        0        0        0        0        0        0        0        0        0        0        0        0        0        0        0 
  [ 123]       17       17       17       17       17       17       17       17       17       17       17       17       17       17       17       17       17       17       17       17       17       17       17       17       17       17       17       17       17       17       17       17 
  [ 124]        0        0        0        0        0        0        0        0        0        0        0        0        0        0        0        0        0        0        0        0        0        0        0        0        0        0        0        0        0        0        0        0 
  [ 125]       17       17       17       17       17       17       17       17       17       17       17       17       17       17       17       17       17       17       17       17       17       17       17       17       17       17       17       17       17       17       17       17 
  [ 126]        0        0        0        0        0        0        0        0        0        0        0        0        0        0        0        0        0        0        0        0        0        0        0        0        0        0        0        0        0        0        0        0 
  [ 127]       17       17       17       17       17       17       17       17       17       17       17       17       17       17       17       17       17       17       17       17       17       17       17       17       17       17       17       17       17       17       17       17 
  Expected output shape: [64, 64]
  Output size: 4096 elements (16384 bytes)
  Output address range: 0x40020000 - 0x40024000

--- Test 1: 64x64 MMA ---
  Configuration:
    - Top Reg: [8, 64, 4]  (G=8, N=64, K=4)
    - Left Reg: [8, 64, 4] (G=8, M=64, K=4)
    - Output: [64, 64] = 4096 int32 values (16KB)
    - top_tmask_ld = left_tmask_ld = 0x01 (single group enabled)
    - top_twidth_ld = 256 bytes → N = 64
    - left_twidth_ld = 256 bytes → M = 64
  Loading data to Top Reg from 0x40000000...
[TC-DISP] exec_tensorcomp called
[TC-DISP] engine_id=1, mop3=0, st=0, mode3=2, funct2=0
[TC-DISP] Calling exec_tc_ld_top
[TC-EXEC] tc_ld_top: imm6=0, rs1v=0x40000000, mask=0x000000FF, width=256
[TC-EXEC] base_addr: 0x40000000
[TC-VERIFY] Load #0: addr=0x40000000, offset=0, bytes=256
[TC-VERIFY] Loaded data: 
00 00 00 00 00 00 00 00 00 00 00 00 00 00 00 00 00 00 00 00 00 00 00 00 00 00 00 00 00 00 00 00 00 00 00 00 00 00 00 00 00 00 00 00 00 00 00 00 00 00 00 00 00 00 00 00 00 00 00 00 00 00 00 00 00 00 00 00 00 00 00 00 00 00 00 00 00 00 00 00 00 00 00 00 00 00 00 00 00 00 00 00 00 00 00 00 00 00 00 00 00 00 00 00 00 00 00 00 00 00 00 00 00 00 00 00 00 00 00 00 00 00 00 00 00 00 00 00 
01 00 00 00 01 00 00 00 01 00 00 00 01 00 00 00 01 00 00 00 01 00 00 00 01 00 00 00 01 00 00 00 01 00 00 00 01 00 00 00 01 00 00 00 01 00 00 00 01 00 00 00 01 00 00 00 01 00 00 00 01 00 00 00 01 00 00 00 01 00 00 00 01 00 00 00 01 00 00 00 01 00 00 00 01 00 00 00 01 00 00 00 01 00 00 00 01 00 00 00 01 00 00 00 01 00 00 00 01 00 00 00 01 00 00 00 01 00 00 00 01 00 00 00 01 00 00 00 
[TC-VERIFY] Load #1: addr=0x40000100, offset=256, bytes=256
[TC-VERIFY] Loaded data: 
02 00 00 00 02 00 00 00 02 00 00 00 02 00 00 00 02 00 00 00 02 00 00 00 02 00 00 00 02 00 00 00 02 00 00 00 02 00 00 00 02 00 00 00 02 00 00 00 02 00 00 00 02 00 00 00 02 00 00 00 02 00 00 00 02 00 00 00 02 00 00 00 02 00 00 00 02 00 00 00 02 00 00 00 02 00 00 00 02 00 00 00 02 00 00 00 02 00 00 00 02 00 00 00 02 00 00 00 02 00 00 00 02 00 00 00 02 00 00 00 02 00 00 00 02 00 00 00 
03 00 00 00 03 00 00 00 03 00 00 00 03 00 00 00 03 00 00 00 03 00 00 00 03 00 00 00 03 00 00 00 03 00 00 00 03 00 00 00 03 00 00 00 03 00 00 00 03 00 00 00 03 00 00 00 03 00 00 00 03 00 00 00 03 00 00 00 03 00 00 00 03 00 00 00 03 00 00 00 03 00 00 00 03 00 00 00 03 00 00 00 03 00 00 00 03 00 00 00 03 00 00 00 03 00 00 00 03 00 00 00 03 00 00 00 03 00 00 00 03 00 00 00 03 00 00 00 
[TC-VERIFY] Load #2: addr=0x40000200, offset=512, bytes=256
[TC-VERIFY] Loaded data: 
04 00 00 00 04 00 00 00 04 00 00 00 04 00 00 00 04 00 00 00 04 00 00 00 04 00 00 00 04 00 00 00 04 00 00 00 04 00 00 00 04 00 00 00 04 00 00 00 04 00 00 00 04 00 00 00 04 00 00 00 04 00 00 00 04 00 00 00 04 00 00 00 04 00 00 00 04 00 00 00 04 00 00 00 04 00 00 00 04 00 00 00 04 00 00 00 04 00 00 00 04 00 00 00 04 00 00 00 04 00 00 00 04 00 00 00 04 00 00 00 04 00 00 00 04 00 00 00 
05 00 00 00 05 00 00 00 05 00 00 00 05 00 00 00 05 00 00 00 05 00 00 00 05 00 00 00 05 00 00 00 05 00 00 00 05 00 00 00 05 00 00 00 05 00 00 00 05 00 00 00 05 00 00 00 05 00 00 00 05 00 00 00 05 00 00 00 05 00 00 00 05 00 00 00 05 00 00 00 05 00 00 00 05 00 00 00 05 00 00 00 05 00 00 00 05 00 00 00 05 00 00 00 05 00 00 00 05 00 00 00 05 00 00 00 05 00 00 00 05 00 00 00 05 00 00 00 
[TC-VERIFY] Load #3: addr=0x40000300, offset=768, bytes=256
[TC-VERIFY] Loaded data: 
06 00 00 00 06 00 00 00 06 00 00 00 06 00 00 00 06 00 00 00 06 00 00 00 06 00 00 00 06 00 00 00 06 00 00 00 06 00 00 00 06 00 00 00 06 00 00 00 06 00 00 00 06 00 00 00 06 00 00 00 06 00 00 00 06 00 00 00 06 00 00 00 06 00 00 00 06 00 00 00 06 00 00 00 06 00 00 00 06 00 00 00 06 00 00 00 06 00 00 00 06 00 00 00 06 00 00 00 06 00 00 00 06 00 00 00 06 00 00 00 06 00 00 00 06 00 00 00 
07 00 00 00 07 00 00 00 07 00 00 00 07 00 00 00 07 00 00 00 07 00 00 00 07 00 00 00 07 00 00 00 07 00 00 00 07 00 00 00 07 00 00 00 07 00 00 00 07 00 00 00 07 00 00 00 07 00 00 00 07 00 00 00 07 00 00 00 07 00 00 00 07 00 00 00 07 00 00 00 07 00 00 00 07 00 00 00 07 00 00 00 07 00 00 00 07 00 00 00 07 00 00 00 07 00 00 00 07 00 00 00 07 00 00 00 07 00 00 00 07 00 00 00 07 00 00 00 
[TC-VERIFY] Load #4: addr=0x40000400, offset=1024, bytes=256
[TC-VERIFY] Loaded data: 
08 00 00 00 08 00 00 00 08 00 00 00 08 00 00 00 08 00 00 00 08 00 00 00 08 00 00 00 08 00 00 00 08 00 00 00 08 00 00 00 08 00 00 00 08 00 00 00 08 00 00 00 08 00 00 00 08 00 00 00 08 00 00 00 08 00 00 00 08 00 00 00 08 00 00 00 08 00 00 00 08 00 00 00 08 00 00 00 08 00 00 00 08 00 00 00 08 00 00 00 08 00 00 00 08 00 00 00 08 00 00 00 08 00 00 00 08 00 00 00 08 00 00 00 08 00 00 00 
09 00 00 00 09 00 00 00 09 00 00 00 09 00 00 00 09 00 00 00 09 00 00 00 09 00 00 00 09 00 00 00 09 00 00 00 09 00 00 00 09 00 00 00 09 00 00 00 09 00 00 00 09 00 00 00 09 00 00 00 09 00 00 00 09 00 00 00 09 00 00 00 09 00 00 00 09 00 00 00 09 00 00 00 09 00 00 00 09 00 00 00 09 00 00 00 09 00 00 00 09 00 00 00 09 00 00 00 09 00 00 00 09 00 00 00 09 00 00 00 09 00 00 00 09 00 00 00 
[TC-VERIFY] Load #5: addr=0x40000500, offset=1280, bytes=256
[TC-VERIFY] Loaded data: 
0A 00 00 00 0A 00 00 00 0A 00 00 00 0A 00 00 00 0A 00 00 00 0A 00 00 00 0A 00 00 00 0A 00 00 00 0A 00 00 00 0A 00 00 00 0A 00 00 00 0A 00 00 00 0A 00 00 00 0A 00 00 00 0A 00 00 00 0A 00 00 00 0A 00 00 00 0A 00 00 00 0A 00 00 00 0A 00 00 00 0A 00 00 00 0A 00 00 00 0A 00 00 00 0A 00 00 00 0A 00 00 00 0A 00 00 00 0A 00 00 00 0A 00 00 00 0A 00 00 00 0A 00 00 00 0A 00 00 00 0A 00 00 00 
0B 00 00 00 0B 00 00 00 0B 00 00 00 0B 00 00 00 0B 00 00 00 0B 00 00 00 0B 00 00 00 0B 00 00 00 0B 00 00 00 0B 00 00 00 0B 00 00 00 0B 00 00 00 0B 00 00 00 0B 00 00 00 0B 00 00 00 0B 00 00 00 0B 00 00 00 0B 00 00 00 0B 00 00 00 0B 00 00 00 0B 00 00 00 0B 00 00 00 0B 00 00 00 0B 00 00 00 0B 00 00 00 0B 00 00 00 0B 00 00 00 0B 00 00 00 0B 00 00 00 0B 00 00 00 0B 00 00 00 0B 00 00 00 
[TC-VERIFY] Load #6: addr=0x40000600, offset=1536, bytes=256
[TC-VERIFY] Loaded data: 
0C 00 00 00 0C 00 00 00 0C 00 00 00 0C 00 00 00 0C 00 00 00 0C 00 00 00 0C 00 00 00 0C 00 00 00 0C 00 00 00 0C 00 00 00 0C 00 00 00 0C 00 00 00 0C 00 00 00 0C 00 00 00 0C 00 00 00 0C 00 00 00 0C 00 00 00 0C 00 00 00 0C 00 00 00 0C 00 00 00 0C 00 00 00 0C 00 00 00 0C 00 00 00 0C 00 00 00 0C 00 00 00 0C 00 00 00 0C 00 00 00 0C 00 00 00 0C 00 00 00 0C 00 00 00 0C 00 00 00 0C 00 00 00 
0D 00 00 00 0D 00 00 00 0D 00 00 00 0D 00 00 00 0D 00 00 00 0D 00 00 00 0D 00 00 00 0D 00 00 00 0D 00 00 00 0D 00 00 00 0D 00 00 00 0D 00 00 00 0D 00 00 00 0D 00 00 00 0D 00 00 00 0D 00 00 00 0D 00 00 00 0D 00 00 00 0D 00 00 00 0D 00 00 00 0D 00 00 00 0D 00 00 00 0D 00 00 00 0D 00 00 00 0D 00 00 00 0D 00 00 00 0D 00 00 00 0D 00 00 00 0D 00 00 00 0D 00 00 00 0D 00 00 00 0D 00 00 00 
[TC-VERIFY] Load #7: addr=0x40000700, offset=1792, bytes=256
[TC-VERIFY] Loaded data: 
0E 00 00 00 0E 00 00 00 0E 00 00 00 0E 00 00 00 0E 00 00 00 0E 00 00 00 0E 00 00 00 0E 00 00 00 0E 00 00 00 0E 00 00 00 0E 00 00 00 0E 00 00 00 0E 00 00 00 0E 00 00 00 0E 00 00 00 0E 00 00 00 0E 00 00 00 0E 00 00 00 0E 00 00 00 0E 00 00 00 0E 00 00 00 0E 00 00 00 0E 00 00 00 0E 00 00 00 0E 00 00 00 0E 00 00 00 0E 00 00 00 0E 00 00 00 0E 00 00 00 0E 00 00 00 0E 00 00 00 0E 00 00 00 
0F 00 00 00 0F 00 00 00 0F 00 00 00 0F 00 00 00 0F 00 00 00 0F 00 00 00 0F 00 00 00 0F 00 00 00 0F 00 00 00 0F 00 00 00 0F 00 00 00 0F 00 00 00 0F 00 00 00 0F 00 00 00 0F 00 00 00 0F 00 00 00 0F 00 00 00 0F 00 00 00 0F 00 00 00 0F 00 00 00 0F 00 00 00 0F 00 00 00 0F 00 00 00 0F 00 00 00 0F 00 00 00 0F 00 00 00 0F 00 00 00 0F 00 00 00 0F 00 00 00 0F 00 00 00 0F 00 00 00 0F 00 00 00 
  Loading data to Left Reg from 0x40000800...
[TC-DISP] exec_tensorcomp called
[TC-DISP] engine_id=1, mop3=0, st=0, mode3=1, funct2=0
[TC-VERIFY] Load #0: addr=0x40000800, offset=0, bytes=256
[TC-VERIFY] Loaded data: 
10 00 00 00 10 00 00 00 10 00 00 00 10 00 00 00 10 00 00 00 10 00 00 00 10 00 00 00 10 00 00 00 10 00 00 00 10 00 00 00 10 00 00 00 10 00 00 00 10 00 00 00 10 00 00 00 10 00 00 00 10 00 00 00 10 00 00 00 10 00 00 00 10 00 00 00 10 00 00 00 10 00 00 00 10 00 00 00 10 00 00 00 10 00 00 00 10 00 00 00 10 00 00 00 10 00 00 00 10 00 00 00 10 00 00 00 10 00 00 00 10 00 00 00 10 00 00 00 
11 00 00 00 11 00 00 00 11 00 00 00 11 00 00 00 11 00 00 00 11 00 00 00 11 00 00 00 11 00 00 00 11 00 00 00 11 00 00 00 11 00 00 00 11 00 00 00 11 00 00 00 11 00 00 00 11 00 00 00 11 00 00 00 11 00 00 00 11 00 00 00 11 00 00 00 11 00 00 00 11 00 00 00 11 00 00 00 11 00 00 00 11 00 00 00 11 00 00 00 11 00 00 00 11 00 00 00 11 00 00 00 11 00 00 00 11 00 00 00 11 00 00 00 11 00 00 00 

[TC-VERIFY] Load #1: addr=0x40000900, offset=256, bytes=256
[TC-VERIFY] Loaded data: 
12 00 00 00 12 00 00 00 12 00 00 00 12 00 00 00 12 00 00 00 12 00 00 00 12 00 00 00 12 00 00 00 12 00 00 00 12 00 00 00 12 00 00 00 12 00 00 00 12 00 00 00 12 00 00 00 12 00 00 00 12 00 00 00 12 00 00 00 12 00 00 00 12 00 00 00 12 00 00 00 12 00 00 00 12 00 00 00 12 00 00 00 12 00 00 00 12 00 00 00 12 00 00 00 12 00 00 00 12 00 00 00 12 00 00 00 12 00 00 00 12 00 00 00 12 00 00 00 
13 00 00 00 13 00 00 00 13 00 00 00 13 00 00 00 13 00 00 00 13 00 00 00 13 00 00 00 13 00 00 00 13 00 00 00 13 00 00 00 13 00 00 00 13 00 00 00 13 00 00 00 13 00 00 00 13 00 00 00 13 00 00 00 13 00 00 00 13 00 00 00 13 00 00 00 13 00 00 00 13 00 00 00 13 00 00 00 13 00 00 00 13 00 00 00 13 00 00 00 13 00 00 00 13 00 00 00 13 00 00 00 13 00 00 00 13 00 00 00 13 00 00 00 13 00 00 00 

[TC-VERIFY] Load #2: addr=0x40000A00, offset=512, bytes=256
[TC-VERIFY] Loaded data: 
14 00 00 00 14 00 00 00 14 00 00 00 14 00 00 00 14 00 00 00 14 00 00 00 14 00 00 00 14 00 00 00 14 00 00 00 14 00 00 00 14 00 00 00 14 00 00 00 14 00 00 00 14 00 00 00 14 00 00 00 14 00 00 00 14 00 00 00 14 00 00 00 14 00 00 00 14 00 00 00 14 00 00 00 14 00 00 00 14 00 00 00 14 00 00 00 14 00 00 00 14 00 00 00 14 00 00 00 14 00 00 00 14 00 00 00 14 00 00 00 14 00 00 00 14 00 00 00 
15 00 00 00 15 00 00 00 15 00 00 00 15 00 00 00 15 00 00 00 15 00 00 00 15 00 00 00 15 00 00 00 15 00 00 00 15 00 00 00 15 00 00 00 15 00 00 00 15 00 00 00 15 00 00 00 15 00 00 00 15 00 00 00 15 00 00 00 15 00 00 00 15 00 00 00 15 00 00 00 15 00 00 00 15 00 00 00 15 00 00 00 15 00 00 00 15 00 00 00 15 00 00 00 15 00 00 00 15 00 00 00 15 00 00 00 15 00 00 00 15 00 00 00 15 00 00 00 

[TC-VERIFY] Load #3: addr=0x40000B00, offset=768, bytes=256
[TC-VERIFY] Loaded data: 
16 00 00 00 16 00 00 00 16 00 00 00 16 00 00 00 16 00 00 00 16 00 00 00 16 00 00 00 16 00 00 00 16 00 00 00 16 00 00 00 16 00 00 00 16 00 00 00 16 00 00 00 16 00 00 00 16 00 00 00 16 00 00 00 16 00 00 00 16 00 00 00 16 00 00 00 16 00 00 00 16 00 00 00 16 00 00 00 16 00 00 00 16 00 00 00 16 00 00 00 16 00 00 00 16 00 00 00 16 00 00 00 16 00 00 00 16 00 00 00 16 00 00 00 16 00 00 00 
17 00 00 00 17 00 00 00 17 00 00 00 17 00 00 00 17 00 00 00 17 00 00 00 17 00 00 00 17 00 00 00 17 00 00 00 17 00 00 00 17 00 00 00 17 00 00 00 17 00 00 00 17 00 00 00 17 00 00 00 17 00 00 00 17 00 00 00 17 00 00 00 17 00 00 00 17 00 00 00 17 00 00 00 17 00 00 00 17 00 00 00 17 00 00 00 17 00 00 00 17 00 00 00 17 00 00 00 17 00 00 00 17 00 00 00 17 00 00 00 17 00 00 00 17 00 00 00 

[TC-VERIFY] Load #4: addr=0x40000C00, offset=1024, bytes=256
[TC-VERIFY] Loaded data: 
18 00 00 00 18 00 00 00 18 00 00 00 18 00 00 00 18 00 00 00 18 00 00 00 18 00 00 00 18 00 00 00 18 00 00 00 18 00 00 00 18 00 00 00 18 00 00 00 18 00 00 00 18 00 00 00 18 00 00 00 18 00 00 00 18 00 00 00 18 00 00 00 18 00 00 00 18 00 00 00 18 00 00 00 18 00 00 00 18 00 00 00 18 00 00 00 18 00 00 00 18 00 00 00 18 00 00 00 18 00 00 00 18 00 00 00 18 00 00 00 18 00 00 00 18 00 00 00 
19 00 00 00 19 00 00 00 19 00 00 00 19 00 00 00 19 00 00 00 19 00 00 00 19 00 00 00 19 00 00 00 19 00 00 00 19 00 00 00 19 00 00 00 19 00 00 00 19 00 00 00 19 00 00 00 19 00 00 00 19 00 00 00 19 00 00 00 19 00 00 00 19 00 00 00 19 00 00 00 19 00 00 00 19 00 00 00 19 00 00 00 19 00 00 00 19 00 00 00 19 00 00 00 19 00 00 00 19 00 00 00 19 00 00 00 19 00 00 00 19 00 00 00 19 00 00 00 

[TC-VERIFY] Load #5: addr=0x40000D00, offset=1280, bytes=256
[TC-VERIFY] Loaded data: 
1A 00 00 00 1A 00 00 00 1A 00 00 00 1A 00 00 00 1A 00 00 00 1A 00 00 00 1A 00 00 00 1A 00 00 00 1A 00 00 00 1A 00 00 00 1A 00 00 00 1A 00 00 00 1A 00 00 00 1A 00 00 00 1A 00 00 00 1A 00 00 00 1A 00 00 00 1A 00 00 00 1A 00 00 00 1A 00 00 00 1A 00 00 00 1A 00 00 00 1A 00 00 00 1A 00 00 00 1A 00 00 00 1A 00 00 00 1A 00 00 00 1A 00 00 00 1A 00 00 00 1A 00 00 00 1A 00 00 00 1A 00 00 00 
1B 00 00 00 1B 00 00 00 1B 00 00 00 1B 00 00 00 1B 00 00 00 1B 00 00 00 1B 00 00 00 1B 00 00 00 1B 00 00 00 1B 00 00 00 1B 00 00 00 1B 00 00 00 1B 00 00 00 1B 00 00 00 1B 00 00 00 1B 00 00 00 1B 00 00 00 1B 00 00 00 1B 00 00 00 1B 00 00 00 1B 00 00 00 1B 00 00 00 1B 00 00 00 1B 00 00 00 1B 00 00 00 1B 00 00 00 1B 00 00 00 1B 00 00 00 1B 00 00 00 1B 00 00 00 1B 00 00 00 1B 00 00 00 

[TC-VERIFY] Load #6: addr=0x40000E00, offset=1536, bytes=256
[TC-VERIFY] Loaded data: 
1C 00 00 00 1C 00 00 00 1C 00 00 00 1C 00 00 00 1C 00 00 00 1C 00 00 00 1C 00 00 00 1C 00 00 00 1C 00 00 00 1C 00 00 00 1C 00 00 00 1C 00 00 00 1C 00 00 00 1C 00 00 00 1C 00 00 00 1C 00 00 00 1C 00 00 00 1C 00 00 00 1C 00 00 00 1C 00 00 00 1C 00 00 00 1C 00 00 00 1C 00 00 00 1C 00 00 00 1C 00 00 00 1C 00 00 00 1C 00 00 00 1C 00 00 00 1C 00 00 00 1C 00 00 00 1C 00 00 00 1C 00 00 00 
1D 00 00 00 1D 00 00 00 1D 00 00 00 1D 00 00 00 1D 00 00 00 1D 00 00 00 1D 00 00 00 1D 00 00 00 1D 00 00 00 1D 00 00 00 1D 00 00 00 1D 00 00 00 1D 00 00 00 1D 00 00 00 1D 00 00 00 1D 00 00 00 1D 00 00 00 1D 00 00 00 1D 00 00 00 1D 00 00 00 1D 00 00 00 1D 00 00 00 1D 00 00 00 1D 00 00 00 1D 00 00 00 1D 00 00 00 1D 00 00 00 1D 00 00 00 1D 00 00 00 1D 00 00 00 1D 00 00 00 1D 00 00 00 

[TC-VERIFY] Load #7: addr=0x40000F00, offset=1792, bytes=256
[TC-VERIFY] Loaded data: 
1E 00 00 00 1E 00 00 00 1E 00 00 00 1E 00 00 00 1E 00 00 00 1E 00 00 00 1E 00 00 00 1E 00 00 00 1E 00 00 00 1E 00 00 00 1E 00 00 00 1E 00 00 00 1E 00 00 00 1E 00 00 00 1E 00 00 00 1E 00 00 00 1E 00 00 00 1E 00 00 00 1E 00 00 00 1E 00 00 00 1E 00 00 00 1E 00 00 00 1E 00 00 00 1E 00 00 00 1E 00 00 00 1E 00 00 00 1E 00 00 00 1E 00 00 00 1E 00 00 00 1E 00 00 00 1E 00 00 00 1E 00 00 00 
1F 00 00 00 1F 00 00 00 1F 00 00 00 1F 00 00 00 1F 00 00 00 1F 00 00 00 1F 00 00 00 1F 00 00 00 1F 00 00 00 1F 00 00 00 1F 00 00 00 1F 00 00 00 1F 00 00 00 1F 00 00 00 1F 00 00 00 1F 00 00 00 1F 00 00 00 1F 00 00 00 1F 00 00 00 1F 00 00 00 1F 00 00 00 1F 00 00 00 1F 00 00 00 1F 00 00 00 1F 00 00 00 1F 00 00 00 1F 00 00 00 1F 00 00 00 1F 00 00 00 1F 00 00 00 1F 00 00 00 1F 00 00 00 

  Executing MMA computation...
[TC-DISP] exec_tensorcomp called
[TC-DISP] engine_id=1, mop3=0, st=1, mode3=3, funct2=0
[TC-VERIFY] Acc buffer dump (int32, 32 values per line):
  [   0]     1456     1456     1456     1456     1456     1456     1456     1456     1456     1456     1456     1456     1456     1456     1456     1456     1456     1456     1456     1456     1456     1456     1456     1456     1456     1456     1456     1456     1456     1456     1456     1456 
  [   1]     1640     1640     1640     1640     1640     1640     1640     1640     1640     1640     1640     1640     1640     1640     1640     1640     1640     1640     1640     1640     1640     1640     1640     1640     1640     1640     1640     1640     1640     1640     1640     1640 
  [   2]     1456     1456     1456     1456     1456     1456     1456     1456     1456     1456     1456     1456     1456     1456     1456     1456     1456     1456     1456     1456     1456     1456     1456     1456     1456     1456     1456     1456     1456     1456     1456     1456 
  [   3]     1640     1640     1640     1640     1640     1640     1640     1640     1640     1640     1640     1640     1640     1640     1640     1640     1640     1640     1640     1640     1640     1640     1640     1640     1640     1640     1640     1640     1640     1640     1640     1640 
  [   4]     1456     1456     1456     1456     1456     1456     1456     1456     1456     1456     1456     1456     1456     1456     1456     1456     1456     1456     1456     1456     1456     1456     1456     1456     1456     1456     1456     1456     1456     1456     1456     1456 
  [   5]     1640     1640     1640     1640     1640     1640     1640     1640     1640     1640     1640     1640     1640     1640     1640     1640     1640     1640     1640     1640     1640     1640     1640     1640     1640     1640     1640     1640     1640     1640     1640     1640 
  [   6]     1456     1456     1456     1456     1456     1456     1456     1456     1456     1456     1456     1456     1456     1456     1456     1456     1456     1456     1456     1456     1456     1456     1456     1456     1456     1456     1456     1456     1456     1456     1456     1456 
  [   7]     1640     1640     1640     1640     1640     1640     1640     1640     1640     1640     1640     1640     1640     1640     1640     1640     1640     1640     1640     1640     1640     1640     1640     1640     1640     1640     1640     1640     1640     1640     1640     1640 
  [   8]     1456     1456     1456     1456     1456     1456     1456     1456     1456     1456     1456     1456     1456     1456     1456     1456     1456     1456     1456     1456     1456     1456     1456     1456     1456     1456     1456     1456     1456     1456     1456     1456 
  [   9]     1640     1640     1640     1640     1640     1640     1640     1640     1640     1640     1640     1640     1640     1640     1640     1640     1640     1640     1640     1640     1640     1640     1640     1640     1640     1640     1640     1640     1640     1640     1640     1640 
  [  10]     1456     1456     1456     1456     1456     1456     1456     1456     1456     1456     1456     1456     1456     1456     1456     1456     1456     1456     1456     1456     1456     1456     1456     1456     1456     1456     1456     1456     1456     1456     1456     1456 
  [  11]     1640     1640     1640     1640     1640     1640     1640     1640     1640     1640     1640     1640     1640     1640     1640     1640     1640     1640     1640     1640     1640     1640     1640     1640     1640     1640     1640     1640     1640     1640     1640     1640 
  [  12]     1456     1456     1456     1456     1456     1456     1456     1456     1456     1456     1456     1456     1456     1456     1456     1456     1456     1456     1456     1456     1456     1456     1456     1456     1456     1456     1456     1456     1456     1456     1456     1456 
  [  13]     1640     1640     1640     1640     1640     1640     1640     1640     1640     1640     1640     1640     1640     1640     1640     1640     1640     1640     1640     1640     1640     1640     1640     1640     1640     1640     1640     1640     1640     1640     1640     1640 
  [  14]     1456     1456     1456     1456     1456     1456     1456     1456     1456     1456     1456     1456     1456     1456     1456     1456     1456     1456     1456     1456     1456     1456     1456     1456     1456     1456     1456     1456     1456     1456     1456     1456 
  [  15]     1640     1640     1640     1640     1640     1640     1640     1640     1640     1640     1640     1640     1640     1640     1640     1640     1640     1640     1640     1640     1640     1640     1640     1640     1640     1640     1640     1640     1640     1640     1640     1640 
  [  16]     1456     1456     1456     1456     1456     1456     1456     1456     1456     1456     1456     1456     1456     1456     1456     1456     1456     1456     1456     1456     1456     1456     1456     1456     1456     1456     1456     1456     1456     1456     1456     1456 
  [  17]     1640     1640     1640     1640     1640     1640     1640     1640     1640     1640     1640     1640     1640     1640     1640     1640     1640     1640     1640     1640     1640     1640     1640     1640     1640     1640     1640     1640     1640     1640     1640     1640 
  [  18]     1456     1456     1456     1456     1456     1456     1456     1456     1456     1456     1456     1456     1456     1456     1456     1456     1456     1456     1456     1456     1456     1456     1456     1456     1456     1456     1456     1456     1456     1456     1456     1456 
  [  19]     1640     1640     1640     1640     1640     1640     1640     1640     1640     1640     1640     1640     1640     1640     1640     1640     1640     1640     1640     1640     1640     1640     1640     1640     1640     1640     1640     1640     1640     1640     1640     1640 
  [  20]     1456     1456     1456     1456     1456     1456     1456     1456     1456     1456     1456     1456     1456     1456     1456     1456     1456     1456     1456     1456     1456     1456     1456     1456     1456     1456     1456     1456     1456     1456     1456     1456 
  [  21]     1640     1640     1640     1640     1640     1640     1640     1640     1640     1640     1640     1640     1640     1640     1640     1640     1640     1640     1640     1640     1640     1640     1640     1640     1640     1640     1640     1640     1640     1640     1640     1640 
  [  22]     1456     1456     1456     1456     1456     1456     1456     1456     1456     1456     1456     1456     1456     1456     1456     1456     1456     1456     1456     1456     1456     1456     1456     1456     1456     1456     1456     1456     1456     1456     1456     1456 
  [  23]     1640     1640     1640     1640     1640     1640     1640     1640     1640     1640     1640     1640     1640     1640     1640     1640     1640     1640     1640     1640     1640     1640     1640     1640     1640     1640     1640     1640     1640     1640     1640     1640 
  [  24]     1456     1456     1456     1456     1456     1456     1456     1456     1456     1456     1456     1456     1456     1456     1456     1456     1456     1456     1456     1456     1456     1456     1456     1456     1456     1456     1456     1456     1456     1456     1456     1456 
  [  25]     1640     1640     1640     1640     1640     1640     1640     1640     1640     1640     1640     1640     1640     1640     1640     1640     1640     1640     1640     1640     1640     1640     1640     1640     1640     1640     1640     1640     1640     1640     1640     1640 
  [  26]     1456     1456     1456     1456     1456     1456     1456     1456     1456     1456     1456     1456     1456     1456     1456     1456     1456     1456     1456     1456     1456     1456     1456     1456     1456     1456     1456     1456     1456     1456     1456     1456 
  [  27]     1640     1640     1640     1640     1640     1640     1640     1640     1640     1640     1640     1640     1640     1640     1640     1640     1640     1640     1640     1640     1640     1640     1640     1640     1640     1640     1640     1640     1640     1640     1640     1640 
  [  28]     1456     1456     1456     1456     1456     1456     1456     1456     1456     1456     1456     1456     1456     1456     1456     1456     1456     1456     1456     1456     1456     1456     1456     1456     1456     1456     1456     1456     1456     1456     1456     1456 
  [  29]     1640     1640     1640     1640     1640     1640     1640     1640     1640     1640     1640     1640     1640     1640     1640     1640     1640     1640     1640     1640     1640     1640     1640     1640     1640     1640     1640     1640     1640     1640     1640     1640 
  [  30]     1456     1456     1456     1456     1456     1456     1456     1456     1456     1456     1456     1456     1456     1456     1456     1456     1456     1456     1456     1456     1456     1456     1456     1456     1456     1456     1456     1456     1456     1456     1456     1456 
  [  31]     1640     1640     1640     1640     1640     1640     1640     1640     1640     1640     1640     1640     1640     1640     1640     1640     1640     1640     1640     1640     1640     1640     1640     1640     1640     1640     1640     1640     1640     1640     1640     1640 
  [  32]     1456     1456     1456     1456     1456     1456     1456     1456     1456     1456     1456     1456     1456     1456     1456     1456     1456     1456     1456     1456     1456     1456     1456     1456     1456     1456     1456     1456     1456     1456     1456     1456 
  [  33]     1640     1640     1640     1640     1640     1640     1640     1640     1640     1640     1640     1640     1640     1640     1640     1640     1640     1640     1640     1640     1640     1640     1640     1640     1640     1640     1640     1640     1640     1640     1640     1640 
  [  34]     1456     1456     1456     1456     1456     1456     1456     1456     1456     1456     1456     1456     1456     1456     1456     1456     1456     1456     1456     1456     1456     1456     1456     1456     1456     1456     1456     1456     1456     1456     1456     1456 
  [  35]     1640     1640     1640     1640     1640     1640     1640     1640     1640     1640     1640     1640     1640     1640     1640     1640     1640     1640     1640     1640     1640     1640     1640     1640     1640     1640     1640     1640     1640     1640     1640     1640 
  [  36]     1456     1456     1456     1456     1456     1456     1456     1456     1456     1456     1456     1456     1456     1456     1456     1456     1456     1456     1456     1456     1456     1456     1456     1456     1456     1456     1456     1456     1456     1456     1456     1456 
  [  37]     1640     1640     1640     1640     1640     1640     1640     1640     1640     1640     1640     1640     1640     1640     1640     1640     1640     1640     1640     1640     1640     1640     1640     1640     1640     1640     1640     1640     1640     1640     1640     1640 
  [  38]     1456     1456     1456     1456     1456     1456     1456     1456     1456     1456     1456     1456     1456     1456     1456     1456     1456     1456     1456     1456     1456     1456     1456     1456     1456     1456     1456     1456     1456     1456     1456     1456 
  [  39]     1640     1640     1640     1640     1640     1640     1640     1640     1640     1640     1640     1640     1640     1640     1640     1640     1640     1640     1640     1640     1640     1640     1640     1640     1640     1640     1640     1640     1640     1640     1640     1640 
  [  40]     1456     1456     1456     1456     1456     1456     1456     1456     1456     1456     1456     1456     1456     1456     1456     1456     1456     1456     1456     1456     1456     1456     1456     1456     1456     1456     1456     1456     1456     1456     1456     1456 
  [  41]     1640     1640     1640     1640     1640     1640     1640     1640     1640     1640     1640     1640     1640     1640     1640     1640     1640     1640     1640     1640     1640     1640     1640     1640     1640     1640     1640     1640     1640     1640     1640     1640 
  [  42]     1456     1456     1456     1456     1456     1456     1456     1456     1456     1456     1456     1456     1456     1456     1456     1456     1456     1456     1456     1456     1456     1456     1456     1456     1456     1456     1456     1456     1456     1456     1456     1456 
  [  43]     1640     1640     1640     1640     1640     1640     1640     1640     1640     1640     1640     1640     1640     1640     1640     1640     1640     1640     1640     1640     1640     1640     1640     1640     1640     1640     1640     1640     1640     1640     1640     1640 
  [  44]     1456     1456     1456     1456     1456     1456     1456     1456     1456     1456     1456     1456     1456     1456     1456     1456     1456     1456     1456     1456     1456     1456     1456     1456     1456     1456     1456     1456     1456     1456     1456     1456 
  [  45]     1640     1640     1640     1640     1640     1640     1640     1640     1640     1640     1640     1640     1640     1640     1640     1640     1640     1640     1640     1640     1640     1640     1640     1640     1640     1640     1640     1640     1640     1640     1640     1640 
  [  46]     1456     1456     1456     1456     1456     1456     1456     1456     1456     1456     1456     1456     1456     1456     1456     1456     1456     1456     1456     1456     1456     1456     1456     1456     1456     1456     1456     1456     1456     1456     1456     1456 
  [  47]     1640     1640     1640     1640     1640     1640     1640     1640     1640     1640     1640     1640     1640     1640     1640     1640     1640     1640     1640     1640     1640     1640     1640     1640     1640     1640     1640     1640     1640     1640     1640     1640 
  [  48]     1456     1456     1456     1456     1456     1456     1456     1456     1456     1456     1456     1456     1456     1456     1456     1456     1456     1456     1456     1456     1456     1456     1456     1456     1456     1456     1456     1456     1456     1456     1456     1456 
  [  49]     1640     1640     1640     1640     1640     1640     1640     1640     1640     1640     1640     1640     1640     1640     1640     1640     1640     1640     1640     1640     1640     1640     1640     1640     1640     1640     1640     1640     1640     1640     1640     1640 
  [  50]     1456     1456     1456     1456     1456     1456     1456     1456     1456     1456     1456     1456     1456     1456     1456     1456     1456     1456     1456     1456     1456     1456     1456     1456     1456     1456     1456     1456     1456     1456     1456     1456 
  [  51]     1640     1640     1640     1640     1640     1640     1640     1640     1640     1640     1640     1640     1640     1640     1640     1640     1640     1640     1640     1640     1640     1640     1640     1640     1640     1640     1640     1640     1640     1640     1640     1640 
  [  52]     1456     1456     1456     1456     1456     1456     1456     1456     1456     1456     1456     1456     1456     1456     1456     1456     1456     1456     1456     1456     1456     1456     1456     1456     1456     1456     1456     1456     1456     1456     1456     1456 
  [  53]     1640     1640     1640     1640     1640     1640     1640     1640     1640     1640     1640     1640     1640     1640     1640     1640     1640     1640     1640     1640     1640     1640     1640     1640     1640     1640     1640     1640     1640     1640     1640     1640 
  [  54]     1456     1456     1456     1456     1456     1456     1456     1456     1456     1456     1456     1456     1456     1456     1456     1456     1456     1456     1456     1456     1456     1456     1456     1456     1456     1456     1456     1456     1456     1456     1456     1456 
  [  55]     1640     1640     1640     1640     1640     1640     1640     1640     1640     1640     1640     1640     1640     1640     1640     1640     1640     1640     1640     1640     1640     1640     1640     1640     1640     1640     1640     1640     1640     1640     1640     1640 
  [  56]     1456     1456     1456     1456     1456     1456     1456     1456     1456     1456     1456     1456     1456     1456     1456     1456     1456     1456     1456     1456     1456     1456     1456     1456     1456     1456     1456     1456     1456     1456     1456     1456 
  [  57]     1640     1640     1640     1640     1640     1640     1640     1640     1640     1640     1640     1640     1640     1640     1640     1640     1640     1640     1640     1640     1640     1640     1640     1640     1640     1640     1640     1640     1640     1640     1640     1640 
  [  58]     1456     1456     1456     1456     1456     1456     1456     1456     1456     1456     1456     1456     1456     1456     1456     1456     1456     1456     1456     1456     1456     1456     1456     1456     1456     1456     1456     1456     1456     1456     1456     1456 
  [  59]     1640     1640     1640     1640     1640     1640     1640     1640     1640     1640     1640     1640     1640     1640     1640     1640     1640     1640     1640     1640     1640     1640     1640     1640     1640     1640     1640     1640     1640     1640     1640     1640 
  [  60]     1456     1456     1456     1456     1456     1456     1456     1456     1456     1456     1456     1456     1456     1456     1456     1456     1456     1456     1456     1456     1456     1456     1456     1456     1456     1456     1456     1456     1456     1456     1456     1456 
  [  61]     1640     1640     1640     1640     1640     1640     1640     1640     1640     1640     1640     1640     1640     1640     1640     1640     1640     1640     1640     1640     1640     1640     1640     1640     1640     1640     1640     1640     1640     1640     1640     1640 
  [  62]     1456     1456     1456     1456     1456     1456     1456     1456     1456     1456     1456     1456     1456     1456     1456     1456     1456     1456     1456     1456     1456     1456     1456     1456     1456     1456     1456     1456     1456     1456     1456     1456 
  [  63]     1640     1640     1640     1640     1640     1640     1640     1640     1640     1640     1640     1640     1640     1640     1640     1640     1640     1640     1640     1640     1640     1640     1640     1640     1640     1640     1640     1640     1640     1640     1640     1640 
  [  64]     1512     1512     1512     1512     1512     1512     1512     1512     1512     1512     1512     1512     1512     1512     1512     1512     1512     1512     1512     1512     1512     1512     1512     1512     1512     1512     1512     1512     1512     1512     1512     1512 
  [  65]     1704     1704     1704     1704     1704     1704     1704     1704     1704     1704     1704     1704     1704     1704     1704     1704     1704     1704     1704     1704     1704     1704     1704     1704     1704     1704     1704     1704     1704     1704     1704     1704 
  [  66]     1512     1512     1512     1512     1512     1512     1512     1512     1512     1512     1512     1512     1512     1512     1512     1512     1512     1512     1512     1512     1512     1512     1512     1512     1512     1512     1512     1512     1512     1512     1512     1512 
  [  67]     1704     1704     1704     1704     1704     1704     1704     1704     1704     1704     1704     1704     1704     1704     1704     1704     1704     1704     1704     1704     1704     1704     1704     1704     1704     1704     1704     1704     1704     1704     1704     1704 
  [  68]     1512     1512     1512     1512     1512     1512     1512     1512     1512     1512     1512     1512     1512     1512     1512     1512     1512     1512     1512     1512     1512     1512     1512     1512     1512     1512     1512     1512     1512     1512     1512     1512 
  [  69]     1704     1704     1704     1704     1704     1704     1704     1704     1704     1704     1704     1704     1704     1704     1704     1704     1704     1704     1704     1704     1704     1704     1704     1704     1704     1704     1704     1704     1704     1704     1704     1704 
  [  70]     1512     1512     1512     1512     1512     1512     1512     1512     1512     1512     1512     1512     1512     1512     1512     1512     1512     1512     1512     1512     1512     1512     1512     1512     1512     1512     1512     1512     1512     1512     1512     1512 
  [  71]     1704     1704     1704     1704     1704     1704     1704     1704     1704     1704     1704     1704     1704     1704     1704     1704     1704     1704     1704     1704     1704     1704     1704     1704     1704     1704     1704     1704     1704     1704     1704     1704 
  [  72]     1512     1512     1512     1512     1512     1512     1512     1512     1512     1512     1512     1512     1512     1512     1512     1512     1512     1512     1512     1512     1512     1512     1512     1512     1512     1512     1512     1512     1512     1512     1512     1512 
  [  73]     1704     1704     1704     1704     1704     1704     1704     1704     1704     1704     1704     1704     1704     1704     1704     1704     1704     1704     1704     1704     1704     1704     1704     1704     1704     1704     1704     1704     1704     1704     1704     1704 
  [  74]     1512     1512     1512     1512     1512     1512     1512     1512     1512     1512     1512     1512     1512     1512     1512     1512     1512     1512     1512     1512     1512     1512     1512     1512     1512     1512     1512     1512     1512     1512     1512     1512 
  [  75]     1704     1704     1704     1704     1704     1704     1704     1704     1704     1704     1704     1704     1704     1704     1704     1704     1704     1704     1704     1704     1704     1704     1704     1704     1704     1704     1704     1704     1704     1704     1704     1704 
  [  76]     1512     1512     1512     1512     1512     1512     1512     1512     1512     1512     1512     1512     1512     1512     1512     1512     1512     1512     1512     1512     1512     1512     1512     1512     1512     1512     1512     1512     1512     1512     1512     1512 
  [  77]     1704     1704     1704     1704     1704     1704     1704     1704     1704     1704     1704     1704     1704     1704     1704     1704     1704     1704     1704     1704     1704     1704     1704     1704     1704     1704     1704     1704     1704     1704     1704     1704 
  [  78]     1512     1512     1512     1512     1512     1512     1512     1512     1512     1512     1512     1512     1512     1512     1512     1512     1512     1512     1512     1512     1512     1512     1512     1512     1512     1512     1512     1512     1512     1512     1512     1512 
  [  79]     1704     1704     1704     1704     1704     1704     1704     1704     1704     1704     1704     1704     1704     1704     1704     1704     1704     1704     1704     1704     1704     1704     1704     1704     1704     1704     1704     1704     1704     1704     1704     1704 
  [  80]     1512     1512     1512     1512     1512     1512     1512     1512     1512     1512     1512     1512     1512     1512     1512     1512     1512     1512     1512     1512     1512     1512     1512     1512     1512     1512     1512     1512     1512     1512     1512     1512 
  [  81]     1704     1704     1704     1704     1704     1704     1704     1704     1704     1704     1704     1704     1704     1704     1704     1704     1704     1704     1704     1704     1704     1704     1704     1704     1704     1704     1704     1704     1704     1704     1704     1704 
  [  82]     1512     1512     1512     1512     1512     1512     1512     1512     1512     1512     1512     1512     1512     1512     1512     1512     1512     1512     1512     1512     1512     1512     1512     1512     1512     1512     1512     1512     1512     1512     1512     1512 
  [  83]     1704     1704     1704     1704     1704     1704     1704     1704     1704     1704     1704     1704     1704     1704     1704     1704     1704     1704     1704     1704     1704     1704     1704     1704     1704     1704     1704     1704     1704     1704     1704     1704 
  [  84]     1512     1512     1512     1512     1512     1512     1512     1512     1512     1512     1512     1512     1512     1512     1512     1512     1512     1512     1512     1512     1512     1512     1512     1512     1512     1512     1512     1512     1512     1512     1512     1512 
  [  85]     1704     1704     1704     1704     1704     1704     1704     1704     1704     1704     1704     1704     1704     1704     1704     1704     1704     1704     1704     1704     1704     1704     1704     1704     1704     1704     1704     1704     1704     1704     1704     1704 
  [  86]     1512     1512     1512     1512     1512     1512     1512     1512     1512     1512     1512     1512     1512     1512     1512     1512     1512     1512     1512     1512     1512     1512     1512     1512     1512     1512     1512     1512     1512     1512     1512     1512 
  [  87]     1704     1704     1704     1704     1704     1704     1704     1704     1704     1704     1704     1704     1704     1704     1704     1704     1704     1704     1704     1704     1704     1704     1704     1704     1704     1704     1704     1704     1704     1704     1704     1704 
  [  88]     1512     1512     1512     1512     1512     1512     1512     1512     1512     1512     1512     1512     1512     1512     1512     1512     1512     1512     1512     1512     1512     1512     1512     1512     1512     1512     1512     1512     1512     1512     1512     1512 
  [  89]     1704     1704     1704     1704     1704     1704     1704     1704     1704     1704     1704     1704     1704     1704     1704     1704     1704     1704     1704     1704     1704     1704     1704     1704     1704     1704     1704     1704     1704     1704     1704     1704 
  [  90]     1512     1512     1512     1512     1512     1512     1512     1512     1512     1512     1512     1512     1512     1512     1512     1512     1512     1512     1512     1512     1512     1512     1512     1512     1512     1512     1512     1512     1512     1512     1512     1512 
  [  91]     1704     1704     1704     1704     1704     1704     1704     1704     1704     1704     1704     1704     1704     1704     1704     1704     1704     1704     1704     1704     1704     1704     1704     1704     1704     1704     1704     1704     1704     1704     1704     1704 
  [  92]     1512     1512     1512     1512     1512     1512     1512     1512     1512     1512     1512     1512     1512     1512     1512     1512     1512     1512     1512     1512     1512     1512     1512     1512     1512     1512     1512     1512     1512     1512     1512     1512 
  [  93]     1704     1704     1704     1704     1704     1704     1704     1704     1704     1704     1704     1704     1704     1704     1704     1704     1704     1704     1704     1704     1704     1704     1704     1704     1704     1704     1704     1704     1704     1704     1704     1704 
  [  94]     1512     1512     1512     1512     1512     1512     1512     1512     1512     1512     1512     1512     1512     1512     1512     1512     1512     1512     1512     1512     1512     1512     1512     1512     1512     1512     1512     1512     1512     1512     1512     1512 
  [  95]     1704     1704     1704     1704     1704     1704     1704     1704     1704     1704     1704     1704     1704     1704     1704     1704     1704     1704     1704     1704     1704     1704     1704     1704     1704     1704     1704     1704     1704     1704     1704     1704 
  [  96]     1512     1512     1512     1512     1512     1512     1512     1512     1512     1512     1512     1512     1512     1512     1512     1512     1512     1512     1512     1512     1512     1512     1512     1512     1512     1512     1512     1512     1512     1512     1512     1512 
  [  97]     1704     1704     1704     1704     1704     1704     1704     1704     1704     1704     1704     1704     1704     1704     1704     1704     1704     1704     1704     1704     1704     1704     1704     1704     1704     1704     1704     1704     1704     1704     1704     1704 
  [  98]     1512     1512     1512     1512     1512     1512     1512     1512     1512     1512     1512     1512     1512     1512     1512     1512     1512     1512     1512     1512     1512     1512     1512     1512     1512     1512     1512     1512     1512     1512     1512     1512 
  [  99]     1704     1704     1704     1704     1704     1704     1704     1704     1704     1704     1704     1704     1704     1704     1704     1704     1704     1704     1704     1704     1704     1704     1704     1704     1704     1704     1704     1704     1704     1704     1704     1704 
  [ 100]     1512     1512     1512     1512     1512     1512     1512     1512     1512     1512     1512     1512     1512     1512     1512     1512     1512     1512     1512     1512     1512     1512     1512     1512     1512     1512     1512     1512     1512     1512     1512     1512 
  [ 101]     1704     1704     1704     1704     1704     1704     1704     1704     1704     1704     1704     1704     1704     1704     1704     1704     1704     1704     1704     1704     1704     1704     1704     1704     1704     1704     1704     1704     1704     1704     1704     1704 
  [ 102]     1512     1512     1512     1512     1512     1512     1512     1512     1512     1512     1512     1512     1512     1512     1512     1512     1512     1512     1512     1512     1512     1512     1512     1512     1512     1512     1512     1512     1512     1512     1512     1512 
  [ 103]     1704     1704     1704     1704     1704     1704     1704     1704     1704     1704     1704     1704     1704     1704     1704     1704     1704     1704     1704     1704     1704     1704     1704     1704     1704     1704     1704     1704     1704     1704     1704     1704 
  [ 104]     1512     1512     1512     1512     1512     1512     1512     1512     1512     1512     1512     1512     1512     1512     1512     1512     1512     1512     1512     1512     1512     1512     1512     1512     1512     1512     1512     1512     1512     1512     1512     1512 
  [ 105]     1704     1704     1704     1704     1704     1704     1704     1704     1704     1704     1704     1704     1704     1704     1704     1704     1704     1704     1704     1704     1704     1704     1704     1704     1704     1704     1704     1704     1704     1704     1704     1704 
  [ 106]     1512     1512     1512     1512     1512     1512     1512     1512     1512     1512     1512     1512     1512     1512     1512     1512     1512     1512     1512     1512     1512     1512     1512     1512     1512     1512     1512     1512     1512     1512     1512     1512 
  [ 107]     1704     1704     1704     1704     1704     1704     1704     1704     1704     1704     1704     1704     1704     1704     1704     1704     1704     1704     1704     1704     1704     1704     1704     1704     1704     1704     1704     1704     1704     1704     1704     1704 
  [ 108]     1512     1512     1512     1512     1512     1512     1512     1512     1512     1512     1512     1512     1512     1512     1512     1512     1512     1512     1512     1512     1512     1512     1512     1512     1512     1512     1512     1512     1512     1512     1512     1512 
  [ 109]     1704     1704     1704     1704     1704     1704     1704     1704     1704     1704     1704     1704     1704     1704     1704     1704     1704     1704     1704     1704     1704     1704     1704     1704     1704     1704     1704     1704     1704     1704     1704     1704 
  [ 110]     1512     1512     1512     1512     1512     1512     1512     1512     1512     1512     1512     1512     1512     1512     1512     1512     1512     1512     1512     1512     1512     1512     1512     1512     1512     1512     1512     1512     1512     1512     1512     1512 
  [ 111]     1704     1704     1704     1704     1704     1704     1704     1704     1704     1704     1704     1704     1704     1704     1704     1704     1704     1704     1704     1704     1704     1704     1704     1704     1704     1704     1704     1704     1704     1704     1704     1704 
  [ 112]     1512     1512     1512     1512     1512     1512     1512     1512     1512     1512     1512     1512     1512     1512     1512     1512     1512     1512     1512     1512     1512     1512     1512     1512     1512     1512     1512     1512     1512     1512     1512     1512 
  [ 113]     1704     1704     1704     1704     1704     1704     1704     1704     1704     1704     1704     1704     1704     1704     1704     1704     1704     1704     1704     1704     1704     1704     1704     1704     1704     1704     1704     1704     1704     1704     1704     1704 
  [ 114]     1512     1512     1512     1512     1512     1512     1512     1512     1512     1512     1512     1512     1512     1512     1512     1512     1512     1512     1512     1512     1512     1512     1512     1512     1512     1512     1512     1512     1512     1512     1512     1512 
  [ 115]     1704     1704     1704     1704     1704     1704     1704     1704     1704     1704     1704     1704     1704     1704     1704     1704     1704     1704     1704     1704     1704     1704     1704     1704     1704     1704     1704     1704     1704     1704     1704     1704 
  [ 116]     1512     1512     1512     1512     1512     1512     1512     1512     1512     1512     1512     1512     1512     1512     1512     1512     1512     1512     1512     1512     1512     1512     1512     1512     1512     1512     1512     1512     1512     1512     1512     1512 
  [ 117]     1704     1704     1704     1704     1704     1704     1704     1704     1704     1704     1704     1704     1704     1704     1704     1704     1704     1704     1704     1704     1704     1704     1704     1704     1704     1704     1704     1704     1704     1704     1704     1704 
  [ 118]     1512     1512     1512     1512     1512     1512     1512     1512     1512     1512     1512     1512     1512     1512     1512     1512     1512     1512     1512     1512     1512     1512     1512     1512     1512     1512     1512     1512     1512     1512     1512     1512 
  [ 119]     1704     1704     1704     1704     1704     1704     1704     1704     1704     1704     1704     1704     1704     1704     1704     1704     1704     1704     1704     1704     1704     1704     1704     1704     1704     1704     1704     1704     1704     1704     1704     1704 
  [ 120]     1512     1512     1512     1512     1512     1512     1512     1512     1512     1512     1512     1512     1512     1512     1512     1512     1512     1512     1512     1512     1512     1512     1512     1512     1512     1512     1512     1512     1512     1512     1512     1512 
  [ 121]     1704     1704     1704     1704     1704     1704     1704     1704     1704     1704     1704     1704     1704     1704     1704     1704     1704     1704     1704     1704     1704     1704     1704     1704     1704     1704     1704     1704     1704     1704     1704     1704 
  [ 122]     1512     1512     1512     1512     1512     1512     1512     1512     1512     1512     1512     1512     1512     1512     1512     1512     1512     1512     1512     1512     1512     1512     1512     1512     1512     1512     1512     1512     1512     1512     1512     1512 
  [ 123]     1704     1704     1704     1704     1704     1704     1704     1704     1704     1704     1704     1704     1704     1704     1704     1704     1704     1704     1704     1704     1704     1704     1704     1704     1704     1704     1704     1704     1704     1704     1704     1704 
  [ 124]     1512     1512     1512     1512     1512     1512     1512     1512     1512     1512     1512     1512     1512     1512     1512     1512     1512     1512     1512     1512     1512     1512     1512     1512     1512     1512     1512     1512     1512     1512     1512     1512 
  [ 125]     1704     1704     1704     1704     1704     1704     1704     1704     1704     1704     1704     1704     1704     1704     1704     1704     1704     1704     1704     1704     1704     1704     1704     1704     1704     1704     1704     1704     1704     1704     1704     1704 
  [ 126]     1512     1512     1512     1512     1512     1512     1512     1512     1512     1512     1512     1512     1512     1512     1512     1512     1512     1512     1512     1512     1512     1512     1512     1512     1512     1512     1512     1512     1512     1512     1512     1512 
  [ 127]     1704     1704     1704     1704     1704     1704     1704     1704     1704     1704     1704     1704     1704     1704     1704     1704     1704     1704     1704     1704     1704     1704     1704     1704     1704     1704     1704     1704     1704     1704     1704     1704 
  Expected output shape: [64, 64]
  Output size: 4096 elements (16384 bytes)
  Output address range: 0x40024000 - 0x40028000

--- Test 1: 128x32 MMA ---
  Configuration:
    - Top Reg: [8, 32, 4]  (G=8, N=32, K=4)
    - Left Reg: [8, 128, 4] (G=8, M=128, K=4)
    - Output: [128, 32] = 4096 int32 values (16KB)
    - top_tmask_ld = left_tmask_ld = 0x01
    - top_twidth_ld = 128 bytes → N = 32
    - left_twidth_ld = 512 bytes → M = 128
  Loading data to Top Reg from 0x40000000...
[TC-DISP] exec_tensorcomp called
[TC-DISP] engine_id=1, mop3=0, st=0, mode3=2, funct2=0
[TC-DISP] Calling exec_tc_ld_top
[TC-EXEC] tc_ld_top: imm6=0, rs1v=0x40000000, mask=0x00000001, width=128
[TC-EXEC] base_addr: 0x40000000
[TC-VERIFY] Load #0: addr=0x40000000, offset=0, bytes=128
[TC-VERIFY] Loaded data: 
00 00 00 00 00 00 00 00 00 00 00 00 00 00 00 00 00 00 00 00 00 00 00 00 00 00 00 00 00 00 00 00 00 00 00 00 00 00 00 00 00 00 00 00 00 00 00 00 00 00 00 00 00 00 00 00 00 00 00 00 00 00 00 00 00 00 00 00 00 00 00 00 00 00 00 00 00 00 00 00 00 00 00 00 00 00 00 00 00 00 00 00 00 00 00 00 00 00 00 00 00 00 00 00 00 00 00 00 00 00 00 00 00 00 00 00 00 00 00 00 00 00 00 00 00 00 00 00 
  Loading data to Left Reg from 0x40000800...
[TC-DISP] exec_tensorcomp called
[TC-DISP] engine_id=1, mop3=0, st=0, mode3=1, funct2=0
[TC-VERIFY] Load #0: addr=0x40000800, offset=0, bytes=512
[TC-VERIFY] Loaded data: 
10 00 00 00 10 00 00 00 10 00 00 00 10 00 00 00 10 00 00 00 10 00 00 00 10 00 00 00 10 00 00 00 10 00 00 00 10 00 00 00 10 00 00 00 10 00 00 00 10 00 00 00 10 00 00 00 10 00 00 00 10 00 00 00 10 00 00 00 10 00 00 00 10 00 00 00 10 00 00 00 10 00 00 00 10 00 00 00 10 00 00 00 10 00 00 00 10 00 00 00 10 00 00 00 10 00 00 00 10 00 00 00 10 00 00 00 10 00 00 00 10 00 00 00 10 00 00 00 
11 00 00 00 11 00 00 00 11 00 00 00 11 00 00 00 11 00 00 00 11 00 00 00 11 00 00 00 11 00 00 00 11 00 00 00 11 00 00 00 11 00 00 00 11 00 00 00 11 00 00 00 11 00 00 00 11 00 00 00 11 00 00 00 11 00 00 00 11 00 00 00 11 00 00 00 11 00 00 00 11 00 00 00 11 00 00 00 11 00 00 00 11 00 00 00 11 00 00 00 11 00 00 00 11 00 00 00 11 00 00 00 11 00 00 00 11 00 00 00 11 00 00 00 11 00 00 00 
12 00 00 00 12 00 00 00 12 00 00 00 12 00 00 00 12 00 00 00 12 00 00 00 12 00 00 00 12 00 00 00 12 00 00 00 12 00 00 00 12 00 00 00 12 00 00 00 12 00 00 00 12 00 00 00 12 00 00 00 12 00 00 00 12 00 00 00 12 00 00 00 12 00 00 00 12 00 00 00 12 00 00 00 12 00 00 00 12 00 00 00 12 00 00 00 12 00 00 00 12 00 00 00 12 00 00 00 12 00 00 00 12 00 00 00 12 00 00 00 12 00 00 00 12 00 00 00 
13 00 00 00 13 00 00 00 13 00 00 00 13 00 00 00 13 00 00 00 13 00 00 00 13 00 00 00 13 00 00 00 13 00 00 00 13 00 00 00 13 00 00 00 13 00 00 00 13 00 00 00 13 00 00 00 13 00 00 00 13 00 00 00 13 00 00 00 13 00 00 00 13 00 00 00 13 00 00 00 13 00 00 00 13 00 00 00 13 00 00 00 13 00 00 00 13 00 00 00 13 00 00 00 13 00 00 00 13 00 00 00 13 00 00 00 13 00 00 00 13 00 00 00 13 00 00 00 

  Executing MMA computation...
[TC-DISP] exec_tensorcomp called
[TC-DISP] engine_id=1, mop3=0, st=1, mode3=3, funct2=0
[TC-VERIFY] Acc buffer dump (int32, 32 values per line):
  [   0]        0        0        0        0        0        0        0        0        0        0        0        0        0        0        0        0        0        0        0        0        0        0        0        0        0        0        0        0        0        0        0        0 
  [   1]        0        0        0        0        0        0        0        0        0        0        0        0        0        0        0        0        0        0        0        0        0        0        0        0        0        0        0        0        0        0        0        0 
  [   2]        0        0        0        0        0        0        0        0        0        0        0        0        0        0        0        0        0        0        0        0        0        0        0        0        0        0        0        0        0        0        0        0 
  [   3]        0        0        0        0        0        0        0        0        0        0        0        0        0        0        0        0        0        0        0        0        0        0        0        0        0        0        0        0        0        0        0        0 
  [   4]        0        0        0        0        0        0        0        0        0        0        0        0        0        0        0        0        0        0        0        0        0        0        0        0        0        0        0        0        0        0        0        0 
  [   5]        0        0        0        0        0        0        0        0        0        0        0        0        0        0        0        0        0        0        0        0        0        0        0        0        0        0        0        0        0        0        0        0 
  [   6]        0        0        0        0        0        0        0        0        0        0        0        0        0        0        0        0        0        0        0        0        0        0        0        0        0        0        0        0        0        0        0        0 
  [   7]        0        0        0        0        0        0        0        0        0        0        0        0        0        0        0        0        0        0        0        0        0        0        0        0        0        0        0        0        0        0        0        0 
  [   8]        0        0        0        0        0        0        0        0        0        0        0        0        0        0        0        0        0        0        0        0        0        0        0        0        0        0        0        0        0        0        0        0 
  [   9]        0        0        0        0        0        0        0        0        0        0        0        0        0        0        0        0        0        0        0        0        0        0        0        0        0        0        0        0        0        0        0        0 
  [  10]        0        0        0        0        0        0        0        0        0        0        0        0        0        0        0        0        0        0        0        0        0        0        0        0        0        0        0        0        0        0        0        0 
  [  11]        0        0        0        0        0        0        0        0        0        0        0        0        0        0        0        0        0        0        0        0        0        0        0        0        0        0        0        0        0        0        0        0 
  [  12]        0        0        0        0        0        0        0        0        0        0        0        0        0        0        0        0        0        0        0        0        0        0        0        0        0        0        0        0        0        0        0        0 
  [  13]        0        0        0        0        0        0        0        0        0        0        0        0        0        0        0        0        0        0        0        0        0        0        0        0        0        0        0        0        0        0        0        0 
  [  14]        0        0        0        0        0        0        0        0        0        0        0        0        0        0        0        0        0        0        0        0        0        0        0        0        0        0        0        0        0        0        0        0 
  [  15]        0        0        0        0        0        0        0        0        0        0        0        0        0        0        0        0        0        0        0        0        0        0        0        0        0        0        0        0        0        0        0        0 
  [  16]        0        0        0        0        0        0        0        0        0        0        0        0        0        0        0        0        0        0        0        0        0        0        0        0        0        0        0        0        0        0        0        0 
  [  17]        0        0        0        0        0        0        0        0        0        0        0        0        0        0        0        0        0        0        0        0        0        0        0        0        0        0        0        0        0        0        0        0 
  [  18]        0        0        0        0        0        0        0        0        0        0        0        0        0        0        0        0        0        0        0        0        0        0        0        0        0        0        0        0        0        0        0        0 
  [  19]        0        0        0        0        0        0        0        0        0        0        0        0        0        0        0        0        0        0        0        0        0        0        0        0        0        0        0        0        0        0        0        0 
  [  20]        0        0        0        0        0        0        0        0        0        0        0        0        0        0        0        0        0        0        0        0        0        0        0        0        0        0        0        0        0        0        0        0 
  [  21]        0        0        0        0        0        0        0        0        0        0        0        0        0        0        0        0        0        0        0        0        0        0        0        0        0        0        0        0        0        0        0        0 
  [  22]        0        0        0        0        0        0        0        0        0        0        0        0        0        0        0        0        0        0        0        0        0        0        0        0        0        0        0        0        0        0        0        0 
  [  23]        0        0        0        0        0        0        0        0        0        0        0        0        0        0        0        0        0        0        0        0        0        0        0        0        0        0        0        0        0        0        0        0 
  [  24]        0        0        0        0        0        0        0        0        0        0        0        0        0        0        0        0        0        0        0        0        0        0        0        0        0        0        0        0        0        0        0        0 
  [  25]        0        0        0        0        0        0        0        0        0        0        0        0        0        0        0        0        0        0        0        0        0        0        0        0        0        0        0        0        0        0        0        0 
  [  26]        0        0        0        0        0        0        0        0        0        0        0        0        0        0        0        0        0        0        0        0        0        0        0        0        0        0        0        0        0        0        0        0 
  [  27]        0        0        0        0        0        0        0        0        0        0        0        0        0        0        0        0        0        0        0        0        0        0        0        0        0        0        0        0        0        0        0        0 
  [  28]        0        0        0        0        0        0        0        0        0        0        0        0        0        0        0        0        0        0        0        0        0        0        0        0        0        0        0        0        0        0        0        0 
  [  29]        0        0        0        0        0        0        0        0        0        0        0        0        0        0        0        0        0        0        0        0        0        0        0        0        0        0        0        0        0        0        0        0 
  [  30]        0        0        0        0        0        0        0        0        0        0        0        0        0        0        0        0        0        0        0        0        0        0        0        0        0        0        0        0        0        0        0        0 
  [  31]        0        0        0        0        0        0        0        0        0        0        0        0        0        0        0        0        0        0        0        0        0        0        0        0        0        0        0        0        0        0        0        0 
  [  32]        0        0        0        0        0        0        0        0        0        0        0        0        0        0        0        0        0        0        0        0        0        0        0        0        0        0        0        0        0        0        0        0 
  [  33]        0        0        0        0        0        0        0        0        0        0        0        0        0        0        0        0        0        0        0        0        0        0        0        0        0        0        0        0        0        0        0        0 
  [  34]        0        0        0        0        0        0        0        0        0        0        0        0        0        0        0        0        0        0        0        0        0        0        0        0        0        0        0        0        0        0        0        0 
  [  35]        0        0        0        0        0        0        0        0        0        0        0        0        0        0        0        0        0        0        0        0        0        0        0        0        0        0        0        0        0        0        0        0 
  [  36]        0        0        0        0        0        0        0        0        0        0        0        0        0        0        0        0        0        0        0        0        0        0        0        0        0        0        0        0        0        0        0        0 
  [  37]        0        0        0        0        0        0        0        0        0        0        0        0        0        0        0        0        0        0        0        0        0        0        0        0        0        0        0        0        0        0        0        0 
  [  38]        0        0        0        0        0        0        0        0        0        0        0        0        0        0        0        0        0        0        0        0        0        0        0        0        0        0        0        0        0        0        0        0 
  [  39]        0        0        0        0        0        0        0        0        0        0        0        0        0        0        0        0        0        0        0        0        0        0        0        0        0        0        0        0        0        0        0        0 
  [  40]        0        0        0        0        0        0        0        0        0        0        0        0        0        0        0        0        0        0        0        0        0        0        0        0        0        0        0        0        0        0        0        0 
  [  41]        0        0        0        0        0        0        0        0        0        0        0        0        0        0        0        0        0        0        0        0        0        0        0        0        0        0        0        0        0        0        0        0 
  [  42]        0        0        0        0        0        0        0        0        0        0        0        0        0        0        0        0        0        0        0        0        0        0        0        0        0        0        0        0        0        0        0        0 
  [  43]        0        0        0        0        0        0        0        0        0        0        0        0        0        0        0        0        0        0        0        0        0        0        0        0        0        0        0        0        0        0        0        0 
  [  44]        0        0        0        0        0        0        0        0        0        0        0        0        0        0        0        0        0        0        0        0        0        0        0        0        0        0        0        0        0        0        0        0 
  [  45]        0        0        0        0        0        0        0        0        0        0        0        0        0        0        0        0        0        0        0        0        0        0        0        0        0        0        0        0        0        0        0        0 
  [  46]        0        0        0        0        0        0        0        0        0        0        0        0        0        0        0        0        0        0        0        0        0        0        0        0        0        0        0        0        0        0        0        0 
  [  47]        0        0        0        0        0        0        0        0        0        0        0        0        0        0        0        0        0        0        0        0        0        0        0        0        0        0        0        0        0        0        0        0 
  [  48]        0        0        0        0        0        0        0        0        0        0        0        0        0        0        0        0        0        0        0        0        0        0        0        0        0        0        0        0        0        0        0        0 
  [  49]        0        0        0        0        0        0        0        0        0        0        0        0        0        0        0        0        0        0        0        0        0        0        0        0        0        0        0        0        0        0        0        0 
  [  50]        0        0        0        0        0        0        0        0        0        0        0        0        0        0        0        0        0        0        0        0        0        0        0        0        0        0        0        0        0        0        0        0 
  [  51]        0        0        0        0        0        0        0        0        0        0        0        0        0        0        0        0        0        0        0        0        0        0        0        0        0        0        0        0        0        0        0        0 
  [  52]        0        0        0        0        0        0        0        0        0        0        0        0        0        0        0        0        0        0        0        0        0        0        0        0        0        0        0        0        0        0        0        0 
  [  53]        0        0        0        0        0        0        0        0        0        0        0        0        0        0        0        0        0        0        0        0        0        0        0        0        0        0        0        0        0        0        0        0 
  [  54]        0        0        0        0        0        0        0        0        0        0        0        0        0        0        0        0        0        0        0        0        0        0        0        0        0        0        0        0        0        0        0        0 
  [  55]        0        0        0        0        0        0        0        0        0        0        0        0        0        0        0        0        0        0        0        0        0        0        0        0        0        0        0        0        0        0        0        0 
  [  56]        0        0        0        0        0        0        0        0        0        0        0        0        0        0        0        0        0        0        0        0        0        0        0        0        0        0        0        0        0        0        0        0 
  [  57]        0        0        0        0        0        0        0        0        0        0        0        0        0        0        0        0        0        0        0        0        0        0        0        0        0        0        0        0        0        0        0        0 
  [  58]        0        0        0        0        0        0        0        0        0        0        0        0        0        0        0        0        0        0        0        0        0        0        0        0        0        0        0        0        0        0        0        0 
  [  59]        0        0        0        0        0        0        0        0        0        0        0        0        0        0        0        0        0        0        0        0        0        0        0        0        0        0        0        0        0        0        0        0 
  [  60]        0        0        0        0        0        0        0        0        0        0        0        0        0        0        0        0        0        0        0        0        0        0        0        0        0        0        0        0        0        0        0        0 
  [  61]        0        0        0        0        0        0        0        0        0        0        0        0        0        0        0        0        0        0        0        0        0        0        0        0        0        0        0        0        0        0        0        0 
  [  62]        0        0        0        0        0        0        0        0        0        0        0        0        0        0        0        0        0        0        0        0        0        0        0        0        0        0        0        0        0        0        0        0 
  [  63]        0        0        0        0        0        0        0        0        0        0        0        0        0        0        0        0        0        0        0        0        0        0        0        0        0        0        0        0        0        0        0        0 
  [  64]        0        0        0        0        0        0        0        0        0        0        0        0        0        0        0        0        0        0        0        0        0        0        0        0        0        0        0        0        0        0        0        0 
  [  65]        0        0        0        0        0        0        0        0        0        0        0        0        0        0        0        0        0        0        0        0        0        0        0        0        0        0        0        0        0        0        0        0 
  [  66]        0        0        0        0        0        0        0        0        0        0        0        0        0        0        0        0        0        0        0        0        0        0        0        0        0        0        0        0        0        0        0        0 
  [  67]        0        0        0        0        0        0        0        0        0        0        0        0        0        0        0        0        0        0        0        0        0        0        0        0        0        0        0        0        0        0        0        0 
  [  68]        0        0        0        0        0        0        0        0        0        0        0        0        0        0        0        0        0        0        0        0        0        0        0        0        0        0        0        0        0        0        0        0 
  [  69]        0        0        0        0        0        0        0        0        0        0        0        0        0        0        0        0        0        0        0        0        0        0        0        0        0        0        0        0        0        0        0        0 
  [  70]        0        0        0        0        0        0        0        0        0        0        0        0        0        0        0        0        0        0        0        0        0        0        0        0        0        0        0        0        0        0        0        0 
  [  71]        0        0        0        0        0        0        0        0        0        0        0        0        0        0        0        0        0        0        0        0        0        0        0        0        0        0        0        0        0        0        0        0 
  [  72]        0        0        0        0        0        0        0        0        0        0        0        0        0        0        0        0        0        0        0        0        0        0        0        0        0        0        0        0        0        0        0        0 
  [  73]        0        0        0        0        0        0        0        0        0        0        0        0        0        0        0        0        0        0        0        0        0        0        0        0        0        0        0        0        0        0        0        0 
  [  74]        0        0        0        0        0        0        0        0        0        0        0        0        0        0        0        0        0        0        0        0        0        0        0        0        0        0        0        0        0        0        0        0 
  [  75]        0        0        0        0        0        0        0        0        0        0        0        0        0        0        0        0        0        0        0        0        0        0        0        0        0        0        0        0        0        0        0        0 
  [  76]        0        0        0        0        0        0        0        0        0        0        0        0        0        0        0        0        0        0        0        0        0        0        0        0        0        0        0        0        0        0        0        0 
  [  77]        0        0        0        0        0        0        0        0        0        0        0        0        0        0        0        0        0        0        0        0        0        0        0        0        0        0        0        0        0        0        0        0 
  [  78]        0        0        0        0        0        0        0        0        0        0        0        0        0        0        0        0        0        0        0        0        0        0        0        0        0        0        0        0        0        0        0        0 
  [  79]        0        0        0        0        0        0        0        0        0        0        0        0        0        0        0        0        0        0        0        0        0        0        0        0        0        0        0        0        0        0        0        0 
  [  80]        0        0        0        0        0        0        0        0        0        0        0        0        0        0        0        0        0        0        0        0        0        0        0        0        0        0        0        0        0        0        0        0 
  [  81]        0        0        0        0        0        0        0        0        0        0        0        0        0        0        0        0        0        0        0        0        0        0        0        0        0        0        0        0        0        0        0        0 
  [  82]        0        0        0        0        0        0        0        0        0        0        0        0        0        0        0        0        0        0        0        0        0        0        0        0        0        0        0        0        0        0        0        0 
  [  83]        0        0        0        0        0        0        0        0        0        0        0        0        0        0        0        0        0        0        0        0        0        0        0        0        0        0        0        0        0        0        0        0 
  [  84]        0        0        0        0        0        0        0        0        0        0        0        0        0        0        0        0        0        0        0        0        0        0        0        0        0        0        0        0        0        0        0        0 
  [  85]        0        0        0        0        0        0        0        0        0        0        0        0        0        0        0        0        0        0        0        0        0        0        0        0        0        0        0        0        0        0        0        0 
  [  86]        0        0        0        0        0        0        0        0        0        0        0        0        0        0        0        0        0        0        0        0        0        0        0        0        0        0        0        0        0        0        0        0 
  [  87]        0        0        0        0        0        0        0        0        0        0        0        0        0        0        0        0        0        0        0        0        0        0        0        0        0        0        0        0        0        0        0        0 
  [  88]        0        0        0        0        0        0        0        0        0        0        0        0        0        0        0        0        0        0        0        0        0        0        0        0        0        0        0        0        0        0        0        0 
  [  89]        0        0        0        0        0        0        0        0        0        0        0        0        0        0        0        0        0        0        0        0        0        0        0        0        0        0        0        0        0        0        0        0 
  [  90]        0        0        0        0        0        0        0        0        0        0        0        0        0        0        0        0        0        0        0        0        0        0        0        0        0        0        0        0        0        0        0        0 
  [  91]        0        0        0        0        0        0        0        0        0        0        0        0        0        0        0        0        0        0        0        0        0        0        0        0        0        0        0        0        0        0        0        0 
  [  92]        0        0        0        0        0        0        0        0        0        0        0        0        0        0        0        0        0        0        0        0        0        0        0        0        0        0        0        0        0        0        0        0 
  [  93]        0        0        0        0        0        0        0        0        0        0        0        0        0        0        0        0        0        0        0        0        0        0        0        0        0        0        0        0        0        0        0        0 
  [  94]        0        0        0        0        0        0        0        0        0        0        0        0        0        0        0        0        0        0        0        0        0        0        0        0        0        0        0        0        0        0        0        0 
  [  95]        0        0        0        0        0        0        0        0        0        0        0        0        0        0        0        0        0        0        0        0        0        0        0        0        0        0        0        0        0        0        0        0 
  [  96]        0        0        0        0        0        0        0        0        0        0        0        0        0        0        0        0        0        0        0        0        0        0        0        0        0        0        0        0        0        0        0        0 
  [  97]        0        0        0        0        0        0        0        0        0        0        0        0        0        0        0        0        0        0        0        0        0        0        0        0        0        0        0        0        0        0        0        0 
  [  98]        0        0        0        0        0        0        0        0        0        0        0        0        0        0        0        0        0        0        0        0        0        0        0        0        0        0        0        0        0        0        0        0 
  [  99]        0        0        0        0        0        0        0        0        0        0        0        0        0        0        0        0        0        0        0        0        0        0        0        0        0        0        0        0        0        0        0        0 
  [ 100]        0        0        0        0        0        0        0        0        0        0        0        0        0        0        0        0        0        0        0        0        0        0        0        0        0        0        0        0        0        0        0        0 
  [ 101]        0        0        0        0        0        0        0        0        0        0        0        0        0        0        0        0        0        0        0        0        0        0        0        0        0        0        0        0        0        0        0        0 
  [ 102]        0        0        0        0        0        0        0        0        0        0        0        0        0        0        0        0        0        0        0        0        0        0        0        0        0        0        0        0        0        0        0        0 
  [ 103]        0        0        0        0        0        0        0        0        0        0        0        0        0        0        0        0        0        0        0        0        0        0        0        0        0        0        0        0        0        0        0        0 
  [ 104]        0        0        0        0        0        0        0        0        0        0        0        0        0        0        0        0        0        0        0        0        0        0        0        0        0        0        0        0        0        0        0        0 
  [ 105]        0        0        0        0        0        0        0        0        0        0        0        0        0        0        0        0        0        0        0        0        0        0        0        0        0        0        0        0        0        0        0        0 
  [ 106]        0        0        0        0        0        0        0        0        0        0        0        0        0        0        0        0        0        0        0        0        0        0        0        0        0        0        0        0        0        0        0        0 
  [ 107]        0        0        0        0        0        0        0        0        0        0        0        0        0        0        0        0        0        0        0        0        0        0        0        0        0        0        0        0        0        0        0        0 
  [ 108]        0        0        0        0        0        0        0        0        0        0        0        0        0        0        0        0        0        0        0        0        0        0        0        0        0        0        0        0        0        0        0        0 
  [ 109]        0        0        0        0        0        0        0        0        0        0        0        0        0        0        0        0        0        0        0        0        0        0        0        0        0        0        0        0        0        0        0        0 
  [ 110]        0        0        0        0        0        0        0        0        0        0        0        0        0        0        0        0        0        0        0        0        0        0        0        0        0        0        0        0        0        0        0        0 
  [ 111]        0        0        0        0        0        0        0        0        0        0        0        0        0        0        0        0        0        0        0        0        0        0        0        0        0        0        0        0        0        0        0        0 
  [ 112]        0        0        0        0        0        0        0        0        0        0        0        0        0        0        0        0        0        0        0        0        0        0        0        0        0        0        0        0        0        0        0        0 
  [ 113]        0        0        0        0        0        0        0        0        0        0        0        0        0        0        0        0        0        0        0        0        0        0        0        0        0        0        0        0        0        0        0        0 
  [ 114]        0        0        0        0        0        0        0        0        0        0        0        0        0        0        0        0        0        0        0        0        0        0        0        0        0        0        0        0        0        0        0        0 
  [ 115]        0        0        0        0        0        0        0        0        0        0        0        0        0        0        0        0        0        0        0        0        0        0        0        0        0        0        0        0        0        0        0        0 
  [ 116]        0        0        0        0        0        0        0        0        0        0        0        0        0        0        0        0        0        0        0        0        0        0        0        0        0        0        0        0        0        0        0        0 
  [ 117]        0        0        0        0        0        0        0        0        0        0        0        0        0        0        0        0        0        0        0        0        0        0        0        0        0        0        0        0        0        0        0        0 
  [ 118]        0        0        0        0        0        0        0        0        0        0        0        0        0        0        0        0        0        0        0        0        0        0        0        0        0        0        0        0        0        0        0        0 
  [ 119]        0        0        0        0        0        0        0        0        0        0        0        0        0        0        0        0        0        0        0        0        0        0        0        0        0        0        0        0        0        0        0        0 
  [ 120]        0        0        0        0        0        0        0        0        0        0        0        0        0        0        0        0        0        0        0        0        0        0        0        0        0        0        0        0        0        0        0        0 
  [ 121]        0        0        0        0        0        0        0        0        0        0        0        0        0        0        0        0        0        0        0        0        0        0        0        0        0        0        0        0        0        0        0        0 
  [ 122]        0        0        0        0        0        0        0        0        0        0        0        0        0        0        0        0        0        0        0        0        0        0        0        0        0        0        0        0        0        0        0        0 
  [ 123]        0        0        0        0        0        0        0        0        0        0        0        0        0        0        0        0        0        0        0        0        0        0        0        0        0        0        0        0        0        0        0        0 
  [ 124]        0        0        0        0        0        0        0        0        0        0        0        0        0        0        0        0        0        0        0        0        0        0        0        0        0        0        0        0        0        0        0        0 
  [ 125]        0        0        0        0        0        0        0        0        0        0        0        0        0        0        0        0        0        0        0        0        0        0        0        0        0        0        0        0        0        0        0        0 
  [ 126]        0        0        0        0        0        0        0        0        0        0        0        0        0        0        0        0        0        0        0        0        0        0        0        0        0        0        0        0        0        0        0        0 
  [ 127]        0        0        0        0        0        0        0        0        0        0        0        0        0        0        0        0        0        0        0        0        0        0        0        0        0        0        0        0        0        0        0        0 
  Expected output shape: [128, 32]
  Output size: 4096 elements (16384 bytes)
  Output address range: 0x40028000 - 0x4002C000

--- Test 1: 128x32 MMA ---
  Configuration:
    - Top Reg: [8, 32, 4]  (G=8, N=32, K=4)
    - Left Reg: [8, 128, 4] (G=8, M=128, K=4)
    - Output: [128, 32] = 4096 int32 values (16KB)
    - top_tmask_ld = left_tmask_ld = 0xFF
    - top_twidth_ld = 128 bytes → N = 32
    - left_twidth_ld = 512 bytes → M = 128
  Loading data to Top Reg from 0x40000000...
[TC-DISP] exec_tensorcomp called
[TC-DISP] engine_id=1, mop3=0, st=0, mode3=2, funct2=0
[TC-DISP] Calling exec_tc_ld_top
[TC-EXEC] tc_ld_top: imm6=0, rs1v=0x40000000, mask=0x000000FF, width=128
[TC-EXEC] base_addr: 0x40000000
[TC-VERIFY] Load #0: addr=0x40000000, offset=0, bytes=128
[TC-VERIFY] Loaded data: 
00 00 00 00 00 00 00 00 00 00 00 00 00 00 00 00 00 00 00 00 00 00 00 00 00 00 00 00 00 00 00 00 00 00 00 00 00 00 00 00 00 00 00 00 00 00 00 00 00 00 00 00 00 00 00 00 00 00 00 00 00 00 00 00 00 00 00 00 00 00 00 00 00 00 00 00 00 00 00 00 00 00 00 00 00 00 00 00 00 00 00 00 00 00 00 00 00 00 00 00 00 00 00 00 00 00 00 00 00 00 00 00 00 00 00 00 00 00 00 00 00 00 00 00 00 00 00 00 
[TC-VERIFY] Load #1: addr=0x40000800, offset=128, bytes=128
[TC-VERIFY] Loaded data: 
10 00 00 00 10 00 00 00 10 00 00 00 10 00 00 00 10 00 00 00 10 00 00 00 10 00 00 00 10 00 00 00 10 00 00 00 10 00 00 00 10 00 00 00 10 00 00 00 10 00 00 00 10 00 00 00 10 00 00 00 10 00 00 00 10 00 00 00 10 00 00 00 10 00 00 00 10 00 00 00 10 00 00 00 10 00 00 00 10 00 00 00 10 00 00 00 10 00 00 00 10 00 00 00 10 00 00 00 10 00 00 00 10 00 00 00 10 00 00 00 10 00 00 00 10 00 00 00 
[TC-VERIFY] Load #2: addr=0x40001000, offset=256, bytes=128
[TC-VERIFY] Loaded data: 
20 00 00 00 20 00 00 00 20 00 00 00 20 00 00 00 20 00 00 00 20 00 00 00 20 00 00 00 20 00 00 00 20 00 00 00 20 00 00 00 20 00 00 00 20 00 00 00 20 00 00 00 20 00 00 00 20 00 00 00 20 00 00 00 20 00 00 00 20 00 00 00 20 00 00 00 20 00 00 00 20 00 00 00 20 00 00 00 20 00 00 00 20 00 00 00 20 00 00 00 20 00 00 00 20 00 00 00 20 00 00 00 20 00 00 00 20 00 00 00 20 00 00 00 20 00 00 00 
[TC-VERIFY] Load #3: addr=0x40001800, offset=384, bytes=128
[TC-VERIFY] Loaded data: 
30 00 00 00 30 00 00 00 30 00 00 00 30 00 00 00 30 00 00 00 30 00 00 00 30 00 00 00 30 00 00 00 30 00 00 00 30 00 00 00 30 00 00 00 30 00 00 00 30 00 00 00 30 00 00 00 30 00 00 00 30 00 00 00 30 00 00 00 30 00 00 00 30 00 00 00 30 00 00 00 30 00 00 00 30 00 00 00 30 00 00 00 30 00 00 00 30 00 00 00 30 00 00 00 30 00 00 00 30 00 00 00 30 00 00 00 30 00 00 00 30 00 00 00 30 00 00 00 
[TC-VERIFY] Load #4: addr=0x40002000, offset=512, bytes=128
[TC-VERIFY] Loaded data: 
40 00 00 00 40 00 00 00 40 00 00 00 40 00 00 00 40 00 00 00 40 00 00 00 40 00 00 00 40 00 00 00 40 00 00 00 40 00 00 00 40 00 00 00 40 00 00 00 40 00 00 00 40 00 00 00 40 00 00 00 40 00 00 00 40 00 00 00 40 00 00 00 40 00 00 00 40 00 00 00 40 00 00 00 40 00 00 00 40 00 00 00 40 00 00 00 40 00 00 00 40 00 00 00 40 00 00 00 40 00 00 00 40 00 00 00 40 00 00 00 40 00 00 00 40 00 00 00 
[TC-VERIFY] Load #5: addr=0x40002800, offset=640, bytes=128
[TC-VERIFY] Loaded data: 
50 00 00 00 50 00 00 00 50 00 00 00 50 00 00 00 50 00 00 00 50 00 00 00 50 00 00 00 50 00 00 00 50 00 00 00 50 00 00 00 50 00 00 00 50 00 00 00 50 00 00 00 50 00 00 00 50 00 00 00 50 00 00 00 50 00 00 00 50 00 00 00 50 00 00 00 50 00 00 00 50 00 00 00 50 00 00 00 50 00 00 00 50 00 00 00 50 00 00 00 50 00 00 00 50 00 00 00 50 00 00 00 50 00 00 00 50 00 00 00 50 00 00 00 50 00 00 00 
[TC-VERIFY] Load #6: addr=0x40003000, offset=768, bytes=128
[TC-VERIFY] Loaded data: 
60 00 00 00 60 00 00 00 60 00 00 00 60 00 00 00 60 00 00 00 60 00 00 00 60 00 00 00 60 00 00 00 60 00 00 00 60 00 00 00 60 00 00 00 60 00 00 00 60 00 00 00 60 00 00 00 60 00 00 00 60 00 00 00 60 00 00 00 60 00 00 00 60 00 00 00 60 00 00 00 60 00 00 00 60 00 00 00 60 00 00 00 60 00 00 00 60 00 00 00 60 00 00 00 60 00 00 00 60 00 00 00 60 00 00 00 60 00 00 00 60 00 00 00 60 00 00 00 
[TC-VERIFY] Load #7: addr=0x40003800, offset=896, bytes=128
[TC-VERIFY] Loaded data: 
70 00 00 00 70 00 00 00 70 00 00 00 70 00 00 00 70 00 00 00 70 00 00 00 70 00 00 00 70 00 00 00 70 00 00 00 70 00 00 00 70 00 00 00 70 00 00 00 70 00 00 00 70 00 00 00 70 00 00 00 70 00 00 00 70 00 00 00 70 00 00 00 70 00 00 00 70 00 00 00 70 00 00 00 70 00 00 00 70 00 00 00 70 00 00 00 70 00 00 00 70 00 00 00 70 00 00 00 70 00 00 00 70 00 00 00 70 00 00 00 70 00 00 00 70 00 00 00 
  Loading data to Left Reg from 0x40000800...
[TC-DISP] exec_tensorcomp called
[TC-DISP] engine_id=1, mop3=0, st=0, mode3=1, funct2=0
[TC-VERIFY] Load #0: addr=0x40000800, offset=0, bytes=512
[TC-VERIFY] Loaded data: 
10 00 00 00 10 00 00 00 10 00 00 00 10 00 00 00 10 00 00 00 10 00 00 00 10 00 00 00 10 00 00 00 10 00 00 00 10 00 00 00 10 00 00 00 10 00 00 00 10 00 00 00 10 00 00 00 10 00 00 00 10 00 00 00 10 00 00 00 10 00 00 00 10 00 00 00 10 00 00 00 10 00 00 00 10 00 00 00 10 00 00 00 10 00 00 00 10 00 00 00 10 00 00 00 10 00 00 00 10 00 00 00 10 00 00 00 10 00 00 00 10 00 00 00 10 00 00 00 
11 00 00 00 11 00 00 00 11 00 00 00 11 00 00 00 11 00 00 00 11 00 00 00 11 00 00 00 11 00 00 00 11 00 00 00 11 00 00 00 11 00 00 00 11 00 00 00 11 00 00 00 11 00 00 00 11 00 00 00 11 00 00 00 11 00 00 00 11 00 00 00 11 00 00 00 11 00 00 00 11 00 00 00 11 00 00 00 11 00 00 00 11 00 00 00 11 00 00 00 11 00 00 00 11 00 00 00 11 00 00 00 11 00 00 00 11 00 00 00 11 00 00 00 11 00 00 00 
12 00 00 00 12 00 00 00 12 00 00 00 12 00 00 00 12 00 00 00 12 00 00 00 12 00 00 00 12 00 00 00 12 00 00 00 12 00 00 00 12 00 00 00 12 00 00 00 12 00 00 00 12 00 00 00 12 00 00 00 12 00 00 00 12 00 00 00 12 00 00 00 12 00 00 00 12 00 00 00 12 00 00 00 12 00 00 00 12 00 00 00 12 00 00 00 12 00 00 00 12 00 00 00 12 00 00 00 12 00 00 00 12 00 00 00 12 00 00 00 12 00 00 00 12 00 00 00 
13 00 00 00 13 00 00 00 13 00 00 00 13 00 00 00 13 00 00 00 13 00 00 00 13 00 00 00 13 00 00 00 13 00 00 00 13 00 00 00 13 00 00 00 13 00 00 00 13 00 00 00 13 00 00 00 13 00 00 00 13 00 00 00 13 00 00 00 13 00 00 00 13 00 00 00 13 00 00 00 13 00 00 00 13 00 00 00 13 00 00 00 13 00 00 00 13 00 00 00 13 00 00 00 13 00 00 00 13 00 00 00 13 00 00 00 13 00 00 00 13 00 00 00 13 00 00 00 

[TC-VERIFY] Load #1: addr=0x40002800, offset=512, bytes=512
[TC-VERIFY] Loaded data: 
50 00 00 00 50 00 00 00 50 00 00 00 50 00 00 00 50 00 00 00 50 00 00 00 50 00 00 00 50 00 00 00 50 00 00 00 50 00 00 00 50 00 00 00 50 00 00 00 50 00 00 00 50 00 00 00 50 00 00 00 50 00 00 00 50 00 00 00 50 00 00 00 50 00 00 00 50 00 00 00 50 00 00 00 50 00 00 00 50 00 00 00 50 00 00 00 50 00 00 00 50 00 00 00 50 00 00 00 50 00 00 00 50 00 00 00 50 00 00 00 50 00 00 00 50 00 00 00 
51 00 00 00 51 00 00 00 51 00 00 00 51 00 00 00 51 00 00 00 51 00 00 00 51 00 00 00 51 00 00 00 51 00 00 00 51 00 00 00 51 00 00 00 51 00 00 00 51 00 00 00 51 00 00 00 51 00 00 00 51 00 00 00 51 00 00 00 51 00 00 00 51 00 00 00 51 00 00 00 51 00 00 00 51 00 00 00 51 00 00 00 51 00 00 00 51 00 00 00 51 00 00 00 51 00 00 00 51 00 00 00 51 00 00 00 51 00 00 00 51 00 00 00 51 00 00 00 
52 00 00 00 52 00 00 00 52 00 00 00 52 00 00 00 52 00 00 00 52 00 00 00 52 00 00 00 52 00 00 00 52 00 00 00 52 00 00 00 52 00 00 00 52 00 00 00 52 00 00 00 52 00 00 00 52 00 00 00 52 00 00 00 52 00 00 00 52 00 00 00 52 00 00 00 52 00 00 00 52 00 00 00 52 00 00 00 52 00 00 00 52 00 00 00 52 00 00 00 52 00 00 00 52 00 00 00 52 00 00 00 52 00 00 00 52 00 00 00 52 00 00 00 52 00 00 00 
53 00 00 00 53 00 00 00 53 00 00 00 53 00 00 00 53 00 00 00 53 00 00 00 53 00 00 00 53 00 00 00 53 00 00 00 53 00 00 00 53 00 00 00 53 00 00 00 53 00 00 00 53 00 00 00 53 00 00 00 53 00 00 00 53 00 00 00 53 00 00 00 53 00 00 00 53 00 00 00 53 00 00 00 53 00 00 00 53 00 00 00 53 00 00 00 53 00 00 00 53 00 00 00 53 00 00 00 53 00 00 00 53 00 00 00 53 00 00 00 53 00 00 00 53 00 00 00 

[TC-VERIFY] Load #2: addr=0x40004800, offset=1024, bytes=512
[TC-VERIFY] Loaded data: 
90 00 00 00 90 00 00 00 90 00 00 00 90 00 00 00 90 00 00 00 90 00 00 00 90 00 00 00 90 00 00 00 90 00 00 00 90 00 00 00 90 00 00 00 90 00 00 00 90 00 00 00 90 00 00 00 90 00 00 00 90 00 00 00 90 00 00 00 90 00 00 00 90 00 00 00 90 00 00 00 90 00 00 00 90 00 00 00 90 00 00 00 90 00 00 00 90 00 00 00 90 00 00 00 90 00 00 00 90 00 00 00 90 00 00 00 90 00 00 00 90 00 00 00 90 00 00 00 
91 00 00 00 91 00 00 00 91 00 00 00 91 00 00 00 91 00 00 00 91 00 00 00 91 00 00 00 91 00 00 00 91 00 00 00 91 00 00 00 91 00 00 00 91 00 00 00 91 00 00 00 91 00 00 00 91 00 00 00 91 00 00 00 91 00 00 00 91 00 00 00 91 00 00 00 91 00 00 00 91 00 00 00 91 00 00 00 91 00 00 00 91 00 00 00 91 00 00 00 91 00 00 00 91 00 00 00 91 00 00 00 91 00 00 00 91 00 00 00 91 00 00 00 91 00 00 00 
92 00 00 00 92 00 00 00 92 00 00 00 92 00 00 00 92 00 00 00 92 00 00 00 92 00 00 00 92 00 00 00 92 00 00 00 92 00 00 00 92 00 00 00 92 00 00 00 92 00 00 00 92 00 00 00 92 00 00 00 92 00 00 00 92 00 00 00 92 00 00 00 92 00 00 00 92 00 00 00 92 00 00 00 92 00 00 00 92 00 00 00 92 00 00 00 92 00 00 00 92 00 00 00 92 00 00 00 92 00 00 00 92 00 00 00 92 00 00 00 92 00 00 00 92 00 00 00 
93 00 00 00 93 00 00 00 93 00 00 00 93 00 00 00 93 00 00 00 93 00 00 00 93 00 00 00 93 00 00 00 93 00 00 00 93 00 00 00 93 00 00 00 93 00 00 00 93 00 00 00 93 00 00 00 93 00 00 00 93 00 00 00 93 00 00 00 93 00 00 00 93 00 00 00 93 00 00 00 93 00 00 00 93 00 00 00 93 00 00 00 93 00 00 00 93 00 00 00 93 00 00 00 93 00 00 00 93 00 00 00 93 00 00 00 93 00 00 00 93 00 00 00 93 00 00 00 

[TC-VERIFY] Load #3: addr=0x40006800, offset=1536, bytes=512
[TC-VERIFY] Loaded data: 
D0 00 00 00 D0 00 00 00 D0 00 00 00 D0 00 00 00 D0 00 00 00 D0 00 00 00 D0 00 00 00 D0 00 00 00 D0 00 00 00 D0 00 00 00 D0 00 00 00 D0 00 00 00 D0 00 00 00 D0 00 00 00 D0 00 00 00 D0 00 00 00 D0 00 00 00 D0 00 00 00 D0 00 00 00 D0 00 00 00 D0 00 00 00 D0 00 00 00 D0 00 00 00 D0 00 00 00 D0 00 00 00 D0 00 00 00 D0 00 00 00 D0 00 00 00 D0 00 00 00 D0 00 00 00 D0 00 00 00 D0 00 00 00 
D1 00 00 00 D1 00 00 00 D1 00 00 00 D1 00 00 00 D1 00 00 00 D1 00 00 00 D1 00 00 00 D1 00 00 00 D1 00 00 00 D1 00 00 00 D1 00 00 00 D1 00 00 00 D1 00 00 00 D1 00 00 00 D1 00 00 00 D1 00 00 00 D1 00 00 00 D1 00 00 00 D1 00 00 00 D1 00 00 00 D1 00 00 00 D1 00 00 00 D1 00 00 00 D1 00 00 00 D1 00 00 00 D1 00 00 00 D1 00 00 00 D1 00 00 00 D1 00 00 00 D1 00 00 00 D1 00 00 00 D1 00 00 00 
D2 00 00 00 D2 00 00 00 D2 00 00 00 D2 00 00 00 D2 00 00 00 D2 00 00 00 D2 00 00 00 D2 00 00 00 D2 00 00 00 D2 00 00 00 D2 00 00 00 D2 00 00 00 D2 00 00 00 D2 00 00 00 D2 00 00 00 D2 00 00 00 D2 00 00 00 D2 00 00 00 D2 00 00 00 D2 00 00 00 D2 00 00 00 D2 00 00 00 D2 00 00 00 D2 00 00 00 D2 00 00 00 D2 00 00 00 D2 00 00 00 D2 00 00 00 D2 00 00 00 D2 00 00 00 D2 00 00 00 D2 00 00 00 
D3 00 00 00 D3 00 00 00 D3 00 00 00 D3 00 00 00 D3 00 00 00 D3 00 00 00 D3 00 00 00 D3 00 00 00 D3 00 00 00 D3 00 00 00 D3 00 00 00 D3 00 00 00 D3 00 00 00 D3 00 00 00 D3 00 00 00 D3 00 00 00 D3 00 00 00 D3 00 00 00 D3 00 00 00 D3 00 00 00 D3 00 00 00 D3 00 00 00 D3 00 00 00 D3 00 00 00 D3 00 00 00 D3 00 00 00 D3 00 00 00 D3 00 00 00 D3 00 00 00 D3 00 00 00 D3 00 00 00 D3 00 00 00 

[TC-VERIFY] Load #4: addr=0x40008800, offset=2048, bytes=512
[TC-VERIFY] Loaded data: 
10 01 00 00 10 01 00 00 10 01 00 00 10 01 00 00 10 01 00 00 10 01 00 00 10 01 00 00 10 01 00 00 10 01 00 00 10 01 00 00 10 01 00 00 10 01 00 00 10 01 00 00 10 01 00 00 10 01 00 00 10 01 00 00 10 01 00 00 10 01 00 00 10 01 00 00 10 01 00 00 10 01 00 00 10 01 00 00 10 01 00 00 10 01 00 00 10 01 00 00 10 01 00 00 10 01 00 00 10 01 00 00 10 01 00 00 10 01 00 00 10 01 00 00 10 01 00 00 
11 01 00 00 11 01 00 00 11 01 00 00 11 01 00 00 11 01 00 00 11 01 00 00 11 01 00 00 11 01 00 00 11 01 00 00 11 01 00 00 11 01 00 00 11 01 00 00 11 01 00 00 11 01 00 00 11 01 00 00 11 01 00 00 11 01 00 00 11 01 00 00 11 01 00 00 11 01 00 00 11 01 00 00 11 01 00 00 11 01 00 00 11 01 00 00 11 01 00 00 11 01 00 00 11 01 00 00 11 01 00 00 11 01 00 00 11 01 00 00 11 01 00 00 11 01 00 00 
12 01 00 00 12 01 00 00 12 01 00 00 12 01 00 00 12 01 00 00 12 01 00 00 12 01 00 00 12 01 00 00 12 01 00 00 12 01 00 00 12 01 00 00 12 01 00 00 12 01 00 00 12 01 00 00 12 01 00 00 12 01 00 00 12 01 00 00 12 01 00 00 12 01 00 00 12 01 00 00 12 01 00 00 12 01 00 00 12 01 00 00 12 01 00 00 12 01 00 00 12 01 00 00 12 01 00 00 12 01 00 00 12 01 00 00 12 01 00 00 12 01 00 00 12 01 00 00 
13 01 00 00 13 01 00 00 13 01 00 00 13 01 00 00 13 01 00 00 13 01 00 00 13 01 00 00 13 01 00 00 13 01 00 00 13 01 00 00 13 01 00 00 13 01 00 00 13 01 00 00 13 01 00 00 13 01 00 00 13 01 00 00 13 01 00 00 13 01 00 00 13 01 00 00 13 01 00 00 13 01 00 00 13 01 00 00 13 01 00 00 13 01 00 00 13 01 00 00 13 01 00 00 13 01 00 00 13 01 00 00 13 01 00 00 13 01 00 00 13 01 00 00 13 01 00 00 

[TC-VERIFY] Load #5: addr=0x4000A800, offset=2560, bytes=512
[TC-VERIFY] Loaded data: 
50 01 00 00 50 01 00 00 50 01 00 00 50 01 00 00 50 01 00 00 50 01 00 00 50 01 00 00 50 01 00 00 50 01 00 00 50 01 00 00 50 01 00 00 50 01 00 00 50 01 00 00 50 01 00 00 50 01 00 00 50 01 00 00 50 01 00 00 50 01 00 00 50 01 00 00 50 01 00 00 50 01 00 00 50 01 00 00 50 01 00 00 50 01 00 00 50 01 00 00 50 01 00 00 50 01 00 00 50 01 00 00 50 01 00 00 50 01 00 00 50 01 00 00 50 01 00 00 
51 01 00 00 51 01 00 00 51 01 00 00 51 01 00 00 51 01 00 00 51 01 00 00 51 01 00 00 51 01 00 00 51 01 00 00 51 01 00 00 51 01 00 00 51 01 00 00 51 01 00 00 51 01 00 00 51 01 00 00 51 01 00 00 51 01 00 00 51 01 00 00 51 01 00 00 51 01 00 00 51 01 00 00 51 01 00 00 51 01 00 00 51 01 00 00 51 01 00 00 51 01 00 00 51 01 00 00 51 01 00 00 51 01 00 00 51 01 00 00 51 01 00 00 51 01 00 00 
52 01 00 00 52 01 00 00 52 01 00 00 52 01 00 00 52 01 00 00 52 01 00 00 52 01 00 00 52 01 00 00 52 01 00 00 52 01 00 00 52 01 00 00 52 01 00 00 52 01 00 00 52 01 00 00 52 01 00 00 52 01 00 00 52 01 00 00 52 01 00 00 52 01 00 00 52 01 00 00 52 01 00 00 52 01 00 00 52 01 00 00 52 01 00 00 52 01 00 00 52 01 00 00 52 01 00 00 52 01 00 00 52 01 00 00 52 01 00 00 52 01 00 00 52 01 00 00 
53 01 00 00 53 01 00 00 53 01 00 00 53 01 00 00 53 01 00 00 53 01 00 00 53 01 00 00 53 01 00 00 53 01 00 00 53 01 00 00 53 01 00 00 53 01 00 00 53 01 00 00 53 01 00 00 53 01 00 00 53 01 00 00 53 01 00 00 53 01 00 00 53 01 00 00 53 01 00 00 53 01 00 00 53 01 00 00 53 01 00 00 53 01 00 00 53 01 00 00 53 01 00 00 53 01 00 00 53 01 00 00 53 01 00 00 53 01 00 00 53 01 00 00 53 01 00 00 

[TC-VERIFY] Load #6: addr=0x4000C800, offset=3072, bytes=512
[TC-VERIFY] Loaded data: 
90 01 00 00 90 01 00 00 90 01 00 00 90 01 00 00 90 01 00 00 90 01 00 00 90 01 00 00 90 01 00 00 90 01 00 00 90 01 00 00 90 01 00 00 90 01 00 00 90 01 00 00 90 01 00 00 90 01 00 00 90 01 00 00 90 01 00 00 90 01 00 00 90 01 00 00 90 01 00 00 90 01 00 00 90 01 00 00 90 01 00 00 90 01 00 00 90 01 00 00 90 01 00 00 90 01 00 00 90 01 00 00 90 01 00 00 90 01 00 00 90 01 00 00 90 01 00 00 
91 01 00 00 91 01 00 00 91 01 00 00 91 01 00 00 91 01 00 00 91 01 00 00 91 01 00 00 91 01 00 00 91 01 00 00 91 01 00 00 91 01 00 00 91 01 00 00 91 01 00 00 91 01 00 00 91 01 00 00 91 01 00 00 91 01 00 00 91 01 00 00 91 01 00 00 91 01 00 00 91 01 00 00 91 01 00 00 91 01 00 00 91 01 00 00 91 01 00 00 91 01 00 00 91 01 00 00 91 01 00 00 91 01 00 00 91 01 00 00 91 01 00 00 91 01 00 00 
92 01 00 00 92 01 00 00 92 01 00 00 92 01 00 00 92 01 00 00 92 01 00 00 92 01 00 00 92 01 00 00 92 01 00 00 92 01 00 00 92 01 00 00 92 01 00 00 92 01 00 00 92 01 00 00 92 01 00 00 92 01 00 00 92 01 00 00 92 01 00 00 92 01 00 00 92 01 00 00 92 01 00 00 92 01 00 00 92 01 00 00 92 01 00 00 92 01 00 00 92 01 00 00 92 01 00 00 92 01 00 00 92 01 00 00 92 01 00 00 92 01 00 00 92 01 00 00 
93 01 00 00 93 01 00 00 93 01 00 00 93 01 00 00 93 01 00 00 93 01 00 00 93 01 00 00 93 01 00 00 93 01 00 00 93 01 00 00 93 01 00 00 93 01 00 00 93 01 00 00 93 01 00 00 93 01 00 00 93 01 00 00 93 01 00 00 93 01 00 00 93 01 00 00 93 01 00 00 93 01 00 00 93 01 00 00 93 01 00 00 93 01 00 00 93 01 00 00 93 01 00 00 93 01 00 00 93 01 00 00 93 01 00 00 93 01 00 00 93 01 00 00 93 01 00 00 

[TC-VERIFY] Load #7: addr=0x4000E800, offset=3584, bytes=512
[TC-VERIFY] Loaded data: 
D0 01 00 00 D0 01 00 00 D0 01 00 00 D0 01 00 00 D0 01 00 00 D0 01 00 00 D0 01 00 00 D0 01 00 00 D0 01 00 00 D0 01 00 00 D0 01 00 00 D0 01 00 00 D0 01 00 00 D0 01 00 00 D0 01 00 00 D0 01 00 00 D0 01 00 00 D0 01 00 00 D0 01 00 00 D0 01 00 00 D0 01 00 00 D0 01 00 00 D0 01 00 00 D0 01 00 00 D0 01 00 00 D0 01 00 00 D0 01 00 00 D0 01 00 00 D0 01 00 00 D0 01 00 00 D0 01 00 00 D0 01 00 00 
D1 01 00 00 D1 01 00 00 D1 01 00 00 D1 01 00 00 D1 01 00 00 D1 01 00 00 D1 01 00 00 D1 01 00 00 D1 01 00 00 D1 01 00 00 D1 01 00 00 D1 01 00 00 D1 01 00 00 D1 01 00 00 D1 01 00 00 D1 01 00 00 D1 01 00 00 D1 01 00 00 D1 01 00 00 D1 01 00 00 D1 01 00 00 D1 01 00 00 D1 01 00 00 D1 01 00 00 D1 01 00 00 D1 01 00 00 D1 01 00 00 D1 01 00 00 D1 01 00 00 D1 01 00 00 D1 01 00 00 D1 01 00 00 
D2 01 00 00 D2 01 00 00 D2 01 00 00 D2 01 00 00 D2 01 00 00 D2 01 00 00 D2 01 00 00 D2 01 00 00 D2 01 00 00 D2 01 00 00 D2 01 00 00 D2 01 00 00 D2 01 00 00 D2 01 00 00 D2 01 00 00 D2 01 00 00 D2 01 00 00 D2 01 00 00 D2 01 00 00 D2 01 00 00 D2 01 00 00 D2 01 00 00 D2 01 00 00 D2 01 00 00 D2 01 00 00 D2 01 00 00 D2 01 00 00 D2 01 00 00 D2 01 00 00 D2 01 00 00 D2 01 00 00 D2 01 00 00 
D3 01 00 00 D3 01 00 00 D3 01 00 00 D3 01 00 00 D3 01 00 00 D3 01 00 00 D3 01 00 00 D3 01 00 00 D3 01 00 00 D3 01 00 00 D3 01 00 00 D3 01 00 00 D3 01 00 00 D3 01 00 00 D3 01 00 00 D3 01 00 00 D3 01 00 00 D3 01 00 00 D3 01 00 00 D3 01 00 00 D3 01 00 00 D3 01 00 00 D3 01 00 00 D3 01 00 00 D3 01 00 00 D3 01 00 00 D3 01 00 00 D3 01 00 00 D3 01 00 00 D3 01 00 00 D3 01 00 00 D3 01 00 00 

  Executing MMA computation...
[TC-DISP] exec_tensorcomp called
[TC-DISP] engine_id=1, mop3=0, st=1, mode3=3, funct2=0
[TC-VERIFY] Acc buffer dump (int32, 32 values per line):
  [   0]   -13312   -13312   -13312   -13312   -13312   -13312   -13312   -13312   -13312   -13312   -13312   -13312   -13312   -13312   -13312   -13312   -13312   -13312   -13312   -13312   -13312   -13312   -13312   -13312   -13312   -13312   -13312   -13312   -13312   -13312   -13312   -13312 
  [   1]   -13312   -13312   -13312   -13312   -13312   -13312   -13312   -13312   -13312   -13312   -13312   -13312   -13312   -13312   -13312   -13312   -13312   -13312   -13312   -13312   -13312   -13312   -13312   -13312   -13312   -13312   -13312   -13312   -13312   -13312   -13312   -13312 
  [   2]   -13312   -13312   -13312   -13312   -13312   -13312   -13312   -13312   -13312   -13312   -13312   -13312   -13312   -13312   -13312   -13312   -13312   -13312   -13312   -13312   -13312   -13312   -13312   -13312   -13312   -13312   -13312   -13312   -13312   -13312   -13312   -13312 
  [   3]   -13312   -13312   -13312   -13312   -13312   -13312   -13312   -13312   -13312   -13312   -13312   -13312   -13312   -13312   -13312   -13312   -13312   -13312   -13312   -13312   -13312   -13312   -13312   -13312   -13312   -13312   -13312   -13312   -13312   -13312   -13312   -13312 
  [   4]   -13312   -13312   -13312   -13312   -13312   -13312   -13312   -13312   -13312   -13312   -13312   -13312   -13312   -13312   -13312   -13312   -13312   -13312   -13312   -13312   -13312   -13312   -13312   -13312   -13312   -13312   -13312   -13312   -13312   -13312   -13312   -13312 
  [   5]   -13312   -13312   -13312   -13312   -13312   -13312   -13312   -13312   -13312   -13312   -13312   -13312   -13312   -13312   -13312   -13312   -13312   -13312   -13312   -13312   -13312   -13312   -13312   -13312   -13312   -13312   -13312   -13312   -13312   -13312   -13312   -13312 
  [   6]   -13312   -13312   -13312   -13312   -13312   -13312   -13312   -13312   -13312   -13312   -13312   -13312   -13312   -13312   -13312   -13312   -13312   -13312   -13312   -13312   -13312   -13312   -13312   -13312   -13312   -13312   -13312   -13312   -13312   -13312   -13312   -13312 
  [   7]   -13312   -13312   -13312   -13312   -13312   -13312   -13312   -13312   -13312   -13312   -13312   -13312   -13312   -13312   -13312   -13312   -13312   -13312   -13312   -13312   -13312   -13312   -13312   -13312   -13312   -13312   -13312   -13312   -13312   -13312   -13312   -13312 
  [   8]   -13312   -13312   -13312   -13312   -13312   -13312   -13312   -13312   -13312   -13312   -13312   -13312   -13312   -13312   -13312   -13312   -13312   -13312   -13312   -13312   -13312   -13312   -13312   -13312   -13312   -13312   -13312   -13312   -13312   -13312   -13312   -13312 
  [   9]   -13312   -13312   -13312   -13312   -13312   -13312   -13312   -13312   -13312   -13312   -13312   -13312   -13312   -13312   -13312   -13312   -13312   -13312   -13312   -13312   -13312   -13312   -13312   -13312   -13312   -13312   -13312   -13312   -13312   -13312   -13312   -13312 
  [  10]   -13312   -13312   -13312   -13312   -13312   -13312   -13312   -13312   -13312   -13312   -13312   -13312   -13312   -13312   -13312   -13312   -13312   -13312   -13312   -13312   -13312   -13312   -13312   -13312   -13312   -13312   -13312   -13312   -13312   -13312   -13312   -13312 
  [  11]   -13312   -13312   -13312   -13312   -13312   -13312   -13312   -13312   -13312   -13312   -13312   -13312   -13312   -13312   -13312   -13312   -13312   -13312   -13312   -13312   -13312   -13312   -13312   -13312   -13312   -13312   -13312   -13312   -13312   -13312   -13312   -13312 
  [  12]   -13312   -13312   -13312   -13312   -13312   -13312   -13312   -13312   -13312   -13312   -13312   -13312   -13312   -13312   -13312   -13312   -13312   -13312   -13312   -13312   -13312   -13312   -13312   -13312   -13312   -13312   -13312   -13312   -13312   -13312   -13312   -13312 
  [  13]   -13312   -13312   -13312   -13312   -13312   -13312   -13312   -13312   -13312   -13312   -13312   -13312   -13312   -13312   -13312   -13312   -13312   -13312   -13312   -13312   -13312   -13312   -13312   -13312   -13312   -13312   -13312   -13312   -13312   -13312   -13312   -13312 
  [  14]   -13312   -13312   -13312   -13312   -13312   -13312   -13312   -13312   -13312   -13312   -13312   -13312   -13312   -13312   -13312   -13312   -13312   -13312   -13312   -13312   -13312   -13312   -13312   -13312   -13312   -13312   -13312   -13312   -13312   -13312   -13312   -13312 
  [  15]   -13312   -13312   -13312   -13312   -13312   -13312   -13312   -13312   -13312   -13312   -13312   -13312   -13312   -13312   -13312   -13312   -13312   -13312   -13312   -13312   -13312   -13312   -13312   -13312   -13312   -13312   -13312   -13312   -13312   -13312   -13312   -13312 
  [  16]   -13312   -13312   -13312   -13312   -13312   -13312   -13312   -13312   -13312   -13312   -13312   -13312   -13312   -13312   -13312   -13312   -13312   -13312   -13312   -13312   -13312   -13312   -13312   -13312   -13312   -13312   -13312   -13312   -13312   -13312   -13312   -13312 
  [  17]   -13312   -13312   -13312   -13312   -13312   -13312   -13312   -13312   -13312   -13312   -13312   -13312   -13312   -13312   -13312   -13312   -13312   -13312   -13312   -13312   -13312   -13312   -13312   -13312   -13312   -13312   -13312   -13312   -13312   -13312   -13312   -13312 
  [  18]   -13312   -13312   -13312   -13312   -13312   -13312   -13312   -13312   -13312   -13312   -13312   -13312   -13312   -13312   -13312   -13312   -13312   -13312   -13312   -13312   -13312   -13312   -13312   -13312   -13312   -13312   -13312   -13312   -13312   -13312   -13312   -13312 
  [  19]   -13312   -13312   -13312   -13312   -13312   -13312   -13312   -13312   -13312   -13312   -13312   -13312   -13312   -13312   -13312   -13312   -13312   -13312   -13312   -13312   -13312   -13312   -13312   -13312   -13312   -13312   -13312   -13312   -13312   -13312   -13312   -13312 
  [  20]   -13312   -13312   -13312   -13312   -13312   -13312   -13312   -13312   -13312   -13312   -13312   -13312   -13312   -13312   -13312   -13312   -13312   -13312   -13312   -13312   -13312   -13312   -13312   -13312   -13312   -13312   -13312   -13312   -13312   -13312   -13312   -13312 
  [  21]   -13312   -13312   -13312   -13312   -13312   -13312   -13312   -13312   -13312   -13312   -13312   -13312   -13312   -13312   -13312   -13312   -13312   -13312   -13312   -13312   -13312   -13312   -13312   -13312   -13312   -13312   -13312   -13312   -13312   -13312   -13312   -13312 
  [  22]   -13312   -13312   -13312   -13312   -13312   -13312   -13312   -13312   -13312   -13312   -13312   -13312   -13312   -13312   -13312   -13312   -13312   -13312   -13312   -13312   -13312   -13312   -13312   -13312   -13312   -13312   -13312   -13312   -13312   -13312   -13312   -13312 
  [  23]   -13312   -13312   -13312   -13312   -13312   -13312   -13312   -13312   -13312   -13312   -13312   -13312   -13312   -13312   -13312   -13312   -13312   -13312   -13312   -13312   -13312   -13312   -13312   -13312   -13312   -13312   -13312   -13312   -13312   -13312   -13312   -13312 
  [  24]   -13312   -13312   -13312   -13312   -13312   -13312   -13312   -13312   -13312   -13312   -13312   -13312   -13312   -13312   -13312   -13312   -13312   -13312   -13312   -13312   -13312   -13312   -13312   -13312   -13312   -13312   -13312   -13312   -13312   -13312   -13312   -13312 
  [  25]   -13312   -13312   -13312   -13312   -13312   -13312   -13312   -13312   -13312   -13312   -13312   -13312   -13312   -13312   -13312   -13312   -13312   -13312   -13312   -13312   -13312   -13312   -13312   -13312   -13312   -13312   -13312   -13312   -13312   -13312   -13312   -13312 
  [  26]   -13312   -13312   -13312   -13312   -13312   -13312   -13312   -13312   -13312   -13312   -13312   -13312   -13312   -13312   -13312   -13312   -13312   -13312   -13312   -13312   -13312   -13312   -13312   -13312   -13312   -13312   -13312   -13312   -13312   -13312   -13312   -13312 
  [  27]   -13312   -13312   -13312   -13312   -13312   -13312   -13312   -13312   -13312   -13312   -13312   -13312   -13312   -13312   -13312   -13312   -13312   -13312   -13312   -13312   -13312   -13312   -13312   -13312   -13312   -13312   -13312   -13312   -13312   -13312   -13312   -13312 
  [  28]   -13312   -13312   -13312   -13312   -13312   -13312   -13312   -13312   -13312   -13312   -13312   -13312   -13312   -13312   -13312   -13312   -13312   -13312   -13312   -13312   -13312   -13312   -13312   -13312   -13312   -13312   -13312   -13312   -13312   -13312   -13312   -13312 
  [  29]   -13312   -13312   -13312   -13312   -13312   -13312   -13312   -13312   -13312   -13312   -13312   -13312   -13312   -13312   -13312   -13312   -13312   -13312   -13312   -13312   -13312   -13312   -13312   -13312   -13312   -13312   -13312   -13312   -13312   -13312   -13312   -13312 
  [  30]   -13312   -13312   -13312   -13312   -13312   -13312   -13312   -13312   -13312   -13312   -13312   -13312   -13312   -13312   -13312   -13312   -13312   -13312   -13312   -13312   -13312   -13312   -13312   -13312   -13312   -13312   -13312   -13312   -13312   -13312   -13312   -13312 
  [  31]   -13312   -13312   -13312   -13312   -13312   -13312   -13312   -13312   -13312   -13312   -13312   -13312   -13312   -13312   -13312   -13312   -13312   -13312   -13312   -13312   -13312   -13312   -13312   -13312   -13312   -13312   -13312   -13312   -13312   -13312   -13312   -13312 
  [  32]   -12864   -12864   -12864   -12864   -12864   -12864   -12864   -12864   -12864   -12864   -12864   -12864   -12864   -12864   -12864   -12864   -12864   -12864   -12864   -12864   -12864   -12864   -12864   -12864   -12864   -12864   -12864   -12864   -12864   -12864   -12864   -12864 
  [  33]   -12864   -12864   -12864   -12864   -12864   -12864   -12864   -12864   -12864   -12864   -12864   -12864   -12864   -12864   -12864   -12864   -12864   -12864   -12864   -12864   -12864   -12864   -12864   -12864   -12864   -12864   -12864   -12864   -12864   -12864   -12864   -12864 
  [  34]   -12864   -12864   -12864   -12864   -12864   -12864   -12864   -12864   -12864   -12864   -12864   -12864   -12864   -12864   -12864   -12864   -12864   -12864   -12864   -12864   -12864   -12864   -12864   -12864   -12864   -12864   -12864   -12864   -12864   -12864   -12864   -12864 
  [  35]   -12864   -12864   -12864   -12864   -12864   -12864   -12864   -12864   -12864   -12864   -12864   -12864   -12864   -12864   -12864   -12864   -12864   -12864   -12864   -12864   -12864   -12864   -12864   -12864   -12864   -12864   -12864   -12864   -12864   -12864   -12864   -12864 
  [  36]   -12864   -12864   -12864   -12864   -12864   -12864   -12864   -12864   -12864   -12864   -12864   -12864   -12864   -12864   -12864   -12864   -12864   -12864   -12864   -12864   -12864   -12864   -12864   -12864   -12864   -12864   -12864   -12864   -12864   -12864   -12864   -12864 
  [  37]   -12864   -12864   -12864   -12864   -12864   -12864   -12864   -12864   -12864   -12864   -12864   -12864   -12864   -12864   -12864   -12864   -12864   -12864   -12864   -12864   -12864   -12864   -12864   -12864   -12864   -12864   -12864   -12864   -12864   -12864   -12864   -12864 
  [  38]   -12864   -12864   -12864   -12864   -12864   -12864   -12864   -12864   -12864   -12864   -12864   -12864   -12864   -12864   -12864   -12864   -12864   -12864   -12864   -12864   -12864   -12864   -12864   -12864   -12864   -12864   -12864   -12864   -12864   -12864   -12864   -12864 
  [  39]   -12864   -12864   -12864   -12864   -12864   -12864   -12864   -12864   -12864   -12864   -12864   -12864   -12864   -12864   -12864   -12864   -12864   -12864   -12864   -12864   -12864   -12864   -12864   -12864   -12864   -12864   -12864   -12864   -12864   -12864   -12864   -12864 
  [  40]   -12864   -12864   -12864   -12864   -12864   -12864   -12864   -12864   -12864   -12864   -12864   -12864   -12864   -12864   -12864   -12864   -12864   -12864   -12864   -12864   -12864   -12864   -12864   -12864   -12864   -12864   -12864   -12864   -12864   -12864   -12864   -12864 
  [  41]   -12864   -12864   -12864   -12864   -12864   -12864   -12864   -12864   -12864   -12864   -12864   -12864   -12864   -12864   -12864   -12864   -12864   -12864   -12864   -12864   -12864   -12864   -12864   -12864   -12864   -12864   -12864   -12864   -12864   -12864   -12864   -12864 
  [  42]   -12864   -12864   -12864   -12864   -12864   -12864   -12864   -12864   -12864   -12864   -12864   -12864   -12864   -12864   -12864   -12864   -12864   -12864   -12864   -12864   -12864   -12864   -12864   -12864   -12864   -12864   -12864   -12864   -12864   -12864   -12864   -12864 
  [  43]   -12864   -12864   -12864   -12864   -12864   -12864   -12864   -12864   -12864   -12864   -12864   -12864   -12864   -12864   -12864   -12864   -12864   -12864   -12864   -12864   -12864   -12864   -12864   -12864   -12864   -12864   -12864   -12864   -12864   -12864   -12864   -12864 
  [  44]   -12864   -12864   -12864   -12864   -12864   -12864   -12864   -12864   -12864   -12864   -12864   -12864   -12864   -12864   -12864   -12864   -12864   -12864   -12864   -12864   -12864   -12864   -12864   -12864   -12864   -12864   -12864   -12864   -12864   -12864   -12864   -12864 
  [  45]   -12864   -12864   -12864   -12864   -12864   -12864   -12864   -12864   -12864   -12864   -12864   -12864   -12864   -12864   -12864   -12864   -12864   -12864   -12864   -12864   -12864   -12864   -12864   -12864   -12864   -12864   -12864   -12864   -12864   -12864   -12864   -12864 
  [  46]   -12864   -12864   -12864   -12864   -12864   -12864   -12864   -12864   -12864   -12864   -12864   -12864   -12864   -12864   -12864   -12864   -12864   -12864   -12864   -12864   -12864   -12864   -12864   -12864   -12864   -12864   -12864   -12864   -12864   -12864   -12864   -12864 
  [  47]   -12864   -12864   -12864   -12864   -12864   -12864   -12864   -12864   -12864   -12864   -12864   -12864   -12864   -12864   -12864   -12864   -12864   -12864   -12864   -12864   -12864   -12864   -12864   -12864   -12864   -12864   -12864   -12864   -12864   -12864   -12864   -12864 
  [  48]   -12864   -12864   -12864   -12864   -12864   -12864   -12864   -12864   -12864   -12864   -12864   -12864   -12864   -12864   -12864   -12864   -12864   -12864   -12864   -12864   -12864   -12864   -12864   -12864   -12864   -12864   -12864   -12864   -12864   -12864   -12864   -12864 
  [  49]   -12864   -12864   -12864   -12864   -12864   -12864   -12864   -12864   -12864   -12864   -12864   -12864   -12864   -12864   -12864   -12864   -12864   -12864   -12864   -12864   -12864   -12864   -12864   -12864   -12864   -12864   -12864   -12864   -12864   -12864   -12864   -12864 
  [  50]   -12864   -12864   -12864   -12864   -12864   -12864   -12864   -12864   -12864   -12864   -12864   -12864   -12864   -12864   -12864   -12864   -12864   -12864   -12864   -12864   -12864   -12864   -12864   -12864   -12864   -12864   -12864   -12864   -12864   -12864   -12864   -12864 
  [  51]   -12864   -12864   -12864   -12864   -12864   -12864   -12864   -12864   -12864   -12864   -12864   -12864   -12864   -12864   -12864   -12864   -12864   -12864   -12864   -12864   -12864   -12864   -12864   -12864   -12864   -12864   -12864   -12864   -12864   -12864   -12864   -12864 
  [  52]   -12864   -12864   -12864   -12864   -12864   -12864   -12864   -12864   -12864   -12864   -12864   -12864   -12864   -12864   -12864   -12864   -12864   -12864   -12864   -12864   -12864   -12864   -12864   -12864   -12864   -12864   -12864   -12864   -12864   -12864   -12864   -12864 
  [  53]   -12864   -12864   -12864   -12864   -12864   -12864   -12864   -12864   -12864   -12864   -12864   -12864   -12864   -12864   -12864   -12864   -12864   -12864   -12864   -12864   -12864   -12864   -12864   -12864   -12864   -12864   -12864   -12864   -12864   -12864   -12864   -12864 
  [  54]   -12864   -12864   -12864   -12864   -12864   -12864   -12864   -12864   -12864   -12864   -12864   -12864   -12864   -12864   -12864   -12864   -12864   -12864   -12864   -12864   -12864   -12864   -12864   -12864   -12864   -12864   -12864   -12864   -12864   -12864   -12864   -12864 
  [  55]   -12864   -12864   -12864   -12864   -12864   -12864   -12864   -12864   -12864   -12864   -12864   -12864   -12864   -12864   -12864   -12864   -12864   -12864   -12864   -12864   -12864   -12864   -12864   -12864   -12864   -12864   -12864   -12864   -12864   -12864   -12864   -12864 
  [  56]   -12864   -12864   -12864   -12864   -12864   -12864   -12864   -12864   -12864   -12864   -12864   -12864   -12864   -12864   -12864   -12864   -12864   -12864   -12864   -12864   -12864   -12864   -12864   -12864   -12864   -12864   -12864   -12864   -12864   -12864   -12864   -12864 
  [  57]   -12864   -12864   -12864   -12864   -12864   -12864   -12864   -12864   -12864   -12864   -12864   -12864   -12864   -12864   -12864   -12864   -12864   -12864   -12864   -12864   -12864   -12864   -12864   -12864   -12864   -12864   -12864   -12864   -12864   -12864   -12864   -12864 
  [  58]   -12864   -12864   -12864   -12864   -12864   -12864   -12864   -12864   -12864   -12864   -12864   -12864   -12864   -12864   -12864   -12864   -12864   -12864   -12864   -12864   -12864   -12864   -12864   -12864   -12864   -12864   -12864   -12864   -12864   -12864   -12864   -12864 
  [  59]   -12864   -12864   -12864   -12864   -12864   -12864   -12864   -12864   -12864   -12864   -12864   -12864   -12864   -12864   -12864   -12864   -12864   -12864   -12864   -12864   -12864   -12864   -12864   -12864   -12864   -12864   -12864   -12864   -12864   -12864   -12864   -12864 
  [  60]   -12864   -12864   -12864   -12864   -12864   -12864   -12864   -12864   -12864   -12864   -12864   -12864   -12864   -12864   -12864   -12864   -12864   -12864   -12864   -12864   -12864   -12864   -12864   -12864   -12864   -12864   -12864   -12864   -12864   -12864   -12864   -12864 
  [  61]   -12864   -12864   -12864   -12864   -12864   -12864   -12864   -12864   -12864   -12864   -12864   -12864   -12864   -12864   -12864   -12864   -12864   -12864   -12864   -12864   -12864   -12864   -12864   -12864   -12864   -12864   -12864   -12864   -12864   -12864   -12864   -12864 
  [  62]   -12864   -12864   -12864   -12864   -12864   -12864   -12864   -12864   -12864   -12864   -12864   -12864   -12864   -12864   -12864   -12864   -12864   -12864   -12864   -12864   -12864   -12864   -12864   -12864   -12864   -12864   -12864   -12864   -12864   -12864   -12864   -12864 
  [  63]   -12864   -12864   -12864   -12864   -12864   -12864   -12864   -12864   -12864   -12864   -12864   -12864   -12864   -12864   -12864   -12864   -12864   -12864   -12864   -12864   -12864   -12864   -12864   -12864   -12864   -12864   -12864   -12864   -12864   -12864   -12864   -12864 
  [  64]   -12416   -12416   -12416   -12416   -12416   -12416   -12416   -12416   -12416   -12416   -12416   -12416   -12416   -12416   -12416   -12416   -12416   -12416   -12416   -12416   -12416   -12416   -12416   -12416   -12416   -12416   -12416   -12416   -12416   -12416   -12416   -12416 
  [  65]   -12416   -12416   -12416   -12416   -12416   -12416   -12416   -12416   -12416   -12416   -12416   -12416   -12416   -12416   -12416   -12416   -12416   -12416   -12416   -12416   -12416   -12416   -12416   -12416   -12416   -12416   -12416   -12416   -12416   -12416   -12416   -12416 
  [  66]   -12416   -12416   -12416   -12416   -12416   -12416   -12416   -12416   -12416   -12416   -12416   -12416   -12416   -12416   -12416   -12416   -12416   -12416   -12416   -12416   -12416   -12416   -12416   -12416   -12416   -12416   -12416   -12416   -12416   -12416   -12416   -12416 
  [  67]   -12416   -12416   -12416   -12416   -12416   -12416   -12416   -12416   -12416   -12416   -12416   -12416   -12416   -12416   -12416   -12416   -12416   -12416   -12416   -12416   -12416   -12416   -12416   -12416   -12416   -12416   -12416   -12416   -12416   -12416   -12416   -12416 
  [  68]   -12416   -12416   -12416   -12416   -12416   -12416   -12416   -12416   -12416   -12416   -12416   -12416   -12416   -12416   -12416   -12416   -12416   -12416   -12416   -12416   -12416   -12416   -12416   -12416   -12416   -12416   -12416   -12416   -12416   -12416   -12416   -12416 
  [  69]   -12416   -12416   -12416   -12416   -12416   -12416   -12416   -12416   -12416   -12416   -12416   -12416   -12416   -12416   -12416   -12416   -12416   -12416   -12416   -12416   -12416   -12416   -12416   -12416   -12416   -12416   -12416   -12416   -12416   -12416   -12416   -12416 
  [  70]   -12416   -12416   -12416   -12416   -12416   -12416   -12416   -12416   -12416   -12416   -12416   -12416   -12416   -12416   -12416   -12416   -12416   -12416   -12416   -12416   -12416   -12416   -12416   -12416   -12416   -12416   -12416   -12416   -12416   -12416   -12416   -12416 
  [  71]   -12416   -12416   -12416   -12416   -12416   -12416   -12416   -12416   -12416   -12416   -12416   -12416   -12416   -12416   -12416   -12416   -12416   -12416   -12416   -12416   -12416   -12416   -12416   -12416   -12416   -12416   -12416   -12416   -12416   -12416   -12416   -12416 
  [  72]   -12416   -12416   -12416   -12416   -12416   -12416   -12416   -12416   -12416   -12416   -12416   -12416   -12416   -12416   -12416   -12416   -12416   -12416   -12416   -12416   -12416   -12416   -12416   -12416   -12416   -12416   -12416   -12416   -12416   -12416   -12416   -12416 
  [  73]   -12416   -12416   -12416   -12416   -12416   -12416   -12416   -12416   -12416   -12416   -12416   -12416   -12416   -12416   -12416   -12416   -12416   -12416   -12416   -12416   -12416   -12416   -12416   -12416   -12416   -12416   -12416   -12416   -12416   -12416   -12416   -12416 
  [  74]   -12416   -12416   -12416   -12416   -12416   -12416   -12416   -12416   -12416   -12416   -12416   -12416   -12416   -12416   -12416   -12416   -12416   -12416   -12416   -12416   -12416   -12416   -12416   -12416   -12416   -12416   -12416   -12416   -12416   -12416   -12416   -12416 
  [  75]   -12416   -12416   -12416   -12416   -12416   -12416   -12416   -12416   -12416   -12416   -12416   -12416   -12416   -12416   -12416   -12416   -12416   -12416   -12416   -12416   -12416   -12416   -12416   -12416   -12416   -12416   -12416   -12416   -12416   -12416   -12416   -12416 
  [  76]   -12416   -12416   -12416   -12416   -12416   -12416   -12416   -12416   -12416   -12416   -12416   -12416   -12416   -12416   -12416   -12416   -12416   -12416   -12416   -12416   -12416   -12416   -12416   -12416   -12416   -12416   -12416   -12416   -12416   -12416   -12416   -12416 
  [  77]   -12416   -12416   -12416   -12416   -12416   -12416   -12416   -12416   -12416   -12416   -12416   -12416   -12416   -12416   -12416   -12416   -12416   -12416   -12416   -12416   -12416   -12416   -12416   -12416   -12416   -12416   -12416   -12416   -12416   -12416   -12416   -12416 
  [  78]   -12416   -12416   -12416   -12416   -12416   -12416   -12416   -12416   -12416   -12416   -12416   -12416   -12416   -12416   -12416   -12416   -12416   -12416   -12416   -12416   -12416   -12416   -12416   -12416   -12416   -12416   -12416   -12416   -12416   -12416   -12416   -12416 
  [  79]   -12416   -12416   -12416   -12416   -12416   -12416   -12416   -12416   -12416   -12416   -12416   -12416   -12416   -12416   -12416   -12416   -12416   -12416   -12416   -12416   -12416   -12416   -12416   -12416   -12416   -12416   -12416   -12416   -12416   -12416   -12416   -12416 
  [  80]   -12416   -12416   -12416   -12416   -12416   -12416   -12416   -12416   -12416   -12416   -12416   -12416   -12416   -12416   -12416   -12416   -12416   -12416   -12416   -12416   -12416   -12416   -12416   -12416   -12416   -12416   -12416   -12416   -12416   -12416   -12416   -12416 
  [  81]   -12416   -12416   -12416   -12416   -12416   -12416   -12416   -12416   -12416   -12416   -12416   -12416   -12416   -12416   -12416   -12416   -12416   -12416   -12416   -12416   -12416   -12416   -12416   -12416   -12416   -12416   -12416   -12416   -12416   -12416   -12416   -12416 
  [  82]   -12416   -12416   -12416   -12416   -12416   -12416   -12416   -12416   -12416   -12416   -12416   -12416   -12416   -12416   -12416   -12416   -12416   -12416   -12416   -12416   -12416   -12416   -12416   -12416   -12416   -12416   -12416   -12416   -12416   -12416   -12416   -12416 
  [  83]   -12416   -12416   -12416   -12416   -12416   -12416   -12416   -12416   -12416   -12416   -12416   -12416   -12416   -12416   -12416   -12416   -12416   -12416   -12416   -12416   -12416   -12416   -12416   -12416   -12416   -12416   -12416   -12416   -12416   -12416   -12416   -12416 
  [  84]   -12416   -12416   -12416   -12416   -12416   -12416   -12416   -12416   -12416   -12416   -12416   -12416   -12416   -12416   -12416   -12416   -12416   -12416   -12416   -12416   -12416   -12416   -12416   -12416   -12416   -12416   -12416   -12416   -12416   -12416   -12416   -12416 
  [  85]   -12416   -12416   -12416   -12416   -12416   -12416   -12416   -12416   -12416   -12416   -12416   -12416   -12416   -12416   -12416   -12416   -12416   -12416   -12416   -12416   -12416   -12416   -12416   -12416   -12416   -12416   -12416   -12416   -12416   -12416   -12416   -12416 
  [  86]   -12416   -12416   -12416   -12416   -12416   -12416   -12416   -12416   -12416   -12416   -12416   -12416   -12416   -12416   -12416   -12416   -12416   -12416   -12416   -12416   -12416   -12416   -12416   -12416   -12416   -12416   -12416   -12416   -12416   -12416   -12416   -12416 
  [  87]   -12416   -12416   -12416   -12416   -12416   -12416   -12416   -12416   -12416   -12416   -12416   -12416   -12416   -12416   -12416   -12416   -12416   -12416   -12416   -12416   -12416   -12416   -12416   -12416   -12416   -12416   -12416   -12416   -12416   -12416   -12416   -12416 
  [  88]   -12416   -12416   -12416   -12416   -12416   -12416   -12416   -12416   -12416   -12416   -12416   -12416   -12416   -12416   -12416   -12416   -12416   -12416   -12416   -12416   -12416   -12416   -12416   -12416   -12416   -12416   -12416   -12416   -12416   -12416   -12416   -12416 
  [  89]   -12416   -12416   -12416   -12416   -12416   -12416   -12416   -12416   -12416   -12416   -12416   -12416   -12416   -12416   -12416   -12416   -12416   -12416   -12416   -12416   -12416   -12416   -12416   -12416   -12416   -12416   -12416   -12416   -12416   -12416   -12416   -12416 
  [  90]   -12416   -12416   -12416   -12416   -12416   -12416   -12416   -12416   -12416   -12416   -12416   -12416   -12416   -12416   -12416   -12416   -12416   -12416   -12416   -12416   -12416   -12416   -12416   -12416   -12416   -12416   -12416   -12416   -12416   -12416   -12416   -12416 
  [  91]   -12416   -12416   -12416   -12416   -12416   -12416   -12416   -12416   -12416   -12416   -12416   -12416   -12416   -12416   -12416   -12416   -12416   -12416   -12416   -12416   -12416   -12416   -12416   -12416   -12416   -12416   -12416   -12416   -12416   -12416   -12416   -12416 
  [  92]   -12416   -12416   -12416   -12416   -12416   -12416   -12416   -12416   -12416   -12416   -12416   -12416   -12416   -12416   -12416   -12416   -12416   -12416   -12416   -12416   -12416   -12416   -12416   -12416   -12416   -12416   -12416   -12416   -12416   -12416   -12416   -12416 
  [  93]   -12416   -12416   -12416   -12416   -12416   -12416   -12416   -12416   -12416   -12416   -12416   -12416   -12416   -12416   -12416   -12416   -12416   -12416   -12416   -12416   -12416   -12416   -12416   -12416   -12416   -12416   -12416   -12416   -12416   -12416   -12416   -12416 
  [  94]   -12416   -12416   -12416   -12416   -12416   -12416   -12416   -12416   -12416   -12416   -12416   -12416   -12416   -12416   -12416   -12416   -12416   -12416   -12416   -12416   -12416   -12416   -12416   -12416   -12416   -12416   -12416   -12416   -12416   -12416   -12416   -12416 
  [  95]   -12416   -12416   -12416   -12416   -12416   -12416   -12416   -12416   -12416   -12416   -12416   -12416   -12416   -12416   -12416   -12416   -12416   -12416   -12416   -12416   -12416   -12416   -12416   -12416   -12416   -12416   -12416   -12416   -12416   -12416   -12416   -12416 
  [  96]   -11968   -11968   -11968   -11968   -11968   -11968   -11968   -11968   -11968   -11968   -11968   -11968   -11968   -11968   -11968   -11968   -11968   -11968   -11968   -11968   -11968   -11968   -11968   -11968   -11968   -11968   -11968   -11968   -11968   -11968   -11968   -11968 
  [  97]   -11968   -11968   -11968   -11968   -11968   -11968   -11968   -11968   -11968   -11968   -11968   -11968   -11968   -11968   -11968   -11968   -11968   -11968   -11968   -11968   -11968   -11968   -11968   -11968   -11968   -11968   -11968   -11968   -11968   -11968   -11968   -11968 
  [  98]   -11968   -11968   -11968   -11968   -11968   -11968   -11968   -11968   -11968   -11968   -11968   -11968   -11968   -11968   -11968   -11968   -11968   -11968   -11968   -11968   -11968   -11968   -11968   -11968   -11968   -11968   -11968   -11968   -11968   -11968   -11968   -11968 
  [  99]   -11968   -11968   -11968   -11968   -11968   -11968   -11968   -11968   -11968   -11968   -11968   -11968   -11968   -11968   -11968   -11968   -11968   -11968   -11968   -11968   -11968   -11968   -11968   -11968   -11968   -11968   -11968   -11968   -11968   -11968   -11968   -11968 
  [ 100]   -11968   -11968   -11968   -11968   -11968   -11968   -11968   -11968   -11968   -11968   -11968   -11968   -11968   -11968   -11968   -11968   -11968   -11968   -11968   -11968   -11968   -11968   -11968   -11968   -11968   -11968   -11968   -11968   -11968   -11968   -11968   -11968 
  [ 101]   -11968   -11968   -11968   -11968   -11968   -11968   -11968   -11968   -11968   -11968   -11968   -11968   -11968   -11968   -11968   -11968   -11968   -11968   -11968   -11968   -11968   -11968   -11968   -11968   -11968   -11968   -11968   -11968   -11968   -11968   -11968   -11968 
  [ 102]   -11968   -11968   -11968   -11968   -11968   -11968   -11968   -11968   -11968   -11968   -11968   -11968   -11968   -11968   -11968   -11968   -11968   -11968   -11968   -11968   -11968   -11968   -11968   -11968   -11968   -11968   -11968   -11968   -11968   -11968   -11968   -11968 
  [ 103]   -11968   -11968   -11968   -11968   -11968   -11968   -11968   -11968   -11968   -11968   -11968   -11968   -11968   -11968   -11968   -11968   -11968   -11968   -11968   -11968   -11968   -11968   -11968   -11968   -11968   -11968   -11968   -11968   -11968   -11968   -11968   -11968 
  [ 104]   -11968   -11968   -11968   -11968   -11968   -11968   -11968   -11968   -11968   -11968   -11968   -11968   -11968   -11968   -11968   -11968   -11968   -11968   -11968   -11968   -11968   -11968   -11968   -11968   -11968   -11968   -11968   -11968   -11968   -11968   -11968   -11968 
  [ 105]   -11968   -11968   -11968   -11968   -11968   -11968   -11968   -11968   -11968   -11968   -11968   -11968   -11968   -11968   -11968   -11968   -11968   -11968   -11968   -11968   -11968   -11968   -11968   -11968   -11968   -11968   -11968   -11968   -11968   -11968   -11968   -11968 
  [ 106]   -11968   -11968   -11968   -11968   -11968   -11968   -11968   -11968   -11968   -11968   -11968   -11968   -11968   -11968   -11968   -11968   -11968   -11968   -11968   -11968   -11968   -11968   -11968   -11968   -11968   -11968   -11968   -11968   -11968   -11968   -11968   -11968 
  [ 107]   -11968   -11968   -11968   -11968   -11968   -11968   -11968   -11968   -11968   -11968   -11968   -11968   -11968   -11968   -11968   -11968   -11968   -11968   -11968   -11968   -11968   -11968   -11968   -11968   -11968   -11968   -11968   -11968   -11968   -11968   -11968   -11968 
  [ 108]   -11968   -11968   -11968   -11968   -11968   -11968   -11968   -11968   -11968   -11968   -11968   -11968   -11968   -11968   -11968   -11968   -11968   -11968   -11968   -11968   -11968   -11968   -11968   -11968   -11968   -11968   -11968   -11968   -11968   -11968   -11968   -11968 
  [ 109]   -11968   -11968   -11968   -11968   -11968   -11968   -11968   -11968   -11968   -11968   -11968   -11968   -11968   -11968   -11968   -11968   -11968   -11968   -11968   -11968   -11968   -11968   -11968   -11968   -11968   -11968   -11968   -11968   -11968   -11968   -11968   -11968 
  [ 110]   -11968   -11968   -11968   -11968   -11968   -11968   -11968   -11968   -11968   -11968   -11968   -11968   -11968   -11968   -11968   -11968   -11968   -11968   -11968   -11968   -11968   -11968   -11968   -11968   -11968   -11968   -11968   -11968   -11968   -11968   -11968   -11968 
  [ 111]   -11968   -11968   -11968   -11968   -11968   -11968   -11968   -11968   -11968   -11968   -11968   -11968   -11968   -11968   -11968   -11968   -11968   -11968   -11968   -11968   -11968   -11968   -11968   -11968   -11968   -11968   -11968   -11968   -11968   -11968   -11968   -11968 
  [ 112]   -11968   -11968   -11968   -11968   -11968   -11968   -11968   -11968   -11968   -11968   -11968   -11968   -11968   -11968   -11968   -11968   -11968   -11968   -11968   -11968   -11968   -11968   -11968   -11968   -11968   -11968   -11968   -11968   -11968   -11968   -11968   -11968 
  [ 113]   -11968   -11968   -11968   -11968   -11968   -11968   -11968   -11968   -11968   -11968   -11968   -11968   -11968   -11968   -11968   -11968   -11968   -11968   -11968   -11968   -11968   -11968   -11968   -11968   -11968   -11968   -11968   -11968   -11968   -11968   -11968   -11968 
  [ 114]   -11968   -11968   -11968   -11968   -11968   -11968   -11968   -11968   -11968   -11968   -11968   -11968   -11968   -11968   -11968   -11968   -11968   -11968   -11968   -11968   -11968   -11968   -11968   -11968   -11968   -11968   -11968   -11968   -11968   -11968   -11968   -11968 
  [ 115]   -11968   -11968   -11968   -11968   -11968   -11968   -11968   -11968   -11968   -11968   -11968   -11968   -11968   -11968   -11968   -11968   -11968   -11968   -11968   -11968   -11968   -11968   -11968   -11968   -11968   -11968   -11968   -11968   -11968   -11968   -11968   -11968 
  [ 116]   -11968   -11968   -11968   -11968   -11968   -11968   -11968   -11968   -11968   -11968   -11968   -11968   -11968   -11968   -11968   -11968   -11968   -11968   -11968   -11968   -11968   -11968   -11968   -11968   -11968   -11968   -11968   -11968   -11968   -11968   -11968   -11968 
  [ 117]   -11968   -11968   -11968   -11968   -11968   -11968   -11968   -11968   -11968   -11968   -11968   -11968   -11968   -11968   -11968   -11968   -11968   -11968   -11968   -11968   -11968   -11968   -11968   -11968   -11968   -11968   -11968   -11968   -11968   -11968   -11968   -11968 
  [ 118]   -11968   -11968   -11968   -11968   -11968   -11968   -11968   -11968   -11968   -11968   -11968   -11968   -11968   -11968   -11968   -11968   -11968   -11968   -11968   -11968   -11968   -11968   -11968   -11968   -11968   -11968   -11968   -11968   -11968   -11968   -11968   -11968 
  [ 119]   -11968   -11968   -11968   -11968   -11968   -11968   -11968   -11968   -11968   -11968   -11968   -11968   -11968   -11968   -11968   -11968   -11968   -11968   -11968   -11968   -11968   -11968   -11968   -11968   -11968   -11968   -11968   -11968   -11968   -11968   -11968   -11968 
  [ 120]   -11968   -11968   -11968   -11968   -11968   -11968   -11968   -11968   -11968   -11968   -11968   -11968   -11968   -11968   -11968   -11968   -11968   -11968   -11968   -11968   -11968   -11968   -11968   -11968   -11968   -11968   -11968   -11968   -11968   -11968   -11968   -11968 
  [ 121]   -11968   -11968   -11968   -11968   -11968   -11968   -11968   -11968   -11968   -11968   -11968   -11968   -11968   -11968   -11968   -11968   -11968   -11968   -11968   -11968   -11968   -11968   -11968   -11968   -11968   -11968   -11968   -11968   -11968   -11968   -11968   -11968 
  [ 122]   -11968   -11968   -11968   -11968   -11968   -11968   -11968   -11968   -11968   -11968   -11968   -11968   -11968   -11968   -11968   -11968   -11968   -11968   -11968   -11968   -11968   -11968   -11968   -11968   -11968   -11968   -11968   -11968   -11968   -11968   -11968   -11968 
  [ 123]   -11968   -11968   -11968   -11968   -11968   -11968   -11968   -11968   -11968   -11968   -11968   -11968   -11968   -11968   -11968   -11968   -11968   -11968   -11968   -11968   -11968   -11968   -11968   -11968   -11968   -11968   -11968   -11968   -11968   -11968   -11968   -11968 
  [ 124]   -11968   -11968   -11968   -11968   -11968   -11968   -11968   -11968   -11968   -11968   -11968   -11968   -11968   -11968   -11968   -11968   -11968   -11968   -11968   -11968   -11968   -11968   -11968   -11968   -11968   -11968   -11968   -11968   -11968   -11968   -11968   -11968 
  [ 125]   -11968   -11968   -11968   -11968   -11968   -11968   -11968   -11968   -11968   -11968   -11968   -11968   -11968   -11968   -11968   -11968   -11968   -11968   -11968   -11968   -11968   -11968   -11968   -11968   -11968   -11968   -11968   -11968   -11968   -11968   -11968   -11968 
  [ 126]   -11968   -11968   -11968   -11968   -11968   -11968   -11968   -11968   -11968   -11968   -11968   -11968   -11968   -11968   -11968   -11968   -11968   -11968   -11968   -11968   -11968   -11968   -11968   -11968   -11968   -11968   -11968   -11968   -11968   -11968   -11968   -11968 
  [ 127]   -11968   -11968   -11968   -11968   -11968   -11968   -11968   -11968   -11968   -11968   -11968   -11968   -11968   -11968   -11968   -11968   -11968   -11968   -11968   -11968   -11968   -11968   -11968   -11968   -11968   -11968   -11968   -11968   -11968   -11968   -11968   -11968 
  Expected output shape: [128, 32]
  Output size: 4096 elements (16384 bytes)
  Output address range: 0x4002C000 - 0x40030000

======================================================================
All tc.st.mma tests completed successfully!
======================================================================
