======================================================================
TensorComp tc.st.mma.acc ISA Test
======================================================================

Instruction: tc.st.mma.acc - Matrix Multiply-Accumulate
Syntax: tc.st.mma.acc rs1, trs1, trs2, rs2

Modes:
  - Normal: Left 4x Top 1x, or Left 2x Top 2x
  - Sparse: 4:2 structured sparsity

--- Loading data into TC registers using t.ld ---
Loading trs1_data (0x40000000) into tr0
[TC_DEBUG] t.ld: trd=0, imm10=0, rs1v=0x40000000
[TC_DEBUG]   CSR tmask_ld=0x000000FF, twidth_ld=1024
[TC_DEBUG]   base_addr = rs1v + imm10 * twidth_ld = 0x40000000 + 0 * 1024 = 0x40000000
[TC_DEBUG]   toffset_ld[0..7] = {0, 128, 256, 384, 512, 640, 768, 896}
[TC_DEBUG]   Load[0]: addr=0x40000000 -> tr0[0:127]
[TC_DEBUG]   Load[1]: addr=0x40000080 -> tr0[128:255]
[TC_DEBUG]   Load[2]: addr=0x40000100 -> tr0[256:383]
[TC_DEBUG]   Load[3]: addr=0x40000180 -> tr0[384:511]
[TC_DEBUG]   Load[4]: addr=0x40000200 -> tr0[512:639]
[TC_DEBUG]   Load[5]: addr=0x40000280 -> tr0[640:767]
[TC_DEBUG]   Load[6]: addr=0x40000300 -> tr0[768:895]
[TC_DEBUG]   Load[7]: addr=0x40000380 -> tr0[896:1023]
[TC_DEBUG]   tr0 = 
00 00 00 00 04 04 04 04 08 08 08 08 0C 0C 0C 0C 10 10 10 10 14 14 14 14 18 18 18 18 1C 1C 1C 1C 20 20 20 20 24 24 24 24 28 28 28 28 2C 2C 2C 2C 30 30 30 30 34 34 34 34 38 38 38 38 3C 3C 3C 3C 40 40 40 40 44 44 44 44 48 48 48 48 4C 4C 4C 4C 50 50 50 50 54 54 54 54 58 58 58 58 5C 5C 5C 5C 60 60 60 60 64 64 64 64 68 68 68 68 6C 6C 6C 6C 70 70 70 70 74 74 74 74 78 78 78 78 7C 7C 7C 7C 
01 01 01 01 05 05 05 05 09 09 09 09 0D 0D 0D 0D 11 11 11 11 15 15 15 15 19 19 19 19 1D 1D 1D 1D 21 21 21 21 25 25 25 25 29 29 29 29 2D 2D 2D 2D 31 31 31 31 35 35 35 35 39 39 39 39 3D 3D 3D 3D 41 41 41 41 45 45 45 45 49 49 49 49 4D 4D 4D 4D 51 51 51 51 55 55 55 55 59 59 59 59 5D 5D 5D 5D 61 61 61 61 65 65 65 65 69 69 69 69 6D 6D 6D 6D 71 71 71 71 75 75 75 75 79 79 79 79 7D 7D 7D 7D 
02 02 02 02 06 06 06 06 0A 0A 0A 0A 0E 0E 0E 0E 12 12 12 12 16 16 16 16 1A 1A 1A 1A 1E 1E 1E 1E 22 22 22 22 26 26 26 26 2A 2A 2A 2A 2E 2E 2E 2E 32 32 32 32 36 36 36 36 3A 3A 3A 3A 3E 3E 3E 3E 42 42 42 42 46 46 46 46 4A 4A 4A 4A 4E 4E 4E 4E 52 52 52 52 56 56 56 56 5A 5A 5A 5A 5E 5E 5E 5E 62 62 62 62 66 66 66 66 6A 6A 6A 6A 6E 6E 6E 6E 72 72 72 72 76 76 76 76 7A 7A 7A 7A 7E 7E 7E 7E 
03 03 03 03 07 07 07 07 0B 0B 0B 0B 0F 0F 0F 0F 13 13 13 13 17 17 17 17 1B 1B 1B 1B 1F 1F 1F 1F 23 23 23 23 27 27 27 27 2B 2B 2B 2B 2F 2F 2F 2F 33 33 33 33 37 37 37 37 3B 3B 3B 3B 3F 3F 3F 3F 43 43 43 43 47 47 47 47 4B 4B 4B 4B 4F 4F 4F 4F 53 53 53 53 57 57 57 57 5B 5B 5B 5B 5F 5F 5F 5F 63 63 63 63 67 67 67 67 6B 6B 6B 6B 6F 6F 6F 6F 73 73 73 73 77 77 77 77 7B 7B 7B 7B 7F 7F 7F 7F 
00 00 00 00 04 04 04 04 08 08 08 08 0C 0C 0C 0C 10 10 10 10 14 14 14 14 18 18 18 18 1C 1C 1C 1C 20 20 20 20 24 24 24 24 28 28 28 28 2C 2C 2C 2C 30 30 30 30 34 34 34 34 38 38 38 38 3C 3C 3C 3C 40 40 40 40 44 44 44 44 48 48 48 48 4C 4C 4C 4C 50 50 50 50 54 54 54 54 58 58 58 58 5C 5C 5C 5C 60 60 60 60 64 64 64 64 68 68 68 68 6C 6C 6C 6C 70 70 70 70 74 74 74 74 78 78 78 78 7C 7C 7C 7C 
01 01 01 01 05 05 05 05 09 09 09 09 0D 0D 0D 0D 11 11 11 11 15 15 15 15 19 19 19 19 1D 1D 1D 1D 21 21 21 21 25 25 25 25 29 29 29 29 2D 2D 2D 2D 31 31 31 31 35 35 35 35 39 39 39 39 3D 3D 3D 3D 41 41 41 41 45 45 45 45 49 49 49 49 4D 4D 4D 4D 51 51 51 51 55 55 55 55 59 59 59 59 5D 5D 5D 5D 61 61 61 61 65 65 65 65 69 69 69 69 6D 6D 6D 6D 71 71 71 71 75 75 75 75 79 79 79 79 7D 7D 7D 7D 
02 02 02 02 06 06 06 06 0A 0A 0A 0A 0E 0E 0E 0E 12 12 12 12 16 16 16 16 1A 1A 1A 1A 1E 1E 1E 1E 22 22 22 22 26 26 26 26 2A 2A 2A 2A 2E 2E 2E 2E 32 32 32 32 36 36 36 36 3A 3A 3A 3A 3E 3E 3E 3E 42 42 42 42 46 46 46 46 4A 4A 4A 4A 4E 4E 4E 4E 52 52 52 52 56 56 56 56 5A 5A 5A 5A 5E 5E 5E 5E 62 62 62 62 66 66 66 66 6A 6A 6A 6A 6E 6E 6E 6E 72 72 72 72 76 76 76 76 7A 7A 7A 7A 7E 7E 7E 7E 
03 03 03 03 07 07 07 07 0B 0B 0B 0B 0F 0F 0F 0F 13 13 13 13 17 17 17 17 1B 1B 1B 1B 1F 1F 1F 1F 23 23 23 23 27 27 27 27 2B 2B 2B 2B 2F 2F 2F 2F 33 33 33 33 37 37 37 37 3B 3B 3B 3B 3F 3F 3F 3F 43 43 43 43 47 47 47 47 4B 4B 4B 4B 4F 4F 4F 4F 53 53 53 53 57 57 57 57 5B 5B 5B 5B 5F 5F 5F 5F 63 63 63 63 67 67 67 67 6B 6B 6B 6B 6F 6F 6F 6F 73 73 73 73 77 77 77 77 7B 7B 7B 7B 7F 7F 7F 7F 
[TC_DEBUG]   Total bytes loaded: 1024
Loading trs2_data (0x40000C00) into tr1
[TC_DEBUG] t.ld: trd=1, imm10=0, rs1v=0x40000C00
[TC_DEBUG]   CSR tmask_ld=0x000000FF, twidth_ld=1024
[TC_DEBUG]   base_addr = rs1v + imm10 * twidth_ld = 0x40000C00 + 0 * 1024 = 0x40000C00
[TC_DEBUG]   toffset_ld[0..7] = {0, 128, 256, 384, 512, 640, 768, 896}
[TC_DEBUG]   Load[0]: addr=0x40000C00 -> tr1[0:127]
[TC_DEBUG]   Load[1]: addr=0x40000C80 -> tr1[128:255]
[TC_DEBUG]   Load[2]: addr=0x40000D00 -> tr1[256:383]
[TC_DEBUG]   Load[3]: addr=0x40000D80 -> tr1[384:511]
[TC_DEBUG]   Load[4]: addr=0x40000E00 -> tr1[512:639]
[TC_DEBUG]   Load[5]: addr=0x40000E80 -> tr1[640:767]
[TC_DEBUG]   Load[6]: addr=0x40000F00 -> tr1[768:895]
[TC_DEBUG]   Load[7]: addr=0x40000F80 -> tr1[896:1023]
[TC_DEBUG]   tr1 = 
00 01 02 03 04 05 06 07 08 09 0A 0B 0C 0D 0E 0F 10 11 12 13 14 15 16 17 18 19 1A 1B 1C 1D 1E 1F 20 21 22 23 24 25 26 27 28 29 2A 2B 2C 2D 2E 2F 30 31 32 33 34 35 36 37 38 39 3A 3B 3C 3D 3E 3F 40 41 42 43 44 45 46 47 48 49 4A 4B 4C 4D 4E 4F 50 51 52 53 54 55 56 57 58 59 5A 5B 5C 5D 5E 5F 60 61 62 63 64 65 66 67 68 69 6A 6B 6C 6D 6E 6F 70 71 72 73 74 75 76 77 78 79 7A 7B 7C 7D 7E 7F 
00 01 02 03 04 05 06 07 08 09 0A 0B 0C 0D 0E 0F 10 11 12 13 14 15 16 17 18 19 1A 1B 1C 1D 1E 1F 20 21 22 23 24 25 26 27 28 29 2A 2B 2C 2D 2E 2F 30 31 32 33 34 35 36 37 38 39 3A 3B 3C 3D 3E 3F 40 41 42 43 44 45 46 47 48 49 4A 4B 4C 4D 4E 4F 50 51 52 53 54 55 56 57 58 59 5A 5B 5C 5D 5E 5F 60 61 62 63 64 65 66 67 68 69 6A 6B 6C 6D 6E 6F 70 71 72 73 74 75 76 77 78 79 7A 7B 7C 7D 7E 7F 
00 01 02 03 04 05 06 07 08 09 0A 0B 0C 0D 0E 0F 10 11 12 13 14 15 16 17 18 19 1A 1B 1C 1D 1E 1F 20 21 22 23 24 25 26 27 28 29 2A 2B 2C 2D 2E 2F 30 31 32 33 34 35 36 37 38 39 3A 3B 3C 3D 3E 3F 40 41 42 43 44 45 46 47 48 49 4A 4B 4C 4D 4E 4F 50 51 52 53 54 55 56 57 58 59 5A 5B 5C 5D 5E 5F 60 61 62 63 64 65 66 67 68 69 6A 6B 6C 6D 6E 6F 70 71 72 73 74 75 76 77 78 79 7A 7B 7C 7D 7E 7F 
00 01 02 03 04 05 06 07 08 09 0A 0B 0C 0D 0E 0F 10 11 12 13 14 15 16 17 18 19 1A 1B 1C 1D 1E 1F 20 21 22 23 24 25 26 27 28 29 2A 2B 2C 2D 2E 2F 30 31 32 33 34 35 36 37 38 39 3A 3B 3C 3D 3E 3F 40 41 42 43 44 45 46 47 48 49 4A 4B 4C 4D 4E 4F 50 51 52 53 54 55 56 57 58 59 5A 5B 5C 5D 5E 5F 60 61 62 63 64 65 66 67 68 69 6A 6B 6C 6D 6E 6F 70 71 72 73 74 75 76 77 78 79 7A 7B 7C 7D 7E 7F 
00 01 02 03 04 05 06 07 08 09 0A 0B 0C 0D 0E 0F 10 11 12 13 14 15 16 17 18 19 1A 1B 1C 1D 1E 1F 20 21 22 23 24 25 26 27 28 29 2A 2B 2C 2D 2E 2F 30 31 32 33 34 35 36 37 38 39 3A 3B 3C 3D 3E 3F 40 41 42 43 44 45 46 47 48 49 4A 4B 4C 4D 4E 4F 50 51 52 53 54 55 56 57 58 59 5A 5B 5C 5D 5E 5F 60 61 62 63 64 65 66 67 68 69 6A 6B 6C 6D 6E 6F 70 71 72 73 74 75 76 77 78 79 7A 7B 7C 7D 7E 7F 
00 01 02 03 04 05 06 07 08 09 0A 0B 0C 0D 0E 0F 10 11 12 13 14 15 16 17 18 19 1A 1B 1C 1D 1E 1F 20 21 22 23 24 25 26 27 28 29 2A 2B 2C 2D 2E 2F 30 31 32 33 34 35 36 37 38 39 3A 3B 3C 3D 3E 3F 40 41 42 43 44 45 46 47 48 49 4A 4B 4C 4D 4E 4F 50 51 52 53 54 55 56 57 58 59 5A 5B 5C 5D 5E 5F 60 61 62 63 64 65 66 67 68 69 6A 6B 6C 6D 6E 6F 70 71 72 73 74 75 76 77 78 79 7A 7B 7C 7D 7E 7F 
00 01 02 03 04 05 06 07 08 09 0A 0B 0C 0D 0E 0F 10 11 12 13 14 15 16 17 18 19 1A 1B 1C 1D 1E 1F 20 21 22 23 24 25 26 27 28 29 2A 2B 2C 2D 2E 2F 30 31 32 33 34 35 36 37 38 39 3A 3B 3C 3D 3E 3F 40 41 42 43 44 45 46 47 48 49 4A 4B 4C 4D 4E 4F 50 51 52 53 54 55 56 57 58 59 5A 5B 5C 5D 5E 5F 60 61 62 63 64 65 66 67 68 69 6A 6B 6C 6D 6E 6F 70 71 72 73 74 75 76 77 78 79 7A 7B 7C 7D 7E 7F 
00 01 02 03 04 05 06 07 08 09 0A 0B 0C 0D 0E 0F 10 11 12 13 14 15 16 17 18 19 1A 1B 1C 1D 1E 1F 20 21 22 23 24 25 26 27 28 29 2A 2B 2C 2D 2E 2F 30 31 32 33 34 35 36 37 38 39 3A 3B 3C 3D 3E 3F 40 41 42 43 44 45 46 47 48 49 4A 4B 4C 4D 4E 4F 50 51 52 53 54 55 56 57 58 59 5A 5B 5C 5D 5E 5F 60 61 62 63 64 65 66 67 68 69 6A 6B 6C 6D 6E 6F 70 71 72 73 74 75 76 77 78 79 7A 7B 7C 7D 7E 7F 
[TC_DEBUG]   Total bytes loaded: 1024
Loading trs3_data (0x40000400) into tr2
[TC_DEBUG] t.ld: trd=2, imm10=0, rs1v=0x40000400
[TC_DEBUG]   CSR tmask_ld=0x000000FF, twidth_ld=1024
[TC_DEBUG]   base_addr = rs1v + imm10 * twidth_ld = 0x40000400 + 0 * 1024 = 0x40000400
[TC_DEBUG]   toffset_ld[0..7] = {0, 128, 256, 384, 512, 640, 768, 896}
[TC_DEBUG]   Load[0]: addr=0x40000400 -> tr2[0:127]
[TC_DEBUG]   Load[1]: addr=0x40000480 -> tr2[128:255]
[TC_DEBUG]   Load[2]: addr=0x40000500 -> tr2[256:383]
[TC_DEBUG]   Load[3]: addr=0x40000580 -> tr2[384:511]
[TC_DEBUG]   Load[4]: addr=0x40000600 -> tr2[512:639]
[TC_DEBUG]   Load[5]: addr=0x40000680 -> tr2[640:767]
[TC_DEBUG]   Load[6]: addr=0x40000700 -> tr2[768:895]
[TC_DEBUG]   Load[7]: addr=0x40000780 -> tr2[896:1023]
[TC_DEBUG]   tr2 = 
00 00 00 00 02 02 02 02 04 04 04 04 06 06 06 06 08 08 08 08 0A 0A 0A 0A 0C 0C 0C 0C 0E 0E 0E 0E 10 10 10 10 12 12 12 12 14 14 14 14 16 16 16 16 18 18 18 18 1A 1A 1A 1A 1C 1C 1C 1C 1E 1E 1E 1E 20 20 20 20 22 22 22 22 24 24 24 24 26 26 26 26 28 28 28 28 2A 2A 2A 2A 2C 2C 2C 2C 2E 2E 2E 2E 30 30 30 30 32 32 32 32 34 34 34 34 36 36 36 36 38 38 38 38 3A 3A 3A 3A 3C 3C 3C 3C 3E 3E 3E 3E 
01 01 01 01 03 03 03 03 05 05 05 05 07 07 07 07 09 09 09 09 0B 0B 0B 0B 0D 0D 0D 0D 0F 0F 0F 0F 11 11 11 11 13 13 13 13 15 15 15 15 17 17 17 17 19 19 19 19 1B 1B 1B 1B 1D 1D 1D 1D 1F 1F 1F 1F 21 21 21 21 23 23 23 23 25 25 25 25 27 27 27 27 29 29 29 29 2B 2B 2B 2B 2D 2D 2D 2D 2F 2F 2F 2F 31 31 31 31 33 33 33 33 35 35 35 35 37 37 37 37 39 39 39 39 3B 3B 3B 3B 3D 3D 3D 3D 3F 3F 3F 3F 
00 00 00 00 02 02 02 02 04 04 04 04 06 06 06 06 08 08 08 08 0A 0A 0A 0A 0C 0C 0C 0C 0E 0E 0E 0E 10 10 10 10 12 12 12 12 14 14 14 14 16 16 16 16 18 18 18 18 1A 1A 1A 1A 1C 1C 1C 1C 1E 1E 1E 1E 20 20 20 20 22 22 22 22 24 24 24 24 26 26 26 26 28 28 28 28 2A 2A 2A 2A 2C 2C 2C 2C 2E 2E 2E 2E 30 30 30 30 32 32 32 32 34 34 34 34 36 36 36 36 38 38 38 38 3A 3A 3A 3A 3C 3C 3C 3C 3E 3E 3E 3E 
01 01 01 01 03 03 03 03 05 05 05 05 07 07 07 07 09 09 09 09 0B 0B 0B 0B 0D 0D 0D 0D 0F 0F 0F 0F 11 11 11 11 13 13 13 13 15 15 15 15 17 17 17 17 19 19 19 19 1B 1B 1B 1B 1D 1D 1D 1D 1F 1F 1F 1F 21 21 21 21 23 23 23 23 25 25 25 25 27 27 27 27 29 29 29 29 2B 2B 2B 2B 2D 2D 2D 2D 2F 2F 2F 2F 31 31 31 31 33 33 33 33 35 35 35 35 37 37 37 37 39 39 39 39 3B 3B 3B 3B 3D 3D 3D 3D 3F 3F 3F 3F 
00 00 00 00 02 02 02 02 04 04 04 04 06 06 06 06 08 08 08 08 0A 0A 0A 0A 0C 0C 0C 0C 0E 0E 0E 0E 10 10 10 10 12 12 12 12 14 14 14 14 16 16 16 16 18 18 18 18 1A 1A 1A 1A 1C 1C 1C 1C 1E 1E 1E 1E 20 20 20 20 22 22 22 22 24 24 24 24 26 26 26 26 28 28 28 28 2A 2A 2A 2A 2C 2C 2C 2C 2E 2E 2E 2E 30 30 30 30 32 32 32 32 34 34 34 34 36 36 36 36 38 38 38 38 3A 3A 3A 3A 3C 3C 3C 3C 3E 3E 3E 3E 
01 01 01 01 03 03 03 03 05 05 05 05 07 07 07 07 09 09 09 09 0B 0B 0B 0B 0D 0D 0D 0D 0F 0F 0F 0F 11 11 11 11 13 13 13 13 15 15 15 15 17 17 17 17 19 19 19 19 1B 1B 1B 1B 1D 1D 1D 1D 1F 1F 1F 1F 21 21 21 21 23 23 23 23 25 25 25 25 27 27 27 27 29 29 29 29 2B 2B 2B 2B 2D 2D 2D 2D 2F 2F 2F 2F 31 31 31 31 33 33 33 33 35 35 35 35 37 37 37 37 39 39 39 39 3B 3B 3B 3B 3D 3D 3D 3D 3F 3F 3F 3F 
00 00 00 00 02 02 02 02 04 04 04 04 06 06 06 06 08 08 08 08 0A 0A 0A 0A 0C 0C 0C 0C 0E 0E 0E 0E 10 10 10 10 12 12 12 12 14 14 14 14 16 16 16 16 18 18 18 18 1A 1A 1A 1A 1C 1C 1C 1C 1E 1E 1E 1E 20 20 20 20 22 22 22 22 24 24 24 24 26 26 26 26 28 28 28 28 2A 2A 2A 2A 2C 2C 2C 2C 2E 2E 2E 2E 30 30 30 30 32 32 32 32 34 34 34 34 36 36 36 36 38 38 38 38 3A 3A 3A 3A 3C 3C 3C 3C 3E 3E 3E 3E 
01 01 01 01 03 03 03 03 05 05 05 05 07 07 07 07 09 09 09 09 0B 0B 0B 0B 0D 0D 0D 0D 0F 0F 0F 0F 11 11 11 11 13 13 13 13 15 15 15 15 17 17 17 17 19 19 19 19 1B 1B 1B 1B 1D 1D 1D 1D 1F 1F 1F 1F 21 21 21 21 23 23 23 23 25 25 25 25 27 27 27 27 29 29 29 29 2B 2B 2B 2B 2D 2D 2D 2D 2F 2F 2F 2F 31 31 31 31 33 33 33 33 35 35 35 35 37 37 37 37 39 39 39 39 3B 3B 3B 3B 3D 3D 3D 3D 3F 3F 3F 3F 
[TC_DEBUG]   Total bytes loaded: 1024
Loading trs4_data (0x40000C00) into tr3
[TC_DEBUG] t.ld: trd=3, imm10=0, rs1v=0x40000C00
[TC_DEBUG]   CSR tmask_ld=0x000000FF, twidth_ld=1024
[TC_DEBUG]   base_addr = rs1v + imm10 * twidth_ld = 0x40000C00 + 0 * 1024 = 0x40000C00
[TC_DEBUG]   toffset_ld[0..7] = {0, 128, 256, 384, 512, 640, 768, 896}
[TC_DEBUG]   Load[0]: addr=0x40000C00 -> tr3[0:127]
[TC_DEBUG]   Load[1]: addr=0x40000C80 -> tr3[128:255]
[TC_DEBUG]   Load[2]: addr=0x40000D00 -> tr3[256:383]
[TC_DEBUG]   Load[3]: addr=0x40000D80 -> tr3[384:511]
[TC_DEBUG]   Load[4]: addr=0x40000E00 -> tr3[512:639]
[TC_DEBUG]   Load[5]: addr=0x40000E80 -> tr3[640:767]
[TC_DEBUG]   Load[6]: addr=0x40000F00 -> tr3[768:895]
[TC_DEBUG]   Load[7]: addr=0x40000F80 -> tr3[896:1023]
[TC_DEBUG]   tr3 = 
00 01 02 03 04 05 06 07 08 09 0A 0B 0C 0D 0E 0F 10 11 12 13 14 15 16 17 18 19 1A 1B 1C 1D 1E 1F 20 21 22 23 24 25 26 27 28 29 2A 2B 2C 2D 2E 2F 30 31 32 33 34 35 36 37 38 39 3A 3B 3C 3D 3E 3F 40 41 42 43 44 45 46 47 48 49 4A 4B 4C 4D 4E 4F 50 51 52 53 54 55 56 57 58 59 5A 5B 5C 5D 5E 5F 60 61 62 63 64 65 66 67 68 69 6A 6B 6C 6D 6E 6F 70 71 72 73 74 75 76 77 78 79 7A 7B 7C 7D 7E 7F 
00 01 02 03 04 05 06 07 08 09 0A 0B 0C 0D 0E 0F 10 11 12 13 14 15 16 17 18 19 1A 1B 1C 1D 1E 1F 20 21 22 23 24 25 26 27 28 29 2A 2B 2C 2D 2E 2F 30 31 32 33 34 35 36 37 38 39 3A 3B 3C 3D 3E 3F 40 41 42 43 44 45 46 47 48 49 4A 4B 4C 4D 4E 4F 50 51 52 53 54 55 56 57 58 59 5A 5B 5C 5D 5E 5F 60 61 62 63 64 65 66 67 68 69 6A 6B 6C 6D 6E 6F 70 71 72 73 74 75 76 77 78 79 7A 7B 7C 7D 7E 7F 
00 01 02 03 04 05 06 07 08 09 0A 0B 0C 0D 0E 0F 10 11 12 13 14 15 16 17 18 19 1A 1B 1C 1D 1E 1F 20 21 22 23 24 25 26 27 28 29 2A 2B 2C 2D 2E 2F 30 31 32 33 34 35 36 37 38 39 3A 3B 3C 3D 3E 3F 40 41 42 43 44 45 46 47 48 49 4A 4B 4C 4D 4E 4F 50 51 52 53 54 55 56 57 58 59 5A 5B 5C 5D 5E 5F 60 61 62 63 64 65 66 67 68 69 6A 6B 6C 6D 6E 6F 70 71 72 73 74 75 76 77 78 79 7A 7B 7C 7D 7E 7F 
00 01 02 03 04 05 06 07 08 09 0A 0B 0C 0D 0E 0F 10 11 12 13 14 15 16 17 18 19 1A 1B 1C 1D 1E 1F 20 21 22 23 24 25 26 27 28 29 2A 2B 2C 2D 2E 2F 30 31 32 33 34 35 36 37 38 39 3A 3B 3C 3D 3E 3F 40 41 42 43 44 45 46 47 48 49 4A 4B 4C 4D 4E 4F 50 51 52 53 54 55 56 57 58 59 5A 5B 5C 5D 5E 5F 60 61 62 63 64 65 66 67 68 69 6A 6B 6C 6D 6E 6F 70 71 72 73 74 75 76 77 78 79 7A 7B 7C 7D 7E 7F 
00 01 02 03 04 05 06 07 08 09 0A 0B 0C 0D 0E 0F 10 11 12 13 14 15 16 17 18 19 1A 1B 1C 1D 1E 1F 20 21 22 23 24 25 26 27 28 29 2A 2B 2C 2D 2E 2F 30 31 32 33 34 35 36 37 38 39 3A 3B 3C 3D 3E 3F 40 41 42 43 44 45 46 47 48 49 4A 4B 4C 4D 4E 4F 50 51 52 53 54 55 56 57 58 59 5A 5B 5C 5D 5E 5F 60 61 62 63 64 65 66 67 68 69 6A 6B 6C 6D 6E 6F 70 71 72 73 74 75 76 77 78 79 7A 7B 7C 7D 7E 7F 
00 01 02 03 04 05 06 07 08 09 0A 0B 0C 0D 0E 0F 10 11 12 13 14 15 16 17 18 19 1A 1B 1C 1D 1E 1F 20 21 22 23 24 25 26 27 28 29 2A 2B 2C 2D 2E 2F 30 31 32 33 34 35 36 37 38 39 3A 3B 3C 3D 3E 3F 40 41 42 43 44 45 46 47 48 49 4A 4B 4C 4D 4E 4F 50 51 52 53 54 55 56 57 58 59 5A 5B 5C 5D 5E 5F 60 61 62 63 64 65 66 67 68 69 6A 6B 6C 6D 6E 6F 70 71 72 73 74 75 76 77 78 79 7A 7B 7C 7D 7E 7F 
00 01 02 03 04 05 06 07 08 09 0A 0B 0C 0D 0E 0F 10 11 12 13 14 15 16 17 18 19 1A 1B 1C 1D 1E 1F 20 21 22 23 24 25 26 27 28 29 2A 2B 2C 2D 2E 2F 30 31 32 33 34 35 36 37 38 39 3A 3B 3C 3D 3E 3F 40 41 42 43 44 45 46 47 48 49 4A 4B 4C 4D 4E 4F 50 51 52 53 54 55 56 57 58 59 5A 5B 5C 5D 5E 5F 60 61 62 63 64 65 66 67 68 69 6A 6B 6C 6D 6E 6F 70 71 72 73 74 75 76 77 78 79 7A 7B 7C 7D 7E 7F 
00 01 02 03 04 05 06 07 08 09 0A 0B 0C 0D 0E 0F 10 11 12 13 14 15 16 17 18 19 1A 1B 1C 1D 1E 1F 20 21 22 23 24 25 26 27 28 29 2A 2B 2C 2D 2E 2F 30 31 32 33 34 35 36 37 38 39 3A 3B 3C 3D 3E 3F 40 41 42 43 44 45 46 47 48 49 4A 4B 4C 4D 4E 4F 50 51 52 53 54 55 56 57 58 59 5A 5B 5C 5D 5E 5F 60 61 62 63 64 65 66 67 68 69 6A 6B 6C 6D 6E 6F 70 71 72 73 74 75 76 77 78 79 7A 7B 7C 7D 7E 7F 
[TC_DEBUG]   Total bytes loaded: 1024
Loading trs5_data (0x40001000) into tr5
[TC_DEBUG] t.ld: trd=4, imm10=0, rs1v=0x40001000
[TC_DEBUG]   CSR tmask_ld=0x000000FF, twidth_ld=1024
[TC_DEBUG]   base_addr = rs1v + imm10 * twidth_ld = 0x40001000 + 0 * 1024 = 0x40001000
[TC_DEBUG]   toffset_ld[0..7] = {0, 128, 256, 384, 512, 640, 768, 896}
[TC_DEBUG]   Load[0]: addr=0x40001000 -> tr4[0:127]
[TC_DEBUG]   Load[1]: addr=0x40001080 -> tr4[128:255]
[TC_DEBUG]   Load[2]: addr=0x40001100 -> tr4[256:383]
[TC_DEBUG]   Load[3]: addr=0x40001180 -> tr4[384:511]
[TC_DEBUG]   Load[4]: addr=0x40001200 -> tr4[512:639]
[TC_DEBUG]   Load[5]: addr=0x40001280 -> tr4[640:767]
[TC_DEBUG]   Load[6]: addr=0x40001300 -> tr4[768:895]
[TC_DEBUG]   Load[7]: addr=0x40001380 -> tr4[896:1023]
[TC_DEBUG]   tr4 = 
44 84 C4 94 D4 E4 48 88 C8 98 D8 E8 4C 8C CC 9C DC EC 49 89 C9 99 D9 E9 4D 8D CD 9D DD ED 4E 8E 44 84 C4 94 D4 E4 48 88 C8 98 D8 E8 4C 8C CC 9C DC EC 49 89 C9 99 D9 E9 4D 8D CD 9D DD ED 4E 8E 44 84 C4 94 D4 E4 48 88 C8 98 D8 E8 4C 8C CC 9C DC EC 49 89 C9 99 D9 E9 4D 8D CD 9D DD ED 4E 8E 44 84 C4 94 D4 E4 48 88 C8 98 D8 E8 4C 8C CC 9C DC EC 49 89 C9 99 D9 E9 4D 8D CD 9D DD ED 4E 8E 
44 84 C4 94 D4 E4 48 88 C8 98 D8 E8 4C 8C CC 9C DC EC 49 89 C9 99 D9 E9 4D 8D CD 9D DD ED 4E 8E 44 84 C4 94 D4 E4 48 88 C8 98 D8 E8 4C 8C CC 9C DC EC 49 89 C9 99 D9 E9 4D 8D CD 9D DD ED 4E 8E 44 84 C4 94 D4 E4 48 88 C8 98 D8 E8 4C 8C CC 9C DC EC 49 89 C9 99 D9 E9 4D 8D CD 9D DD ED 4E 8E 44 84 C4 94 D4 E4 48 88 C8 98 D8 E8 4C 8C CC 9C DC EC 49 89 C9 99 D9 E9 4D 8D CD 9D DD ED 4E 8E 
44 84 C4 94 D4 E4 48 88 C8 98 D8 E8 4C 8C CC 9C DC EC 49 89 C9 99 D9 E9 4D 8D CD 9D DD ED 4E 8E 44 84 C4 94 D4 E4 48 88 C8 98 D8 E8 4C 8C CC 9C DC EC 49 89 C9 99 D9 E9 4D 8D CD 9D DD ED 4E 8E 44 84 C4 94 D4 E4 48 88 C8 98 D8 E8 4C 8C CC 9C DC EC 49 89 C9 99 D9 E9 4D 8D CD 9D DD ED 4E 8E 44 84 C4 94 D4 E4 48 88 C8 98 D8 E8 4C 8C CC 9C DC EC 49 89 C9 99 D9 E9 4D 8D CD 9D DD ED 4E 8E 
44 84 C4 94 D4 E4 48 88 C8 98 D8 E8 4C 8C CC 9C DC EC 49 89 C9 99 D9 E9 4D 8D CD 9D DD ED 4E 8E 44 84 C4 94 D4 E4 48 88 C8 98 D8 E8 4C 8C CC 9C DC EC 49 89 C9 99 D9 E9 4D 8D CD 9D DD ED 4E 8E 44 84 C4 94 D4 E4 48 88 C8 98 D8 E8 4C 8C CC 9C DC EC 49 89 C9 99 D9 E9 4D 8D CD 9D DD ED 4E 8E 44 84 C4 94 D4 E4 48 88 C8 98 D8 E8 4C 8C CC 9C DC EC 49 89 C9 99 D9 E9 4D 8D CD 9D DD ED 4E 8E 
44 84 C4 94 D4 E4 48 88 C8 98 D8 E8 4C 8C CC 9C DC EC 49 89 C9 99 D9 E9 4D 8D CD 9D DD ED 4E 8E 44 84 C4 94 D4 E4 48 88 C8 98 D8 E8 4C 8C CC 9C DC EC 49 89 C9 99 D9 E9 4D 8D CD 9D DD ED 4E 8E 44 84 C4 94 D4 E4 48 88 C8 98 D8 E8 4C 8C CC 9C DC EC 49 89 C9 99 D9 E9 4D 8D CD 9D DD ED 4E 8E 44 84 C4 94 D4 E4 48 88 C8 98 D8 E8 4C 8C CC 9C DC EC 49 89 C9 99 D9 E9 4D 8D CD 9D DD ED 4E 8E 
44 84 C4 94 D4 E4 48 88 C8 98 D8 E8 4C 8C CC 9C DC EC 49 89 C9 99 D9 E9 4D 8D CD 9D DD ED 4E 8E 44 84 C4 94 D4 E4 48 88 C8 98 D8 E8 4C 8C CC 9C DC EC 49 89 C9 99 D9 E9 4D 8D CD 9D DD ED 4E 8E 44 84 C4 94 D4 E4 48 88 C8 98 D8 E8 4C 8C CC 9C DC EC 49 89 C9 99 D9 E9 4D 8D CD 9D DD ED 4E 8E 44 84 C4 94 D4 E4 48 88 C8 98 D8 E8 4C 8C CC 9C DC EC 49 89 C9 99 D9 E9 4D 8D CD 9D DD ED 4E 8E 
44 84 C4 94 D4 E4 48 88 C8 98 D8 E8 4C 8C CC 9C DC EC 49 89 C9 99 D9 E9 4D 8D CD 9D DD ED 4E 8E 44 84 C4 94 D4 E4 48 88 C8 98 D8 E8 4C 8C CC 9C DC EC 49 89 C9 99 D9 E9 4D 8D CD 9D DD ED 4E 8E 44 84 C4 94 D4 E4 48 88 C8 98 D8 E8 4C 8C CC 9C DC EC 49 89 C9 99 D9 E9 4D 8D CD 9D DD ED 4E 8E 44 84 C4 94 D4 E4 48 88 C8 98 D8 E8 4C 8C CC 9C DC EC 49 89 C9 99 D9 E9 4D 8D CD 9D DD ED 4E 8E 
44 84 C4 94 D4 E4 48 88 C8 98 D8 E8 4C 8C CC 9C DC EC 49 89 C9 99 D9 E9 4D 8D CD 9D DD ED 4E 8E 44 84 C4 94 D4 E4 48 88 C8 98 D8 E8 4C 8C CC 9C DC EC 49 89 C9 99 D9 E9 4D 8D CD 9D DD ED 4E 8E 44 84 C4 94 D4 E4 48 88 C8 98 D8 E8 4C 8C CC 9C DC EC 49 89 C9 99 D9 E9 4D 8D CD 9D DD ED 4E 8E 44 84 C4 94 D4 E4 48 88 C8 98 D8 E8 4C 8C CC 9C DC EC 49 89 C9 99 D9 E9 4D 8D CD 9D DD ED 4E 8E 
[TC_DEBUG]   Total bytes loaded: 1024
--- TC registers loaded ---


=== Test 1: tc.st.mma.acc Normal Mode (M2=4, N2=1) ===
tensor_core_mode: 0x00000020
twidth: 128, tlength: 0x00000104
acc_addr: 0x50000000
rs2_config: 0x00000000
[TC_DEBUG] tc.st.mma.acc: trs1=0, trs2=1, rs1v=0x50000000, rs2v=0x00000000
[TC_DEBUG]   M2=4, M1=32, N2=1, N1=32, K=4
[TC_DEBUG]   startpoint_left=0, startpoint_top=0, startpoint_spa=0
[TC_DEBUG]   left_data_len=4, top_data_len=1, spa_data_len=0
[TC_DEBUG]   work_mode=0 (0=normal, 1=sparse)
[TC_DEBUG]   LeftData (tr0, 512 bytes, little-endian):
[TC_DEBUG]     [0000] 00 00 00 00 04 04 04 04 08 08 08 08 0C 0C 0C 0C 10 10 10 10 14 14 14 14 18 18 18 18 1C 1C 1C 1C 20 20 20 20 24 24 24 24 28 28 28 28 2C 2C 2C 2C 30 30 30 30 34 34 34 34 38 38 38 38 3C 3C 3C 3C 40 40 40 40 44 44 44 44 48 48 48 48 4C 4C 4C 4C 50 50 50 50 54 54 54 54 58 58 58 58 5C 5C 5C 5C 60 60 60 60 64 64 64 64 68 68 68 68 6C 6C 6C 6C 70 70 70 70 74 74 74 74 78 78 78 78 7C 7C 7C 7C 
[TC_DEBUG]     [0128] 01 01 01 01 05 05 05 05 09 09 09 09 0D 0D 0D 0D 11 11 11 11 15 15 15 15 19 19 19 19 1D 1D 1D 1D 21 21 21 21 25 25 25 25 29 29 29 29 2D 2D 2D 2D 31 31 31 31 35 35 35 35 39 39 39 39 3D 3D 3D 3D 41 41 41 41 45 45 45 45 49 49 49 49 4D 4D 4D 4D 51 51 51 51 55 55 55 55 59 59 59 59 5D 5D 5D 5D 61 61 61 61 65 65 65 65 69 69 69 69 6D 6D 6D 6D 71 71 71 71 75 75 75 75 79 79 79 79 7D 7D 7D 7D 
[TC_DEBUG]     [0256] 02 02 02 02 06 06 06 06 0A 0A 0A 0A 0E 0E 0E 0E 12 12 12 12 16 16 16 16 1A 1A 1A 1A 1E 1E 1E 1E 22 22 22 22 26 26 26 26 2A 2A 2A 2A 2E 2E 2E 2E 32 32 32 32 36 36 36 36 3A 3A 3A 3A 3E 3E 3E 3E 42 42 42 42 46 46 46 46 4A 4A 4A 4A 4E 4E 4E 4E 52 52 52 52 56 56 56 56 5A 5A 5A 5A 5E 5E 5E 5E 62 62 62 62 66 66 66 66 6A 6A 6A 6A 6E 6E 6E 6E 72 72 72 72 76 76 76 76 7A 7A 7A 7A 7E 7E 7E 7E 
[TC_DEBUG]     [0384] 03 03 03 03 07 07 07 07 0B 0B 0B 0B 0F 0F 0F 0F 13 13 13 13 17 17 17 17 1B 1B 1B 1B 1F 1F 1F 1F 23 23 23 23 27 27 27 27 2B 2B 2B 2B 2F 2F 2F 2F 33 33 33 33 37 37 37 37 3B 3B 3B 3B 3F 3F 3F 3F 43 43 43 43 47 47 47 47 4B 4B 4B 4B 4F 4F 4F 4F 53 53 53 53 57 57 57 57 5B 5B 5B 5B 5F 5F 5F 5F 63 63 63 63 67 67 67 67 6B 6B 6B 6B 6F 6F 6F 6F 73 73 73 73 77 77 77 77 7B 7B 7B 7B 7F 7F 7F 7F 
[TC_DEBUG]   TopData (tr1, 128 bytes, little-endian):
[TC_DEBUG]     [0000] 00 01 02 03 04 05 06 07 08 09 0A 0B 0C 0D 0E 0F 10 11 12 13 14 15 16 17 18 19 1A 1B 1C 1D 1E 1F 20 21 22 23 24 25 26 27 28 29 2A 2B 2C 2D 2E 2F 30 31 32 33 34 35 36 37 38 39 3A 3B 3C 3D 3E 3F 40 41 42 43 44 45 46 47 48 49 4A 4B 4C 4D 4E 4F 50 51 52 53 54 55 56 57 58 59 5A 5B 5C 5D 5E 5F 60 61 62 63 64 65 66 67 68 69 6A 6B 6C 6D 6E 6F 70 71 72 73 74 75 76 77 78 79 7A 7B 7C 7D 7E 7F 
[TC_DEBUG]   AccBuffer (base=0x50000000, 4096 elements):
[TC_DEBUG]     [0000] 00000000 00000000 00000000 00000000 00000000 00000000 00000000 00000000 00000000 00000000 00000000 00000000 00000000 00000000 00000000 00000000 00000000 00000000 00000000 00000000 00000000 00000000 00000000 00000000 00000000 00000000 00000000 00000000 00000000 00000000 00000000 00000000 
[TC_DEBUG]     [0032] 00000006 00000016 00000026 00000036 00000046 00000056 00000066 00000076 00000086 00000096 000000A6 000000B6 000000C6 000000D6 000000E6 000000F6 00000106 00000116 00000126 00000136 00000146 00000156 00000166 00000176 00000186 00000196 000001A6 000001B6 000001C6 000001D6 000001E6 000001F6 
[TC_DEBUG]     [0064] 0000000C 0000002C 0000004C 0000006C 0000008C 000000AC 000000CC 000000EC 0000010C 0000012C 0000014C 0000016C 0000018C 000001AC 000001CC 000001EC 0000020C 0000022C 0000024C 0000026C 0000028C 000002AC 000002CC 000002EC 0000030C 0000032C 0000034C 0000036C 0000038C 000003AC 000003CC 000003EC 
[TC_DEBUG]     [0096] 00000012 00000042 00000072 000000A2 000000D2 00000102 00000132 00000162 00000192 000001C2 000001F2 00000222 00000252 00000282 000002B2 000002E2 00000312 00000342 00000372 000003A2 000003D2 00000402 00000432 00000462 00000492 000004C2 000004F2 00000522 00000552 00000582 000005B2 000005E2 
[TC_DEBUG]     [0128] 00000018 00000058 00000098 000000D8 00000118 00000158 00000198 000001D8 00000218 00000258 00000298 000002D8 00000318 00000358 00000398 000003D8 00000418 00000458 00000498 000004D8 00000518 00000558 00000598 000005D8 00000618 00000658 00000698 000006D8 00000718 00000758 00000798 000007D8 
[TC_DEBUG]     [0160] 0000001E 0000006E 000000BE 0000010E 0000015E 000001AE 000001FE 0000024E 0000029E 000002EE 0000033E 0000038E 000003DE 0000042E 0000047E 000004CE 0000051E 0000056E 000005BE 0000060E 0000065E 000006AE 000006FE 0000074E 0000079E 000007EE 0000083E 0000088E 000008DE 0000092E 0000097E 000009CE 
[TC_DEBUG]     [0192] 00000024 00000084 000000E4 00000144 000001A4 00000204 00000264 000002C4 00000324 00000384 000003E4 00000444 000004A4 00000504 00000564 000005C4 00000624 00000684 000006E4 00000744 000007A4 00000804 00000864 000008C4 00000924 00000984 000009E4 00000A44 00000AA4 00000B04 00000B64 00000BC4 
[TC_DEBUG]     [0224] 0000002A 0000009A 0000010A 0000017A 000001EA 0000025A 000002CA 0000033A 000003AA 0000041A 0000048A 000004FA 0000056A 000005DA 0000064A 000006BA 0000072A 0000079A 0000080A 0000087A 000008EA 0000095A 000009CA 00000A3A 00000AAA 00000B1A 00000B8A 00000BFA 00000C6A 00000CDA 00000D4A 00000DBA 
[TC_DEBUG]     [0256] 00000030 000000B0 00000130 000001B0 00000230 000002B0 00000330 000003B0 00000430 000004B0 00000530 000005B0 00000630 000006B0 00000730 000007B0 00000830 000008B0 00000930 000009B0 00000A30 00000AB0 00000B30 00000BB0 00000C30 00000CB0 00000D30 00000DB0 00000E30 00000EB0 00000F30 00000FB0 
[TC_DEBUG]     [0288] 00000036 000000C6 00000156 000001E6 00000276 00000306 00000396 00000426 000004B6 00000546 000005D6 00000666 000006F6 00000786 00000816 000008A6 00000936 000009C6 00000A56 00000AE6 00000B76 00000C06 00000C96 00000D26 00000DB6 00000E46 00000ED6 00000F66 00000FF6 00001086 00001116 000011A6 
[TC_DEBUG]     [0320] 0000003C 000000DC 0000017C 0000021C 000002BC 0000035C 000003FC 0000049C 0000053C 000005DC 0000067C 0000071C 000007BC 0000085C 000008FC 0000099C 00000A3C 00000ADC 00000B7C 00000C1C 00000CBC 00000D5C 00000DFC 00000E9C 00000F3C 00000FDC 0000107C 0000111C 000011BC 0000125C 000012FC 0000139C 
[TC_DEBUG]     [0352] 00000042 000000F2 000001A2 00000252 00000302 000003B2 00000462 00000512 000005C2 00000672 00000722 000007D2 00000882 00000932 000009E2 00000A92 00000B42 00000BF2 00000CA2 00000D52 00000E02 00000EB2 00000F62 00001012 000010C2 00001172 00001222 000012D2 00001382 00001432 000014E2 00001592 
[TC_DEBUG]     [0384] 00000048 00000108 000001C8 00000288 00000348 00000408 000004C8 00000588 00000648 00000708 000007C8 00000888 00000948 00000A08 00000AC8 00000B88 00000C48 00000D08 00000DC8 00000E88 00000F48 00001008 000010C8 00001188 00001248 00001308 000013C8 00001488 00001548 00001608 000016C8 00001788 
[TC_DEBUG]     [0416] 0000004E 0000011E 000001EE 000002BE 0000038E 0000045E 0000052E 000005FE 000006CE 0000079E 0000086E 0000093E 00000A0E 00000ADE 00000BAE 00000C7E 00000D4E 00000E1E 00000EEE 00000FBE 0000108E 0000115E 0000122E 000012FE 000013CE 0000149E 0000156E 0000163E 0000170E 000017DE 000018AE 0000197E 
[TC_DEBUG]     [0448] 00000054 00000134 00000214 000002F4 000003D4 000004B4 00000594 00000674 00000754 00000834 00000914 000009F4 00000AD4 00000BB4 00000C94 00000D74 00000E54 00000F34 00001014 000010F4 000011D4 000012B4 00001394 00001474 00001554 00001634 00001714 000017F4 000018D4 000019B4 00001A94 00001B74 
[TC_DEBUG]     [0480] 0000005A 0000014A 0000023A 0000032A 0000041A 0000050A 000005FA 000006EA 000007DA 000008CA 000009BA 00000AAA 00000B9A 00000C8A 00000D7A 00000E6A 00000F5A 0000104A 0000113A 0000122A 0000131A 0000140A 000014FA 000015EA 000016DA 000017CA 000018BA 000019AA 00001A9A 00001B8A 00001C7A 00001D6A 
[TC_DEBUG]     [0512] 00000060 00000160 00000260 00000360 00000460 00000560 00000660 00000760 00000860 00000960 00000A60 00000B60 00000C60 00000D60 00000E60 00000F60 00001060 00001160 00001260 00001360 00001460 00001560 00001660 00001760 00001860 00001960 00001A60 00001B60 00001C60 00001D60 00001E60 00001F60 
[TC_DEBUG]     [0544] 00000066 00000176 00000286 00000396 000004A6 000005B6 000006C6 000007D6 000008E6 000009F6 00000B06 00000C16 00000D26 00000E36 00000F46 00001056 00001166 00001276 00001386 00001496 000015A6 000016B6 000017C6 000018D6 000019E6 00001AF6 00001C06 00001D16 00001E26 00001F36 00002046 00002156 
[TC_DEBUG]     [0576] 0000006C 0000018C 000002AC 000003CC 000004EC 0000060C 0000072C 0000084C 0000096C 00000A8C 00000BAC 00000CCC 00000DEC 00000F0C 0000102C 0000114C 0000126C 0000138C 000014AC 000015CC 000016EC 0000180C 0000192C 00001A4C 00001B6C 00001C8C 00001DAC 00001ECC 00001FEC 0000210C 0000222C 0000234C 
[TC_DEBUG]     [0608] 00000072 000001A2 000002D2 00000402 00000532 00000662 00000792 000008C2 000009F2 00000B22 00000C52 00000D82 00000EB2 00000FE2 00001112 00001242 00001372 000014A2 000015D2 00001702 00001832 00001962 00001A92 00001BC2 00001CF2 00001E22 00001F52 00002082 000021B2 000022E2 00002412 00002542 
[TC_DEBUG]     [0640] 00000078 000001B8 000002F8 00000438 00000578 000006B8 000007F8 00000938 00000A78 00000BB8 00000CF8 00000E38 00000F78 000010B8 000011F8 00001338 00001478 000015B8 000016F8 00001838 00001978 00001AB8 00001BF8 00001D38 00001E78 00001FB8 000020F8 00002238 00002378 000024B8 000025F8 00002738 
[TC_DEBUG]     [0672] 0000007E 000001CE 0000031E 0000046E 000005BE 0000070E 0000085E 000009AE 00000AFE 00000C4E 00000D9E 00000EEE 0000103E 0000118E 000012DE 0000142E 0000157E 000016CE 0000181E 0000196E 00001ABE 00001C0E 00001D5E 00001EAE 00001FFE 0000214E 0000229E 000023EE 0000253E 0000268E 000027DE 0000292E 
[TC_DEBUG]     [0704] 00000084 000001E4 00000344 000004A4 00000604 00000764 000008C4 00000A24 00000B84 00000CE4 00000E44 00000FA4 00001104 00001264 000013C4 00001524 00001684 000017E4 00001944 00001AA4 00001C04 00001D64 00001EC4 00002024 00002184 000022E4 00002444 000025A4 00002704 00002864 000029C4 00002B24 
[TC_DEBUG]     [0736] 0000008A 000001FA 0000036A 000004DA 0000064A 000007BA 0000092A 00000A9A 00000C0A 00000D7A 00000EEA 0000105A 000011CA 0000133A 000014AA 0000161A 0000178A 000018FA 00001A6A 00001BDA 00001D4A 00001EBA 0000202A 0000219A 0000230A 0000247A 000025EA 0000275A 000028CA 00002A3A 00002BAA 00002D1A 
[TC_DEBUG]     [0768] 00000090 00000210 00000390 00000510 00000690 00000810 00000990 00000B10 00000C90 00000E10 00000F90 00001110 00001290 00001410 00001590 00001710 00001890 00001A10 00001B90 00001D10 00001E90 00002010 00002190 00002310 00002490 00002610 00002790 00002910 00002A90 00002C10 00002D90 00002F10 
[TC_DEBUG]     [0800] 00000096 00000226 000003B6 00000546 000006D6 00000866 000009F6 00000B86 00000D16 00000EA6 00001036 000011C6 00001356 000014E6 00001676 00001806 00001996 00001B26 00001CB6 00001E46 00001FD6 00002166 000022F6 00002486 00002616 000027A6 00002936 00002AC6 00002C56 00002DE6 00002F76 00003106 
[TC_DEBUG]     [0832] 0000009C 0000023C 000003DC 0000057C 0000071C 000008BC 00000A5C 00000BFC 00000D9C 00000F3C 000010DC 0000127C 0000141C 000015BC 0000175C 000018FC 00001A9C 00001C3C 00001DDC 00001F7C 0000211C 000022BC 0000245C 000025FC 0000279C 0000293C 00002ADC 00002C7C 00002E1C 00002FBC 0000315C 000032FC 
[TC_DEBUG]     [0864] 000000A2 00000252 00000402 000005B2 00000762 00000912 00000AC2 00000C72 00000E22 00000FD2 00001182 00001332 000014E2 00001692 00001842 000019F2 00001BA2 00001D52 00001F02 000020B2 00002262 00002412 000025C2 00002772 00002922 00002AD2 00002C82 00002E32 00002FE2 00003192 00003342 000034F2 
[TC_DEBUG]     [0896] 000000A8 00000268 00000428 000005E8 000007A8 00000968 00000B28 00000CE8 00000EA8 00001068 00001228 000013E8 000015A8 00001768 00001928 00001AE8 00001CA8 00001E68 00002028 000021E8 000023A8 00002568 00002728 000028E8 00002AA8 00002C68 00002E28 00002FE8 000031A8 00003368 00003528 000036E8 
[TC_DEBUG]     [0928] 000000AE 0000027E 0000044E 0000061E 000007EE 000009BE 00000B8E 00000D5E 00000F2E 000010FE 000012CE 0000149E 0000166E 0000183E 00001A0E 00001BDE 00001DAE 00001F7E 0000214E 0000231E 000024EE 000026BE 0000288E 00002A5E 00002C2E 00002DFE 00002FCE 0000319E 0000336E 0000353E 0000370E 000038DE 
[TC_DEBUG]     [0960] 000000B4 00000294 00000474 00000654 00000834 00000A14 00000BF4 00000DD4 00000FB4 00001194 00001374 00001554 00001734 00001914 00001AF4 00001CD4 00001EB4 00002094 00002274 00002454 00002634 00002814 000029F4 00002BD4 00002DB4 00002F94 00003174 00003354 00003534 00003714 000038F4 00003AD4 
[TC_DEBUG]     [0992] 000000BA 000002AA 0000049A 0000068A 0000087A 00000A6A 00000C5A 00000E4A 0000103A 0000122A 0000141A 0000160A 000017FA 000019EA 00001BDA 00001DCA 00001FBA 000021AA 0000239A 0000258A 0000277A 0000296A 00002B5A 00002D4A 00002F3A 0000312A 0000331A 0000350A 000036FA 000038EA 00003ADA 00003CCA 
[TC_DEBUG]     [1024] 000000C0 000002C0 000004C0 000006C0 000008C0 00000AC0 00000CC0 00000EC0 000010C0 000012C0 000014C0 000016C0 000018C0 00001AC0 00001CC0 00001EC0 000020C0 000022C0 000024C0 000026C0 000028C0 00002AC0 00002CC0 00002EC0 000030C0 000032C0 000034C0 000036C0 000038C0 00003AC0 00003CC0 00003EC0 
[TC_DEBUG]     [1056] 000000C6 000002D6 000004E6 000006F6 00000906 00000B16 00000D26 00000F36 00001146 00001356 00001566 00001776 00001986 00001B96 00001DA6 00001FB6 000021C6 000023D6 000025E6 000027F6 00002A06 00002C16 00002E26 00003036 00003246 00003456 00003666 00003876 00003A86 00003C96 00003EA6 000040B6 
[TC_DEBUG]     [1088] 000000CC 000002EC 0000050C 0000072C 0000094C 00000B6C 00000D8C 00000FAC 000011CC 000013EC 0000160C 0000182C 00001A4C 00001C6C 00001E8C 000020AC 000022CC 000024EC 0000270C 0000292C 00002B4C 00002D6C 00002F8C 000031AC 000033CC 000035EC 0000380C 00003A2C 00003C4C 00003E6C 0000408C 000042AC 
[TC_DEBUG]     [1120] 000000D2 00000302 00000532 00000762 00000992 00000BC2 00000DF2 00001022 00001252 00001482 000016B2 000018E2 00001B12 00001D42 00001F72 000021A2 000023D2 00002602 00002832 00002A62 00002C92 00002EC2 000030F2 00003322 00003552 00003782 000039B2 00003BE2 00003E12 00004042 00004272 000044A2 
[TC_DEBUG]     [1152] 000000D8 00000318 00000558 00000798 000009D8 00000C18 00000E58 00001098 000012D8 00001518 00001758 00001998 00001BD8 00001E18 00002058 00002298 000024D8 00002718 00002958 00002B98 00002DD8 00003018 00003258 00003498 000036D8 00003918 00003B58 00003D98 00003FD8 00004218 00004458 00004698 
[TC_DEBUG]     [1184] 000000DE 0000032E 0000057E 000007CE 00000A1E 00000C6E 00000EBE 0000110E 0000135E 000015AE 000017FE 00001A4E 00001C9E 00001EEE 0000213E 0000238E 000025DE 0000282E 00002A7E 00002CCE 00002F1E 0000316E 000033BE 0000360E 0000385E 00003AAE 00003CFE 00003F4E 0000419E 000043EE 0000463E 0000488E 
[TC_DEBUG]     [1216] 000000E4 00000344 000005A4 00000804 00000A64 00000CC4 00000F24 00001184 000013E4 00001644 000018A4 00001B04 00001D64 00001FC4 00002224 00002484 000026E4 00002944 00002BA4 00002E04 00003064 000032C4 00003524 00003784 000039E4 00003C44 00003EA4 00004104 00004364 000045C4 00004824 00004A84 
[TC_DEBUG]     [1248] 000000EA 0000035A 000005CA 0000083A 00000AAA 00000D1A 00000F8A 000011FA 0000146A 000016DA 0000194A 00001BBA 00001E2A 0000209A 0000230A 0000257A 000027EA 00002A5A 00002CCA 00002F3A 000031AA 0000341A 0000368A 000038FA 00003B6A 00003DDA 0000404A 000042BA 0000452A 0000479A 00004A0A 00004C7A 
[TC_DEBUG]     [1280] 000000F0 00000370 000005F0 00000870 00000AF0 00000D70 00000FF0 00001270 000014F0 00001770 000019F0 00001C70 00001EF0 00002170 000023F0 00002670 000028F0 00002B70 00002DF0 00003070 000032F0 00003570 000037F0 00003A70 00003CF0 00003F70 000041F0 00004470 000046F0 00004970 00004BF0 00004E70 
[TC_DEBUG]     [1312] 000000F6 00000386 00000616 000008A6 00000B36 00000DC6 00001056 000012E6 00001576 00001806 00001A96 00001D26 00001FB6 00002246 000024D6 00002766 000029F6 00002C86 00002F16 000031A6 00003436 000036C6 00003956 00003BE6 00003E76 00004106 00004396 00004626 000048B6 00004B46 00004DD6 00005066 
[TC_DEBUG]     [1344] 000000FC 0000039C 0000063C 000008DC 00000B7C 00000E1C 000010BC 0000135C 000015FC 0000189C 00001B3C 00001DDC 0000207C 0000231C 000025BC 0000285C 00002AFC 00002D9C 0000303C 000032DC 0000357C 0000381C 00003ABC 00003D5C 00003FFC 0000429C 0000453C 000047DC 00004A7C 00004D1C 00004FBC 0000525C 
[TC_DEBUG]     [1376] 00000102 000003B2 00000662 00000912 00000BC2 00000E72 00001122 000013D2 00001682 00001932 00001BE2 00001E92 00002142 000023F2 000026A2 00002952 00002C02 00002EB2 00003162 00003412 000036C2 00003972 00003C22 00003ED2 00004182 00004432 000046E2 00004992 00004C42 00004EF2 000051A2 00005452 
[TC_DEBUG]     [1408] 00000108 000003C8 00000688 00000948 00000C08 00000EC8 00001188 00001448 00001708 000019C8 00001C88 00001F48 00002208 000024C8 00002788 00002A48 00002D08 00002FC8 00003288 00003548 00003808 00003AC8 00003D88 00004048 00004308 000045C8 00004888 00004B48 00004E08 000050C8 00005388 00005648 
[TC_DEBUG]     [1440] 0000010E 000003DE 000006AE 0000097E 00000C4E 00000F1E 000011EE 000014BE 0000178E 00001A5E 00001D2E 00001FFE 000022CE 0000259E 0000286E 00002B3E 00002E0E 000030DE 000033AE 0000367E 0000394E 00003C1E 00003EEE 000041BE 0000448E 0000475E 00004A2E 00004CFE 00004FCE 0000529E 0000556E 0000583E 
[TC_DEBUG]     [1472] 00000114 000003F4 000006D4 000009B4 00000C94 00000F74 00001254 00001534 00001814 00001AF4 00001DD4 000020B4 00002394 00002674 00002954 00002C34 00002F14 000031F4 000034D4 000037B4 00003A94 00003D74 00004054 00004334 00004614 000048F4 00004BD4 00004EB4 00005194 00005474 00005754 00005A34 
[TC_DEBUG]     [1504] 0000011A 0000040A 000006FA 000009EA 00000CDA 00000FCA 000012BA 000015AA 0000189A 00001B8A 00001E7A 0000216A 0000245A 0000274A 00002A3A 00002D2A 0000301A 0000330A 000035FA 000038EA 00003BDA 00003ECA 000041BA 000044AA 0000479A 00004A8A 00004D7A 0000506A 0000535A 0000564A 0000593A 00005C2A 
[TC_DEBUG]     [1536] 00000120 00000420 00000720 00000A20 00000D20 00001020 00001320 00001620 00001920 00001C20 00001F20 00002220 00002520 00002820 00002B20 00002E20 00003120 00003420 00003720 00003A20 00003D20 00004020 00004320 00004620 00004920 00004C20 00004F20 00005220 00005520 00005820 00005B20 00005E20 
[TC_DEBUG]     [1568] 00000126 00000436 00000746 00000A56 00000D66 00001076 00001386 00001696 000019A6 00001CB6 00001FC6 000022D6 000025E6 000028F6 00002C06 00002F16 00003226 00003536 00003846 00003B56 00003E66 00004176 00004486 00004796 00004AA6 00004DB6 000050C6 000053D6 000056E6 000059F6 00005D06 00006016 
[TC_DEBUG]     [1600] 0000012C 0000044C 0000076C 00000A8C 00000DAC 000010CC 000013EC 0000170C 00001A2C 00001D4C 0000206C 0000238C 000026AC 000029CC 00002CEC 0000300C 0000332C 0000364C 0000396C 00003C8C 00003FAC 000042CC 000045EC 0000490C 00004C2C 00004F4C 0000526C 0000558C 000058AC 00005BCC 00005EEC 0000620C 
[TC_DEBUG]     [1632] 00000132 00000462 00000792 00000AC2 00000DF2 00001122 00001452 00001782 00001AB2 00001DE2 00002112 00002442 00002772 00002AA2 00002DD2 00003102 00003432 00003762 00003A92 00003DC2 000040F2 00004422 00004752 00004A82 00004DB2 000050E2 00005412 00005742 00005A72 00005DA2 000060D2 00006402 
[TC_DEBUG]     [1664] 00000138 00000478 000007B8 00000AF8 00000E38 00001178 000014B8 000017F8 00001B38 00001E78 000021B8 000024F8 00002838 00002B78 00002EB8 000031F8 00003538 00003878 00003BB8 00003EF8 00004238 00004578 000048B8 00004BF8 00004F38 00005278 000055B8 000058F8 00005C38 00005F78 000062B8 000065F8 
[TC_DEBUG]     [1696] 0000013E 0000048E 000007DE 00000B2E 00000E7E 000011CE 0000151E 0000186E 00001BBE 00001F0E 0000225E 000025AE 000028FE 00002C4E 00002F9E 000032EE 0000363E 0000398E 00003CDE 0000402E 0000437E 000046CE 00004A1E 00004D6E 000050BE 0000540E 0000575E 00005AAE 00005DFE 0000614E 0000649E 000067EE 
[TC_DEBUG]     [1728] 00000144 000004A4 00000804 00000B64 00000EC4 00001224 00001584 000018E4 00001C44 00001FA4 00002304 00002664 000029C4 00002D24 00003084 000033E4 00003744 00003AA4 00003E04 00004164 000044C4 00004824 00004B84 00004EE4 00005244 000055A4 00005904 00005C64 00005FC4 00006324 00006684 000069E4 
[TC_DEBUG]     [1760] 0000014A 000004BA 0000082A 00000B9A 00000F0A 0000127A 000015EA 0000195A 00001CCA 0000203A 000023AA 0000271A 00002A8A 00002DFA 0000316A 000034DA 0000384A 00003BBA 00003F2A 0000429A 0000460A 0000497A 00004CEA 0000505A 000053CA 0000573A 00005AAA 00005E1A 0000618A 000064FA 0000686A 00006BDA 
[TC_DEBUG]     [1792] 00000150 000004D0 00000850 00000BD0 00000F50 000012D0 00001650 000019D0 00001D50 000020D0 00002450 000027D0 00002B50 00002ED0 00003250 000035D0 00003950 00003CD0 00004050 000043D0 00004750 00004AD0 00004E50 000051D0 00005550 000058D0 00005C50 00005FD0 00006350 000066D0 00006A50 00006DD0 
[TC_DEBUG]     [1824] 00000156 000004E6 00000876 00000C06 00000F96 00001326 000016B6 00001A46 00001DD6 00002166 000024F6 00002886 00002C16 00002FA6 00003336 000036C6 00003A56 00003DE6 00004176 00004506 00004896 00004C26 00004FB6 00005346 000056D6 00005A66 00005DF6 00006186 00006516 000068A6 00006C36 00006FC6 
[TC_DEBUG]     [1856] 0000015C 000004FC 0000089C 00000C3C 00000FDC 0000137C 0000171C 00001ABC 00001E5C 000021FC 0000259C 0000293C 00002CDC 0000307C 0000341C 000037BC 00003B5C 00003EFC 0000429C 0000463C 000049DC 00004D7C 0000511C 000054BC 0000585C 00005BFC 00005F9C 0000633C 000066DC 00006A7C 00006E1C 000071BC 
[TC_DEBUG]     [1888] 00000162 00000512 000008C2 00000C72 00001022 000013D2 00001782 00001B32 00001EE2 00002292 00002642 000029F2 00002DA2 00003152 00003502 000038B2 00003C62 00004012 000043C2 00004772 00004B22 00004ED2 00005282 00005632 000059E2 00005D92 00006142 000064F2 000068A2 00006C52 00007002 000073B2 
[TC_DEBUG]     [1920] 00000168 00000528 000008E8 00000CA8 00001068 00001428 000017E8 00001BA8 00001F68 00002328 000026E8 00002AA8 00002E68 00003228 000035E8 000039A8 00003D68 00004128 000044E8 000048A8 00004C68 00005028 000053E8 000057A8 00005B68 00005F28 000062E8 000066A8 00006A68 00006E28 000071E8 000075A8 
[TC_DEBUG]     [1952] 0000016E 0000053E 0000090E 00000CDE 000010AE 0000147E 0000184E 00001C1E 00001FEE 000023BE 0000278E 00002B5E 00002F2E 000032FE 000036CE 00003A9E 00003E6E 0000423E 0000460E 000049DE 00004DAE 0000517E 0000554E 0000591E 00005CEE 000060BE 0000648E 0000685E 00006C2E 00006FFE 000073CE 0000779E 
[TC_DEBUG]     [1984] 00000174 00000554 00000934 00000D14 000010F4 000014D4 000018B4 00001C94 00002074 00002454 00002834 00002C14 00002FF4 000033D4 000037B4 00003B94 00003F74 00004354 00004734 00004B14 00004EF4 000052D4 000056B4 00005A94 00005E74 00006254 00006634 00006A14 00006DF4 000071D4 000075B4 00007994 
[TC_DEBUG]     [2016] 0000017A 0000056A 0000095A 00000D4A 0000113A 0000152A 0000191A 00001D0A 000020FA 000024EA 000028DA 00002CCA 000030BA 000034AA 0000389A 00003C8A 0000407A 0000446A 0000485A 00004C4A 0000503A 0000542A 0000581A 00005C0A 00005FFA 000063EA 000067DA 00006BCA 00006FBA 000073AA 0000779A 00007B8A 
[TC_DEBUG]     [2048] 00000180 00000580 00000980 00000D80 00001180 00001580 00001980 00001D80 00002180 00002580 00002980 00002D80 00003180 00003580 00003980 00003D80 00004180 00004580 00004980 00004D80 00005180 00005580 00005980 00005D80 00006180 00006580 00006980 00006D80 00007180 00007580 00007980 00007D80 
[TC_DEBUG]     [2080] 00000186 00000596 000009A6 00000DB6 000011C6 000015D6 000019E6 00001DF6 00002206 00002616 00002A26 00002E36 00003246 00003656 00003A66 00003E76 00004286 00004696 00004AA6 00004EB6 000052C6 000056D6 00005AE6 00005EF6 00006306 00006716 00006B26 00006F36 00007346 00007756 00007B66 00007F76 
[TC_DEBUG]     [2112] 0000018C 000005AC 000009CC 00000DEC 0000120C 0000162C 00001A4C 00001E6C 0000228C 000026AC 00002ACC 00002EEC 0000330C 0000372C 00003B4C 00003F6C 0000438C 000047AC 00004BCC 00004FEC 0000540C 0000582C 00005C4C 0000606C 0000648C 000068AC 00006CCC 000070EC 0000750C 0000792C 00007D4C 0000816C 
[TC_DEBUG]     [2144] 00000192 000005C2 000009F2 00000E22 00001252 00001682 00001AB2 00001EE2 00002312 00002742 00002B72 00002FA2 000033D2 00003802 00003C32 00004062 00004492 000048C2 00004CF2 00005122 00005552 00005982 00005DB2 000061E2 00006612 00006A42 00006E72 000072A2 000076D2 00007B02 00007F32 00008362 
[TC_DEBUG]     [2176] 00000198 000005D8 00000A18 00000E58 00001298 000016D8 00001B18 00001F58 00002398 000027D8 00002C18 00003058 00003498 000038D8 00003D18 00004158 00004598 000049D8 00004E18 00005258 00005698 00005AD8 00005F18 00006358 00006798 00006BD8 00007018 00007458 00007898 00007CD8 00008118 00008558 
[TC_DEBUG]     [2208] 0000019E 000005EE 00000A3E 00000E8E 000012DE 0000172E 00001B7E 00001FCE 0000241E 0000286E 00002CBE 0000310E 0000355E 000039AE 00003DFE 0000424E 0000469E 00004AEE 00004F3E 0000538E 000057DE 00005C2E 0000607E 000064CE 0000691E 00006D6E 000071BE 0000760E 00007A5E 00007EAE 000082FE 0000874E 
[TC_DEBUG]     [2240] 000001A4 00000604 00000A64 00000EC4 00001324 00001784 00001BE4 00002044 000024A4 00002904 00002D64 000031C4 00003624 00003A84 00003EE4 00004344 000047A4 00004C04 00005064 000054C4 00005924 00005D84 000061E4 00006644 00006AA4 00006F04 00007364 000077C4 00007C24 00008084 000084E4 00008944 
[TC_DEBUG]     [2272] 000001AA 0000061A 00000A8A 00000EFA 0000136A 000017DA 00001C4A 000020BA 0000252A 0000299A 00002E0A 0000327A 000036EA 00003B5A 00003FCA 0000443A 000048AA 00004D1A 0000518A 000055FA 00005A6A 00005EDA 0000634A 000067BA 00006C2A 0000709A 0000750A 0000797A 00007DEA 0000825A 000086CA 00008B3A 
[TC_DEBUG]     [2304] 000001B0 00000630 00000AB0 00000F30 000013B0 00001830 00001CB0 00002130 000025B0 00002A30 00002EB0 00003330 000037B0 00003C30 000040B0 00004530 000049B0 00004E30 000052B0 00005730 00005BB0 00006030 000064B0 00006930 00006DB0 00007230 000076B0 00007B30 00007FB0 00008430 000088B0 00008D30 
[TC_DEBUG]     [2336] 000001B6 00000646 00000AD6 00000F66 000013F6 00001886 00001D16 000021A6 00002636 00002AC6 00002F56 000033E6 00003876 00003D06 00004196 00004626 00004AB6 00004F46 000053D6 00005866 00005CF6 00006186 00006616 00006AA6 00006F36 000073C6 00007856 00007CE6 00008176 00008606 00008A96 00008F26 
[TC_DEBUG]     [2368] 000001BC 0000065C 00000AFC 00000F9C 0000143C 000018DC 00001D7C 0000221C 000026BC 00002B5C 00002FFC 0000349C 0000393C 00003DDC 0000427C 0000471C 00004BBC 0000505C 000054FC 0000599C 00005E3C 000062DC 0000677C 00006C1C 000070BC 0000755C 000079FC 00007E9C 0000833C 000087DC 00008C7C 0000911C 
[TC_DEBUG]     [2400] 000001C2 00000672 00000B22 00000FD2 00001482 00001932 00001DE2 00002292 00002742 00002BF2 000030A2 00003552 00003A02 00003EB2 00004362 00004812 00004CC2 00005172 00005622 00005AD2 00005F82 00006432 000068E2 00006D92 00007242 000076F2 00007BA2 00008052 00008502 000089B2 00008E62 00009312 
[TC_DEBUG]     [2432] 000001C8 00000688 00000B48 00001008 000014C8 00001988 00001E48 00002308 000027C8 00002C88 00003148 00003608 00003AC8 00003F88 00004448 00004908 00004DC8 00005288 00005748 00005C08 000060C8 00006588 00006A48 00006F08 000073C8 00007888 00007D48 00008208 000086C8 00008B88 00009048 00009508 
[TC_DEBUG]     [2464] 000001CE 0000069E 00000B6E 0000103E 0000150E 000019DE 00001EAE 0000237E 0000284E 00002D1E 000031EE 000036BE 00003B8E 0000405E 0000452E 000049FE 00004ECE 0000539E 0000586E 00005D3E 0000620E 000066DE 00006BAE 0000707E 0000754E 00007A1E 00007EEE 000083BE 0000888E 00008D5E 0000922E 000096FE 
[TC_DEBUG]     [2496] 000001D4 000006B4 00000B94 00001074 00001554 00001A34 00001F14 000023F4 000028D4 00002DB4 00003294 00003774 00003C54 00004134 00004614 00004AF4 00004FD4 000054B4 00005994 00005E74 00006354 00006834 00006D14 000071F4 000076D4 00007BB4 00008094 00008574 00008A54 00008F34 00009414 000098F4 
[TC_DEBUG]     [2528] 000001DA 000006CA 00000BBA 000010AA 0000159A 00001A8A 00001F7A 0000246A 0000295A 00002E4A 0000333A 0000382A 00003D1A 0000420A 000046FA 00004BEA 000050DA 000055CA 00005ABA 00005FAA 0000649A 0000698A 00006E7A 0000736A 0000785A 00007D4A 0000823A 0000872A 00008C1A 0000910A 000095FA 00009AEA 
[TC_DEBUG]     [2560] 000001E0 000006E0 00000BE0 000010E0 000015E0 00001AE0 00001FE0 000024E0 000029E0 00002EE0 000033E0 000038E0 00003DE0 000042E0 000047E0 00004CE0 000051E0 000056E0 00005BE0 000060E0 000065E0 00006AE0 00006FE0 000074E0 000079E0 00007EE0 000083E0 000088E0 00008DE0 000092E0 000097E0 00009CE0 
[TC_DEBUG]     [2592] 000001E6 000006F6 00000C06 00001116 00001626 00001B36 00002046 00002556 00002A66 00002F76 00003486 00003996 00003EA6 000043B6 000048C6 00004DD6 000052E6 000057F6 00005D06 00006216 00006726 00006C36 00007146 00007656 00007B66 00008076 00008586 00008A96 00008FA6 000094B6 000099C6 00009ED6 
[TC_DEBUG]     [2624] 000001EC 0000070C 00000C2C 0000114C 0000166C 00001B8C 000020AC 000025CC 00002AEC 0000300C 0000352C 00003A4C 00003F6C 0000448C 000049AC 00004ECC 000053EC 0000590C 00005E2C 0000634C 0000686C 00006D8C 000072AC 000077CC 00007CEC 0000820C 0000872C 00008C4C 0000916C 0000968C 00009BAC 0000A0CC 
[TC_DEBUG]     [2656] 000001F2 00000722 00000C52 00001182 000016B2 00001BE2 00002112 00002642 00002B72 000030A2 000035D2 00003B02 00004032 00004562 00004A92 00004FC2 000054F2 00005A22 00005F52 00006482 000069B2 00006EE2 00007412 00007942 00007E72 000083A2 000088D2 00008E02 00009332 00009862 00009D92 0000A2C2 
[TC_DEBUG]     [2688] 000001F8 00000738 00000C78 000011B8 000016F8 00001C38 00002178 000026B8 00002BF8 00003138 00003678 00003BB8 000040F8 00004638 00004B78 000050B8 000055F8 00005B38 00006078 000065B8 00006AF8 00007038 00007578 00007AB8 00007FF8 00008538 00008A78 00008FB8 000094F8 00009A38 00009F78 0000A4B8 
[TC_DEBUG]     [2720] 000001FE 0000074E 00000C9E 000011EE 0000173E 00001C8E 000021DE 0000272E 00002C7E 000031CE 0000371E 00003C6E 000041BE 0000470E 00004C5E 000051AE 000056FE 00005C4E 0000619E 000066EE 00006C3E 0000718E 000076DE 00007C2E 0000817E 000086CE 00008C1E 0000916E 000096BE 00009C0E 0000A15E 0000A6AE 
[TC_DEBUG]     [2752] 00000204 00000764 00000CC4 00001224 00001784 00001CE4 00002244 000027A4 00002D04 00003264 000037C4 00003D24 00004284 000047E4 00004D44 000052A4 00005804 00005D64 000062C4 00006824 00006D84 000072E4 00007844 00007DA4 00008304 00008864 00008DC4 00009324 00009884 00009DE4 0000A344 0000A8A4 
[TC_DEBUG]     [2784] 0000020A 0000077A 00000CEA 0000125A 000017CA 00001D3A 000022AA 0000281A 00002D8A 000032FA 0000386A 00003DDA 0000434A 000048BA 00004E2A 0000539A 0000590A 00005E7A 000063EA 0000695A 00006ECA 0000743A 000079AA 00007F1A 0000848A 000089FA 00008F6A 000094DA 00009A4A 00009FBA 0000A52A 0000AA9A 
[TC_DEBUG]     [2816] 00000210 00000790 00000D10 00001290 00001810 00001D90 00002310 00002890 00002E10 00003390 00003910 00003E90 00004410 00004990 00004F10 00005490 00005A10 00005F90 00006510 00006A90 00007010 00007590 00007B10 00008090 00008610 00008B90 00009110 00009690 00009C10 0000A190 0000A710 0000AC90 
[TC_DEBUG]     [2848] 00000216 000007A6 00000D36 000012C6 00001856 00001DE6 00002376 00002906 00002E96 00003426 000039B6 00003F46 000044D6 00004A66 00004FF6 00005586 00005B16 000060A6 00006636 00006BC6 00007156 000076E6 00007C76 00008206 00008796 00008D26 000092B6 00009846 00009DD6 0000A366 0000A8F6 0000AE86 
[TC_DEBUG]     [2880] 0000021C 000007BC 00000D5C 000012FC 0000189C 00001E3C 000023DC 0000297C 00002F1C 000034BC 00003A5C 00003FFC 0000459C 00004B3C 000050DC 0000567C 00005C1C 000061BC 0000675C 00006CFC 0000729C 0000783C 00007DDC 0000837C 0000891C 00008EBC 0000945C 000099FC 00009F9C 0000A53C 0000AADC 0000B07C 
[TC_DEBUG]     [2912] 00000222 000007D2 00000D82 00001332 000018E2 00001E92 00002442 000029F2 00002FA2 00003552 00003B02 000040B2 00004662 00004C12 000051C2 00005772 00005D22 000062D2 00006882 00006E32 000073E2 00007992 00007F42 000084F2 00008AA2 00009052 00009602 00009BB2 0000A162 0000A712 0000ACC2 0000B272 
[TC_DEBUG]     [2944] 00000228 000007E8 00000DA8 00001368 00001928 00001EE8 000024A8 00002A68 00003028 000035E8 00003BA8 00004168 00004728 00004CE8 000052A8 00005868 00005E28 000063E8 000069A8 00006F68 00007528 00007AE8 000080A8 00008668 00008C28 000091E8 000097A8 00009D68 0000A328 0000A8E8 0000AEA8 0000B468 
[TC_DEBUG]     [2976] 0000022E 000007FE 00000DCE 0000139E 0000196E 00001F3E 0000250E 00002ADE 000030AE 0000367E 00003C4E 0000421E 000047EE 00004DBE 0000538E 0000595E 00005F2E 000064FE 00006ACE 0000709E 0000766E 00007C3E 0000820E 000087DE 00008DAE 0000937E 0000994E 00009F1E 0000A4EE 0000AABE 0000B08E 0000B65E 
[TC_DEBUG]     [3008] 00000234 00000814 00000DF4 000013D4 000019B4 00001F94 00002574 00002B54 00003134 00003714 00003CF4 000042D4 000048B4 00004E94 00005474 00005A54 00006034 00006614 00006BF4 000071D4 000077B4 00007D94 00008374 00008954 00008F34 00009514 00009AF4 0000A0D4 0000A6B4 0000AC94 0000B274 0000B854 
[TC_DEBUG]     [3040] 0000023A 0000082A 00000E1A 0000140A 000019FA 00001FEA 000025DA 00002BCA 000031BA 000037AA 00003D9A 0000438A 0000497A 00004F6A 0000555A 00005B4A 0000613A 0000672A 00006D1A 0000730A 000078FA 00007EEA 000084DA 00008ACA 000090BA 000096AA 00009C9A 0000A28A 0000A87A 0000AE6A 0000B45A 0000BA4A 
[TC_DEBUG]     [3072] 00000240 00000840 00000E40 00001440 00001A40 00002040 00002640 00002C40 00003240 00003840 00003E40 00004440 00004A40 00005040 00005640 00005C40 00006240 00006840 00006E40 00007440 00007A40 00008040 00008640 00008C40 00009240 00009840 00009E40 0000A440 0000AA40 0000B040 0000B640 0000BC40 
[TC_DEBUG]     [3104] 00000246 00000856 00000E66 00001476 00001A86 00002096 000026A6 00002CB6 000032C6 000038D6 00003EE6 000044F6 00004B06 00005116 00005726 00005D36 00006346 00006956 00006F66 00007576 00007B86 00008196 000087A6 00008DB6 000093C6 000099D6 00009FE6 0000A5F6 0000AC06 0000B216 0000B826 0000BE36 
[TC_DEBUG]     [3136] 0000024C 0000086C 00000E8C 000014AC 00001ACC 000020EC 0000270C 00002D2C 0000334C 0000396C 00003F8C 000045AC 00004BCC 000051EC 0000580C 00005E2C 0000644C 00006A6C 0000708C 000076AC 00007CCC 000082EC 0000890C 00008F2C 0000954C 00009B6C 0000A18C 0000A7AC 0000ADCC 0000B3EC 0000BA0C 0000C02C 
[TC_DEBUG]     [3168] 00000252 00000882 00000EB2 000014E2 00001B12 00002142 00002772 00002DA2 000033D2 00003A02 00004032 00004662 00004C92 000052C2 000058F2 00005F22 00006552 00006B82 000071B2 000077E2 00007E12 00008442 00008A72 000090A2 000096D2 00009D02 0000A332 0000A962 0000AF92 0000B5C2 0000BBF2 0000C222 
[TC_DEBUG]     [3200] 00000258 00000898 00000ED8 00001518 00001B58 00002198 000027D8 00002E18 00003458 00003A98 000040D8 00004718 00004D58 00005398 000059D8 00006018 00006658 00006C98 000072D8 00007918 00007F58 00008598 00008BD8 00009218 00009858 00009E98 0000A4D8 0000AB18 0000B158 0000B798 0000BDD8 0000C418 
[TC_DEBUG]     [3232] 0000025E 000008AE 00000EFE 0000154E 00001B9E 000021EE 0000283E 00002E8E 000034DE 00003B2E 0000417E 000047CE 00004E1E 0000546E 00005ABE 0000610E 0000675E 00006DAE 000073FE 00007A4E 0000809E 000086EE 00008D3E 0000938E 000099DE 0000A02E 0000A67E 0000ACCE 0000B31E 0000B96E 0000BFBE 0000C60E 
[TC_DEBUG]     [3264] 00000264 000008C4 00000F24 00001584 00001BE4 00002244 000028A4 00002F04 00003564 00003BC4 00004224 00004884 00004EE4 00005544 00005BA4 00006204 00006864 00006EC4 00007524 00007B84 000081E4 00008844 00008EA4 00009504 00009B64 0000A1C4 0000A824 0000AE84 0000B4E4 0000BB44 0000C1A4 0000C804 
[TC_DEBUG]     [3296] 0000026A 000008DA 00000F4A 000015BA 00001C2A 0000229A 0000290A 00002F7A 000035EA 00003C5A 000042CA 0000493A 00004FAA 0000561A 00005C8A 000062FA 0000696A 00006FDA 0000764A 00007CBA 0000832A 0000899A 0000900A 0000967A 00009CEA 0000A35A 0000A9CA 0000B03A 0000B6AA 0000BD1A 0000C38A 0000C9FA 
[TC_DEBUG]     [3328] 00000270 000008F0 00000F70 000015F0 00001C70 000022F0 00002970 00002FF0 00003670 00003CF0 00004370 000049F0 00005070 000056F0 00005D70 000063F0 00006A70 000070F0 00007770 00007DF0 00008470 00008AF0 00009170 000097F0 00009E70 0000A4F0 0000AB70 0000B1F0 0000B870 0000BEF0 0000C570 0000CBF0 
[TC_DEBUG]     [3360] 00000276 00000906 00000F96 00001626 00001CB6 00002346 000029D6 00003066 000036F6 00003D86 00004416 00004AA6 00005136 000057C6 00005E56 000064E6 00006B76 00007206 00007896 00007F26 000085B6 00008C46 000092D6 00009966 00009FF6 0000A686 0000AD16 0000B3A6 0000BA36 0000C0C6 0000C756 0000CDE6 
[TC_DEBUG]     [3392] 0000027C 0000091C 00000FBC 0000165C 00001CFC 0000239C 00002A3C 000030DC 0000377C 00003E1C 000044BC 00004B5C 000051FC 0000589C 00005F3C 000065DC 00006C7C 0000731C 000079BC 0000805C 000086FC 00008D9C 0000943C 00009ADC 0000A17C 0000A81C 0000AEBC 0000B55C 0000BBFC 0000C29C 0000C93C 0000CFDC 
[TC_DEBUG]     [3424] 00000282 00000932 00000FE2 00001692 00001D42 000023F2 00002AA2 00003152 00003802 00003EB2 00004562 00004C12 000052C2 00005972 00006022 000066D2 00006D82 00007432 00007AE2 00008192 00008842 00008EF2 000095A2 00009C52 0000A302 0000A9B2 0000B062 0000B712 0000BDC2 0000C472 0000CB22 0000D1D2 
[TC_DEBUG]     [3456] 00000288 00000948 00001008 000016C8 00001D88 00002448 00002B08 000031C8 00003888 00003F48 00004608 00004CC8 00005388 00005A48 00006108 000067C8 00006E88 00007548 00007C08 000082C8 00008988 00009048 00009708 00009DC8 0000A488 0000AB48 0000B208 0000B8C8 0000BF88 0000C648 0000CD08 0000D3C8 
[TC_DEBUG]     [3488] 0000028E 0000095E 0000102E 000016FE 00001DCE 0000249E 00002B6E 0000323E 0000390E 00003FDE 000046AE 00004D7E 0000544E 00005B1E 000061EE 000068BE 00006F8E 0000765E 00007D2E 000083FE 00008ACE 0000919E 0000986E 00009F3E 0000A60E 0000ACDE 0000B3AE 0000BA7E 0000C14E 0000C81E 0000CEEE 0000D5BE 
[TC_DEBUG]     [3520] 00000294 00000974 00001054 00001734 00001E14 000024F4 00002BD4 000032B4 00003994 00004074 00004754 00004E34 00005514 00005BF4 000062D4 000069B4 00007094 00007774 00007E54 00008534 00008C14 000092F4 000099D4 0000A0B4 0000A794 0000AE74 0000B554 0000BC34 0000C314 0000C9F4 0000D0D4 0000D7B4 
[TC_DEBUG]     [3552] 0000029A 0000098A 0000107A 0000176A 00001E5A 0000254A 00002C3A 0000332A 00003A1A 0000410A 000047FA 00004EEA 000055DA 00005CCA 000063BA 00006AAA 0000719A 0000788A 00007F7A 0000866A 00008D5A 0000944A 00009B3A 0000A22A 0000A91A 0000B00A 0000B6FA 0000BDEA 0000C4DA 0000CBCA 0000D2BA 0000D9AA 
[TC_DEBUG]     [3584] 000002A0 000009A0 000010A0 000017A0 00001EA0 000025A0 00002CA0 000033A0 00003AA0 000041A0 000048A0 00004FA0 000056A0 00005DA0 000064A0 00006BA0 000072A0 000079A0 000080A0 000087A0 00008EA0 000095A0 00009CA0 0000A3A0 0000AAA0 0000B1A0 0000B8A0 0000BFA0 0000C6A0 0000CDA0 0000D4A0 0000DBA0 
[TC_DEBUG]     [3616] 000002A6 000009B6 000010C6 000017D6 00001EE6 000025F6 00002D06 00003416 00003B26 00004236 00004946 00005056 00005766 00005E76 00006586 00006C96 000073A6 00007AB6 000081C6 000088D6 00008FE6 000096F6 00009E06 0000A516 0000AC26 0000B336 0000BA46 0000C156 0000C866 0000CF76 0000D686 0000DD96 
[TC_DEBUG]     [3648] 000002AC 000009CC 000010EC 0000180C 00001F2C 0000264C 00002D6C 0000348C 00003BAC 000042CC 000049EC 0000510C 0000582C 00005F4C 0000666C 00006D8C 000074AC 00007BCC 000082EC 00008A0C 0000912C 0000984C 00009F6C 0000A68C 0000ADAC 0000B4CC 0000BBEC 0000C30C 0000CA2C 0000D14C 0000D86C 0000DF8C 
[TC_DEBUG]     [3680] 000002B2 000009E2 00001112 00001842 00001F72 000026A2 00002DD2 00003502 00003C32 00004362 00004A92 000051C2 000058F2 00006022 00006752 00006E82 000075B2 00007CE2 00008412 00008B42 00009272 000099A2 0000A0D2 0000A802 0000AF32 0000B662 0000BD92 0000C4C2 0000CBF2 0000D322 0000DA52 0000E182 
[TC_DEBUG]     [3712] 000002B8 000009F8 00001138 00001878 00001FB8 000026F8 00002E38 00003578 00003CB8 000043F8 00004B38 00005278 000059B8 000060F8 00006838 00006F78 000076B8 00007DF8 00008538 00008C78 000093B8 00009AF8 0000A238 0000A978 0000B0B8 0000B7F8 0000BF38 0000C678 0000CDB8 0000D4F8 0000DC38 0000E378 
[TC_DEBUG]     [3744] 000002BE 00000A0E 0000115E 000018AE 00001FFE 0000274E 00002E9E 000035EE 00003D3E 0000448E 00004BDE 0000532E 00005A7E 000061CE 0000691E 0000706E 000077BE 00007F0E 0000865E 00008DAE 000094FE 00009C4E 0000A39E 0000AAEE 0000B23E 0000B98E 0000C0DE 0000C82E 0000CF7E 0000D6CE 0000DE1E 0000E56E 
[TC_DEBUG]     [3776] 000002C4 00000A24 00001184 000018E4 00002044 000027A4 00002F04 00003664 00003DC4 00004524 00004C84 000053E4 00005B44 000062A4 00006A04 00007164 000078C4 00008024 00008784 00008EE4 00009644 00009DA4 0000A504 0000AC64 0000B3C4 0000BB24 0000C284 0000C9E4 0000D144 0000D8A4 0000E004 0000E764 
[TC_DEBUG]     [3808] 000002CA 00000A3A 000011AA 0000191A 0000208A 000027FA 00002F6A 000036DA 00003E4A 000045BA 00004D2A 0000549A 00005C0A 0000637A 00006AEA 0000725A 000079CA 0000813A 000088AA 0000901A 0000978A 00009EFA 0000A66A 0000ADDA 0000B54A 0000BCBA 0000C42A 0000CB9A 0000D30A 0000DA7A 0000E1EA 0000E95A 
[TC_DEBUG]     [3840] 000002D0 00000A50 000011D0 00001950 000020D0 00002850 00002FD0 00003750 00003ED0 00004650 00004DD0 00005550 00005CD0 00006450 00006BD0 00007350 00007AD0 00008250 000089D0 00009150 000098D0 0000A050 0000A7D0 0000AF50 0000B6D0 0000BE50 0000C5D0 0000CD50 0000D4D0 0000DC50 0000E3D0 0000EB50 
[TC_DEBUG]     [3872] 000002D6 00000A66 000011F6 00001986 00002116 000028A6 00003036 000037C6 00003F56 000046E6 00004E76 00005606 00005D96 00006526 00006CB6 00007446 00007BD6 00008366 00008AF6 00009286 00009A16 0000A1A6 0000A936 0000B0C6 0000B856 0000BFE6 0000C776 0000CF06 0000D696 0000DE26 0000E5B6 0000ED46 
[TC_DEBUG]     [3904] 000002DC 00000A7C 0000121C 000019BC 0000215C 000028FC 0000309C 0000383C 00003FDC 0000477C 00004F1C 000056BC 00005E5C 000065FC 00006D9C 0000753C 00007CDC 0000847C 00008C1C 000093BC 00009B5C 0000A2FC 0000AA9C 0000B23C 0000B9DC 0000C17C 0000C91C 0000D0BC 0000D85C 0000DFFC 0000E79C 0000EF3C 
[TC_DEBUG]     [3936] 000002E2 00000A92 00001242 000019F2 000021A2 00002952 00003102 000038B2 00004062 00004812 00004FC2 00005772 00005F22 000066D2 00006E82 00007632 00007DE2 00008592 00008D42 000094F2 00009CA2 0000A452 0000AC02 0000B3B2 0000BB62 0000C312 0000CAC2 0000D272 0000DA22 0000E1D2 0000E982 0000F132 
[TC_DEBUG]     [3968] 000002E8 00000AA8 00001268 00001A28 000021E8 000029A8 00003168 00003928 000040E8 000048A8 00005068 00005828 00005FE8 000067A8 00006F68 00007728 00007EE8 000086A8 00008E68 00009628 00009DE8 0000A5A8 0000AD68 0000B528 0000BCE8 0000C4A8 0000CC68 0000D428 0000DBE8 0000E3A8 0000EB68 0000F328 
[TC_DEBUG]     [4000] 000002EE 00000ABE 0000128E 00001A5E 0000222E 000029FE 000031CE 0000399E 0000416E 0000493E 0000510E 000058DE 000060AE 0000687E 0000704E 0000781E 00007FEE 000087BE 00008F8E 0000975E 00009F2E 0000A6FE 0000AECE 0000B69E 0000BE6E 0000C63E 0000CE0E 0000D5DE 0000DDAE 0000E57E 0000ED4E 0000F51E 
[TC_DEBUG]     [4032] 000002F4 00000AD4 000012B4 00001A94 00002274 00002A54 00003234 00003A14 000041F4 000049D4 000051B4 00005994 00006174 00006954 00007134 00007914 000080F4 000088D4 000090B4 00009894 0000A074 0000A854 0000B034 0000B814 0000BFF4 0000C7D4 0000CFB4 0000D794 0000DF74 0000E754 0000EF34 0000F714 
[TC_DEBUG]     [4064] 000002FA 00000AEA 000012DA 00001ACA 000022BA 00002AAA 0000329A 00003A8A 0000427A 00004A6A 0000525A 00005A4A 0000623A 00006A2A 0000721A 00007A0A 000081FA 000089EA 000091DA 000099CA 0000A1BA 0000A9AA 0000B19A 0000B98A 0000C17A 0000C96A 0000D15A 0000D94A 0000E13A 0000E92A 0000F11A 0000F90A 
Test 1 completed

=== Test 2: tc.st.mma.acc Normal Mode (M2=2, N2=2) ===
tensor_core_mode: 0x00000110
twidth: 128, tlength: 0x00000202
acc_addr: 0x50000000
rs2_config: 0x00000000
[TC_DEBUG] tc.st.mma.acc: trs1=2, trs2=3, rs1v=0x50000000, rs2v=0x00000000
[TC_DEBUG]   M2=2, M1=32, N2=2, N1=32, K=4
[TC_DEBUG]   startpoint_left=0, startpoint_top=0, startpoint_spa=0
[TC_DEBUG]   left_data_len=2, top_data_len=2, spa_data_len=0
[TC_DEBUG]   work_mode=0 (0=normal, 1=sparse)
[TC_DEBUG]   LeftData (tr2, 256 bytes, little-endian):
[TC_DEBUG]     [0000] 00 00 00 00 02 02 02 02 04 04 04 04 06 06 06 06 08 08 08 08 0A 0A 0A 0A 0C 0C 0C 0C 0E 0E 0E 0E 10 10 10 10 12 12 12 12 14 14 14 14 16 16 16 16 18 18 18 18 1A 1A 1A 1A 1C 1C 1C 1C 1E 1E 1E 1E 20 20 20 20 22 22 22 22 24 24 24 24 26 26 26 26 28 28 28 28 2A 2A 2A 2A 2C 2C 2C 2C 2E 2E 2E 2E 30 30 30 30 32 32 32 32 34 34 34 34 36 36 36 36 38 38 38 38 3A 3A 3A 3A 3C 3C 3C 3C 3E 3E 3E 3E 
[TC_DEBUG]     [0128] 01 01 01 01 03 03 03 03 05 05 05 05 07 07 07 07 09 09 09 09 0B 0B 0B 0B 0D 0D 0D 0D 0F 0F 0F 0F 11 11 11 11 13 13 13 13 15 15 15 15 17 17 17 17 19 19 19 19 1B 1B 1B 1B 1D 1D 1D 1D 1F 1F 1F 1F 21 21 21 21 23 23 23 23 25 25 25 25 27 27 27 27 29 29 29 29 2B 2B 2B 2B 2D 2D 2D 2D 2F 2F 2F 2F 31 31 31 31 33 33 33 33 35 35 35 35 37 37 37 37 39 39 39 39 3B 3B 3B 3B 3D 3D 3D 3D 3F 3F 3F 3F 
[TC_DEBUG]   TopData (tr3, 256 bytes, little-endian):
[TC_DEBUG]     [0000] 00 01 02 03 04 05 06 07 08 09 0A 0B 0C 0D 0E 0F 10 11 12 13 14 15 16 17 18 19 1A 1B 1C 1D 1E 1F 20 21 22 23 24 25 26 27 28 29 2A 2B 2C 2D 2E 2F 30 31 32 33 34 35 36 37 38 39 3A 3B 3C 3D 3E 3F 40 41 42 43 44 45 46 47 48 49 4A 4B 4C 4D 4E 4F 50 51 52 53 54 55 56 57 58 59 5A 5B 5C 5D 5E 5F 60 61 62 63 64 65 66 67 68 69 6A 6B 6C 6D 6E 6F 70 71 72 73 74 75 76 77 78 79 7A 7B 7C 7D 7E 7F 
[TC_DEBUG]     [0128] 00 01 02 03 04 05 06 07 08 09 0A 0B 0C 0D 0E 0F 10 11 12 13 14 15 16 17 18 19 1A 1B 1C 1D 1E 1F 20 21 22 23 24 25 26 27 28 29 2A 2B 2C 2D 2E 2F 30 31 32 33 34 35 36 37 38 39 3A 3B 3C 3D 3E 3F 40 41 42 43 44 45 46 47 48 49 4A 4B 4C 4D 4E 4F 50 51 52 53 54 55 56 57 58 59 5A 5B 5C 5D 5E 5F 60 61 62 63 64 65 66 67 68 69 6A 6B 6C 6D 6E 6F 70 71 72 73 74 75 76 77 78 79 7A 7B 7C 7D 7E 7F 
[TC_DEBUG]   AccBuffer (base=0x50000000, 4096 elements):
[TC_DEBUG]     [0000] 00000000 00000000 00000000 00000000 00000000 00000000 00000000 00000000 00000000 00000000 00000000 00000000 00000000 00000000 00000000 00000000 00000000 00000000 00000000 00000000 00000000 00000000 00000000 00000000 00000000 00000000 00000000 00000000 00000000 00000000 00000000 00000000 
[TC_DEBUG]     [0032] 00000006 00000016 00000026 00000036 00000046 00000056 00000066 00000076 00000086 00000096 000000A6 000000B6 000000C6 000000D6 000000E6 000000F6 00000106 00000116 00000126 00000136 00000146 00000156 00000166 00000176 00000186 00000196 000001A6 000001B6 000001C6 000001D6 000001E6 000001F6 
[TC_DEBUG]     [0064] 00000012 00000042 00000072 000000A2 000000D2 00000102 00000132 00000162 00000192 000001C2 000001F2 00000222 00000252 00000282 000002B2 000002E2 00000312 00000342 00000372 000003A2 000003D2 00000402 00000432 00000462 00000492 000004C2 000004F2 00000522 00000552 00000582 000005B2 000005E2 
[TC_DEBUG]     [0096] 00000018 00000058 00000098 000000D8 00000118 00000158 00000198 000001D8 00000218 00000258 00000298 000002D8 00000318 00000358 00000398 000003D8 00000418 00000458 00000498 000004D8 00000518 00000558 00000598 000005D8 00000618 00000658 00000698 000006D8 00000718 00000758 00000798 000007D8 
[TC_DEBUG]     [0128] 00000024 00000084 000000E4 00000144 000001A4 00000204 00000264 000002C4 00000324 00000384 000003E4 00000444 000004A4 00000504 00000564 000005C4 00000624 00000684 000006E4 00000744 000007A4 00000804 00000864 000008C4 00000924 00000984 000009E4 00000A44 00000AA4 00000B04 00000B64 00000BC4 
[TC_DEBUG]     [0160] 0000002A 0000009A 0000010A 0000017A 000001EA 0000025A 000002CA 0000033A 000003AA 0000041A 0000048A 000004FA 0000056A 000005DA 0000064A 000006BA 0000072A 0000079A 0000080A 0000087A 000008EA 0000095A 000009CA 00000A3A 00000AAA 00000B1A 00000B8A 00000BFA 00000C6A 00000CDA 00000D4A 00000DBA 
[TC_DEBUG]     [0192] 00000036 000000C6 00000156 000001E6 00000276 00000306 00000396 00000426 000004B6 00000546 000005D6 00000666 000006F6 00000786 00000816 000008A6 00000936 000009C6 00000A56 00000AE6 00000B76 00000C06 00000C96 00000D26 00000DB6 00000E46 00000ED6 00000F66 00000FF6 00001086 00001116 000011A6 
[TC_DEBUG]     [0224] 0000003C 000000DC 0000017C 0000021C 000002BC 0000035C 000003FC 0000049C 0000053C 000005DC 0000067C 0000071C 000007BC 0000085C 000008FC 0000099C 00000A3C 00000ADC 00000B7C 00000C1C 00000CBC 00000D5C 00000DFC 00000E9C 00000F3C 00000FDC 0000107C 0000111C 000011BC 0000125C 000012FC 0000139C 
[TC_DEBUG]     [0256] 00000048 00000108 000001C8 00000288 00000348 00000408 000004C8 00000588 00000648 00000708 000007C8 00000888 00000948 00000A08 00000AC8 00000B88 00000C48 00000D08 00000DC8 00000E88 00000F48 00001008 000010C8 00001188 00001248 00001308 000013C8 00001488 00001548 00001608 000016C8 00001788 
[TC_DEBUG]     [0288] 0000004E 0000011E 000001EE 000002BE 0000038E 0000045E 0000052E 000005FE 000006CE 0000079E 0000086E 0000093E 00000A0E 00000ADE 00000BAE 00000C7E 00000D4E 00000E1E 00000EEE 00000FBE 0000108E 0000115E 0000122E 000012FE 000013CE 0000149E 0000156E 0000163E 0000170E 000017DE 000018AE 0000197E 
[TC_DEBUG]     [0320] 0000005A 0000014A 0000023A 0000032A 0000041A 0000050A 000005FA 000006EA 000007DA 000008CA 000009BA 00000AAA 00000B9A 00000C8A 00000D7A 00000E6A 00000F5A 0000104A 0000113A 0000122A 0000131A 0000140A 000014FA 000015EA 000016DA 000017CA 000018BA 000019AA 00001A9A 00001B8A 00001C7A 00001D6A 
[TC_DEBUG]     [0352] 00000060 00000160 00000260 00000360 00000460 00000560 00000660 00000760 00000860 00000960 00000A60 00000B60 00000C60 00000D60 00000E60 00000F60 00001060 00001160 00001260 00001360 00001460 00001560 00001660 00001760 00001860 00001960 00001A60 00001B60 00001C60 00001D60 00001E60 00001F60 
[TC_DEBUG]     [0384] 0000006C 0000018C 000002AC 000003CC 000004EC 0000060C 0000072C 0000084C 0000096C 00000A8C 00000BAC 00000CCC 00000DEC 00000F0C 0000102C 0000114C 0000126C 0000138C 000014AC 000015CC 000016EC 0000180C 0000192C 00001A4C 00001B6C 00001C8C 00001DAC 00001ECC 00001FEC 0000210C 0000222C 0000234C 
[TC_DEBUG]     [0416] 00000072 000001A2 000002D2 00000402 00000532 00000662 00000792 000008C2 000009F2 00000B22 00000C52 00000D82 00000EB2 00000FE2 00001112 00001242 00001372 000014A2 000015D2 00001702 00001832 00001962 00001A92 00001BC2 00001CF2 00001E22 00001F52 00002082 000021B2 000022E2 00002412 00002542 
[TC_DEBUG]     [0448] 0000007E 000001CE 0000031E 0000046E 000005BE 0000070E 0000085E 000009AE 00000AFE 00000C4E 00000D9E 00000EEE 0000103E 0000118E 000012DE 0000142E 0000157E 000016CE 0000181E 0000196E 00001ABE 00001C0E 00001D5E 00001EAE 00001FFE 0000214E 0000229E 000023EE 0000253E 0000268E 000027DE 0000292E 
[TC_DEBUG]     [0480] 00000084 000001E4 00000344 000004A4 00000604 00000764 000008C4 00000A24 00000B84 00000CE4 00000E44 00000FA4 00001104 00001264 000013C4 00001524 00001684 000017E4 00001944 00001AA4 00001C04 00001D64 00001EC4 00002024 00002184 000022E4 00002444 000025A4 00002704 00002864 000029C4 00002B24 
[TC_DEBUG]     [0512] 00000090 00000210 00000390 00000510 00000690 00000810 00000990 00000B10 00000C90 00000E10 00000F90 00001110 00001290 00001410 00001590 00001710 00001890 00001A10 00001B90 00001D10 00001E90 00002010 00002190 00002310 00002490 00002610 00002790 00002910 00002A90 00002C10 00002D90 00002F10 
[TC_DEBUG]     [0544] 00000096 00000226 000003B6 00000546 000006D6 00000866 000009F6 00000B86 00000D16 00000EA6 00001036 000011C6 00001356 000014E6 00001676 00001806 00001996 00001B26 00001CB6 00001E46 00001FD6 00002166 000022F6 00002486 00002616 000027A6 00002936 00002AC6 00002C56 00002DE6 00002F76 00003106 
[TC_DEBUG]     [0576] 000000A2 00000252 00000402 000005B2 00000762 00000912 00000AC2 00000C72 00000E22 00000FD2 00001182 00001332 000014E2 00001692 00001842 000019F2 00001BA2 00001D52 00001F02 000020B2 00002262 00002412 000025C2 00002772 00002922 00002AD2 00002C82 00002E32 00002FE2 00003192 00003342 000034F2 
[TC_DEBUG]     [0608] 000000A8 00000268 00000428 000005E8 000007A8 00000968 00000B28 00000CE8 00000EA8 00001068 00001228 000013E8 000015A8 00001768 00001928 00001AE8 00001CA8 00001E68 00002028 000021E8 000023A8 00002568 00002728 000028E8 00002AA8 00002C68 00002E28 00002FE8 000031A8 00003368 00003528 000036E8 
[TC_DEBUG]     [0640] 000000B4 00000294 00000474 00000654 00000834 00000A14 00000BF4 00000DD4 00000FB4 00001194 00001374 00001554 00001734 00001914 00001AF4 00001CD4 00001EB4 00002094 00002274 00002454 00002634 00002814 000029F4 00002BD4 00002DB4 00002F94 00003174 00003354 00003534 00003714 000038F4 00003AD4 
[TC_DEBUG]     [0672] 000000BA 000002AA 0000049A 0000068A 0000087A 00000A6A 00000C5A 00000E4A 0000103A 0000122A 0000141A 0000160A 000017FA 000019EA 00001BDA 00001DCA 00001FBA 000021AA 0000239A 0000258A 0000277A 0000296A 00002B5A 00002D4A 00002F3A 0000312A 0000331A 0000350A 000036FA 000038EA 00003ADA 00003CCA 
[TC_DEBUG]     [0704] 000000C6 000002D6 000004E6 000006F6 00000906 00000B16 00000D26 00000F36 00001146 00001356 00001566 00001776 00001986 00001B96 00001DA6 00001FB6 000021C6 000023D6 000025E6 000027F6 00002A06 00002C16 00002E26 00003036 00003246 00003456 00003666 00003876 00003A86 00003C96 00003EA6 000040B6 
[TC_DEBUG]     [0736] 000000CC 000002EC 0000050C 0000072C 0000094C 00000B6C 00000D8C 00000FAC 000011CC 000013EC 0000160C 0000182C 00001A4C 00001C6C 00001E8C 000020AC 000022CC 000024EC 0000270C 0000292C 00002B4C 00002D6C 00002F8C 000031AC 000033CC 000035EC 0000380C 00003A2C 00003C4C 00003E6C 0000408C 000042AC 
[TC_DEBUG]     [0768] 000000D8 00000318 00000558 00000798 000009D8 00000C18 00000E58 00001098 000012D8 00001518 00001758 00001998 00001BD8 00001E18 00002058 00002298 000024D8 00002718 00002958 00002B98 00002DD8 00003018 00003258 00003498 000036D8 00003918 00003B58 00003D98 00003FD8 00004218 00004458 00004698 
[TC_DEBUG]     [0800] 000000DE 0000032E 0000057E 000007CE 00000A1E 00000C6E 00000EBE 0000110E 0000135E 000015AE 000017FE 00001A4E 00001C9E 00001EEE 0000213E 0000238E 000025DE 0000282E 00002A7E 00002CCE 00002F1E 0000316E 000033BE 0000360E 0000385E 00003AAE 00003CFE 00003F4E 0000419E 000043EE 0000463E 0000488E 
[TC_DEBUG]     [0832] 000000EA 0000035A 000005CA 0000083A 00000AAA 00000D1A 00000F8A 000011FA 0000146A 000016DA 0000194A 00001BBA 00001E2A 0000209A 0000230A 0000257A 000027EA 00002A5A 00002CCA 00002F3A 000031AA 0000341A 0000368A 000038FA 00003B6A 00003DDA 0000404A 000042BA 0000452A 0000479A 00004A0A 00004C7A 
[TC_DEBUG]     [0864] 000000F0 00000370 000005F0 00000870 00000AF0 00000D70 00000FF0 00001270 000014F0 00001770 000019F0 00001C70 00001EF0 00002170 000023F0 00002670 000028F0 00002B70 00002DF0 00003070 000032F0 00003570 000037F0 00003A70 00003CF0 00003F70 000041F0 00004470 000046F0 00004970 00004BF0 00004E70 
[TC_DEBUG]     [0896] 000000FC 0000039C 0000063C 000008DC 00000B7C 00000E1C 000010BC 0000135C 000015FC 0000189C 00001B3C 00001DDC 0000207C 0000231C 000025BC 0000285C 00002AFC 00002D9C 0000303C 000032DC 0000357C 0000381C 00003ABC 00003D5C 00003FFC 0000429C 0000453C 000047DC 00004A7C 00004D1C 00004FBC 0000525C 
[TC_DEBUG]     [0928] 00000102 000003B2 00000662 00000912 00000BC2 00000E72 00001122 000013D2 00001682 00001932 00001BE2 00001E92 00002142 000023F2 000026A2 00002952 00002C02 00002EB2 00003162 00003412 000036C2 00003972 00003C22 00003ED2 00004182 00004432 000046E2 00004992 00004C42 00004EF2 000051A2 00005452 
[TC_DEBUG]     [0960] 0000010E 000003DE 000006AE 0000097E 00000C4E 00000F1E 000011EE 000014BE 0000178E 00001A5E 00001D2E 00001FFE 000022CE 0000259E 0000286E 00002B3E 00002E0E 000030DE 000033AE 0000367E 0000394E 00003C1E 00003EEE 000041BE 0000448E 0000475E 00004A2E 00004CFE 00004FCE 0000529E 0000556E 0000583E 
[TC_DEBUG]     [0992] 00000114 000003F4 000006D4 000009B4 00000C94 00000F74 00001254 00001534 00001814 00001AF4 00001DD4 000020B4 00002394 00002674 00002954 00002C34 00002F14 000031F4 000034D4 000037B4 00003A94 00003D74 00004054 00004334 00004614 000048F4 00004BD4 00004EB4 00005194 00005474 00005754 00005A34 
[TC_DEBUG]     [1024] 00000120 00000420 00000720 00000A20 00000D20 00001020 00001320 00001620 00001920 00001C20 00001F20 00002220 00002520 00002820 00002B20 00002E20 00003120 00003420 00003720 00003A20 00003D20 00004020 00004320 00004620 00004920 00004C20 00004F20 00005220 00005520 00005820 00005B20 00005E20 
[TC_DEBUG]     [1056] 00000126 00000436 00000746 00000A56 00000D66 00001076 00001386 00001696 000019A6 00001CB6 00001FC6 000022D6 000025E6 000028F6 00002C06 00002F16 00003226 00003536 00003846 00003B56 00003E66 00004176 00004486 00004796 00004AA6 00004DB6 000050C6 000053D6 000056E6 000059F6 00005D06 00006016 
[TC_DEBUG]     [1088] 00000132 00000462 00000792 00000AC2 00000DF2 00001122 00001452 00001782 00001AB2 00001DE2 00002112 00002442 00002772 00002AA2 00002DD2 00003102 00003432 00003762 00003A92 00003DC2 000040F2 00004422 00004752 00004A82 00004DB2 000050E2 00005412 00005742 00005A72 00005DA2 000060D2 00006402 
[TC_DEBUG]     [1120] 00000138 00000478 000007B8 00000AF8 00000E38 00001178 000014B8 000017F8 00001B38 00001E78 000021B8 000024F8 00002838 00002B78 00002EB8 000031F8 00003538 00003878 00003BB8 00003EF8 00004238 00004578 000048B8 00004BF8 00004F38 00005278 000055B8 000058F8 00005C38 00005F78 000062B8 000065F8 
[TC_DEBUG]     [1152] 00000144 000004A4 00000804 00000B64 00000EC4 00001224 00001584 000018E4 00001C44 00001FA4 00002304 00002664 000029C4 00002D24 00003084 000033E4 00003744 00003AA4 00003E04 00004164 000044C4 00004824 00004B84 00004EE4 00005244 000055A4 00005904 00005C64 00005FC4 00006324 00006684 000069E4 
[TC_DEBUG]     [1184] 0000014A 000004BA 0000082A 00000B9A 00000F0A 0000127A 000015EA 0000195A 00001CCA 0000203A 000023AA 0000271A 00002A8A 00002DFA 0000316A 000034DA 0000384A 00003BBA 00003F2A 0000429A 0000460A 0000497A 00004CEA 0000505A 000053CA 0000573A 00005AAA 00005E1A 0000618A 000064FA 0000686A 00006BDA 
[TC_DEBUG]     [1216] 00000156 000004E6 00000876 00000C06 00000F96 00001326 000016B6 00001A46 00001DD6 00002166 000024F6 00002886 00002C16 00002FA6 00003336 000036C6 00003A56 00003DE6 00004176 00004506 00004896 00004C26 00004FB6 00005346 000056D6 00005A66 00005DF6 00006186 00006516 000068A6 00006C36 00006FC6 
[TC_DEBUG]     [1248] 0000015C 000004FC 0000089C 00000C3C 00000FDC 0000137C 0000171C 00001ABC 00001E5C 000021FC 0000259C 0000293C 00002CDC 0000307C 0000341C 000037BC 00003B5C 00003EFC 0000429C 0000463C 000049DC 00004D7C 0000511C 000054BC 0000585C 00005BFC 00005F9C 0000633C 000066DC 00006A7C 00006E1C 000071BC 
[TC_DEBUG]     [1280] 00000168 00000528 000008E8 00000CA8 00001068 00001428 000017E8 00001BA8 00001F68 00002328 000026E8 00002AA8 00002E68 00003228 000035E8 000039A8 00003D68 00004128 000044E8 000048A8 00004C68 00005028 000053E8 000057A8 00005B68 00005F28 000062E8 000066A8 00006A68 00006E28 000071E8 000075A8 
[TC_DEBUG]     [1312] 0000016E 0000053E 0000090E 00000CDE 000010AE 0000147E 0000184E 00001C1E 00001FEE 000023BE 0000278E 00002B5E 00002F2E 000032FE 000036CE 00003A9E 00003E6E 0000423E 0000460E 000049DE 00004DAE 0000517E 0000554E 0000591E 00005CEE 000060BE 0000648E 0000685E 00006C2E 00006FFE 000073CE 0000779E 
[TC_DEBUG]     [1344] 0000017A 0000056A 0000095A 00000D4A 0000113A 0000152A 0000191A 00001D0A 000020FA 000024EA 000028DA 00002CCA 000030BA 000034AA 0000389A 00003C8A 0000407A 0000446A 0000485A 00004C4A 0000503A 0000542A 0000581A 00005C0A 00005FFA 000063EA 000067DA 00006BCA 00006FBA 000073AA 0000779A 00007B8A 
[TC_DEBUG]     [1376] 00000180 00000580 00000980 00000D80 00001180 00001580 00001980 00001D80 00002180 00002580 00002980 00002D80 00003180 00003580 00003980 00003D80 00004180 00004580 00004980 00004D80 00005180 00005580 00005980 00005D80 00006180 00006580 00006980 00006D80 00007180 00007580 00007980 00007D80 
[TC_DEBUG]     [1408] 0000018C 000005AC 000009CC 00000DEC 0000120C 0000162C 00001A4C 00001E6C 0000228C 000026AC 00002ACC 00002EEC 0000330C 0000372C 00003B4C 00003F6C 0000438C 000047AC 00004BCC 00004FEC 0000540C 0000582C 00005C4C 0000606C 0000648C 000068AC 00006CCC 000070EC 0000750C 0000792C 00007D4C 0000816C 
[TC_DEBUG]     [1440] 00000192 000005C2 000009F2 00000E22 00001252 00001682 00001AB2 00001EE2 00002312 00002742 00002B72 00002FA2 000033D2 00003802 00003C32 00004062 00004492 000048C2 00004CF2 00005122 00005552 00005982 00005DB2 000061E2 00006612 00006A42 00006E72 000072A2 000076D2 00007B02 00007F32 00008362 
[TC_DEBUG]     [1472] 0000019E 000005EE 00000A3E 00000E8E 000012DE 0000172E 00001B7E 00001FCE 0000241E 0000286E 00002CBE 0000310E 0000355E 000039AE 00003DFE 0000424E 0000469E 00004AEE 00004F3E 0000538E 000057DE 00005C2E 0000607E 000064CE 0000691E 00006D6E 000071BE 0000760E 00007A5E 00007EAE 000082FE 0000874E 
[TC_DEBUG]     [1504] 000001A4 00000604 00000A64 00000EC4 00001324 00001784 00001BE4 00002044 000024A4 00002904 00002D64 000031C4 00003624 00003A84 00003EE4 00004344 000047A4 00004C04 00005064 000054C4 00005924 00005D84 000061E4 00006644 00006AA4 00006F04 00007364 000077C4 00007C24 00008084 000084E4 00008944 
[TC_DEBUG]     [1536] 000001B0 00000630 00000AB0 00000F30 000013B0 00001830 00001CB0 00002130 000025B0 00002A30 00002EB0 00003330 000037B0 00003C30 000040B0 00004530 000049B0 00004E30 000052B0 00005730 00005BB0 00006030 000064B0 00006930 00006DB0 00007230 000076B0 00007B30 00007FB0 00008430 000088B0 00008D30 
[TC_DEBUG]     [1568] 000001B6 00000646 00000AD6 00000F66 000013F6 00001886 00001D16 000021A6 00002636 00002AC6 00002F56 000033E6 00003876 00003D06 00004196 00004626 00004AB6 00004F46 000053D6 00005866 00005CF6 00006186 00006616 00006AA6 00006F36 000073C6 00007856 00007CE6 00008176 00008606 00008A96 00008F26 
[TC_DEBUG]     [1600] 000001C2 00000672 00000B22 00000FD2 00001482 00001932 00001DE2 00002292 00002742 00002BF2 000030A2 00003552 00003A02 00003EB2 00004362 00004812 00004CC2 00005172 00005622 00005AD2 00005F82 00006432 000068E2 00006D92 00007242 000076F2 00007BA2 00008052 00008502 000089B2 00008E62 00009312 
[TC_DEBUG]     [1632] 000001C8 00000688 00000B48 00001008 000014C8 00001988 00001E48 00002308 000027C8 00002C88 00003148 00003608 00003AC8 00003F88 00004448 00004908 00004DC8 00005288 00005748 00005C08 000060C8 00006588 00006A48 00006F08 000073C8 00007888 00007D48 00008208 000086C8 00008B88 00009048 00009508 
[TC_DEBUG]     [1664] 000001D4 000006B4 00000B94 00001074 00001554 00001A34 00001F14 000023F4 000028D4 00002DB4 00003294 00003774 00003C54 00004134 00004614 00004AF4 00004FD4 000054B4 00005994 00005E74 00006354 00006834 00006D14 000071F4 000076D4 00007BB4 00008094 00008574 00008A54 00008F34 00009414 000098F4 
[TC_DEBUG]     [1696] 000001DA 000006CA 00000BBA 000010AA 0000159A 00001A8A 00001F7A 0000246A 0000295A 00002E4A 0000333A 0000382A 00003D1A 0000420A 000046FA 00004BEA 000050DA 000055CA 00005ABA 00005FAA 0000649A 0000698A 00006E7A 0000736A 0000785A 00007D4A 0000823A 0000872A 00008C1A 0000910A 000095FA 00009AEA 
[TC_DEBUG]     [1728] 000001E6 000006F6 00000C06 00001116 00001626 00001B36 00002046 00002556 00002A66 00002F76 00003486 00003996 00003EA6 000043B6 000048C6 00004DD6 000052E6 000057F6 00005D06 00006216 00006726 00006C36 00007146 00007656 00007B66 00008076 00008586 00008A96 00008FA6 000094B6 000099C6 00009ED6 
[TC_DEBUG]     [1760] 000001EC 0000070C 00000C2C 0000114C 0000166C 00001B8C 000020AC 000025CC 00002AEC 0000300C 0000352C 00003A4C 00003F6C 0000448C 000049AC 00004ECC 000053EC 0000590C 00005E2C 0000634C 0000686C 00006D8C 000072AC 000077CC 00007CEC 0000820C 0000872C 00008C4C 0000916C 0000968C 00009BAC 0000A0CC 
[TC_DEBUG]     [1792] 000001F8 00000738 00000C78 000011B8 000016F8 00001C38 00002178 000026B8 00002BF8 00003138 00003678 00003BB8 000040F8 00004638 00004B78 000050B8 000055F8 00005B38 00006078 000065B8 00006AF8 00007038 00007578 00007AB8 00007FF8 00008538 00008A78 00008FB8 000094F8 00009A38 00009F78 0000A4B8 
[TC_DEBUG]     [1824] 000001FE 0000074E 00000C9E 000011EE 0000173E 00001C8E 000021DE 0000272E 00002C7E 000031CE 0000371E 00003C6E 000041BE 0000470E 00004C5E 000051AE 000056FE 00005C4E 0000619E 000066EE 00006C3E 0000718E 000076DE 00007C2E 0000817E 000086CE 00008C1E 0000916E 000096BE 00009C0E 0000A15E 0000A6AE 
[TC_DEBUG]     [1856] 0000020A 0000077A 00000CEA 0000125A 000017CA 00001D3A 000022AA 0000281A 00002D8A 000032FA 0000386A 00003DDA 0000434A 000048BA 00004E2A 0000539A 0000590A 00005E7A 000063EA 0000695A 00006ECA 0000743A 000079AA 00007F1A 0000848A 000089FA 00008F6A 000094DA 00009A4A 00009FBA 0000A52A 0000AA9A 
[TC_DEBUG]     [1888] 00000210 00000790 00000D10 00001290 00001810 00001D90 00002310 00002890 00002E10 00003390 00003910 00003E90 00004410 00004990 00004F10 00005490 00005A10 00005F90 00006510 00006A90 00007010 00007590 00007B10 00008090 00008610 00008B90 00009110 00009690 00009C10 0000A190 0000A710 0000AC90 
[TC_DEBUG]     [1920] 0000021C 000007BC 00000D5C 000012FC 0000189C 00001E3C 000023DC 0000297C 00002F1C 000034BC 00003A5C 00003FFC 0000459C 00004B3C 000050DC 0000567C 00005C1C 000061BC 0000675C 00006CFC 0000729C 0000783C 00007DDC 0000837C 0000891C 00008EBC 0000945C 000099FC 00009F9C 0000A53C 0000AADC 0000B07C 
[TC_DEBUG]     [1952] 00000222 000007D2 00000D82 00001332 000018E2 00001E92 00002442 000029F2 00002FA2 00003552 00003B02 000040B2 00004662 00004C12 000051C2 00005772 00005D22 000062D2 00006882 00006E32 000073E2 00007992 00007F42 000084F2 00008AA2 00009052 00009602 00009BB2 0000A162 0000A712 0000ACC2 0000B272 
[TC_DEBUG]     [1984] 0000022E 000007FE 00000DCE 0000139E 0000196E 00001F3E 0000250E 00002ADE 000030AE 0000367E 00003C4E 0000421E 000047EE 00004DBE 0000538E 0000595E 00005F2E 000064FE 00006ACE 0000709E 0000766E 00007C3E 0000820E 000087DE 00008DAE 0000937E 0000994E 00009F1E 0000A4EE 0000AABE 0000B08E 0000B65E 
[TC_DEBUG]     [2016] 00000234 00000814 00000DF4 000013D4 000019B4 00001F94 00002574 00002B54 00003134 00003714 00003CF4 000042D4 000048B4 00004E94 00005474 00005A54 00006034 00006614 00006BF4 000071D4 000077B4 00007D94 00008374 00008954 00008F34 00009514 00009AF4 0000A0D4 0000A6B4 0000AC94 0000B274 0000B854 
[TC_DEBUG]     [2048] 00000240 00000840 00000E40 00001440 00001A40 00002040 00002640 00002C40 00003240 00003840 00003E40 00004440 00004A40 00005040 00005640 00005C40 00006240 00006840 00006E40 00007440 00007A40 00008040 00008640 00008C40 00009240 00009840 00009E40 0000A440 0000AA40 0000B040 0000B640 0000BC40 
[TC_DEBUG]     [2080] 00000246 00000856 00000E66 00001476 00001A86 00002096 000026A6 00002CB6 000032C6 000038D6 00003EE6 000044F6 00004B06 00005116 00005726 00005D36 00006346 00006956 00006F66 00007576 00007B86 00008196 000087A6 00008DB6 000093C6 000099D6 00009FE6 0000A5F6 0000AC06 0000B216 0000B826 0000BE36 
[TC_DEBUG]     [2112] 00000252 00000882 00000EB2 000014E2 00001B12 00002142 00002772 00002DA2 000033D2 00003A02 00004032 00004662 00004C92 000052C2 000058F2 00005F22 00006552 00006B82 000071B2 000077E2 00007E12 00008442 00008A72 000090A2 000096D2 00009D02 0000A332 0000A962 0000AF92 0000B5C2 0000BBF2 0000C222 
[TC_DEBUG]     [2144] 00000258 00000898 00000ED8 00001518 00001B58 00002198 000027D8 00002E18 00003458 00003A98 000040D8 00004718 00004D58 00005398 000059D8 00006018 00006658 00006C98 000072D8 00007918 00007F58 00008598 00008BD8 00009218 00009858 00009E98 0000A4D8 0000AB18 0000B158 0000B798 0000BDD8 0000C418 
[TC_DEBUG]     [2176] 00000264 000008C4 00000F24 00001584 00001BE4 00002244 000028A4 00002F04 00003564 00003BC4 00004224 00004884 00004EE4 00005544 00005BA4 00006204 00006864 00006EC4 00007524 00007B84 000081E4 00008844 00008EA4 00009504 00009B64 0000A1C4 0000A824 0000AE84 0000B4E4 0000BB44 0000C1A4 0000C804 
[TC_DEBUG]     [2208] 0000026A 000008DA 00000F4A 000015BA 00001C2A 0000229A 0000290A 00002F7A 000035EA 00003C5A 000042CA 0000493A 00004FAA 0000561A 00005C8A 000062FA 0000696A 00006FDA 0000764A 00007CBA 0000832A 0000899A 0000900A 0000967A 00009CEA 0000A35A 0000A9CA 0000B03A 0000B6AA 0000BD1A 0000C38A 0000C9FA 
[TC_DEBUG]     [2240] 00000276 00000906 00000F96 00001626 00001CB6 00002346 000029D6 00003066 000036F6 00003D86 00004416 00004AA6 00005136 000057C6 00005E56 000064E6 00006B76 00007206 00007896 00007F26 000085B6 00008C46 000092D6 00009966 00009FF6 0000A686 0000AD16 0000B3A6 0000BA36 0000C0C6 0000C756 0000CDE6 
[TC_DEBUG]     [2272] 0000027C 0000091C 00000FBC 0000165C 00001CFC 0000239C 00002A3C 000030DC 0000377C 00003E1C 000044BC 00004B5C 000051FC 0000589C 00005F3C 000065DC 00006C7C 0000731C 000079BC 0000805C 000086FC 00008D9C 0000943C 00009ADC 0000A17C 0000A81C 0000AEBC 0000B55C 0000BBFC 0000C29C 0000C93C 0000CFDC 
[TC_DEBUG]     [2304] 00000288 00000948 00001008 000016C8 00001D88 00002448 00002B08 000031C8 00003888 00003F48 00004608 00004CC8 00005388 00005A48 00006108 000067C8 00006E88 00007548 00007C08 000082C8 00008988 00009048 00009708 00009DC8 0000A488 0000AB48 0000B208 0000B8C8 0000BF88 0000C648 0000CD08 0000D3C8 
[TC_DEBUG]     [2336] 0000028E 0000095E 0000102E 000016FE 00001DCE 0000249E 00002B6E 0000323E 0000390E 00003FDE 000046AE 00004D7E 0000544E 00005B1E 000061EE 000068BE 00006F8E 0000765E 00007D2E 000083FE 00008ACE 0000919E 0000986E 00009F3E 0000A60E 0000ACDE 0000B3AE 0000BA7E 0000C14E 0000C81E 0000CEEE 0000D5BE 
[TC_DEBUG]     [2368] 0000029A 0000098A 0000107A 0000176A 00001E5A 0000254A 00002C3A 0000332A 00003A1A 0000410A 000047FA 00004EEA 000055DA 00005CCA 000063BA 00006AAA 0000719A 0000788A 00007F7A 0000866A 00008D5A 0000944A 00009B3A 0000A22A 0000A91A 0000B00A 0000B6FA 0000BDEA 0000C4DA 0000CBCA 0000D2BA 0000D9AA 
[TC_DEBUG]     [2400] 000002A0 000009A0 000010A0 000017A0 00001EA0 000025A0 00002CA0 000033A0 00003AA0 000041A0 000048A0 00004FA0 000056A0 00005DA0 000064A0 00006BA0 000072A0 000079A0 000080A0 000087A0 00008EA0 000095A0 00009CA0 0000A3A0 0000AAA0 0000B1A0 0000B8A0 0000BFA0 0000C6A0 0000CDA0 0000D4A0 0000DBA0 
[TC_DEBUG]     [2432] 000002AC 000009CC 000010EC 0000180C 00001F2C 0000264C 00002D6C 0000348C 00003BAC 000042CC 000049EC 0000510C 0000582C 00005F4C 0000666C 00006D8C 000074AC 00007BCC 000082EC 00008A0C 0000912C 0000984C 00009F6C 0000A68C 0000ADAC 0000B4CC 0000BBEC 0000C30C 0000CA2C 0000D14C 0000D86C 0000DF8C 
[TC_DEBUG]     [2464] 000002B2 000009E2 00001112 00001842 00001F72 000026A2 00002DD2 00003502 00003C32 00004362 00004A92 000051C2 000058F2 00006022 00006752 00006E82 000075B2 00007CE2 00008412 00008B42 00009272 000099A2 0000A0D2 0000A802 0000AF32 0000B662 0000BD92 0000C4C2 0000CBF2 0000D322 0000DA52 0000E182 
[TC_DEBUG]     [2496] 000002BE 00000A0E 0000115E 000018AE 00001FFE 0000274E 00002E9E 000035EE 00003D3E 0000448E 00004BDE 0000532E 00005A7E 000061CE 0000691E 0000706E 000077BE 00007F0E 0000865E 00008DAE 000094FE 00009C4E 0000A39E 0000AAEE 0000B23E 0000B98E 0000C0DE 0000C82E 0000CF7E 0000D6CE 0000DE1E 0000E56E 
[TC_DEBUG]     [2528] 000002C4 00000A24 00001184 000018E4 00002044 000027A4 00002F04 00003664 00003DC4 00004524 00004C84 000053E4 00005B44 000062A4 00006A04 00007164 000078C4 00008024 00008784 00008EE4 00009644 00009DA4 0000A504 0000AC64 0000B3C4 0000BB24 0000C284 0000C9E4 0000D144 0000D8A4 0000E004 0000E764 
[TC_DEBUG]     [2560] 000002D0 00000A50 000011D0 00001950 000020D0 00002850 00002FD0 00003750 00003ED0 00004650 00004DD0 00005550 00005CD0 00006450 00006BD0 00007350 00007AD0 00008250 000089D0 00009150 000098D0 0000A050 0000A7D0 0000AF50 0000B6D0 0000BE50 0000C5D0 0000CD50 0000D4D0 0000DC50 0000E3D0 0000EB50 
[TC_DEBUG]     [2592] 000002D6 00000A66 000011F6 00001986 00002116 000028A6 00003036 000037C6 00003F56 000046E6 00004E76 00005606 00005D96 00006526 00006CB6 00007446 00007BD6 00008366 00008AF6 00009286 00009A16 0000A1A6 0000A936 0000B0C6 0000B856 0000BFE6 0000C776 0000CF06 0000D696 0000DE26 0000E5B6 0000ED46 
[TC_DEBUG]     [2624] 000002E2 00000A92 00001242 000019F2 000021A2 00002952 00003102 000038B2 00004062 00004812 00004FC2 00005772 00005F22 000066D2 00006E82 00007632 00007DE2 00008592 00008D42 000094F2 00009CA2 0000A452 0000AC02 0000B3B2 0000BB62 0000C312 0000CAC2 0000D272 0000DA22 0000E1D2 0000E982 0000F132 
[TC_DEBUG]     [2656] 000002E8 00000AA8 00001268 00001A28 000021E8 000029A8 00003168 00003928 000040E8 000048A8 00005068 00005828 00005FE8 000067A8 00006F68 00007728 00007EE8 000086A8 00008E68 00009628 00009DE8 0000A5A8 0000AD68 0000B528 0000BCE8 0000C4A8 0000CC68 0000D428 0000DBE8 0000E3A8 0000EB68 0000F328 
[TC_DEBUG]     [2688] 000002F4 00000AD4 000012B4 00001A94 00002274 00002A54 00003234 00003A14 000041F4 000049D4 000051B4 00005994 00006174 00006954 00007134 00007914 000080F4 000088D4 000090B4 00009894 0000A074 0000A854 0000B034 0000B814 0000BFF4 0000C7D4 0000CFB4 0000D794 0000DF74 0000E754 0000EF34 0000F714 
[TC_DEBUG]     [2720] 000002FA 00000AEA 000012DA 00001ACA 000022BA 00002AAA 0000329A 00003A8A 0000427A 00004A6A 0000525A 00005A4A 0000623A 00006A2A 0000721A 00007A0A 000081FA 000089EA 000091DA 000099CA 0000A1BA 0000A9AA 0000B19A 0000B98A 0000C17A 0000C96A 0000D15A 0000D94A 0000E13A 0000E92A 0000F11A 0000F90A 
[TC_DEBUG]     [2752] 00000306 00000B16 00001326 00001B36 00002346 00002B56 00003366 00003B76 00004386 00004B96 000053A6 00005BB6 000063C6 00006BD6 000073E6 00007BF6 00008406 00008C16 00009426 00009C36 0000A446 0000AC56 0000B466 0000BC76 0000C486 0000CC96 0000D4A6 0000DCB6 0000E4C6 0000ECD6 0000F4E6 0000FCF6 
[TC_DEBUG]     [2784] 0000030C 00000B2C 0000134C 00001B6C 0000238C 00002BAC 000033CC 00003BEC 0000440C 00004C2C 0000544C 00005C6C 0000648C 00006CAC 000074CC 00007CEC 0000850C 00008D2C 0000954C 00009D6C 0000A58C 0000ADAC 0000B5CC 0000BDEC 0000C60C 0000CE2C 0000D64C 0000DE6C 0000E68C 0000EEAC 0000F6CC 0000FEEC 
[TC_DEBUG]     [2816] 00000318 00000B58 00001398 00001BD8 00002418 00002C58 00003498 00003CD8 00004518 00004D58 00005598 00005DD8 00006618 00006E58 00007698 00007ED8 00008718 00008F58 00009798 00009FD8 0000A818 0000B058 0000B898 0000C0D8 0000C918 0000D158 0000D998 0000E1D8 0000EA18 0000F258 0000FA98 000102D8 
[TC_DEBUG]     [2848] 0000031E 00000B6E 000013BE 00001C0E 0000245E 00002CAE 000034FE 00003D4E 0000459E 00004DEE 0000563E 00005E8E 000066DE 00006F2E 0000777E 00007FCE 0000881E 0000906E 000098BE 0000A10E 0000A95E 0000B1AE 0000B9FE 0000C24E 0000CA9E 0000D2EE 0000DB3E 0000E38E 0000EBDE 0000F42E 0000FC7E 000104CE 
[TC_DEBUG]     [2880] 0000032A 00000B9A 0000140A 00001C7A 000024EA 00002D5A 000035CA 00003E3A 000046AA 00004F1A 0000578A 00005FFA 0000686A 000070DA 0000794A 000081BA 00008A2A 0000929A 00009B0A 0000A37A 0000ABEA 0000B45A 0000BCCA 0000C53A 0000CDAA 0000D61A 0000DE8A 0000E6FA 0000EF6A 0000F7DA 0001004A 000108BA 
[TC_DEBUG]     [2912] 00000330 00000BB0 00001430 00001CB0 00002530 00002DB0 00003630 00003EB0 00004730 00004FB0 00005830 000060B0 00006930 000071B0 00007A30 000082B0 00008B30 000093B0 00009C30 0000A4B0 0000AD30 0000B5B0 0000BE30 0000C6B0 0000CF30 0000D7B0 0000E030 0000E8B0 0000F130 0000F9B0 00010230 00010AB0 
[TC_DEBUG]     [2944] 0000033C 00000BDC 0000147C 00001D1C 000025BC 00002E5C 000036FC 00003F9C 0000483C 000050DC 0000597C 0000621C 00006ABC 0000735C 00007BFC 0000849C 00008D3C 000095DC 00009E7C 0000A71C 0000AFBC 0000B85C 0000C0FC 0000C99C 0000D23C 0000DADC 0000E37C 0000EC1C 0000F4BC 0000FD5C 000105FC 00010E9C 
[TC_DEBUG]     [2976] 00000342 00000BF2 000014A2 00001D52 00002602 00002EB2 00003762 00004012 000048C2 00005172 00005A22 000062D2 00006B82 00007432 00007CE2 00008592 00008E42 000096F2 00009FA2 0000A852 0000B102 0000B9B2 0000C262 0000CB12 0000D3C2 0000DC72 0000E522 0000EDD2 0000F682 0000FF32 000107E2 00011092 
[TC_DEBUG]     [3008] 0000034E 00000C1E 000014EE 00001DBE 0000268E 00002F5E 0000382E 000040FE 000049CE 0000529E 00005B6E 0000643E 00006D0E 000075DE 00007EAE 0000877E 0000904E 0000991E 0000A1EE 0000AABE 0000B38E 0000BC5E 0000C52E 0000CDFE 0000D6CE 0000DF9E 0000E86E 0000F13E 0000FA0E 000102DE 00010BAE 0001147E 
[TC_DEBUG]     [3040] 00000354 00000C34 00001514 00001DF4 000026D4 00002FB4 00003894 00004174 00004A54 00005334 00005C14 000064F4 00006DD4 000076B4 00007F94 00008874 00009154 00009A34 0000A314 0000ABF4 0000B4D4 0000BDB4 0000C694 0000CF74 0000D854 0000E134 0000EA14 0000F2F4 0000FBD4 000104B4 00010D94 00011674 
[TC_DEBUG]     [3072] 00000360 00000C60 00001560 00001E60 00002760 00003060 00003960 00004260 00004B60 00005460 00005D60 00006660 00006F60 00007860 00008160 00008A60 00009360 00009C60 0000A560 0000AE60 0000B760 0000C060 0000C960 0000D260 0000DB60 0000E460 0000ED60 0000F660 0000FF60 00010860 00011160 00011A60 
[TC_DEBUG]     [3104] 00000366 00000C76 00001586 00001E96 000027A6 000030B6 000039C6 000042D6 00004BE6 000054F6 00005E06 00006716 00007026 00007936 00008246 00008B56 00009466 00009D76 0000A686 0000AF96 0000B8A6 0000C1B6 0000CAC6 0000D3D6 0000DCE6 0000E5F6 0000EF06 0000F816 00010126 00010A36 00011346 00011C56 
[TC_DEBUG]     [3136] 00000372 00000CA2 000015D2 00001F02 00002832 00003162 00003A92 000043C2 00004CF2 00005622 00005F52 00006882 000071B2 00007AE2 00008412 00008D42 00009672 00009FA2 0000A8D2 0000B202 0000BB32 0000C462 0000CD92 0000D6C2 0000DFF2 0000E922 0000F252 0000FB82 000104B2 00010DE2 00011712 00012042 
[TC_DEBUG]     [3168] 00000378 00000CB8 000015F8 00001F38 00002878 000031B8 00003AF8 00004438 00004D78 000056B8 00005FF8 00006938 00007278 00007BB8 000084F8 00008E38 00009778 0000A0B8 0000A9F8 0000B338 0000BC78 0000C5B8 0000CEF8 0000D838 0000E178 0000EAB8 0000F3F8 0000FD38 00010678 00010FB8 000118F8 00012238 
[TC_DEBUG]     [3200] 00000384 00000CE4 00001644 00001FA4 00002904 00003264 00003BC4 00004524 00004E84 000057E4 00006144 00006AA4 00007404 00007D64 000086C4 00009024 00009984 0000A2E4 0000AC44 0000B5A4 0000BF04 0000C864 0000D1C4 0000DB24 0000E484 0000EDE4 0000F744 000100A4 00010A04 00011364 00011CC4 00012624 
[TC_DEBUG]     [3232] 0000038A 00000CFA 0000166A 00001FDA 0000294A 000032BA 00003C2A 0000459A 00004F0A 0000587A 000061EA 00006B5A 000074CA 00007E3A 000087AA 0000911A 00009A8A 0000A3FA 0000AD6A 0000B6DA 0000C04A 0000C9BA 0000D32A 0000DC9A 0000E60A 0000EF7A 0000F8EA 0001025A 00010BCA 0001153A 00011EAA 0001281A 
[TC_DEBUG]     [3264] 00000396 00000D26 000016B6 00002046 000029D6 00003366 00003CF6 00004686 00005016 000059A6 00006336 00006CC6 00007656 00007FE6 00008976 00009306 00009C96 0000A626 0000AFB6 0000B946 0000C2D6 0000CC66 0000D5F6 0000DF86 0000E916 0000F2A6 0000FC36 000105C6 00010F56 000118E6 00012276 00012C06 
[TC_DEBUG]     [3296] 0000039C 00000D3C 000016DC 0000207C 00002A1C 000033BC 00003D5C 000046FC 0000509C 00005A3C 000063DC 00006D7C 0000771C 000080BC 00008A5C 000093FC 00009D9C 0000A73C 0000B0DC 0000BA7C 0000C41C 0000CDBC 0000D75C 0000E0FC 0000EA9C 0000F43C 0000FDDC 0001077C 0001111C 00011ABC 0001245C 00012DFC 
[TC_DEBUG]     [3328] 000003A8 00000D68 00001728 000020E8 00002AA8 00003468 00003E28 000047E8 000051A8 00005B68 00006528 00006EE8 000078A8 00008268 00008C28 000095E8 00009FA8 0000A968 0000B328 0000BCE8 0000C6A8 0000D068 0000DA28 0000E3E8 0000EDA8 0000F768 00010128 00010AE8 000114A8 00011E68 00012828 000131E8 
[TC_DEBUG]     [3360] 000003AE 00000D7E 0000174E 0000211E 00002AEE 000034BE 00003E8E 0000485E 0000522E 00005BFE 000065CE 00006F9E 0000796E 0000833E 00008D0E 000096DE 0000A0AE 0000AA7E 0000B44E 0000BE1E 0000C7EE 0000D1BE 0000DB8E 0000E55E 0000EF2E 0000F8FE 000102CE 00010C9E 0001166E 0001203E 00012A0E 000133DE 
[TC_DEBUG]     [3392] 000003BA 00000DAA 0000179A 0000218A 00002B7A 0000356A 00003F5A 0000494A 0000533A 00005D2A 0000671A 0000710A 00007AFA 000084EA 00008EDA 000098CA 0000A2BA 0000ACAA 0000B69A 0000C08A 0000CA7A 0000D46A 0000DE5A 0000E84A 0000F23A 0000FC2A 0001061A 0001100A 000119FA 000123EA 00012DDA 000137CA 
[TC_DEBUG]     [3424] 000003C0 00000DC0 000017C0 000021C0 00002BC0 000035C0 00003FC0 000049C0 000053C0 00005DC0 000067C0 000071C0 00007BC0 000085C0 00008FC0 000099C0 0000A3C0 0000ADC0 0000B7C0 0000C1C0 0000CBC0 0000D5C0 0000DFC0 0000E9C0 0000F3C0 0000FDC0 000107C0 000111C0 00011BC0 000125C0 00012FC0 000139C0 
[TC_DEBUG]     [3456] 000003CC 00000DEC 0000180C 0000222C 00002C4C 0000366C 0000408C 00004AAC 000054CC 00005EEC 0000690C 0000732C 00007D4C 0000876C 0000918C 00009BAC 0000A5CC 0000AFEC 0000BA0C 0000C42C 0000CE4C 0000D86C 0000E28C 0000ECAC 0000F6CC 000100EC 00010B0C 0001152C 00011F4C 0001296C 0001338C 00013DAC 
[TC_DEBUG]     [3488] 000003D2 00000E02 00001832 00002262 00002C92 000036C2 000040F2 00004B22 00005552 00005F82 000069B2 000073E2 00007E12 00008842 00009272 00009CA2 0000A6D2 0000B102 0000BB32 0000C562 0000CF92 0000D9C2 0000E3F2 0000EE22 0000F852 00010282 00010CB2 000116E2 00012112 00012B42 00013572 00013FA2 
[TC_DEBUG]     [3520] 000003DE 00000E2E 0000187E 000022CE 00002D1E 0000376E 000041BE 00004C0E 0000565E 000060AE 00006AFE 0000754E 00007F9E 000089EE 0000943E 00009E8E 0000A8DE 0000B32E 0000BD7E 0000C7CE 0000D21E 0000DC6E 0000E6BE 0000F10E 0000FB5E 000105AE 00010FFE 00011A4E 0001249E 00012EEE 0001393E 0001438E 
[TC_DEBUG]     [3552] 000003E4 00000E44 000018A4 00002304 00002D64 000037C4 00004224 00004C84 000056E4 00006144 00006BA4 00007604 00008064 00008AC4 00009524 00009F84 0000A9E4 0000B444 0000BEA4 0000C904 0000D364 0000DDC4 0000E824 0000F284 0000FCE4 00010744 000111A4 00011C04 00012664 000130C4 00013B24 00014584 
[TC_DEBUG]     [3584] 000003F0 00000E70 000018F0 00002370 00002DF0 00003870 000042F0 00004D70 000057F0 00006270 00006CF0 00007770 000081F0 00008C70 000096F0 0000A170 0000ABF0 0000B670 0000C0F0 0000CB70 0000D5F0 0000E070 0000EAF0 0000F570 0000FFF0 00010A70 000114F0 00011F70 000129F0 00013470 00013EF0 00014970 
[TC_DEBUG]     [3616] 000003F6 00000E86 00001916 000023A6 00002E36 000038C6 00004356 00004DE6 00005876 00006306 00006D96 00007826 000082B6 00008D46 000097D6 0000A266 0000ACF6 0000B786 0000C216 0000CCA6 0000D736 0000E1C6 0000EC56 0000F6E6 00010176 00010C06 00011696 00012126 00012BB6 00013646 000140D6 00014B66 
[TC_DEBUG]     [3648] 00000402 00000EB2 00001962 00002412 00002EC2 00003972 00004422 00004ED2 00005982 00006432 00006EE2 00007992 00008442 00008EF2 000099A2 0000A452 0000AF02 0000B9B2 0000C462 0000CF12 0000D9C2 0000E472 0000EF22 0000F9D2 00010482 00010F32 000119E2 00012492 00012F42 000139F2 000144A2 00014F52 
[TC_DEBUG]     [3680] 00000408 00000EC8 00001988 00002448 00002F08 000039C8 00004488 00004F48 00005A08 000064C8 00006F88 00007A48 00008508 00008FC8 00009A88 0000A548 0000B008 0000BAC8 0000C588 0000D048 0000DB08 0000E5C8 0000F088 0000FB48 00010608 000110C8 00011B88 00012648 00013108 00013BC8 00014688 00015148 
[TC_DEBUG]     [3712] 00000414 00000EF4 000019D4 000024B4 00002F94 00003A74 00004554 00005034 00005B14 000065F4 000070D4 00007BB4 00008694 00009174 00009C54 0000A734 0000B214 0000BCF4 0000C7D4 0000D2B4 0000DD94 0000E874 0000F354 0000FE34 00010914 000113F4 00011ED4 000129B4 00013494 00013F74 00014A54 00015534 
[TC_DEBUG]     [3744] 0000041A 00000F0A 000019FA 000024EA 00002FDA 00003ACA 000045BA 000050AA 00005B9A 0000668A 0000717A 00007C6A 0000875A 0000924A 00009D3A 0000A82A 0000B31A 0000BE0A 0000C8FA 0000D3EA 0000DEDA 0000E9CA 0000F4BA 0000FFAA 00010A9A 0001158A 0001207A 00012B6A 0001365A 0001414A 00014C3A 0001572A 
[TC_DEBUG]     [3776] 00000426 00000F36 00001A46 00002556 00003066 00003B76 00004686 00005196 00005CA6 000067B6 000072C6 00007DD6 000088E6 000093F6 00009F06 0000AA16 0000B526 0000C036 0000CB46 0000D656 0000E166 0000EC76 0000F786 00010296 00010DA6 000118B6 000123C6 00012ED6 000139E6 000144F6 00015006 00015B16 
[TC_DEBUG]     [3808] 0000042C 00000F4C 00001A6C 0000258C 000030AC 00003BCC 000046EC 0000520C 00005D2C 0000684C 0000736C 00007E8C 000089AC 000094CC 00009FEC 0000AB0C 0000B62C 0000C14C 0000CC6C 0000D78C 0000E2AC 0000EDCC 0000F8EC 0001040C 00010F2C 00011A4C 0001256C 0001308C 00013BAC 000146CC 000151EC 00015D0C 
[TC_DEBUG]     [3840] 00000438 00000F78 00001AB8 000025F8 00003138 00003C78 000047B8 000052F8 00005E38 00006978 000074B8 00007FF8 00008B38 00009678 0000A1B8 0000ACF8 0000B838 0000C378 0000CEB8 0000D9F8 0000E538 0000F078 0000FBB8 000106F8 00011238 00011D78 000128B8 000133F8 00013F38 00014A78 000155B8 000160F8 
[TC_DEBUG]     [3872] 0000043E 00000F8E 00001ADE 0000262E 0000317E 00003CCE 0000481E 0000536E 00005EBE 00006A0E 0000755E 000080AE 00008BFE 0000974E 0000A29E 0000ADEE 0000B93E 0000C48E 0000CFDE 0000DB2E 0000E67E 0000F1CE 0000FD1E 0001086E 000113BE 00011F0E 00012A5E 000135AE 000140FE 00014C4E 0001579E 000162EE 
[TC_DEBUG]     [3904] 0000044A 00000FBA 00001B2A 0000269A 0000320A 00003D7A 000048EA 0000545A 00005FCA 00006B3A 000076AA 0000821A 00008D8A 000098FA 0000A46A 0000AFDA 0000BB4A 0000C6BA 0000D22A 0000DD9A 0000E90A 0000F47A 0000FFEA 00010B5A 000116CA 0001223A 00012DAA 0001391A 0001448A 00014FFA 00015B6A 000166DA 
[TC_DEBUG]     [3936] 00000450 00000FD0 00001B50 000026D0 00003250 00003DD0 00004950 000054D0 00006050 00006BD0 00007750 000082D0 00008E50 000099D0 0000A550 0000B0D0 0000BC50 0000C7D0 0000D350 0000DED0 0000EA50 0000F5D0 00010150 00010CD0 00011850 000123D0 00012F50 00013AD0 00014650 000151D0 00015D50 000168D0 
[TC_DEBUG]     [3968] 0000045C 00000FFC 00001B9C 0000273C 000032DC 00003E7C 00004A1C 000055BC 0000615C 00006CFC 0000789C 0000843C 00008FDC 00009B7C 0000A71C 0000B2BC 0000BE5C 0000C9FC 0000D59C 0000E13C 0000ECDC 0000F87C 0001041C 00010FBC 00011B5C 000126FC 0001329C 00013E3C 000149DC 0001557C 0001611C 00016CBC 
[TC_DEBUG]     [4000] 00000462 00001012 00001BC2 00002772 00003322 00003ED2 00004A82 00005632 000061E2 00006D92 00007942 000084F2 000090A2 00009C52 0000A802 0000B3B2 0000BF62 0000CB12 0000D6C2 0000E272 0000EE22 0000F9D2 00010582 00011132 00011CE2 00012892 00013442 00013FF2 00014BA2 00015752 00016302 00016EB2 
[TC_DEBUG]     [4032] 0000046E 0000103E 00001C0E 000027DE 000033AE 00003F7E 00004B4E 0000571E 000062EE 00006EBE 00007A8E 0000865E 0000922E 00009DFE 0000A9CE 0000B59E 0000C16E 0000CD3E 0000D90E 0000E4DE 0000F0AE 0000FC7E 0001084E 0001141E 00011FEE 00012BBE 0001378E 0001435E 00014F2E 00015AFE 000166CE 0001729E 
[TC_DEBUG]     [4064] 00000474 00001054 00001C34 00002814 000033F4 00003FD4 00004BB4 00005794 00006374 00006F54 00007B34 00008714 000092F4 00009ED4 0000AAB4 0000B694 0000C274 0000CE54 0000DA34 0000E614 0000F1F4 0000FDD4 000109B4 00011594 00012174 00012D54 00013934 00014514 000150F4 00015CD4 000168B4 00017494 
Test 2 completed

=== Test 3: tc.st.mma.acc Sparse Mode ===
tensor_core_mode: 0x00000121 (sparse)
twidth: 64, tlength: 0x00010408
rs2_config: 0x00040000 (spa_start=4)
Config: 0x95432810
  Block[0]: reg_id=0, index_id=0
  Block[1]: reg_id=0, index_id=1
  Block[2]: reg_id=1, index_id=0
  Block[3]: reg_id=0, index_id=2
  Block[4]: reg_id=0, index_id=3
  Block[5]: reg_id=0, index_id=4
  Block[6]: reg_id=0, index_id=5
  Block[7]: reg_id=1, index_id=1
Merging tr1 and tr4 into tr5
[TC_DEBUG] t.merge.128B: tr5 = 
00 01 02 03 04 05 06 07 08 09 0A 0B 0C 0D 0E 0F 10 11 12 13 14 15 16 17 18 19 1A 1B 1C 1D 1E 1F 20 21 22 23 24 25 26 27 28 29 2A 2B 2C 2D 2E 2F 30 31 32 33 34 35 36 37 38 39 3A 3B 3C 3D 3E 3F 40 41 42 43 44 45 46 47 48 49 4A 4B 4C 4D 4E 4F 50 51 52 53 54 55 56 57 58 59 5A 5B 5C 5D 5E 5F 60 61 62 63 64 65 66 67 68 69 6A 6B 6C 6D 6E 6F 70 71 72 73 74 75 76 77 78 79 7A 7B 7C 7D 7E 7F 
00 01 02 03 04 05 06 07 08 09 0A 0B 0C 0D 0E 0F 10 11 12 13 14 15 16 17 18 19 1A 1B 1C 1D 1E 1F 20 21 22 23 24 25 26 27 28 29 2A 2B 2C 2D 2E 2F 30 31 32 33 34 35 36 37 38 39 3A 3B 3C 3D 3E 3F 40 41 42 43 44 45 46 47 48 49 4A 4B 4C 4D 4E 4F 50 51 52 53 54 55 56 57 58 59 5A 5B 5C 5D 5E 5F 60 61 62 63 64 65 66 67 68 69 6A 6B 6C 6D 6E 6F 70 71 72 73 74 75 76 77 78 79 7A 7B 7C 7D 7E 7F 
44 84 C4 94 D4 E4 48 88 C8 98 D8 E8 4C 8C CC 9C DC EC 49 89 C9 99 D9 E9 4D 8D CD 9D DD ED 4E 8E 44 84 C4 94 D4 E4 48 88 C8 98 D8 E8 4C 8C CC 9C DC EC 49 89 C9 99 D9 E9 4D 8D CD 9D DD ED 4E 8E 44 84 C4 94 D4 E4 48 88 C8 98 D8 E8 4C 8C CC 9C DC EC 49 89 C9 99 D9 E9 4D 8D CD 9D DD ED 4E 8E 44 84 C4 94 D4 E4 48 88 C8 98 D8 E8 4C 8C CC 9C DC EC 49 89 C9 99 D9 E9 4D 8D CD 9D DD ED 4E 8E 
00 01 02 03 04 05 06 07 08 09 0A 0B 0C 0D 0E 0F 10 11 12 13 14 15 16 17 18 19 1A 1B 1C 1D 1E 1F 20 21 22 23 24 25 26 27 28 29 2A 2B 2C 2D 2E 2F 30 31 32 33 34 35 36 37 38 39 3A 3B 3C 3D 3E 3F 40 41 42 43 44 45 46 47 48 49 4A 4B 4C 4D 4E 4F 50 51 52 53 54 55 56 57 58 59 5A 5B 5C 5D 5E 5F 60 61 62 63 64 65 66 67 68 69 6A 6B 6C 6D 6E 6F 70 71 72 73 74 75 76 77 78 79 7A 7B 7C 7D 7E 7F 
00 01 02 03 04 05 06 07 08 09 0A 0B 0C 0D 0E 0F 10 11 12 13 14 15 16 17 18 19 1A 1B 1C 1D 1E 1F 20 21 22 23 24 25 26 27 28 29 2A 2B 2C 2D 2E 2F 30 31 32 33 34 35 36 37 38 39 3A 3B 3C 3D 3E 3F 40 41 42 43 44 45 46 47 48 49 4A 4B 4C 4D 4E 4F 50 51 52 53 54 55 56 57 58 59 5A 5B 5C 5D 5E 5F 60 61 62 63 64 65 66 67 68 69 6A 6B 6C 6D 6E 6F 70 71 72 73 74 75 76 77 78 79 7A 7B 7C 7D 7E 7F 
00 01 02 03 04 05 06 07 08 09 0A 0B 0C 0D 0E 0F 10 11 12 13 14 15 16 17 18 19 1A 1B 1C 1D 1E 1F 20 21 22 23 24 25 26 27 28 29 2A 2B 2C 2D 2E 2F 30 31 32 33 34 35 36 37 38 39 3A 3B 3C 3D 3E 3F 40 41 42 43 44 45 46 47 48 49 4A 4B 4C 4D 4E 4F 50 51 52 53 54 55 56 57 58 59 5A 5B 5C 5D 5E 5F 60 61 62 63 64 65 66 67 68 69 6A 6B 6C 6D 6E 6F 70 71 72 73 74 75 76 77 78 79 7A 7B 7C 7D 7E 7F 
00 01 02 03 04 05 06 07 08 09 0A 0B 0C 0D 0E 0F 10 11 12 13 14 15 16 17 18 19 1A 1B 1C 1D 1E 1F 20 21 22 23 24 25 26 27 28 29 2A 2B 2C 2D 2E 2F 30 31 32 33 34 35 36 37 38 39 3A 3B 3C 3D 3E 3F 40 41 42 43 44 45 46 47 48 49 4A 4B 4C 4D 4E 4F 50 51 52 53 54 55 56 57 58 59 5A 5B 5C 5D 5E 5F 60 61 62 63 64 65 66 67 68 69 6A 6B 6C 6D 6E 6F 70 71 72 73 74 75 76 77 78 79 7A 7B 7C 7D 7E 7F 
44 84 C4 94 D4 E4 48 88 C8 98 D8 E8 4C 8C CC 9C DC EC 49 89 C9 99 D9 E9 4D 8D CD 9D DD ED 4E 8E 44 84 C4 94 D4 E4 48 88 C8 98 D8 E8 4C 8C CC 9C DC EC 49 89 C9 99 D9 E9 4D 8D CD 9D DD ED 4E 8E 44 84 C4 94 D4 E4 48 88 C8 98 D8 E8 4C 8C CC 9C DC EC 49 89 C9 99 D9 E9 4D 8D CD 9D DD ED 4E 8E 44 84 C4 94 D4 E4 48 88 C8 98 D8 E8 4C 8C CC 9C DC EC 49 89 C9 99 D9 E9 4D 8D CD 9D DD ED 4E 8E 
[TC_DEBUG] tc.st.mma.acc: trs1=0, trs2=5, rs1v=0x50000000, rs2v=0x00040000
[TC_DEBUG]   M2=2, M1=32, N2=2, N1=32, K=4
[TC_DEBUG]   startpoint_left=0, startpoint_top=0, startpoint_spa=4
[TC_DEBUG]   left_data_len=8, top_data_len=4, spa_data_len=1
[TC_DEBUG]   work_mode=1 (0=normal, 1=sparse)
[TC_DEBUG]   LeftData (tr0, 512 bytes, little-endian):
[TC_DEBUG]     [0000] 00 00 00 00 04 04 04 04 08 08 08 08 0C 0C 0C 0C 10 10 10 10 14 14 14 14 18 18 18 18 1C 1C 1C 1C 20 20 20 20 24 24 24 24 28 28 28 28 2C 2C 2C 2C 30 30 30 30 34 34 34 34 38 38 38 38 3C 3C 3C 3C 40 40 40 40 44 44 44 44 48 48 48 48 4C 4C 4C 4C 50 50 50 50 54 54 54 54 58 58 58 58 5C 5C 5C 5C 60 60 60 60 64 64 64 64 68 68 68 68 6C 6C 6C 6C 70 70 70 70 74 74 74 74 78 78 78 78 7C 7C 7C 7C 
[TC_DEBUG]     [0128] 01 01 01 01 05 05 05 05 09 09 09 09 0D 0D 0D 0D 11 11 11 11 15 15 15 15 19 19 19 19 1D 1D 1D 1D 21 21 21 21 25 25 25 25 29 29 29 29 2D 2D 2D 2D 31 31 31 31 35 35 35 35 39 39 39 39 3D 3D 3D 3D 41 41 41 41 45 45 45 45 49 49 49 49 4D 4D 4D 4D 51 51 51 51 55 55 55 55 59 59 59 59 5D 5D 5D 5D 61 61 61 61 65 65 65 65 69 69 69 69 6D 6D 6D 6D 71 71 71 71 75 75 75 75 79 79 79 79 7D 7D 7D 7D 
[TC_DEBUG]     [0256] 02 02 02 02 06 06 06 06 0A 0A 0A 0A 0E 0E 0E 0E 12 12 12 12 16 16 16 16 1A 1A 1A 1A 1E 1E 1E 1E 22 22 22 22 26 26 26 26 2A 2A 2A 2A 2E 2E 2E 2E 32 32 32 32 36 36 36 36 3A 3A 3A 3A 3E 3E 3E 3E 42 42 42 42 46 46 46 46 4A 4A 4A 4A 4E 4E 4E 4E 52 52 52 52 56 56 56 56 5A 5A 5A 5A 5E 5E 5E 5E 62 62 62 62 66 66 66 66 6A 6A 6A 6A 6E 6E 6E 6E 72 72 72 72 76 76 76 76 7A 7A 7A 7A 7E 7E 7E 7E 
[TC_DEBUG]     [0384] 03 03 03 03 07 07 07 07 0B 0B 0B 0B 0F 0F 0F 0F 13 13 13 13 17 17 17 17 1B 1B 1B 1B 1F 1F 1F 1F 23 23 23 23 27 27 27 27 2B 2B 2B 2B 2F 2F 2F 2F 33 33 33 33 37 37 37 37 3B 3B 3B 3B 3F 3F 3F 3F 43 43 43 43 47 47 47 47 4B 4B 4B 4B 4F 4F 4F 4F 53 53 53 53 57 57 57 57 5B 5B 5B 5B 5F 5F 5F 5F 63 63 63 63 67 67 67 67 6B 6B 6B 6B 6F 6F 6F 6F 73 73 73 73 77 77 77 77 7B 7B 7B 7B 7F 7F 7F 7F 
[TC_DEBUG]   TopData (tr5, 256 bytes, little-endian):
[TC_DEBUG]     [0000] 00 01 02 03 04 05 06 07 08 09 0A 0B 0C 0D 0E 0F 10 11 12 13 14 15 16 17 18 19 1A 1B 1C 1D 1E 1F 20 21 22 23 24 25 26 27 28 29 2A 2B 2C 2D 2E 2F 30 31 32 33 34 35 36 37 38 39 3A 3B 3C 3D 3E 3F 40 41 42 43 44 45 46 47 48 49 4A 4B 4C 4D 4E 4F 50 51 52 53 54 55 56 57 58 59 5A 5B 5C 5D 5E 5F 60 61 62 63 64 65 66 67 68 69 6A 6B 6C 6D 6E 6F 70 71 72 73 74 75 76 77 78 79 7A 7B 7C 7D 7E 7F 
[TC_DEBUG]     [0128] 00 01 02 03 04 05 06 07 08 09 0A 0B 0C 0D 0E 0F 10 11 12 13 14 15 16 17 18 19 1A 1B 1C 1D 1E 1F 20 21 22 23 24 25 26 27 28 29 2A 2B 2C 2D 2E 2F 30 31 32 33 34 35 36 37 38 39 3A 3B 3C 3D 3E 3F 40 41 42 43 44 45 46 47 48 49 4A 4B 4C 4D 4E 4F 50 51 52 53 54 55 56 57 58 59 5A 5B 5C 5D 5E 5F 60 61 62 63 64 65 66 67 68 69 6A 6B 6C 6D 6E 6F 70 71 72 73 74 75 76 77 78 79 7A 7B 7C 7D 7E 7F 
[TC_DEBUG]   SpaData (tr5, 64 bytes, little-endian):
[TC_DEBUG]     [0000] 44 84 C4 94 D4 E4 48 88 C8 98 D8 E8 4C 8C CC 9C DC EC 49 89 C9 99 D9 E9 4D 8D CD 9D DD ED 4E 8E 44 84 C4 94 D4 E4 48 88 C8 98 D8 E8 4C 8C CC 9C DC EC 49 89 C9 99 D9 E9 4D 8D CD 9D DD ED 4E 8E 
[TC_DEBUG]   AccBuffer (base=0x50000000, 4096 elements):
[TC_DEBUG]     [0000] 00000000 00000007 0000000B 0000000F 00000013 0000002D 00000019 0000003C 00000044 0000004C 00000054 0000008A 00000031 0000006C 00000074 0000007C 00000084 000000D2 00000049 0000009C 000000A4 000000AC 000000B4 0000011A 00000061 000000CC 000000D4 000000DC 000000E4 00000162 000000F1 00000178 
[TC_DEBUG]     [0032] 00000006 0000001D 00000031 00000045 00000059 00000083 0000007F 000000B2 000000CA 000000E2 000000FA 00000140 000000F7 00000142 0000015A 00000172 0000018A 000001E8 0000016F 000001D2 000001EA 00000202 0000021A 00000290 000001E7 00000262 0000027A 00000292 000002AA 00000338 000002D7 0000036E 
[TC_DEBUG]     [0064] 0000001E 00000075 000000C9 0000011D 00000171 000001DB 00000217 0000028A 000002E2 0000033A 00000392 00000418 0000040F 0000049A 000004F2 0000054A 000005A2 00000640 00000607 000006AA 00000702 0000075A 000007B2 00000868 000007FF 000008BA 00000912 0000096A 000009C2 00000A90 00000A6F 00000B46 
[TC_DEBUG]     [0096] 00000024 0000008B 000000EF 00000153 000001B7 00000231 0000027D 00000300 00000368 000003D0 00000438 000004CE 000004D5 00000570 000005D8 00000640 000006A8 00000756 0000072D 000007E0 00000848 000008B0 00000918 000009DE 00000985 00000A50 00000AB8 00000B20 00000B88 00000C66 00000C55 00000D3C 
[TC_DEBUG]     [0128] 0000003C 000000E3 00000187 0000022B 000002CF 00000389 00000415 000004D8 00000580 00000628 000006D0 000007A6 000007ED 000008C8 00000970 00000A18 00000AC0 00000BAE 00000BC5 00000CB8 00000D60 00000E08 00000EB0 00000FB6 00000F9D 000010A8 00001150 000011F8 000012A0 000013BE 000013ED 00001514 
[TC_DEBUG]     [0160] 00000042 000000F9 000001AD 00000261 00000315 000003DF 0000047B 0000054E 00000606 000006BE 00000776 0000085C 000008B3 0000099E 00000A56 00000B0E 00000BC6 00000CC4 00000CEB 00000DEE 00000EA6 00000F5E 00001016 0000112C 00001123 0000123E 000012F6 000013AE 00001466 00001594 000015D3 0000170A 
[TC_DEBUG]     [0192] 0000005A 00000151 00000245 00000339 0000042D 00000537 00000613 00000726 0000081E 00000916 00000A0E 00000B34 00000BCB 00000CF6 00000DEE 00000EE6 00000FDE 0000111C 00001183 000012C6 000013BE 000014B6 000015AE 00001704 0000173B 00001896 0000198E 00001A86 00001B7E 00001CEC 00001D6B 00001EE2 
[TC_DEBUG]     [0224] 00000060 00000167 0000026B 0000036F 00000473 0000058D 00000679 0000079C 000008A4 000009AC 00000AB4 00000BEA 00000C91 00000DCC 00000ED4 00000FDC 000010E4 00001232 000012A9 000013FC 00001504 0000160C 00001714 0000187A 000018C1 00001A2C 00001B34 00001C3C 00001D44 00001EC2 00001F51 000020D8 
[TC_DEBUG]     [0256] 00000078 000001BF 00000303 00000447 0000058B 000006E5 00000811 00000974 00000ABC 00000C04 00000D4C 00000EC2 00000FA9 00001124 0000126C 000013B4 000014FC 0000168A 00001741 000018D4 00001A1C 00001B64 00001CAC 00001E52 00001ED9 00002084 000021CC 00002314 0000245C 0000261A 000026E9 000028B0 
[TC_DEBUG]     [0288] 0000007E 000001D5 00000329 0000047D 000005D1 0000073B 00000877 000009EA 00000B42 00000C9A 00000DF2 00000F78 0000106F 000011FA 00001352 000014AA 00001602 000017A0 00001867 00001A0A 00001B62 00001CBA 00001E12 00001FC8 0000205F 0000221A 00002372 000024CA 00002622 000027F0 000028CF 00002AA6 
[TC_DEBUG]     [0320] 00000096 0000022D 000003C1 00000555 000006E9 00000893 00000A0F 00000BC2 00000D5A 00000EF2 0000108A 00001250 00001387 00001552 000016EA 00001882 00001A1A 00001BF8 00001CFF 00001EE2 0000207A 00002212 000023AA 000025A0 00002677 00002872 00002A0A 00002BA2 00002D3A 00002F48 00003067 0000327E 
[TC_DEBUG]     [0352] 0000009C 00000243 000003E7 0000058B 0000072F 000008E9 00000A75 00000C38 00000DE0 00000F88 00001130 00001306 0000144D 00001628 000017D0 00001978 00001B20 00001D0E 00001E25 00002018 000021C0 00002368 00002510 00002716 000027FD 00002A08 00002BB0 00002D58 00002F00 0000311E 0000324D 00003474 
[TC_DEBUG]     [0384] 000000B4 0000029B 0000047F 00000663 00000847 00000A41 00000C0D 00000E10 00000FF8 000011E0 000013C8 000015DE 00001765 00001980 00001B68 00001D50 00001F38 00002166 000022BD 000024F0 000026D8 000028C0 00002AA8 00002CEE 00002E15 00003060 00003248 00003430 00003618 00003876 000039E5 00003C4C 
[TC_DEBUG]     [0416] 000000BA 000002B1 000004A5 00000699 0000088D 00000A97 00000C73 00000E86 0000107E 00001276 0000146E 00001694 0000182B 00001A56 00001C4E 00001E46 0000203E 0000227C 000023E3 00002626 0000281E 00002A16 00002C0E 00002E64 00002F9B 000031F6 000033EE 000035E6 000037DE 00003A4C 00003BCB 00003E42 
[TC_DEBUG]     [0448] 000000D2 00000309 0000053D 00000771 000009A5 00000BEF 00000E0B 0000105E 00001296 000014CE 00001706 0000196C 00001B43 00001DAE 00001FE6 0000221E 00002456 000026D4 0000287B 00002AFE 00002D36 00002F6E 000031A6 0000343C 000035B3 0000384E 00003A86 00003CBE 00003EF6 000041A4 00004363 0000461A 
[TC_DEBUG]     [0480] 000000D8 0000031F 00000563 000007A7 000009EB 00000C45 00000E71 000010D4 0000131C 00001564 000017AC 00001A22 00001C09 00001E84 000020CC 00002314 0000255C 000027EA 000029A1 00002C34 00002E7C 000030C4 0000330C 000035B2 00003739 000039E4 00003C2C 00003E74 000040BC 0000437A 00004549 00004810 
[TC_DEBUG]     [0512] 000000F0 00000377 000005FB 0000087F 00000B03 00000D9D 00001009 000012AC 00001534 000017BC 00001A44 00001CFA 00001F21 000021DC 00002464 000026EC 00002974 00002C42 00002E39 0000310C 00003394 0000361C 000038A4 00003B8A 00003D51 0000403C 000042C4 0000454C 000047D4 00004AD2 00004CE1 00004FE8 
[TC_DEBUG]     [0544] 000000F6 0000038D 00000621 000008B5 00000B49 00000DF3 0000106F 00001322 000015BA 00001852 00001AEA 00001DB0 00001FE7 000022B2 0000254A 000027E2 00002A7A 00002D58 00002F5F 00003242 000034DA 00003772 00003A0A 00003D00 00003ED7 000041D2 0000446A 00004702 0000499A 00004CA8 00004EC7 000051DE 
[TC_DEBUG]     [0576] 0000010E 000003E5 000006B9 0000098D 00000C61 00000F4B 00001207 000014FA 000017D2 00001AAA 00001D82 00002088 000022FF 0000260A 000028E2 00002BBA 00002E92 000031B0 000033F7 0000371A 000039F2 00003CCA 00003FA2 000042D8 000044EF 0000482A 00004B02 00004DDA 000050B2 00005400 0000565F 000059B6 
[TC_DEBUG]     [0608] 00000114 000003FB 000006DF 000009C3 00000CA7 00000FA1 0000126D 00001570 00001858 00001B40 00001E28 0000213E 000023C5 000026E0 000029C8 00002CB0 00002F98 000032C6 0000351D 00003850 00003B38 00003E20 00004108 0000444E 00004675 000049C0 00004CA8 00004F90 00005278 000055D6 00005845 00005BAC 
[TC_DEBUG]     [0640] 0000012C 00000453 00000777 00000A9B 00000DBF 000010F9 00001405 00001748 00001A70 00001D98 000020C0 00002416 000026DD 00002A38 00002D60 00003088 000033B0 0000371E 000039B5 00003D28 00004050 00004378 000046A0 00004A26 00004C8D 00005018 00005340 00005668 00005990 00005D2E 00005FDD 00006384 
[TC_DEBUG]     [0672] 00000132 00000469 0000079D 00000AD1 00000E05 0000114F 0000146B 000017BE 00001AF6 00001E2E 00002166 000024CC 000027A3 00002B0E 00002E46 0000317E 000034B6 00003834 00003ADB 00003E5E 00004196 000044CE 00004806 00004B9C 00004E13 000051AE 000054E6 0000581E 00005B56 00005F04 000061C3 0000657A 
[TC_DEBUG]     [0704] 0000014A 000004C1 00000835 00000BA9 00000F1D 000012A7 00001603 00001996 00001D0E 00002086 000023FE 000027A4 00002ABB 00002E66 000031DE 00003556 000038CE 00003C8C 00003F73 00004336 000046AE 00004A26 00004D9E 00005174 0000542B 00005806 00005B7E 00005EF6 0000626E 0000665C 0000695B 00006D52 
[TC_DEBUG]     [0736] 00000150 000004D7 0000085B 00000BDF 00000F63 000012FD 00001669 00001A0C 00001D94 0000211C 000024A4 0000285A 00002B81 00002F3C 000032C4 0000364C 000039D4 00003DA2 00004099 0000446C 000047F4 00004B7C 00004F04 000052EA 000055B1 0000599C 00005D24 000060AC 00006434 00006832 00006B41 00006F48 
[TC_DEBUG]     [0768] 00000168 0000052F 000008F3 00000CB7 0000107B 00001455 00001801 00001BE4 00001FAC 00002374 0000273C 00002B32 00002E99 00003294 0000365C 00003A24 00003DEC 000041FA 00004531 00004944 00004D0C 000050D4 0000549C 000058C2 00005BC9 00005FF4 000063BC 00006784 00006B4C 00006F8A 000072D9 00007720 
[TC_DEBUG]     [0800] 0000016E 00000545 00000919 00000CED 000010C1 000014AB 00001867 00001C5A 00002032 0000240A 000027E2 00002BE8 00002F5F 0000336A 00003742 00003B1A 00003EF2 00004310 00004657 00004A7A 00004E52 0000522A 00005602 00005A38 00005D4F 0000618A 00006562 0000693A 00006D12 00007160 000074BF 00007916 
[TC_DEBUG]     [0832] 00000186 0000059D 000009B1 00000DC5 000011D9 00001603 000019FF 00001E32 0000224A 00002662 00002A7A 00002EC0 00003277 000036C2 00003ADA 00003EF2 0000430A 00004768 00004AEF 00004F52 0000536A 00005782 00005B9A 00006010 00006367 000067E2 00006BFA 00007012 0000742A 000078B8 00007C57 000080EE 
[TC_DEBUG]     [0864] 0000018C 000005B3 000009D7 00000DFB 0000121F 00001659 00001A65 00001EA8 000022D0 000026F8 00002B20 00002F76 0000333D 00003798 00003BC0 00003FE8 00004410 0000487E 00004C15 00005088 000054B0 000058D8 00005D00 00006186 000064ED 00006978 00006DA0 000071C8 000075F0 00007A8E 00007E3D 000082E4 
[TC_DEBUG]     [0896] 000001A4 0000060B 00000A6F 00000ED3 00001337 000017B1 00001BFD 00002080 000024E8 00002950 00002DB8 0000324E 00003655 00003AF0 00003F58 000043C0 00004828 00004CD6 000050AD 00005560 000059C8 00005E30 00006298 0000675E 00006B05 00006FD0 00007438 000078A0 00007D08 000081E6 000085D5 00008ABC 
[TC_DEBUG]     [0928] 000001AA 00000621 00000A95 00000F09 0000137D 00001807 00001C63 000020F6 0000256E 000029E6 00002E5E 00003304 0000371B 00003BC6 0000403E 000044B6 0000492E 00004DEC 000051D3 00005696 00005B0E 00005F86 000063FE 000068D4 00006C8B 00007166 000075DE 00007A56 00007ECE 000083BC 000087BB 00008CB2 
[TC_DEBUG]     [0960] 000001C2 00000679 00000B2D 00000FE1 00001495 0000195F 00001DFB 000022CE 00002786 00002C3E 000030F6 000035DC 00003A33 00003F1E 000043D6 0000488E 00004D46 00005244 0000566B 00005B6E 00006026 000064DE 00006996 00006EAC 000072A3 000077BE 00007C76 0000812E 000085E6 00008B14 00008F53 0000948A 
[TC_DEBUG]     [0992] 000001C8 0000068F 00000B53 00001017 000014DB 000019B5 00001E61 00002344 0000280C 00002CD4 0000319C 00003692 00003AF9 00003FF4 000044BC 00004984 00004E4C 0000535A 00005791 00005CA4 0000616C 00006634 00006AFC 00007022 00007429 00007954 00007E1C 000082E4 000087AC 00008CEA 00009139 00009680 
[TC_DEBUG]     [1024] 000001E0 000006E7 00000BEB 000010EF 000015F3 00001B0D 00001FF9 0000251C 00002A24 00002F2C 00003434 0000396A 00003E11 0000434C 00004854 00004D5C 00005264 000057B2 00005C29 0000617C 00006684 00006B8C 00007094 000075FA 00007A41 00007FAC 000084B4 000089BC 00008EC4 00009442 000098D1 00009E58 
[TC_DEBUG]     [1056] 000001E6 000006FD 00000C11 00001125 00001639 00001B63 0000205F 00002592 00002AAA 00002FC2 000034DA 00003A20 00003ED7 00004422 0000493A 00004E52 0000536A 000058C8 00005D4F 000062B2 000067CA 00006CE2 000071FA 00007770 00007BC7 00008142 0000865A 00008B72 0000908A 00009618 00009AB7 0000A04E 
[TC_DEBUG]     [1088] 000001FE 00000755 00000CA9 000011FD 00001751 00001CBB 000021F7 0000276A 00002CC2 0000321A 00003772 00003CF8 000041EF 0000477A 00004CD2 0000522A 00005782 00005D20 000061E7 0000678A 00006CE2 0000723A 00007792 00007D48 000081DF 0000879A 00008CF2 0000924A 000097A2 00009D70 0000A24F 0000A826 
[TC_DEBUG]     [1120] 00000204 0000076B 00000CCF 00001233 00001797 00001D11 0000225D 000027E0 00002D48 000032B0 00003818 00003DAE 000042B5 00004850 00004DB8 00005320 00005888 00005E36 0000630D 000068C0 00006E28 00007390 000078F8 00007EBE 00008365 00008930 00008E98 00009400 00009968 00009F46 0000A435 0000AA1C 
[TC_DEBUG]     [1152] 0000021C 000007C3 00000D67 0000130B 000018AF 00001E69 000023F5 000029B8 00002F60 00003508 00003AB0 00004086 000045CD 00004BA8 00005150 000056F8 00005CA0 0000628E 000067A5 00006D98 00007340 000078E8 00007E90 00008496 0000897D 00008F88 00009530 00009AD8 0000A080 0000A69E 0000ABCD 0000B1F4 
[TC_DEBUG]     [1184] 00000222 000007D9 00000D8D 00001341 000018F5 00001EBF 0000245B 00002A2E 00002FE6 0000359E 00003B56 0000413C 00004693 00004C7E 00005236 000057EE 00005DA6 000063A4 000068CB 00006ECE 00007486 00007A3E 00007FF6 0000860C 00008B03 0000911E 000096D6 00009C8E 0000A246 0000A874 0000ADB3 0000B3EA 
[TC_DEBUG]     [1216] 0000023A 00000831 00000E25 00001419 00001A0D 00002017 000025F3 00002C06 000031FE 000037F6 00003DEE 00004414 000049AB 00004FD6 000055CE 00005BC6 000061BE 000067FC 00006D63 000073A6 0000799E 00007F96 0000858E 00008BE4 0000911B 00009776 00009D6E 0000A366 0000A95E 0000AFCC 0000B54B 0000BBC2 
[TC_DEBUG]     [1248] 00000240 00000847 00000E4B 0000144F 00001A53 0000206D 00002659 00002C7C 00003284 0000388C 00003E94 000044CA 00004A71 000050AC 000056B4 00005CBC 000062C4 00006912 00006E89 000074DC 00007AE4 000080EC 000086F4 00008D5A 000092A1 0000990C 00009F14 0000A51C 0000AB24 0000B1A2 0000B731 0000BDB8 
[TC_DEBUG]     [1280] 00000258 0000089F 00000EE3 00001527 00001B6B 000021C5 000027F1 00002E54 0000349C 00003AE4 0000412C 000047A2 00004D89 00005404 00005A4C 00006094 000066DC 00006D6A 00007321 000079B4 00007FFC 00008644 00008C8C 00009332 000098B9 00009F64 0000A5AC 0000ABF4 0000B23C 0000B8FA 0000BEC9 0000C590 
[TC_DEBUG]     [1312] 0000025E 000008B5 00000F09 0000155D 00001BB1 0000221B 00002857 00002ECA 00003522 00003B7A 000041D2 00004858 00004E4F 000054DA 00005B32 0000618A 000067E2 00006E80 00007447 00007AEA 00008142 0000879A 00008DF2 000094A8 00009A3F 0000A0FA 0000A752 0000ADAA 0000B402 0000BAD0 0000C0AF 0000C786 
[TC_DEBUG]     [1344] 00000276 0000090D 00000FA1 00001635 00001CC9 00002373 000029EF 000030A2 0000373A 00003DD2 0000446A 00004B30 00005167 00005832 00005ECA 00006562 00006BFA 000072D8 000078DF 00007FC2 0000865A 00008CF2 0000938A 00009A80 0000A057 0000A752 0000ADEA 0000B482 0000BB1A 0000C228 0000C847 0000CF5E 
[TC_DEBUG]     [1376] 0000027C 00000923 00000FC7 0000166B 00001D0F 000023C9 00002A55 00003118 000037C0 00003E68 00004510 00004BE6 0000522D 00005908 00005FB0 00006658 00006D00 000073EE 00007A05 000080F8 000087A0 00008E48 000094F0 00009BF6 0000A1DD 0000A8E8 0000AF90 0000B638 0000BCE0 0000C3FE 0000CA2D 0000D154 
[TC_DEBUG]     [1408] 00000294 0000097B 0000105F 00001743 00001E27 00002521 00002BED 000032F0 000039D8 000040C0 000047A8 00004EBE 00005545 00005C60 00006348 00006A30 00007118 00007846 00007E9D 000085D0 00008CB8 000093A0 00009A88 0000A1CE 0000A7F5 0000AF40 0000B628 0000BD10 0000C3F8 0000CB56 0000D1C5 0000D92C 
[TC_DEBUG]     [1440] 0000029A 00000991 00001085 00001779 00001E6D 00002577 00002C53 00003366 00003A5E 00004156 0000484E 00004F74 0000560B 00005D36 0000642E 00006B26 0000721E 0000795C 00007FC3 00008706 00008DFE 000094F6 00009BEE 0000A344 0000A97B 0000B0D6 0000B7CE 0000BEC6 0000C5BE 0000CD2C 0000D3AB 0000DB22 
[TC_DEBUG]     [1472] 000002B2 000009E9 0000111D 00001851 00001F85 000026CF 00002DEB 0000353E 00003C76 000043AE 00004AE6 0000524C 00005923 0000608E 000067C6 00006EFE 00007636 00007DB4 0000845B 00008BDE 00009316 00009A4E 0000A186 0000A91C 0000AF93 0000B72E 0000BE66 0000C59E 0000CCD6 0000D484 0000DB43 0000E2FA 
[TC_DEBUG]     [1504] 000002B8 000009FF 00001143 00001887 00001FCB 00002725 00002E51 000035B4 00003CFC 00004444 00004B8C 00005302 000059E9 00006164 000068AC 00006FF4 0000773C 00007ECA 00008581 00008D14 0000945C 00009BA4 0000A2EC 0000AA92 0000B119 0000B8C4 0000C00C 0000C754 0000CE9C 0000D65A 0000DD29 0000E4F0 
[TC_DEBUG]     [1536] 000002D0 00000A57 000011DB 0000195F 000020E3 0000287D 00002FE9 0000378C 00003F14 0000469C 00004E24 000055DA 00005D01 000064BC 00006C44 000073CC 00007B54 00008322 00008A19 000091EC 00009974 0000A0FC 0000A884 0000B06A 0000B731 0000BF1C 0000C6A4 0000CE2C 0000D5B4 0000DDB2 0000E4C1 0000ECC8 
[TC_DEBUG]     [1568] 000002D6 00000A6D 00001201 00001995 00002129 000028D3 0000304F 00003802 00003F9A 00004732 00004ECA 00005690 00005DC7 00006592 00006D2A 000074C2 00007C5A 00008438 00008B3F 00009322 00009ABA 0000A252 0000A9EA 0000B1E0 0000B8B7 0000C0B2 0000C84A 0000CFE2 0000D77A 0000DF88 0000E6A7 0000EEBE 
[TC_DEBUG]     [1600] 000002EE 00000AC5 00001299 00001A6D 00002241 00002A2B 000031E7 000039DA 000041B2 0000498A 00005162 00005968 000060DF 000068EA 000070C2 0000789A 00008072 00008890 00008FD7 000097FA 00009FD2 0000A7AA 0000AF82 0000B7B8 0000BECF 0000C70A 0000CEE2 0000D6BA 0000DE92 0000E6E0 0000EE3F 0000F696 
[TC_DEBUG]     [1632] 000002F4 00000ADB 000012BF 00001AA3 00002287 00002A81 0000324D 00003A50 00004238 00004A20 00005208 00005A1E 000061A5 000069C0 000071A8 00007990 00008178 000089A6 000090FD 00009930 0000A118 0000A900 0000B0E8 0000B92E 0000C055 0000C8A0 0000D088 0000D870 0000E058 0000E8B6 0000F025 0000F88C 
[TC_DEBUG]     [1664] 0000030C 00000B33 00001357 00001B7B 0000239F 00002BD9 000033E5 00003C28 00004450 00004C78 000054A0 00005CF6 000064BD 00006D18 00007540 00007D68 00008590 00008DFE 00009595 00009E08 0000A630 0000AE58 0000B680 0000BF06 0000C66D 0000CEF8 0000D720 0000DF48 0000E770 0000F00E 0000F7BD 00010064 
[TC_DEBUG]     [1696] 00000312 00000B49 0000137D 00001BB1 000023E5 00002C2F 0000344B 00003C9E 000044D6 00004D0E 00005546 00005DAC 00006583 00006DEE 00007626 00007E5E 00008696 00008F14 000096BB 00009F3E 0000A776 0000AFAE 0000B7E6 0000C07C 0000C7F3 0000D08E 0000D8C6 0000E0FE 0000E936 0000F1E4 0000F9A3 0001025A 
[TC_DEBUG]     [1728] 0000032A 00000BA1 00001415 00001C89 000024FD 00002D87 000035E3 00003E76 000046EE 00004F66 000057DE 00006084 0000689B 00007146 000079BE 00008236 00008AAE 0000936C 00009B53 0000A416 0000AC8E 0000B506 0000BD7E 0000C654 0000CE0B 0000D6E6 0000DF5E 0000E7D6 0000F04E 0000F93C 0001013B 00010A32 
[TC_DEBUG]     [1760] 00000330 00000BB7 0000143B 00001CBF 00002543 00002DDD 00003649 00003EEC 00004774 00004FFC 00005884 0000613A 00006961 0000721C 00007AA4 0000832C 00008BB4 00009482 00009C79 0000A54C 0000ADD4 0000B65C 0000BEE4 0000C7CA 0000CF91 0000D87C 0000E104 0000E98C 0000F214 0000FB12 00010321 00010C28 
[TC_DEBUG]     [1792] 00000348 00000C0F 000014D3 00001D97 0000265B 00002F35 000037E1 000040C4 0000498C 00005254 00005B1C 00006412 00006C79 00007574 00007E3C 00008704 00008FCC 000098DA 0000A111 0000AA24 0000B2EC 0000BBB4 0000C47C 0000CDA2 0000D5A9 0000DED4 0000E79C 0000F064 0000F92C 0001026A 00010AB9 00011400 
[TC_DEBUG]     [1824] 0000034E 00000C25 000014F9 00001DCD 000026A1 00002F8B 00003847 0000413A 00004A12 000052EA 00005BC2 000064C8 00006D3F 0000764A 00007F22 000087FA 000090D2 000099F0 0000A237 0000AB5A 0000B432 0000BD0A 0000C5E2 0000CF18 0000D72F 0000E06A 0000E942 0000F21A 0000FAF2 00010440 00010C9F 000115F6 
[TC_DEBUG]     [1856] 00000366 00000C7D 00001591 00001EA5 000027B9 000030E3 000039DF 00004312 00004C2A 00005542 00005E5A 000067A0 00007057 000079A2 000082BA 00008BD2 000094EA 00009E48 0000A6CF 0000B032 0000B94A 0000C262 0000CB7A 0000D4F0 0000DD47 0000E6C2 0000EFDA 0000F8F2 0001020A 00010B98 00011437 00011DCE 
[TC_DEBUG]     [1888] 0000036C 00000C93 000015B7 00001EDB 000027FF 00003139 00003A45 00004388 00004CB0 000055D8 00005F00 00006856 0000711D 00007A78 000083A0 00008CC8 000095F0 00009F5E 0000A7F5 0000B168 0000BA90 0000C3B8 0000CCE0 0000D666 0000DECD 0000E858 0000F180 0000FAA8 000103D0 00010D6E 0001161D 00011FC4 
[TC_DEBUG]     [1920] 00000384 00000CEB 0000164F 00001FB3 00002917 00003291 00003BDD 00004560 00004EC8 00005830 00006198 00006B2E 00007435 00007DD0 00008738 000090A0 00009A08 0000A3B6 0000AC8D 0000B640 0000BFA8 0000C910 0000D278 0000DC3E 0000E4E5 0000EEB0 0000F818 00010180 00010AE8 000114C6 00011DB5 0001279C 
[TC_DEBUG]     [1952] 0000038A 00000D01 00001675 00001FE9 0000295D 000032E7 00003C43 000045D6 00004F4E 000058C6 0000623E 00006BE4 000074FB 00007EA6 0000881E 00009196 00009B0E 0000A4CC 0000ADB3 0000B776 0000C0EE 0000CA66 0000D3DE 0000DDB4 0000E66B 0000F046 0000F9BE 00010336 00010CAE 0001169C 00011F9B 00012992 
[TC_DEBUG]     [1984] 000003A2 00000D59 0000170D 000020C1 00002A75 0000343F 00003DDB 000047AE 00005166 00005B1E 000064D6 00006EBC 00007813 000081FE 00008BB6 0000956E 00009F26 0000A924 0000B24B 0000BC4E 0000C606 0000CFBE 0000D976 0000E38C 0000EC83 0000F69E 00010056 00010A0E 000113C6 00011DF4 00012733 0001316A 
[TC_DEBUG]     [2016] 000003A8 00000D6F 00001733 000020F7 00002ABB 00003495 00003E41 00004824 000051EC 00005BB4 0000657C 00006F72 000078D9 000082D4 00008C9C 00009664 0000A02C 0000AA3A 0000B371 0000BD84 0000C74C 0000D114 0000DADC 0000E502 0000EE09 0000F834 000101FC 00010BC4 0001158C 00011FCA 00012919 00013360 
[TC_DEBUG]     [2048] 000003C0 00000DC7 000017CB 000021CF 00002BD3 000035ED 00003FD9 000049FC 00005404 00005E0C 00006814 0000724A 00007BF1 0000862C 00009034 00009A3C 0000A444 0000AE92 0000B809 0000C25C 0000CC64 0000D66C 0000E074 0000EADA 0000F421 0000FE8C 00010894 0001129C 00011CA4 00012722 000130B1 00013B38 
[TC_DEBUG]     [2080] 000003C6 00000DDD 000017F1 00002205 00002C19 00003643 0000403F 00004A72 0000548A 00005EA2 000068BA 00007300 00007CB7 00008702 0000911A 00009B32 0000A54A 0000AFA8 0000B92F 0000C392 0000CDAA 0000D7C2 0000E1DA 0000EC50 0000F5A7 00010022 00010A3A 00011452 00011E6A 000128F8 00013297 00013D2E 
[TC_DEBUG]     [2112] 000003DE 00000E35 00001889 000022DD 00002D31 0000379B 000041D7 00004C4A 000056A2 000060FA 00006B52 000075D8 00007FCF 00008A5A 000094B2 00009F0A 0000A962 0000B400 0000BDC7 0000C86A 0000D2C2 0000DD1A 0000E772 0000F228 0000FBBF 0001067A 000110D2 00011B2A 00012582 00013050 00013A2F 00014506 
[TC_DEBUG]     [2144] 000003E4 00000E4B 000018AF 00002313 00002D77 000037F1 0000423D 00004CC0 00005728 00006190 00006BF8 0000768E 00008095 00008B30 00009598 0000A000 0000AA68 0000B516 0000BEED 0000C9A0 0000D408 0000DE70 0000E8D8 0000F39E 0000FD45 00010810 00011278 00011CE0 00012748 00013226 00013C15 000146FC 
[TC_DEBUG]     [2176] 000003FC 00000EA3 00001947 000023EB 00002E8F 00003949 000043D5 00004E98 00005940 000063E8 00006E90 00007966 000083AD 00008E88 00009930 0000A3D8 0000AE80 0000B96E 0000C385 0000CE78 0000D920 0000E3C8 0000EE70 0000F976 0001035D 00010E68 00011910 000123B8 00012E60 0001397E 000143AD 00014ED4 
[TC_DEBUG]     [2208] 00000402 00000EB9 0000196D 00002421 00002ED5 0000399F 0000443B 00004F0E 000059C6 0000647E 00006F36 00007A1C 00008473 00008F5E 00009A16 0000A4CE 0000AF86 0000BA84 0000C4AB 0000CFAE 0000DA66 0000E51E 0000EFD6 0000FAEC 000104E3 00010FFE 00011AB6 0001256E 00013026 00013B54 00014593 000150CA 
[TC_DEBUG]     [2240] 0000041A 00000F11 00001A05 000024F9 00002FED 00003AF7 000045D3 000050E6 00005BDE 000066D6 000071CE 00007CF4 0000878B 000092B6 00009DAE 0000A8A6 0000B39E 0000BEDC 0000C943 0000D486 0000DF7E 0000EA76 0000F56E 000100C4 00010AFB 00011656 0001214E 00012C46 0001373E 000142AC 00014D2B 000158A2 
[TC_DEBUG]     [2272] 00000420 00000F27 00001A2B 0000252F 00003033 00003B4D 00004639 0000515C 00005C64 0000676C 00007274 00007DAA 00008851 0000938C 00009E94 0000A99C 0000B4A4 0000BFF2 0000CA69 0000D5BC 0000E0C4 0000EBCC 0000F6D4 0001023A 00010C81 000117EC 000122F4 00012DFC 00013904 00014482 00014F11 00015A98 
[TC_DEBUG]     [2304] 00000438 00000F7F 00001AC3 00002607 0000314B 00003CA5 000047D1 00005334 00005E7C 000069C4 0000750C 00008082 00008B69 000096E4 0000A22C 0000AD74 0000B8BC 0000C44A 0000CF01 0000DA94 0000E5DC 0000F124 0000FC6C 00010812 00011299 00011E44 0001298C 000134D4 0001401C 00014BDA 000156A9 00016270 
[TC_DEBUG]     [2336] 0000043E 00000F95 00001AE9 0000263D 00003191 00003CFB 00004837 000053AA 00005F02 00006A5A 000075B2 00008138 00008C2F 000097BA 0000A312 0000AE6A 0000B9C2 0000C560 0000D027 0000DBCA 0000E722 0000F27A 0000FDD2 00010988 0001141F 00011FDA 00012B32 0001368A 000141E2 00014DB0 0001588F 00016466 
[TC_DEBUG]     [2368] 00000456 00000FED 00001B81 00002715 000032A9 00003E53 000049CF 00005582 0000611A 00006CB2 0000784A 00008410 00008F47 00009B12 0000A6AA 0000B242 0000BDDA 0000C9B8 0000D4BF 0000E0A2 0000EC3A 0000F7D2 0001036A 00010F60 00011A37 00012632 000131CA 00013D62 000148FA 00015508 00016027 00016C3E 
[TC_DEBUG]     [2400] 0000045C 00001003 00001BA7 0000274B 000032EF 00003EA9 00004A35 000055F8 000061A0 00006D48 000078F0 000084C6 0000900D 00009BE8 0000A790 0000B338 0000BEE0 0000CACE 0000D5E5 0000E1D8 0000ED80 0000F928 000104D0 000110D6 00011BBD 000127C8 00013370 00013F18 00014AC0 000156DE 0001620D 00016E34 
[TC_DEBUG]     [2432] 00000474 0000105B 00001C3F 00002823 00003407 00004001 00004BCD 000057D0 000063B8 00006FA0 00007B88 0000879E 00009325 00009F40 0000AB28 0000B710 0000C2F8 0000CF26 0000DA7D 0000E6B0 0000F298 0000FE80 00010A68 000116AE 000121D5 00012E20 00013A08 000145F0 000151D8 00015E36 000169A5 0001760C 
[TC_DEBUG]     [2464] 0000047A 00001071 00001C65 00002859 0000344D 00004057 00004C33 00005846 0000643E 00007036 00007C2E 00008854 000093EB 0000A016 0000AC0E 0000B806 0000C3FE 0000D03C 0000DBA3 0000E7E6 0000F3DE 0000FFD6 00010BCE 00011824 0001235B 00012FB6 00013BAE 000147A6 0001539E 0001600C 00016B8B 00017802 
[TC_DEBUG]     [2496] 00000492 000010C9 00001CFD 00002931 00003565 000041AF 00004DCB 00005A1E 00006656 0000728E 00007EC6 00008B2C 00009703 0000A36E 0000AFA6 0000BBDE 0000C816 0000D494 0000E03B 0000ECBE 0000F8F6 0001052E 00011166 00011DFC 00012973 0001360E 00014246 00014E7E 00015AB6 00016764 00017323 00017FDA 
[TC_DEBUG]     [2528] 00000498 000010DF 00001D23 00002967 000035AB 00004205 00004E31 00005A94 000066DC 00007324 00007F6C 00008BE2 000097C9 0000A444 0000B08C 0000BCD4 0000C91C 0000D5AA 0000E161 0000EDF4 0000FA3C 00010684 000112CC 00011F72 00012AF9 000137A4 000143EC 00015034 00015C7C 0001693A 00017509 000181D0 
[TC_DEBUG]     [2560] 000004B0 00001137 00001DBB 00002A3F 000036C3 0000435D 00004FC9 00005C6C 000068F4 0000757C 00008204 00008EBA 00009AE1 0000A79C 0000B424 0000C0AC 0000CD34 0000DA02 0000E5F9 0000F2CC 0000FF54 00010BDC 00011864 0001254A 00013111 00013DFC 00014A84 0001570C 00016394 00017092 00017CA1 000189A8 
[TC_DEBUG]     [2592] 000004B6 0000114D 00001DE1 00002A75 00003709 000043B3 0000502F 00005CE2 0000697A 00007612 000082AA 00008F70 00009BA7 0000A872 0000B50A 0000C1A2 0000CE3A 0000DB18 0000E71F 0000F402 0001009A 00010D32 000119CA 000126C0 00013297 00013F92 00014C2A 000158C2 0001655A 00017268 00017E87 00018B9E 
[TC_DEBUG]     [2624] 000004CE 000011A5 00001E79 00002B4D 00003821 0000450B 000051C7 00005EBA 00006B92 0000786A 00008542 00009248 00009EBF 0000ABCA 0000B8A2 0000C57A 0000D252 0000DF70 0000EBB7 0000F8DA 000105B2 0001128A 00011F62 00012C98 000138AF 000145EA 000152C2 00015F9A 00016C72 000179C0 0001861F 00019376 
[TC_DEBUG]     [2656] 000004D4 000011BB 00001E9F 00002B83 00003867 00004561 0000522D 00005F30 00006C18 00007900 000085E8 000092FE 00009F85 0000ACA0 0000B988 0000C670 0000D358 0000E086 0000ECDD 0000FA10 000106F8 000113E0 000120C8 00012E0E 00013A35 00014780 00015468 00016150 00016E38 00017B96 00018805 0001956C 
[TC_DEBUG]     [2688] 000004EC 00001213 00001F37 00002C5B 0000397F 000046B9 000053C5 00006108 00006E30 00007B58 00008880 000095D6 0000A29D 0000AFF8 0000BD20 0000CA48 0000D770 0000E4DE 0000F175 0000FEE8 00010C10 00011938 00012660 000133E6 0001404D 00014DD8 00015B00 00016828 00017550 000182EE 00018F9D 00019D44 
[TC_DEBUG]     [2720] 000004F2 00001229 00001F5D 00002C91 000039C5 0000470F 0000542B 0000617E 00006EB6 00007BEE 00008926 0000968C 0000A363 0000B0CE 0000BE06 0000CB3E 0000D876 0000E5F4 0000F29B 0001001E 00010D56 00011A8E 000127C6 0001355C 000141D3 00014F6E 00015CA6 000169DE 00017716 000184C4 00019183 00019F3A 
[TC_DEBUG]     [2752] 0000050A 00001281 00001FF5 00002D69 00003ADD 00004867 000055C3 00006356 000070CE 00007E46 00008BBE 00009964 0000A67B 0000B426 0000C19E 0000CF16 0000DC8E 0000EA4C 0000F733 000104F6 0001126E 00011FE6 00012D5E 00013B34 000147EB 000155C6 0001633E 000170B6 00017E2E 00018C1C 0001991B 0001A712 
[TC_DEBUG]     [2784] 00000510 00001297 0000201B 00002D9F 00003B23 000048BD 00005629 000063CC 00007154 00007EDC 00008C64 00009A1A 0000A741 0000B4FC 0000C284 0000D00C 0000DD94 0000EB62 0000F859 0001062C 000113B4 0001213C 00012EC4 00013CAA 00014971 0001575C 000164E4 0001726C 00017FF4 00018DF2 00019B01 0001A908 
[TC_DEBUG]     [2816] 00000528 000012EF 000020B3 00002E77 00003C3B 00004A15 000057C1 000065A4 0000736C 00008134 00008EFC 00009CF2 0000AA59 0000B854 0000C61C 0000D3E4 0000E1AC 0000EFBA 0000FCF1 00010B04 000118CC 00012694 0001345C 00014282 00014F89 00015DB4 00016B7C 00017944 0001870C 0001954A 0001A299 0001B0E0 
[TC_DEBUG]     [2848] 0000052E 00001305 000020D9 00002EAD 00003C81 00004A6B 00005827 0000661A 000073F2 000081CA 00008FA2 00009DA8 0000AB1F 0000B92A 0000C702 0000D4DA 0000E2B2 0000F0D0 0000FE17 00010C3A 00011A12 000127EA 000135C2 000143F8 0001510F 00015F4A 00016D22 00017AFA 000188D2 00019720 0001A47F 0001B2D6 
[TC_DEBUG]     [2880] 00000546 0000135D 00002171 00002F85 00003D99 00004BC3 000059BF 000067F2 0000760A 00008422 0000923A 0000A080 0000AE37 0000BC82 0000CA9A 0000D8B2 0000E6CA 0000F528 000102AF 00011112 00011F2A 00012D42 00013B5A 000149D0 00015727 000165A2 000173BA 000181D2 00018FEA 00019E78 0001AC17 0001BAAE 
[TC_DEBUG]     [2912] 0000054C 00001373 00002197 00002FBB 00003DDF 00004C19 00005A25 00006868 00007690 000084B8 000092E0 0000A136 0000AEFD 0000BD58 0000CB80 0000D9A8 0000E7D0 0000F63E 000103D5 00011248 00012070 00012E98 00013CC0 00014B46 000158AD 00016738 00017560 00018388 000191B0 0001A04E 0001ADFD 0001BCA4 
[TC_DEBUG]     [2944] 00000564 000013CB 0000222F 00003093 00003EF7 00004D71 00005BBD 00006A40 000078A8 00008710 00009578 0000A40E 0000B215 0000C0B0 0000CF18 0000DD80 0000EBE8 0000FA96 0001086D 00011720 00012588 000133F0 00014258 0001511E 00015EC5 00016D90 00017BF8 00018A60 000198C8 0001A7A6 0001B595 0001C47C 
[TC_DEBUG]     [2976] 0000056A 000013E1 00002255 000030C9 00003F3D 00004DC7 00005C23 00006AB6 0000792E 000087A6 0000961E 0000A4C4 0000B2DB 0000C186 0000CFFE 0000DE76 0000ECEE 0000FBAC 00010993 00011856 000126CE 00013546 000143BE 00015294 0001604B 00016F26 00017D9E 00018C16 00019A8E 0001A97C 0001B77B 0001C672 
[TC_DEBUG]     [3008] 00000582 00001439 000022ED 000031A1 00004055 00004F1F 00005DBB 00006C8E 00007B46 000089FE 000098B6 0000A79C 0000B5F3 0000C4DE 0000D396 0000E24E 0000F106 00010004 00010E2B 00011D2E 00012BE6 00013A9E 00014956 0001586C 00016663 0001757E 00018436 000192EE 0001A1A6 0001B0D4 0001BF13 0001CE4A 
[TC_DEBUG]     [3040] 00000588 0000144F 00002313 000031D7 0000409B 00004F75 00005E21 00006D04 00007BCC 00008A94 0000995C 0000A852 0000B6B9 0000C5B4 0000D47C 0000E344 0000F20C 0001011A 00010F51 00011E64 00012D2C 00013BF4 00014ABC 000159E2 000167E9 00017714 000185DC 000194A4 0001A36C 0001B2AA 0001C0F9 0001D040 
[TC_DEBUG]     [3072] 000005A0 000014A7 000023AB 000032AF 000041B3 000050CD 00005FB9 00006EDC 00007DE4 00008CEC 00009BF4 0000AB2A 0000B9D1 0000C90C 0000D814 0000E71C 0000F624 00010572 000113E9 0001233C 00013244 0001414C 00015054 00015FBA 00016E01 00017D6C 00018C74 00019B7C 0001AA84 0001BA02 0001C891 0001D818 
[TC_DEBUG]     [3104] 000005A6 000014BD 000023D1 000032E5 000041F9 00005123 0000601F 00006F52 00007E6A 00008D82 00009C9A 0000ABE0 0000BA97 0000C9E2 0000D8FA 0000E812 0000F72A 00010688 0001150F 00012472 0001338A 000142A2 000151BA 00016130 00016F87 00017F02 00018E1A 00019D32 0001AC4A 0001BBD8 0001CA77 0001DA0E 
[TC_DEBUG]     [3136] 000005BE 00001515 00002469 000033BD 00004311 0000527B 000061B7 0000712A 00008082 00008FDA 00009F32 0000AEB8 0000BDAF 0000CD3A 0000DC92 0000EBEA 0000FB42 00010AE0 000119A7 0001294A 000138A2 000147FA 00015752 00016708 0001759F 0001855A 000194B2 0001A40A 0001B362 0001C330 0001D20F 0001E1E6 
[TC_DEBUG]     [3168] 000005C4 0000152B 0000248F 000033F3 00004357 000052D1 0000621D 000071A0 00008108 00009070 00009FD8 0000AF6E 0000BE75 0000CE10 0000DD78 0000ECE0 0000FC48 00010BF6 00011ACD 00012A80 000139E8 00014950 000158B8 0001687E 00017725 000186F0 00019658 0001A5C0 0001B528 0001C506 0001D3F5 0001E3DC 
[TC_DEBUG]     [3200] 000005DC 00001583 00002527 000034CB 0000446F 00005429 000063B5 00007378 00008320 000092C8 0000A270 0000B246 0000C18D 0000D168 0000E110 0000F0B8 00010060 0001104E 00011F65 00012F58 00013F00 00014EA8 00015E50 00016E56 00017D3D 00018D48 00019CF0 0001AC98 0001BC40 0001CC5E 0001DB8D 0001EBB4 
[TC_DEBUG]     [3232] 000005E2 00001599 0000254D 00003501 000044B5 0000547F 0000641B 000073EE 000083A6 0000935E 0000A316 0000B2FC 0000C253 0000D23E 0000E1F6 0000F1AE 00010166 00011164 0001208B 0001308E 00014046 00014FFE 00015FB6 00016FCC 00017EC3 00018EDE 00019E96 0001AE4E 0001BE06 0001CE34 0001DD73 0001EDAA 
[TC_DEBUG]     [3264] 000005FA 000015F1 000025E5 000035D9 000045CD 000055D7 000065B3 000075C6 000085BE 000095B6 0000A5AE 0000B5D4 0000C56B 0000D596 0000E58E 0000F586 0001057E 000115BC 00012523 00013566 0001455E 00015556 0001654E 000175A4 000184DB 00019536 0001A52E 0001B526 0001C51E 0001D58C 0001E50B 0001F582 
[TC_DEBUG]     [3296] 00000600 00001607 0000260B 0000360F 00004613 0000562D 00006619 0000763C 00008644 0000964C 0000A654 0000B68A 0000C631 0000D66C 0000E674 0000F67C 00010684 000116D2 00012649 0001369C 000146A4 000156AC 000166B4 0001771A 00018661 000196CC 0001A6D4 0001B6DC 0001C6E4 0001D762 0001E6F1 0001F778 
[TC_DEBUG]     [3328] 00000618 0000165F 000026A3 000036E7 0000472B 00005785 000067B1 00007814 0000885C 000098A4 0000A8EC 0000B962 0000C949 0000D9C4 0000EA0C 0000FA54 00010A9C 00011B2A 00012AE1 00013B74 00014BBC 00015C04 00016C4C 00017CF2 00018C79 00019D24 0001AD6C 0001BDB4 0001CDFC 0001DEBA 0001EE89 0001FF50 
[TC_DEBUG]     [3360] 0000061E 00001675 000026C9 0000371D 00004771 000057DB 00006817 0000788A 000088E2 0000993A 0000A992 0000BA18 0000CA0F 0000DA9A 0000EAF2 0000FB4A 00010BA2 00011C40 00012C07 00013CAA 00014D02 00015D5A 00016DB2 00017E68 00018DFF 00019EBA 0001AF12 0001BF6A 0001CFC2 0001E090 0001F06F 00020146 
[TC_DEBUG]     [3392] 00000636 000016CD 00002761 000037F5 00004889 00005933 000069AF 00007A62 00008AFA 00009B92 0000AC2A 0000BCF0 0000CD27 0000DDF2 0000EE8A 0000FF22 00010FBA 00012098 0001309F 00014182 0001521A 000162B2 0001734A 00018440 00019417 0001A512 0001B5AA 0001C642 0001D6DA 0001E7E8 0001F807 0002091E 
[TC_DEBUG]     [3424] 0000063C 000016E3 00002787 0000382B 000048CF 00005989 00006A15 00007AD8 00008B80 00009C28 0000ACD0 0000BDA6 0000CDED 0000DEC8 0000EF70 00010018 000110C0 000121AE 000131C5 000142B8 00015360 00016408 000174B0 000185B6 0001959D 0001A6A8 0001B750 0001C7F8 0001D8A0 0001E9BE 0001F9ED 00020B14 
[TC_DEBUG]     [3456] 00000654 0000173B 0000281F 00003903 000049E7 00005AE1 00006BAD 00007CB0 00008D98 00009E80 0000AF68 0000C07E 0000D105 0000E220 0000F308 000103F0 000114D8 00012606 0001365D 00014790 00015878 00016960 00017A48 00018B8E 00019BB5 0001AD00 0001BDE8 0001CED0 0001DFB8 0001F116 00020185 000212EC 
[TC_DEBUG]     [3488] 0000065A 00001751 00002845 00003939 00004A2D 00005B37 00006C13 00007D26 00008E1E 00009F16 0000B00E 0000C134 0000D1CB 0000E2F6 0000F3EE 000104E6 000115DE 0001271C 00013783 000148C6 000159BE 00016AB6 00017BAE 00018D04 00019D3B 0001AE96 0001BF8E 0001D086 0001E17E 0001F2EC 0002036B 000214E2 
[TC_DEBUG]     [3520] 00000672 000017A9 000028DD 00003A11 00004B45 00005C8F 00006DAB 00007EFE 00009036 0000A16E 0000B2A6 0000C40C 0000D4E3 0000E64E 0000F786 000108BE 000119F6 00012B74 00013C1B 00014D9E 00015ED6 0001700E 00018146 000192DC 0001A353 0001B4EE 0001C626 0001D75E 0001E896 0001FA44 00020B03 00021CBA 
[TC_DEBUG]     [3552] 00000678 000017BF 00002903 00003A47 00004B8B 00005CE5 00006E11 00007F74 000090BC 0000A204 0000B34C 0000C4C2 0000D5A9 0000E724 0000F86C 000109B4 00011AFC 00012C8A 00013D41 00014ED4 0001601C 00017164 000182AC 00019452 0001A4D9 0001B684 0001C7CC 0001D914 0001EA5C 0001FC1A 00020CE9 00021EB0 
[TC_DEBUG]     [3584] 00000690 00001817 0000299B 00003B1F 00004CA3 00005E3D 00006FA9 0000814C 000092D4 0000A45C 0000B5E4 0000C79A 0000D8C1 0000EA7C 0000FC04 00010D8C 00011F14 000130E2 000141D9 000153AC 00016534 000176BC 00018844 00019A2A 0001AAF1 0001BCDC 0001CE64 0001DFEC 0001F174 00020372 00021481 00022688 
[TC_DEBUG]     [3616] 00000696 0000182D 000029C1 00003B55 00004CE9 00005E93 0000700F 000081C2 0000935A 0000A4F2 0000B68A 0000C850 0000D987 0000EB52 0000FCEA 00010E82 0001201A 000131F8 000142FF 000154E2 0001667A 00017812 000189AA 00019BA0 0001AC77 0001BE72 0001D00A 0001E1A2 0001F33A 00020548 00021667 0002287E 
[TC_DEBUG]     [3648] 000006AE 00001885 00002A59 00003C2D 00004E01 00005FEB 000071A7 0000839A 00009572 0000A74A 0000B922 0000CB28 0000DC9F 0000EEAA 00010082 0001125A 00012432 00013650 00014797 000159BA 00016B92 00017D6A 00018F42 0001A178 0001B28F 0001C4CA 0001D6A2 0001E87A 0001FA52 00020CA0 00021DFF 00023056 
[TC_DEBUG]     [3680] 000006B4 0000189B 00002A7F 00003C63 00004E47 00006041 0000720D 00008410 000095F8 0000A7E0 0000B9C8 0000CBDE 0000DD65 0000EF80 00010168 00011350 00012538 00013766 000148BD 00015AF0 00016CD8 00017EC0 000190A8 0001A2EE 0001B415 0001C660 0001D848 0001EA30 0001FC18 00020E76 00021FE5 0002324C 
[TC_DEBUG]     [3712] 000006CC 000018F3 00002B17 00003D3B 00004F5F 00006199 000073A5 000085E8 00009810 0000AA38 0000BC60 0000CEB6 0000E07D 0000F2D8 00010500 00011728 00012950 00013BBE 00014D55 00015FC8 000171F0 00018418 00019640 0001A8C6 0001BA2D 0001CCB8 0001DEE0 0001F108 00020330 000215CE 0002277D 00023A24 
[TC_DEBUG]     [3744] 000006D2 00001909 00002B3D 00003D71 00004FA5 000061EF 0000740B 0000865E 00009896 0000AACE 0000BD06 0000CF6C 0000E143 0000F3AE 000105E6 0001181E 00012A56 00013CD4 00014E7B 000160FE 00017336 0001856E 000197A6 0001AA3C 0001BBB3 0001CE4E 0001E086 0001F2BE 000204F6 000217A4 00022963 00023C1A 
[TC_DEBUG]     [3776] 000006EA 00001961 00002BD5 00003E49 000050BD 00006347 000075A3 00008836 00009AAE 0000AD26 0000BF9E 0000D244 0000E45B 0000F706 0001097E 00011BF6 00012E6E 0001412C 00015313 000165D6 0001784E 00018AC6 00019D3E 0001B014 0001C1CB 0001D4A6 0001E71E 0001F996 00020C0E 00021EFC 000230FB 000243F2 
[TC_DEBUG]     [3808] 000006F0 00001977 00002BFB 00003E7F 00005103 0000639D 00007609 000088AC 00009B34 0000ADBC 0000C044 0000D2FA 0000E521 0000F7DC 00010A64 00011CEC 00012F74 00014242 00015439 0001670C 00017994 00018C1C 00019EA4 0001B18A 0001C351 0001D63C 0001E8C4 0001FB4C 00020DD4 000220D2 000232E1 000245E8 
[TC_DEBUG]     [3840] 00000708 000019CF 00002C93 00003F57 0000521B 000064F5 000077A1 00008A84 00009D4C 0000B014 0000C2DC 0000D5D2 0000E839 0000FB34 00010DFC 000120C4 0001338C 0001469A 000158D1 00016BE4 00017EAC 00019174 0001A43C 0001B762 0001C969 0001DC94 0001EF5C 00020224 000214EC 0002282A 00023A79 00024DC0 
[TC_DEBUG]     [3872] 0000070E 000019E5 00002CB9 00003F8D 00005261 0000654B 00007807 00008AFA 00009DD2 0000B0AA 0000C382 0000D688 0000E8FF 0000FC0A 00010EE2 000121BA 00013492 000147B0 000159F7 00016D1A 00017FF2 000192CA 0001A5A2 0001B8D8 0001CAEF 0001DE2A 0001F102 000203DA 000216B2 00022A00 00023C5F 00024FB6 
[TC_DEBUG]     [3904] 00000726 00001A3D 00002D51 00004065 00005379 000066A3 0000799F 00008CD2 00009FEA 0000B302 0000C61A 0000D960 0000EC17 0000FF62 0001127A 00012592 000138AA 00014C08 00015E8F 000171F2 0001850A 00019822 0001AB3A 0001BEB0 0001D107 0001E482 0001F79A 00020AB2 00021DCA 00023158 000243F7 0002578E 
[TC_DEBUG]     [3936] 0000072C 00001A53 00002D77 0000409B 000053BF 000066F9 00007A05 00008D48 0000A070 0000B398 0000C6C0 0000DA16 0000ECDD 00010038 00011360 00012688 000139B0 00014D1E 00015FB5 00017328 00018650 00019978 0001ACA0 0001C026 0001D28D 0001E618 0001F940 00020C68 00021F90 0002332E 000245DD 00025984 
[TC_DEBUG]     [3968] 00000744 00001AAB 00002E0F 00004173 000054D7 00006851 00007B9D 00008F20 0000A288 0000B5F0 0000C958 0000DCEE 0000EFF5 00010390 000116F8 00012A60 00013DC8 00015176 0001644D 00017800 00018B68 00019ED0 0001B238 0001C5FE 0001D8A5 0001EC70 0001FFD8 00021340 000226A8 00023A86 00024D75 0002615C 
[TC_DEBUG]     [4000] 0000074A 00001AC1 00002E35 000041A9 0000551D 000068A7 00007C03 00008F96 0000A30E 0000B686 0000C9FE 0000DDA4 0000F0BB 00010466 000117DE 00012B56 00013ECE 0001528C 00016573 00017936 00018CAE 0001A026 0001B39E 0001C774 0001DA2B 0001EE06 0002017E 000214F6 0002286E 00023C5C 00024F5B 00026352 
[TC_DEBUG]     [4032] 00000762 00001B19 00002ECD 00004281 00005635 000069FF 00007D9B 0000916E 0000A526 0000B8DE 0000CC96 0000E07C 0000F3D3 000107BE 00011B76 00012F2E 000142E6 000156E4 00016A0B 00017E0E 000191C6 0001A57E 0001B936 0001CD4C 0001E043 0001F45E 00020816 00021BCE 00022F86 000243B4 000256F3 00026B2A 
[TC_DEBUG]     [4064] 00000768 00001B2F 00002EF3 000042B7 0000567B 00006A55 00007E01 000091E4 0000A5AC 0000B974 0000CD3C 0000E132 0000F499 00010894 00011C5C 00013024 000143EC 000157FA 00016B31 00017F44 0001930C 0001A6D4 0001BA9C 0001CEC2 0001E1C9 0001F5F4 000209BC 00021D84 0002314C 0002458A 000258D9 00026D20 
Test 3 completed

======================================================================
All tc.st.mma.acc tests completed!
======================================================================
